Trialn,TrialType,Partner,Feedback,ITI,ISI
1,3,1,3,3,2.550000e+00
2,1,1,1,3,2.550000e+00
3,3,1,3,2,2.550000e+00
4,1,1,1,4,8.500000e-01
5,3,1,3,2,1.700000e+00
6,2,1,2,4,2.550000e+00
7,5,2,2,3,1.700000e+00
8,4,2,1,3,2.550000e+00
9,4,2,1,3,8.500000e-01
10,2,1,2,2,8.500000e-01
11,6,2,3,1,2.550000e+00
12,6,2,3,1,1.700000e+00
13,3,1,3,3,1.700000e+00
14,3,1,3,3,1.700000e+00
15,4,2,1,1,1.700000e+00
16,3,1,3,2,2.550000e+00
17,6,2,3,1,8.500000e-01
18,1,1,1,3,2.550000e+00
19,6,2,3,2,1.700000e+00
20,1,1,1,2,2.550000e+00
21,1,1,1,4,8.500000e-01
22,6,2,3,3,8.500000e-01
23,5,2,2,1,2.550000e+00
24,4,2,1,4,1.700000e+00
25,1,1,1,1,1.700000e+00
26,2,1,2,3,2.550000e+00
27,5,2,2,4,2.550000e+00
28,5,2,2,4,1.700000e+00
29,5,2,2,4,2.550000e+00
30,6,2,3,1,8.500000e-01
31,4,2,1,3,8.500000e-01
32,4,2,1,1,8.500000e-01
33,6,2,3,2,1.700000e+00
34,4,2,1,1,1.700000e+00
35,2,1,2,2,8.500000e-01
36,6,2,3,4,1.700000e+00
37,4,2,1,4,8.500000e-01
38,6,2,3,1,1.700000e+00
39,4,2,1,4,2.550000e+00
40,3,1,3,2,2.550000e+00
41,1,1,1,3,8.500000e-01
42,4,2,1,2,2.550000e+00
43,1,1,1,4,8.500000e-01
44,3,1,3,2,1.700000e+00
45,3,1,3,2,8.500000e-01
46,4,2,1,1,1.700000e+00
47,2,1,2,4,2.550000e+00
48,6,2,3,4,8.500000e-01
49,1,1,1,4,8.500000e-01
50,1,1,1,2,1.700000e+00
51,3,1,3,3,2.550000e+00
52,1,1,1,4,8.500000e-01
53,3,1,3,2,1.700000e+00
54,6,2,3,3,8.500000e-01
