Trialn,TrialType,Partner,Feedback,ITI,ISI
1,4,2,1,4,2.550000e+00
2,6,2,3,2,1.700000e+00
3,4,2,1,3,8.500000e-01
4,3,1,3,3,1.700000e+00
5,1,1,1,3,8.500000e-01
6,4,2,1,3,8.500000e-01
7,5,2,2,3,1.700000e+00
8,4,2,1,1,1.700000e+00
9,1,1,1,4,8.500000e-01
10,6,2,3,4,8.500000e-01
11,3,1,3,2,1.700000e+00
12,1,1,1,3,2.550000e+00
13,3,1,3,2,2.550000e+00
14,6,2,3,3,8.500000e-01
15,6,2,3,1,1.700000e+00
16,4,2,1,1,1.700000e+00
17,2,1,2,4,2.550000e+00
18,3,1,3,2,8.500000e-01
19,4,2,1,4,8.500000e-01
20,3,1,3,3,1.700000e+00
21,4,2,1,2,2.550000e+00
22,6,2,3,4,1.700000e+00
23,3,1,3,2,2.550000e+00
24,2,1,2,4,2.550000e+00
25,6,2,3,1,8.500000e-01
26,3,1,3,2,2.550000e+00
27,5,2,2,4,1.700000e+00
28,6,2,3,2,1.700000e+00
29,2,1,2,2,8.500000e-01
30,3,1,3,2,1.700000e+00
31,4,2,1,3,2.550000e+00
32,3,1,3,3,2.550000e+00
33,1,1,1,1,1.700000e+00
34,4,2,1,1,1.700000e+00
35,2,1,2,2,8.500000e-01
36,1,1,1,4,8.500000e-01
37,5,2,2,4,2.550000e+00
38,5,2,2,1,2.550000e+00
39,1,1,1,4,8.500000e-01
40,3,1,3,3,2.550000e+00
41,6,2,3,1,1.700000e+00
42,1,1,1,3,2.550000e+00
43,1,1,1,2,2.550000e+00
44,1,1,1,4,8.500000e-01
45,6,2,3,1,8.500000e-01
46,2,1,2,3,2.550000e+00
47,5,2,2,4,2.550000e+00
48,4,2,1,4,1.700000e+00
49,1,1,1,2,1.700000e+00
50,6,2,3,3,8.500000e-01
51,1,1,1,4,8.500000e-01
52,3,1,3,2,1.700000e+00
53,6,2,3,1,2.550000e+00
54,4,2,1,1,8.500000e-01
