Trialn,TrialType,Partner,Feedback,ITI,ISI
1,6,2,3,3,2.550000e+00
2,1,1,1,2,1.700000e+00
3,5,2,2,2,1.700000e+00
4,6,2,3,1,2.550000e+00
5,4,2,1,3,2.550000e+00
6,4,2,1,4,8.500000e-01
7,1,1,1,1,2.550000e+00
8,2,1,2,1,1.700000e+00
9,3,1,3,1,8.500000e-01
10,5,2,2,1,1.700000e+00
11,2,1,2,4,8.500000e-01
12,4,2,1,1,2.550000e+00
13,4,2,1,4,8.500000e-01
14,1,1,1,4,8.500000e-01
15,3,1,3,1,1.700000e+00
16,4,2,1,1,1.700000e+00
17,3,1,3,2,1.700000e+00
18,3,1,3,3,8.500000e-01
19,6,2,3,3,8.500000e-01
20,3,1,3,4,2.550000e+00
21,6,2,3,2,8.500000e-01
22,6,2,3,4,1.700000e+00
23,1,1,1,2,1.700000e+00
24,4,2,1,2,1.700000e+00
25,1,1,1,1,2.550000e+00
26,1,1,1,2,8.500000e-01
27,3,1,3,2,1.700000e+00
28,6,2,3,4,1.700000e+00
29,3,1,3,3,2.550000e+00
30,5,2,2,4,2.550000e+00
31,5,2,2,2,8.500000e-01
32,4,2,1,1,8.500000e-01
33,4,2,1,2,8.500000e-01
34,1,1,1,2,1.700000e+00
35,3,1,3,1,8.500000e-01
36,4,2,1,1,2.550000e+00
37,5,2,2,3,8.500000e-01
38,2,1,2,2,8.500000e-01
39,3,1,3,3,1.700000e+00
40,1,1,1,1,2.550000e+00
41,3,1,3,3,2.550000e+00
42,6,2,3,1,8.500000e-01
43,4,2,1,3,2.550000e+00
44,3,1,3,3,2.550000e+00
45,1,1,1,1,2.550000e+00
46,6,2,3,2,1.700000e+00
47,2,1,2,2,2.550000e+00
48,6,2,3,1,8.500000e-01
49,4,2,1,4,2.550000e+00
50,2,1,2,2,1.700000e+00
51,1,1,1,4,8.500000e-01
52,6,2,3,4,2.550000e+00
53,6,2,3,2,1.700000e+00
54,1,1,1,4,1.700000e+00
