Trialn,TrialType,Partner,Feedback,ITI,ISI
1,6,2,3,2,1.700000e+00
2,3,1,3,1,1.700000e+00
3,1,1,1,4,1.700000e+00
4,2,1,2,2,2.550000e+00
5,3,1,3,2,1.700000e+00
6,2,1,2,3,8.500000e-01
7,5,2,2,2,2.550000e+00
8,4,2,1,1,2.550000e+00
9,1,1,1,4,2.550000e+00
10,4,2,1,2,8.500000e-01
11,6,2,3,1,1.700000e+00
12,4,2,1,1,8.500000e-01
13,5,2,2,3,1.700000e+00
14,6,2,3,4,8.500000e-01
15,2,1,2,1,8.500000e-01
16,3,1,3,3,8.500000e-01
17,1,1,1,4,2.550000e+00
18,6,2,3,3,8.500000e-01
19,3,1,3,1,1.700000e+00
20,3,1,3,3,2.550000e+00
21,1,1,1,3,8.500000e-01
22,4,2,1,2,1.700000e+00
23,6,2,3,2,2.550000e+00
24,6,2,3,4,2.550000e+00
25,1,1,1,3,2.550000e+00
26,3,1,3,4,2.550000e+00
27,4,2,1,1,8.500000e-01
28,1,1,1,3,2.550000e+00
29,3,1,3,3,8.500000e-01
30,4,2,1,2,1.700000e+00
31,2,1,2,4,1.700000e+00
32,1,1,1,3,2.550000e+00
33,5,2,2,4,8.500000e-01
34,1,1,1,4,8.500000e-01
35,5,2,2,3,8.500000e-01
36,6,2,3,4,2.550000e+00
37,4,2,1,2,8.500000e-01
38,4,2,1,2,8.500000e-01
39,6,2,3,3,1.700000e+00
40,4,2,1,2,1.700000e+00
41,3,1,3,1,1.700000e+00
42,1,1,1,3,2.550000e+00
43,4,2,1,3,1.700000e+00
44,3,1,3,2,8.500000e-01
45,1,1,1,3,8.500000e-01
46,5,2,2,4,2.550000e+00
47,6,2,3,1,2.550000e+00
48,2,1,2,3,8.500000e-01
49,3,1,3,4,2.550000e+00
50,1,1,1,1,1.700000e+00
51,3,1,3,4,1.700000e+00
52,6,2,3,1,1.700000e+00
53,6,2,3,1,2.550000e+00
54,4,2,1,4,1.700000e+00
