Trialn,TrialType,Partner,Feedback,ITI,ISI
1,6,2,3,4,8.500000e-01
2,6,2,3,2,2.550000e+00
3,3,1,3,4,2.550000e+00
4,5,2,2,4,2.550000e+00
5,3,1,3,1,1.700000e+00
6,4,2,1,2,1.700000e+00
7,1,1,1,3,8.500000e-01
8,5,2,2,3,8.500000e-01
9,1,1,1,3,2.550000e+00
10,4,2,1,2,1.700000e+00
11,1,1,1,4,1.700000e+00
12,3,1,3,3,8.500000e-01
13,5,2,2,4,8.500000e-01
14,1,1,1,4,2.550000e+00
15,6,2,3,2,1.700000e+00
16,5,2,2,2,2.550000e+00
17,6,2,3,1,1.700000e+00
18,4,2,1,2,8.500000e-01
19,2,1,2,2,2.550000e+00
20,3,1,3,4,2.550000e+00
21,2,1,2,4,1.700000e+00
22,6,2,3,1,2.550000e+00
23,3,1,3,2,8.500000e-01
24,1,1,1,3,8.500000e-01
25,2,1,2,3,8.500000e-01
26,2,1,2,3,8.500000e-01
27,6,2,3,1,1.700000e+00
28,3,1,3,1,1.700000e+00
29,1,1,1,1,1.700000e+00
30,3,1,3,3,8.500000e-01
31,4,2,1,3,1.700000e+00
32,3,1,3,2,1.700000e+00
33,1,1,1,4,2.550000e+00
34,1,1,1,3,2.550000e+00
35,4,2,1,4,1.700000e+00
36,4,2,1,1,2.550000e+00
37,4,2,1,2,8.500000e-01
38,4,2,1,1,8.500000e-01
39,4,2,1,1,8.500000e-01
40,3,1,3,1,1.700000e+00
41,4,2,1,2,8.500000e-01
42,5,2,2,3,1.700000e+00
43,6,2,3,1,2.550000e+00
44,6,2,3,4,2.550000e+00
45,2,1,2,1,8.500000e-01
46,3,1,3,3,2.550000e+00
47,3,1,3,4,1.700000e+00
48,1,1,1,4,8.500000e-01
49,1,1,1,3,2.550000e+00
50,6,2,3,4,2.550000e+00
51,4,2,1,2,1.700000e+00
52,6,2,3,3,8.500000e-01
53,1,1,1,3,2.550000e+00
54,6,2,3,3,1.700000e+00
