sub,ses,run,task,echo,cnfds,plot_group,contrast,safe_end_s,safe_mean,safe_peak,safe_tpeak,safe_auc_signed,safe_auc_pos,safe_auc_neg_abs,canon_mean,canon_peak,canon_tpeak,canon_auc_signed,value_at_6s
101,1,1,mid,multi-echo,fmriprep,mid_anticipation_primary,Reward-Neutral,5.025999999999982,0.05846526652438651,0.1355275400835351,2.8999999999999684,0.29384642955156554,0.3315211813610057,0.03767475180944016,0.08176852486118359,0.10001615104718588,4.0,0.3270740994447303,0.08954028266976556
101,1,1,mid,multi-echo,fmriprep,mid_feedback_extra,Positive-Negative,5.993000000000023,0.06347324369831066,0.1498585673904976,5.599999999999959,0.3803951494839773,0.3803951494839773,0.0,0.14593727857919123,0.2980884844166861,7.99999999999995,0.5837491143167577,0.13461344873180997
101,1,1,mid,multi-echo,tedana,mid_anticipation_primary,Reward-Neutral,5.025999999999982,0.028953127420356377,0.1155800014777256,2.8999999999999684,0.14551841841471064,0.2061636511317618,0.060645232717051176,0.04849062343363877,0.0816505901734977,7.299999999999953,0.19396249373455265,0.03805440969218002
101,1,1,mid,multi-echo,tedana,mid_feedback_extra,Positive-Negative,5.993000000000023,0.041276199911394446,0.1294093821555612,5.599999999999959,0.24736826606898787,0.2721574910688318,0.024789224999843894,0.11516882891727967,0.2339657151508827,7.99999999999995,0.46067531566911296,0.11280677957506957
101,1,1,mid,single-echo,fmriprep,mid_anticipation_primary,Reward-Neutral,5.025999999999982,0.021813842700039533,0.08089555468607529,3.0999999999999677,0.1096363734103983,0.1402338979407402,0.030597524530341924,0.013049743160181242,0.0564891709282849,5.799999999999958,0.05219897264072432,0.046854642923543736
101,1,1,mid,single-echo,fmriprep,mid_feedback_extra,Positive-Negative,5.993000000000023,0.041693000512534495,0.1461671308162832,4.999999999999961,0.24986615207162022,0.3981365641265584,0.14827041205493824,0.1208045195700252,0.2326298620734678,7.99999999999995,0.48321807828009483,0.08246260244351246
101,1,1,mid,single-echo,tedana,mid_anticipation_primary,Reward-Neutral,5.025999999999982,-0.005487468390047121,0.06599956430765223,0.0,-0.02758001612837673,0.08017318688695974,0.10775320301533645,-0.02468999083459037,-0.005249552133313802,7.199999999999953,-0.09875996333836026,-0.008646878207118246
101,1,1,mid,single-echo,tedana,mid_feedback_extra,Positive-Negative,5.993000000000023,0.008915856009318459,0.103809488682732,4.999999999999961,0.053432725063845735,0.2184692275876225,0.16503650252377672,0.06969239062107929,0.15096210515028838,7.99999999999995,0.2787695624843137,0.03638764344430705
101,1,2,mid,multi-echo,fmriprep,mid_anticipation_primary,Reward-Neutral,5.0245000000000175,-0.16588902575984352,-0.030867931930477897,4.799999999999962,-0.8335094099303366,0.0,0.8335094099303366,-0.12142365673894977,-0.030867931930477897,4.799999999999962,-0.485694626955793,-0.11200890534684432
101,1,2,mid,multi-echo,fmriprep,mid_feedback_extra,Positive-Negative,5.984900000000003,0.05448258423831298,0.18704363810682692,5.984900000000003,0.32607281840787955,0.3417598153457923,0.015686996937912687,0.08100098067467044,0.1870436798983156,5.999999999999957,0.3240039226986777,0.1870436798983128
101,1,2,mid,multi-echo,tedana,mid_anticipation_primary,Reward-Neutral,5.0245000000000175,-0.16868303186335049,-0.038654865574965704,4.799999999999962,-0.8475478935974075,0.0,0.8475478935974075,-0.13888035966702,-0.038654865574965704,4.799999999999962,-0.5555214386680731,-0.13184113188781282
101,1,2,mid,multi-echo,tedana,mid_feedback_extra,Positive-Negative,5.984900000000003,0.02038559682717077,0.12805184917649262,5.984900000000003,0.12200575845093442,0.18303606669769254,0.06103030824675809,0.05111499546509787,0.1289964693526605,5.999999999999957,0.20445998186038894,0.12899646935266043
101,1,2,mid,single-echo,fmriprep,mid_anticipation_primary,Reward-Neutral,5.0245000000000175,-0.15863453926102292,-0.0223944790299415,4.799999999999962,-0.7970592425170124,0.0,0.7970592425170124,-0.07527158597521126,-0.0223944790299415,4.799999999999962,-0.3010863439008413,-0.05335900453977436
101,1,2,mid,single-echo,fmriprep,mid_feedback_extra,Positive-Negative,5.984900000000003,0.04970079767380921,0.18204934690422625,0.0,0.2974543039979809,0.36436887892635583,0.06691457492837491,0.050187864191930984,0.14586385026055698,4.099999999999964,0.20075145676772144,0.09131489403913676
101,1,2,mid,single-echo,tedana,mid_anticipation_primary,Reward-Neutral,5.0245000000000175,-0.16316645043944691,-0.0383408696849452,4.799999999999962,-0.8198298302330038,0.0,0.8198298302330038,-0.09328789034970636,-0.0383408696849452,4.799999999999962,-0.3731515613988208,-0.06561767587319464
101,1,2,mid,single-echo,tedana,mid_feedback_extra,Positive-Negative,5.984900000000003,0.01077343129962046,0.14063910207698108,0.0,0.06447790898509853,0.19553340431747432,0.1310554953323758,0.01907209881587474,0.11515188075874865,4.0,0.07628839526349801,0.03130838320351561
101,1,1,sharedreward,multi-echo,fmriprep,sr_decision_partner_extra,Computer-Stranger,6.0,-0.021167488826901552,0.0473292732599809,1.6999999999999726,-0.1270049329614084,0.03663934364470465,0.16364427660611308,0.05283109609888463,0.1473310948634724,7.399999999999952,0.21132438439553589,0.02829713163683728
101,1,1,sharedreward,multi-echo,fmriprep,sr_outcome_primary,Reward-Neutral,5.204000000000008,0.057250273538176556,0.29176746050347313,5.099999999999961,0.29793042349267124,0.3450017120987221,0.047071288606050886,0.012615574164971676,0.29176746050347313,5.099999999999961,0.05046229665988608,0.06023015631958063
101,1,1,sharedreward,multi-echo,fmriprep,sr_outcome_primary,Punish-Neutral,5.204000000000008,0.08502099623053451,0.14966736290693972,2.2999999999999705,0.44244926438370225,0.4524596947247828,0.010010430341080572,-0.07424688809072309,0.096908210607034,5.19999999999996,-0.29698755236288865,-0.05354876788377454
101,1,1,sharedreward,multi-echo,fmriprep,sr_outcome_primary,Reward-Punish,5.204000000000008,-0.027770722692357943,0.1956167325513311,5.099999999999961,-0.14451884089103095,0.24624192210933377,0.3907607630003647,0.08686246225569474,0.1956167325513311,5.099999999999961,0.34744984902277465,0.11377892420335517
101,1,1,sharedreward,multi-echo,fmriprep,sr_decision_by_future_outcome_extra,Reward-Neutral,6.0,-0.0035109523055711477,0.1673685565765062,4.199999999999964,-0.021065713833426737,0.2430903170762804,0.26415603090970713,-0.01024742778551462,0.1673685565765062,4.199999999999964,-0.040989711142057975,-0.13781401571806082
101,1,1,sharedreward,multi-echo,fmriprep,sr_decision_by_future_outcome_extra,Punish-Neutral,6.0,0.029094155474228924,0.1688989281210393,4.399999999999963,0.1745649328453723,0.29553467535684996,0.12096974251147766,0.03992780754810368,0.1688989281210393,4.399999999999963,0.15971123019241273,-0.026732583405991737
101,1,1,sharedreward,multi-echo,fmriprep,sr_decision_by_future_outcome_extra,Reward-Punish,6.0,-0.032605107779800066,0.054242756083233604,1.7999999999999725,-0.195630646678799,0.04931993989565774,0.24495058657445676,-0.05017523533361831,0.041884769980810796,7.99999999999995,-0.20070094133447075,-0.11108143231206907
101,1,1,sharedreward,multi-echo,tedana,sr_decision_partner_extra,Computer-Stranger,6.0,-0.00024164438982894997,0.0617406935869354,5.999999999999957,-0.0014498663389736896,0.1119743321896675,0.11342419852864119,0.08691362855739512,0.1695532618274453,7.499999999999952,0.34765451422957616,0.061740693586940364
101,1,1,sharedreward,multi-echo,tedana,sr_outcome_primary,Reward-Neutral,5.204000000000008,0.07834327420937603,0.2501490150200586,5.099999999999961,0.40769839898559346,0.421860684454587,0.014162285468993518,-0.00043367374708222164,0.2501490150200586,5.099999999999961,-0.001734694988328865,0.04633578628781534
101,1,1,sharedreward,multi-echo,tedana,sr_outcome_primary,Punish-Neutral,5.204000000000008,0.08579931814281781,0.1830055291173977,0.8999999999999755,0.44649965161522454,0.47538664911148937,0.028886997496264916,-0.0774783289515013,0.0508818006079131,5.19999999999996,-0.30991331580600134,-0.036485953124558594
101,1,1,sharedreward,multi-echo,tedana,sr_outcome_primary,Reward-Punish,5.204000000000008,-0.007456043933441754,0.2089406231282244,4.999999999999961,-0.038801252629630946,0.2797575472974609,0.31855879992709174,0.07704465520441907,0.2089406231282244,4.999999999999961,0.30817862081767244,0.08282173941237393
101,1,1,sharedreward,multi-echo,tedana,sr_decision_by_future_outcome_extra,Reward-Neutral,6.0,0.036504763941313946,0.2061108684340484,4.299999999999963,0.2190285836478821,0.3627599940752373,0.14373141042735518,0.01996402449490811,0.2061108684340484,4.299999999999963,0.07985609797963145,-0.10593485122171871
101,1,1,sharedreward,multi-echo,tedana,sr_decision_by_future_outcome_extra,Punish-Neutral,6.0,0.048249469821698227,0.1931457461513846,4.399999999999963,0.2894968189301873,0.39051004748476004,0.10101322855457276,0.05990138618408223,0.1931457461513846,4.399999999999963,0.23960554473632595,0.01299466609637532
101,1,1,sharedreward,multi-echo,tedana,sr_decision_by_future_outcome_extra,Reward-Punish,6.0,-0.011744705880384279,0.0903737542522767,1.6999999999999726,-0.07046823528230517,0.10418429607904,0.17465253136134515,-0.03993736168917411,0.0726519259400693,7.99999999999995,-0.15974944675669445,-0.11892951731809404
101,1,1,sharedreward,single-echo,fmriprep,sr_decision_partner_extra,Computer-Stranger,6.0,0.05895920957748762,0.1950590712817002,1.6999999999999726,0.3537552574649232,0.39170515309586035,0.0379498956309371,0.05691320855726768,0.1296633441069466,7.599999999999952,0.2276528342290679,-0.027145549394685414
101,1,1,sharedreward,single-echo,fmriprep,sr_outcome_primary,Reward-Neutral,5.204000000000008,0.10409611413031888,0.20621456988309028,1.0999999999999748,0.5417161779341803,0.5611436729617042,0.019427495027524,-0.04383973207081159,0.1123118430784321,5.19999999999996,-0.17535892828324418,-0.019145322689066272
101,1,1,sharedreward,single-echo,fmriprep,sr_outcome_primary,Punish-Neutral,5.204000000000008,0.14216731080667935,0.31929998693160844,2.2999999999999705,0.7398386854379605,0.7473597949786628,0.007521109540702351,-0.06153078374864726,0.1097952323106759,5.099999999999961,-0.246123134994586,-0.008662000032349787
101,1,1,sharedreward,single-echo,fmriprep,sr_outcome_primary,Reward-Punish,5.204000000000008,-0.03807119667636048,0.0673170384166282,0.9999999999999752,-0.19812250750378024,0.05374761370516367,0.25187012120894403,0.017691051677835672,0.0973046993520057,7.399999999999952,0.07076420671134181,-0.010483322656716483
101,1,1,sharedreward,single-echo,fmriprep,sr_decision_by_future_outcome_extra,Reward-Neutral,6.0,0.10918481585582092,0.3316512377621836,4.199999999999964,0.6551088951349209,0.7227146412739854,0.06760574613906459,0.09042220747143981,0.3316512377621836,4.199999999999964,0.36168882988575474,0.07328456794230309
101,1,1,sharedreward,single-echo,fmriprep,sr_decision_by_future_outcome_extra,Punish-Neutral,6.0,0.10520943749816562,0.2752607135305654,4.399999999999963,0.6312566249889893,0.6376816402787729,0.006425015289783689,0.10105555892896607,0.2752607135305654,4.399999999999963,0.40422223571585925,0.057483608729210045
101,1,1,sharedreward,single-echo,fmriprep,sr_decision_by_future_outcome_extra,Reward-Punish,6.0,0.003975378357655288,0.06800622928542141,3.999999999999965,0.023852270145931557,0.17423459330076674,0.15038232315483518,-0.010633351457526249,0.06800622928542008,4.0,-0.04253340583010447,0.01580095921309305
101,1,1,sharedreward,single-echo,tedana,sr_decision_partner_extra,Computer-Stranger,6.0,0.07258428785457707,0.2010686371121197,1.6999999999999726,0.4355057271274594,0.4724123513971848,0.03690662426972535,0.07165086520623351,0.1360510973041827,7.699999999999951,0.2866034608249305,-0.017118833314307545
101,1,1,sharedreward,single-echo,tedana,sr_outcome_primary,Reward-Neutral,5.204000000000008,0.13579756385876074,0.2622747347380347,0.9999999999999752,0.7066905223209919,0.7121008880983263,0.00541036577733433,-0.04115124942472617,0.0798737354042982,5.19999999999996,-0.16460499769890263,-0.0060407357811988706
101,1,1,sharedreward,single-echo,tedana,sr_outcome_primary,Punish-Neutral,5.204000000000008,0.16298774947304706,0.3091760457246913,2.199999999999971,0.8481882482577382,0.8593826667536731,0.01119441849593493,-0.058011846410205486,0.0596638582854198,5.19999999999996,-0.23204738564081906,0.015045130279222982
101,1,1,sharedreward,single-echo,tedana,sr_outcome_primary,Reward-Punish,5.204000000000008,-0.02719018561428631,0.047012118611115504,0.9999999999999752,-0.14149772593674617,0.04538002386842704,0.1868777498051732,0.016860596985479308,0.08293592934826,7.399999999999952,0.0674423879419164,-0.021085866060421853
101,1,1,sharedreward,single-echo,tedana,sr_decision_by_future_outcome_extra,Reward-Neutral,6.0,0.1620024250241031,0.39306692909268437,4.299999999999963,0.9720145501446118,0.9728876701732792,0.0008731200286673055,0.13315020241342562,0.39306692909268437,4.299999999999963,0.5326008096536958,0.09103386894558171
101,1,1,sharedreward,single-echo,tedana,sr_decision_by_future_outcome_extra,Punish-Neutral,6.0,0.15066538638413912,0.3580786408263909,4.399999999999963,0.9039923183048283,0.9101220507848445,0.006129732480016202,0.15555524517082733,0.3580786408263909,4.399999999999963,0.6222209806833016,0.10824557625990618
101,1,1,sharedreward,single-echo,tedana,sr_decision_by_future_outcome_extra,Reward-Punish,6.0,0.011337038639963994,0.0643171368234001,1.9999999999999716,0.06802223183978348,0.13205815212656397,0.06403592028678051,-0.022405042757401704,0.05159767924747308,4.0,-0.0896201710296057,-0.017211707314324472
101,1,2,sharedreward,multi-echo,fmriprep,sr_decision_partner_extra,Computer-Stranger,6.0,-0.19255485283751453,-0.0785806467267909,5.999999999999957,-1.155329117025079,0.0,1.155329117025079,-0.10858209068347875,0.0018042298151672992,6.999999999999954,-0.4343283627339096,-0.07858064672678498
101,1,2,sharedreward,multi-echo,fmriprep,sr_outcome_primary,Reward-Neutral,5.200999999999965,0.025716572976434274,0.18195599336150314,5.200999999999965,0.13375189605043375,0.301605162358856,0.16785326630842234,0.22378943485964803,0.3388058652618635,7.699999999999951,0.895157739438581,0.2093940361732204
101,1,2,sharedreward,multi-echo,fmriprep,sr_outcome_primary,Punish-Neutral,5.200999999999965,0.04744929808685255,0.1630566461634454,1.899999999999972,0.24678379934971845,0.3695933240863387,0.12280952473662025,-0.03522561563321027,0.11094654163386673,4.0,-0.14090246253283933,-0.14137919689955955
101,1,2,sharedreward,multi-echo,fmriprep,sr_outcome_primary,Reward-Punish,5.200999999999965,-0.02173272511041828,0.2977411191369356,5.200999999999965,-0.11303190329928471,0.1647715540588353,0.27780345735812007,0.25901505049285833,0.3606894157304405,5.599999999999959,1.0360602019714205,0.3507732330727799
101,1,2,sharedreward,multi-echo,fmriprep,sr_decision_by_future_outcome_extra,Reward-Neutral,6.0,-0.08222621100363324,0.1095961523786062,0.2999999999999776,-0.4933572660217959,0.12703346910571264,0.6203907351275085,-0.003554485054776669,0.0766065208106689,5.29999999999996,-0.014217940219106499,0.03179558960004603
101,1,2,sharedreward,multi-echo,fmriprep,sr_decision_by_future_outcome_extra,Punish-Neutral,6.0,-0.10473276318770253,0.08400043378040081,5.19999999999996,-0.6283965791262107,0.07508614378600259,0.7034827229122134,0.06171096246993901,0.1316769452468905,7.699999999999951,0.24684384987975297,0.059413015180653096
101,1,2,sharedreward,multi-echo,fmriprep,sr_decision_by_future_outcome_extra,Reward-Punish,6.0,0.022506552184069294,0.12048734586764859,0.9999999999999752,0.1350393131044148,0.24355509433964895,0.10851578123523413,-0.06526544752471566,0.006770856629460302,5.699999999999958,-0.26106179009885944,-0.02761742558060706
101,1,2,sharedreward,multi-echo,tedana,sr_decision_partner_extra,Computer-Stranger,6.0,-0.16807596447423334,-0.0416798650579238,5.999999999999957,-1.008455786845393,0.0,1.008455786845393,-0.07560755245306629,0.0425900922687782,6.999999999999954,-0.3024302098122614,-0.041679865057917084
101,1,2,sharedreward,multi-echo,tedana,sr_outcome_primary,Reward-Neutral,5.200999999999965,-0.016068704019070054,0.15369610857826632,5.200999999999965,-0.0835733296031828,0.14662326191475056,0.23019659151793337,0.19605086383315612,0.3147422997258782,7.699999999999951,0.7842034553326147,0.19010424456774158
101,1,2,sharedreward,multi-echo,tedana,sr_outcome_primary,Punish-Neutral,5.200999999999965,0.02230727447704391,0.145827927219074,1.899999999999972,0.1160201345551046,0.24046641828325283,0.12444628372814821,-0.05893669276932135,0.054219565944370336,4.0,-0.23574677107728245,-0.16084248173478405
101,1,2,sharedreward,multi-echo,tedana,sr_outcome_primary,Reward-Punish,5.200999999999965,-0.03837597849611398,0.28595066836477007,5.200999999999965,-0.19959346415828746,0.15419919495818113,0.35379265911646857,0.25498755660247746,0.3529694389083744,5.699999999999958,1.0199502264098972,0.3509467263025257
101,1,2,sharedreward,multi-echo,tedana,sr_decision_by_future_outcome_extra,Reward-Neutral,6.0,-0.10558951040882815,0.0974758006316624,0.2999999999999776,-0.6335370624529644,0.07286074095429868,0.706397803407263,-0.047567984384563375,0.044061902151910304,5.29999999999996,-0.19027193753825114,-0.029447299086144234
101,1,2,sharedreward,multi-echo,tedana,sr_decision_by_future_outcome_extra,Punish-Neutral,6.0,-0.09456010966584733,0.0769354797813694,5.19999999999996,-0.56736065799508,0.06281431065767194,0.6301749686527519,0.03212426816029944,0.0893566463419306,7.799999999999951,0.12849707264119614,0.02088089257111872
101,1,2,sharedreward,multi-echo,tedana,sr_decision_by_future_outcome_extra,Reward-Punish,6.0,-0.011029400742980805,0.0802635501505301,0.2999999999999776,-0.06617640445788436,0.12740631418182796,0.19358271863971235,-0.07969225254486281,-0.017374159715232602,5.699999999999958,-0.3187690101794473,-0.050328191657262954
101,1,2,sharedreward,single-echo,fmriprep,sr_decision_partner_extra,Computer-Stranger,6.0,-0.3215243124792541,-0.047522958933331104,5.999999999999957,-1.929145874875511,0.0,1.929145874875511,-0.14218913208538395,-0.025285600386559103,6.299999999999956,-0.5687565283415287,-0.04752295893332646
101,1,2,sharedreward,single-echo,fmriprep,sr_outcome_primary,Reward-Neutral,5.200999999999965,-0.13445990179696626,0.07681459582792569,2.0999999999999712,-0.6993259492460169,0.05221057074320925,0.7515365199892262,0.12368033436862035,0.4467524528162745,7.99999999999995,0.4947213374744752,0.06279649726179595
101,1,2,sharedreward,single-echo,fmriprep,sr_outcome_primary,Punish-Neutral,5.200999999999965,-0.04953069021517659,0.1577576907214409,1.9999999999999716,-0.2576091198091317,0.2092413657988077,0.4668504856079394,-0.12869502399601673,0.0903213988920202,7.99999999999995,-0.5147800959840605,-0.31846794507824505
101,1,2,sharedreward,single-echo,fmriprep,sr_outcome_primary,Reward-Punish,5.200999999999965,-0.08492921158178973,0.2574172690581309,5.200999999999965,-0.4417168294368854,0.0845044334281565,0.5262212628650418,0.25237535836463704,0.38427222122744875,6.099999999999957,1.0095014334585355,0.381264442340041
101,1,2,sharedreward,single-echo,fmriprep,sr_decision_by_future_outcome_extra,Reward-Neutral,6.0,-0.2750702916161885,0.004549073219167095,0.2999999999999776,-1.6504217496971192,0.00045490732191670797,1.6508766570190359,-0.15769961448832692,0.005761015069390404,7.99999999999995,-0.6307984579532998,-0.11394358305830934
101,1,2,sharedreward,single-echo,fmriprep,sr_decision_by_future_outcome_extra,Punish-Neutral,6.0,-0.20470485013726875,-0.0463824244011087,0.0,-1.2282291008236037,0.0,1.2282291008236037,-0.07266688028704076,0.1336765881674061,7.399999999999952,-0.2906675211481594,-0.09694547856509193
101,1,2,sharedreward,single-echo,fmriprep,sr_decision_by_future_outcome_extra,Reward-Punish,6.0,-0.0703654414789198,0.13959062977612122,0.8999999999999755,-0.42219264887351576,0.19279887549233066,0.6149915243658463,-0.08503273420128615,0.0490519476022241,5.599999999999959,-0.3401309368051404,-0.016998104493217408
101,1,2,sharedreward,single-echo,tedana,sr_decision_partner_extra,Computer-Stranger,6.0,-0.2558890824325635,0.003930190230890994,5.999999999999957,-1.53533449459537,0.000196509511544549,1.5355310041069146,-0.10187680825503172,0.0245113539795313,6.299999999999956,-0.4075072330201218,0.003930190230895949
101,1,2,sharedreward,single-echo,tedana,sr_outcome_primary,Reward-Neutral,5.200999999999965,-0.12091155647596478,0.0765234858540183,2.0999999999999712,-0.6288610052314886,0.051331321026951204,0.68019232625844,0.14548977739481264,0.4176781758349113,7.99999999999995,0.5819591095792433,0.10870704611495591
101,1,2,sharedreward,single-echo,tedana,sr_outcome_primary,Punish-Neutral,5.200999999999965,-0.02363051734685877,0.1755316960759748,1.9999999999999716,-0.12290232072101163,0.2097673753177134,0.33266969603872504,-0.10488996989410442,0.06827614317085211,7.99999999999995,-0.41955987957641244,-0.28025144120367235
101,1,2,sharedreward,single-echo,tedana,sr_outcome_primary,Reward-Punish,5.200999999999965,-0.09728103912910602,0.25815274915452346,5.200999999999965,-0.505958684510477,0.08248017259686674,0.5884388571073438,0.25037974728891704,0.3912232464347828,6.099999999999957,1.0015189891556557,0.38895848731862825
101,1,2,sharedreward,single-echo,tedana,sr_decision_by_future_outcome_extra,Reward-Neutral,6.0,-0.2644359178488954,-0.022168333541757193,0.2999999999999776,-1.5866155070933612,0.0,1.5866155070933612,-0.15131039256607481,0.02011735754758641,7.99999999999995,-0.6052415702642917,-0.13266558473586582
101,1,2,sharedreward,single-echo,tedana,sr_decision_by_future_outcome_extra,Punish-Neutral,6.0,-0.16722222709801146,-0.05429735963494264,0.0,-1.0033333625880616,0.0,1.0033333625880616,-0.06351470436660873,0.1156739374798615,7.699999999999951,-0.2540588174664318,-0.10863587505340441
101,1,2,sharedreward,single-echo,tedana,sr_decision_by_future_outcome_extra,Reward-Punish,6.0,-0.09721369075088392,0.10741090936667609,0.8999999999999755,-0.5832821445052994,0.13228852756224707,0.7155706720675464,-0.0877956881994661,0.03545003395142221,5.599999999999959,-0.35118275279786,-0.024029709682461393
101,2,1,mid,multi-echo,fmriprep,mid_anticipation_primary,Reward-Neutral,5.019999999999982,0.016215238549625716,0.1473661426862466,0.8999999999999755,0.0814004975191208,0.28108945757422965,0.1996889600551089,-0.016549850427684226,0.07719534431840769,7.0999999999999535,-0.06619940171073609,-0.030135311609777327
101,2,1,mid,multi-echo,fmriprep,mid_feedback_extra,Positive-Negative,5.992000000000019,0.029170390901946935,0.165081428831219,3.899999999999965,0.17478898228446657,0.3005788100457314,0.12578982776126482,-0.00980389770378131,0.16173781216518948,4.0,-0.039215590815124754,-0.11544083195921803
101,2,1,mid,multi-echo,tedana,mid_anticipation_primary,Reward-Neutral,5.019999999999982,0.03646755885287525,0.1619019262551873,1.4999999999999734,0.18306714544143307,0.31530390081182147,0.1322367553703884,-0.016165655908551027,0.06688476543041211,7.299999999999953,-0.0646626236342033,-0.05039412506822088
101,2,1,mid,multi-echo,tedana,mid_feedback_extra,Positive-Negative,5.992000000000019,0.01681260713675959,0.1280822388053331,3.899999999999965,0.10074114196346377,0.2380288097730425,0.1372876678095788,-0.00569379374324447,0.12503771501370953,4.0,-0.022775174972977597,-0.08548082584869433
101,2,1,mid,single-echo,fmriprep,mid_anticipation_primary,Reward-Neutral,5.019999999999982,-0.036224870219330144,0.10234576819415411,1.1999999999999744,-0.18184884850103666,0.1313135896198006,0.3131624381208373,0.01542723330566616,0.1677491352949786,7.599999999999952,0.06170893322266387,-0.06657514276993214
101,2,1,mid,single-echo,fmriprep,mid_feedback_extra,Positive-Negative,5.992000000000019,0.057024665902640166,0.19640005691172088,3.6999999999999655,0.34169179808862093,0.5591988894767566,0.2175070913881355,-0.03822333489795875,0.15686102290214365,4.0,-0.1528933395918331,-0.1904595789368638
101,2,1,mid,single-echo,tedana,mid_anticipation_primary,Reward-Neutral,5.019999999999982,0.01961936525120648,0.1426314052293292,1.299999999999974,0.09848921356105617,0.2079152893692744,0.1094260758082182,0.019673044036338173,0.156933663027843,7.599999999999952,0.0786921761453517,-0.07923839648325998
101,2,1,mid,single-echo,tedana,mid_feedback_extra,Positive-Negative,5.992000000000019,0.04209109918346273,0.1291735431039096,1.7999999999999725,0.25220986630730946,0.4454913970164234,0.19328153070911394,-0.03104617873066675,0.09454429278098733,4.0,-0.12418471492266546,-0.13881054240204294
101,2,2,mid,multi-echo,fmriprep,mid_anticipation_primary,Reward-Neutral,5.025100000000006,-0.002420386091137991,0.132261204792852,0.9999999999999752,-0.012162682146577532,0.20035100649482898,0.21251368864140652,0.025815008276633678,0.1584663772425692,6.199999999999957,0.10326003310653342,0.1490829698569796
101,2,2,mid,multi-echo,fmriprep,mid_feedback_extra,Positive-Negative,5.993999999999971,0.12920207922824298,0.315259122827118,3.599999999999966,0.7744372628940848,0.8428792828894687,0.06844201999538385,0.20939545637568563,0.30449588857140414,4.0,0.8375818255027321,0.3005998840417205
101,2,2,mid,multi-echo,tedana,mid_anticipation_primary,Reward-Neutral,5.025100000000006,-0.016895276978066424,0.1169836896873304,0.9999999999999752,-0.0849004563424817,0.1794172493521851,0.2643177056946668,-0.014731477872878134,0.117298993308793,6.199999999999957,-0.0589259114915118,0.10803770363237515
101,2,2,mid,multi-echo,tedana,mid_feedback_extra,Positive-Negative,5.993999999999971,0.03822097341694633,0.1751781518703923,3.4999999999999662,0.22909651466117523,0.30950772714047303,0.08041121247929783,0.059925684590282434,0.15219655013007835,4.0,0.23970273836112677,0.09602188009015564
101,2,2,mid,single-echo,fmriprep,mid_anticipation_primary,Reward-Neutral,5.025100000000006,0.0807326411555339,0.1337478888475577,3.3999999999999666,0.4056895950706739,0.43127175163588705,0.02558215656521305,0.1338253634587549,0.30307209751581254,6.199999999999957,0.5353014538350129,0.28164406816352006
101,2,2,mid,single-echo,fmriprep,mid_feedback_extra,Positive-Negative,5.993999999999971,0.16739418163086048,0.39771342629250406,5.993999999999971,1.0033607246953729,1.0641285157258014,0.060767791030428564,0.257811821776472,0.40258329307047414,6.099999999999957,1.031247287105875,0.3985732776196575
101,2,2,mid,single-echo,tedana,mid_anticipation_primary,Reward-Neutral,5.025100000000006,0.051592697162726915,0.1188801652369831,2.0999999999999712,0.25925846251241935,0.3168246125988533,0.0575661500864339,0.08132713805151717,0.23677596965064812,6.199999999999957,0.32530855220606464,0.21761118580878397
101,2,2,mid,single-echo,tedana,mid_feedback_extra,Positive-Negative,5.993999999999971,0.12439052828600665,0.2727116370698611,5.993999999999971,0.7455968265463203,0.7894612968100265,0.04386447026370619,0.17943821071778948,0.2832232642007627,6.399999999999956,0.717752842871149,0.273505261719882
101,2,1,sharedreward,multi-echo,fmriprep,sr_decision_partner_extra,Computer-Stranger,6.0,-0.028681258346994296,0.040994417822625695,2.5999999999999694,-0.17208755008196455,0.03938069016522727,0.2114682402471918,0.023279721883780653,0.1343181840616287,7.99999999999995,0.09311888753512146,0.009791479690580647
101,2,1,sharedreward,multi-echo,fmriprep,sr_outcome_primary,Reward-Neutral,5.0169,-0.050411547879341545,0.06254524170331589,5.0169,-0.2529096945558686,0.025692935529414707,0.2786026300852833,-0.013962115570455113,0.0772060921804361,5.3999999999999595,-0.055848462281819757,0.054802259082902476
101,2,1,sharedreward,multi-echo,fmriprep,sr_outcome_primary,Punish-Neutral,5.0169,-0.10320917521869336,0.0810271737840915,4.699999999999962,-0.5177901111546627,0.08819974293654952,0.6059898540912121,0.0718499662977479,0.1127207009936732,6.499999999999956,0.28739986519098804,0.10963642005592107
101,2,1,sharedreward,multi-echo,fmriprep,sr_outcome_primary,Reward-Punish,5.0169,0.052797627339351776,0.19018642508635977,0.0,0.2648804165987939,0.3643130409583398,0.09943262435954578,-0.08581208186820302,-0.0097325536949541,5.19999999999996,-0.3432483274728078,-0.0548341609730186
101,2,1,sharedreward,multi-echo,fmriprep,sr_decision_by_future_outcome_extra,Reward-Neutral,6.0,-0.03548646693973147,0.08011867246131767,0.0,-0.21291880163838728,0.06930864993309287,0.28222745157148016,-0.04816373589062593,0.0828155521093287,7.99999999999995,-0.19265494356250135,-0.11362597665437488
101,2,1,sharedreward,multi-echo,fmriprep,sr_decision_by_future_outcome_extra,Punish-Neutral,6.0,-0.12488974566234069,-0.014370686310607644,0.0,-0.7493384739740389,0.0,0.7493384739740389,-0.16806972439195986,0.0169873352404263,7.99999999999995,-0.6722788975678311,-0.18479921438145508
101,2,1,sharedreward,multi-echo,fmriprep,sr_decision_by_future_outcome_extra,Reward-Punish,6.0,0.08940327872260921,0.2223126709022743,4.699999999999962,0.5364196723356515,0.5375408567469045,0.001121184411253176,0.11990598850133392,0.2223126709022743,4.699999999999962,0.47962395400532976,0.07117323772708019
101,2,1,sharedreward,multi-echo,tedana,sr_decision_partner_extra,Computer-Stranger,6.0,-0.037533825491717035,0.0627528988783395,2.49999999999997,-0.2252029529503006,0.061809380279264685,0.2870123332295653,-0.011895968870921834,0.0905893644961625,7.99999999999995,-0.04758387548368675,-0.03485961509351809
101,2,1,sharedreward,multi-echo,tedana,sr_outcome_primary,Reward-Neutral,5.0169,-0.08613676602680233,0.0592214076307794,5.0169,-0.43213954147986455,0.025288042757657,0.4574275842375215,-0.03452330004168594,0.0622337946453096,5.19999999999996,-0.13809320016674204,0.012662537276435881
101,2,1,sharedreward,multi-echo,tedana,sr_outcome_primary,Punish-Neutral,5.0169,-0.15420156187708833,0.04777134421407588,5.0169,-0.7736138157811644,0.018456215713433453,0.7920700314945979,0.05645328566346336,0.1127136630361181,6.499999999999956,0.22581314265385063,0.10805470754412475
101,2,1,sharedreward,multi-echo,tedana,sr_outcome_primary,Reward-Punish,5.0169,0.068064795850286,0.16505200902966297,0.0,0.34147427430129984,0.3564591828676355,0.014984908566335659,-0.0909765857051493,0.0146599992168948,4.799999999999962,-0.36390634282059264,-0.09539217026768886
101,2,1,sharedreward,multi-echo,tedana,sr_decision_by_future_outcome_extra,Reward-Neutral,6.0,-0.055342442569451485,0.09844809365838063,0.0,-0.33205465541670653,0.01835099942753889,0.3504056548442454,-0.09497964636022214,0.0359662057022889,7.99999999999995,-0.37991858544088386,-0.15721968954891494
101,2,1,sharedreward,multi-echo,tedana,sr_decision_by_future_outcome_extra,Punish-Neutral,6.0,-0.12636691893912158,-0.0038299113100040013,0.0,-0.7582015136347241,0.0,0.7582015136347241,-0.22120438899218586,-0.0726635676213167,7.99999999999995,-0.8848175559687325,-0.23998942690410352
101,2,1,sharedreward,multi-echo,tedana,sr_decision_by_future_outcome_extra,Reward-Punish,6.0,0.07102447636967009,0.2012526870438411,4.799999999999962,0.4261468582180175,0.45438415410731386,0.02823729588929639,0.12622474263196373,0.2012526870438411,4.799999999999962,0.5048989705278486,0.0827697373551886
101,2,1,sharedreward,single-echo,fmriprep,sr_decision_partner_extra,Computer-Stranger,6.0,-0.05766174698307891,-0.0057905143418187,2.5999999999999694,-0.345970481898471,0.0,0.345970481898471,0.0228613825972806,0.21080609962074678,7.899999999999951,0.09144553038912126,-0.052327189635648294
101,2,1,sharedreward,single-echo,fmriprep,sr_outcome_primary,Reward-Neutral,5.0169,0.029531011547894174,0.17401833621447071,1.6999999999999726,0.14815413183463028,0.29183014299531423,0.14367601116068393,-0.03232031412794074,0.098496106137621,6.199999999999957,-0.12928125651176134,0.08859466704280783
101,2,1,sharedreward,single-echo,fmriprep,sr_outcome_primary,Punish-Neutral,5.0169,-0.15010582816627843,-0.0563707298969036,2.999999999999968,-0.7530659293274022,0.0,0.7530659293274022,-0.028943122512988115,0.12053734628360921,7.899999999999951,-0.11577249005195102,0.03672340552264418
101,2,1,sharedreward,single-echo,fmriprep,sr_outcome_primary,Reward-Punish,5.0169,0.17963683971417263,0.2839757010364681,1.6999999999999726,0.9012200611620327,0.9012200611620327,0.0,-0.0033771916149526204,0.12729146380620654,4.0,-0.013508766459810313,0.05187126152016364
101,2,1,sharedreward,single-echo,fmriprep,sr_decision_by_future_outcome_extra,Reward-Neutral,6.0,-0.1668127815163533,0.1182016598461401,5.899999999999958,-1.0008766890981127,0.11702224307902635,1.1178989321771389,0.05761126306845512,0.1273707469293669,7.199999999999953,0.23044505227381762,0.10201273847650758
101,2,1,sharedreward,single-echo,fmriprep,sr_decision_by_future_outcome_extra,Punish-Neutral,6.0,-0.18754618400670564,0.07775315022304782,0.0,-1.1252771040402259,0.011603195941758453,1.1368802999819843,-0.16594453459841857,0.012052664176667005,5.899999999999958,-0.6637781383936661,-0.0014645109354331958
101,2,1,sharedreward,single-echo,fmriprep,sr_decision_by_future_outcome_extra,Reward-Punish,6.0,0.020733402490352357,0.22467152169289778,4.699999999999962,0.12440041494211326,0.3184435663458608,0.19404315140374745,0.22355579766687367,0.4111025731209257,7.299999999999953,0.8942231906674836,0.10347724941194077
101,2,1,sharedreward,single-echo,tedana,sr_decision_partner_extra,Computer-Stranger,6.0,-0.04343011437397716,0.0497737938195521,2.5999999999999694,-0.2605806862438611,0.04041940919399212,0.3010000954378533,-0.014425021635068442,0.06956966323137029,7.899999999999951,-0.05770008654027305,-0.07610491274487476
101,2,1,sharedreward,single-echo,tedana,sr_outcome_primary,Reward-Neutral,5.0169,-0.03812396376967709,0.1361094774351049,1.599999999999973,-0.19126411383609299,0.12388207167228493,0.3151461855083779,-0.02991830459585841,0.0768390716582863,6.099999999999957,-0.11967321838343216,0.07678180569911713
101,2,1,sharedreward,single-echo,tedana,sr_outcome_primary,Punish-Neutral,5.0169,-0.2259816060018845,-0.12953861512402273,5.0169,-1.1337271191508542,0.0,1.1337271191508542,-0.013515033060678189,0.1335791745858808,7.899999999999951,-0.05406013224271208,0.08097151738106388
101,2,1,sharedreward,single-echo,tedana,sr_outcome_primary,Reward-Punish,5.0169,0.18785764223220744,0.3067183038207381,1.7999999999999725,0.9424630053147615,0.9424630053147615,0.0,-0.01640327153518022,0.14332193805738458,4.099999999999964,-0.06561308614072006,-0.004189711681946746
101,2,1,sharedreward,single-echo,tedana,sr_decision_by_future_outcome_extra,Reward-Neutral,6.0,-0.150095251269912,0.1194543299911658,0.0,-0.9005715076194656,0.12476403828896619,1.025335545908432,-0.020287574882970602,0.0926713308499504,5.19999999999996,-0.0811502995318814,0.018667600944501803
101,2,1,sharedreward,single-echo,tedana,sr_decision_by_future_outcome_extra,Punish-Neutral,6.0,-0.203809472428038,0.06918903630391587,0.0,-1.2228568345682194,0.007142733893112694,1.229999568461332,-0.2506635312310929,-0.11047617557116682,5.899999999999958,-1.0026541249243592,-0.1283929562918552
101,2,1,sharedreward,single-echo,tedana,sr_decision_by_future_outcome_extra,Reward-Punish,6.0,0.05371422115812599,0.2775857500263547,4.799999999999962,0.32228532694875367,0.4470802311908119,0.1247949042420583,0.23037595634812233,0.32747032231855233,7.399999999999952,0.9215038253924779,0.14706055723635703
101,2,2,sharedreward,multi-echo,fmriprep,sr_decision_partner_extra,Computer-Stranger,6.0,-0.14065757085834305,0.06290043220962649,5.699999999999958,-0.8439454251500522,0.043097737956819294,0.8870431631068716,0.011025980939919336,0.06970686754444011,6.599999999999955,0.0441039237596768,0.05583501071360713
101,2,2,sharedreward,multi-echo,fmriprep,sr_outcome_primary,Reward-Neutral,5.200199999999999,0.16552189063508063,0.3375596503958419,2.0999999999999712,0.860746935680546,0.8849490118805684,0.024202076200022397,0.08863562203537535,0.19258927358517391,5.999999999999957,0.354542488141497,0.1925892735851711
101,2,2,sharedreward,multi-echo,fmriprep,sr_outcome_primary,Punish-Neutral,5.200199999999999,0.08520913680977504,0.20112466509490617,1.899999999999972,0.4431045532381921,0.5264151541708617,0.08331060093266957,-0.010593468958973333,0.11115916146100188,5.499999999999959,-0.042373875835892805,0.08594408486138164
101,2,2,sharedreward,multi-echo,fmriprep,sr_outcome_primary,Reward-Punish,5.200199999999999,0.08031275382530556,0.14066763383020162,2.0999999999999712,0.4176423824423539,0.4176423824423539,0.0,0.09922909099434869,0.1544011062336488,6.499999999999956,0.39691636397738983,0.10664518872378946
101,2,2,sharedreward,multi-echo,fmriprep,sr_decision_by_future_outcome_extra,Reward-Neutral,6.0,0.0382637523677398,0.31629653743515507,4.799999999999962,0.22958251420643716,0.724985036715505,0.49540252250906774,0.20382378954977612,0.31629653743515507,4.799999999999962,0.8152951581990944,0.293589712593452
101,2,2,sharedreward,multi-echo,fmriprep,sr_decision_by_future_outcome_extra,Punish-Neutral,6.0,0.08029517464378579,0.29114663259296414,3.799999999999965,0.4817710478627113,0.7039136765513426,0.22214262868863133,0.16095168322601852,0.2933595157268702,6.099999999999957,0.6438067329040661,0.28317687908925426
101,2,2,sharedreward,multi-echo,fmriprep,sr_decision_by_future_outcome_extra,Reward-Punish,6.0,-0.042031422276046,0.1005273206940524,4.999999999999961,-0.2521885336562742,0.11700092820724109,0.36918946186351526,0.04287210632375761,0.1043773679558235,7.99999999999995,0.1714884252950283,0.010412833504197739
101,2,2,sharedreward,multi-echo,tedana,sr_decision_partner_extra,Computer-Stranger,6.0,-0.10373433041930526,0.0687470541414487,5.599999999999959,-0.6224059825158271,0.07091073198747916,0.6933167145033063,0.02290382774470187,0.0687470541414487,5.599999999999959,0.09161531097880635,0.04574403258395147
101,2,2,sharedreward,multi-echo,tedana,sr_outcome_primary,Reward-Neutral,5.200199999999999,0.1070830014845674,0.2579743745231114,2.0999999999999712,0.5568530243200472,0.6566214950923247,0.09976847077227756,0.016474064625683352,0.116960678791831,5.999999999999957,0.06589625850273259,0.11696067879182853
101,2,2,sharedreward,multi-echo,tedana,sr_outcome_primary,Punish-Neutral,5.200199999999999,0.014694806389408024,0.1531162956036678,1.1999999999999744,0.07641593218619959,0.29189878108042155,0.2154828488942219,-0.08977885803231846,0.009181659298084004,5.3999999999999595,-0.3591154321292694,-0.02438866157543015
101,2,2,sharedreward,multi-echo,tedana,sr_outcome_primary,Reward-Punish,5.200199999999999,0.09238819509515936,0.17698289052317512,2.49999999999997,0.48043709213384755,0.48043709213384755,0.0,0.1062529226580018,0.18822199719250482,6.499999999999956,0.42501169063200195,0.14134934036725869
101,2,2,sharedreward,multi-echo,tedana,sr_decision_by_future_outcome_extra,Reward-Neutral,6.0,0.020565477070374188,0.2454392455139015,4.599999999999962,0.12339286242224425,0.5568224484963598,0.4334295860741155,0.14472749128803702,0.2454392455139015,4.599999999999962,0.5789099651521409,0.20545745111947078
101,2,2,sharedreward,multi-echo,tedana,sr_decision_by_future_outcome_extra,Punish-Neutral,6.0,0.07004430232692792,0.22840778767924808,3.799999999999965,0.42026581396156454,0.5006898781721361,0.08042406421057151,0.07805515970607294,0.2163082539504727,4.0,0.31222063882428785,0.1772339998466903
101,2,2,sharedreward,multi-echo,tedana,sr_decision_by_future_outcome_extra,Reward-Punish,6.0,-0.049478825256553734,0.08907879927639821,4.999999999999961,-0.2968729515393203,0.11843853279320395,0.4153114843325242,0.06667233158196409,0.1339243453003725,7.899999999999951,0.266689326327853,0.028223451272780514
101,2,2,sharedreward,single-echo,fmriprep,sr_decision_partner_extra,Computer-Stranger,6.0,-0.08593884370737297,0.07021012687488795,0.0,-0.5156330622442341,0.014071123931681546,0.5297041861759156,-0.036215726225384076,-0.00545486861921729,6.999999999999954,-0.1448629049015345,-0.05136289700376903
101,2,2,sharedreward,single-echo,fmriprep,sr_outcome_primary,Reward-Neutral,5.200199999999999,0.12172560983442939,0.288100045815445,1.9999999999999716,0.6329975162609995,0.7520943288338648,0.11909681257286525,-0.01735579665567809,0.0517812390953177,5.999999999999957,-0.0694231866227115,0.05178123909531549
101,2,2,sharedreward,single-echo,fmriprep,sr_outcome_primary,Punish-Neutral,5.200199999999999,0.030971276033048212,0.33824265509031043,0.8999999999999755,0.16105682962705728,0.5698183552270826,0.40876152560002543,-0.05233526677974413,0.08456303428876691,5.29999999999996,-0.2093410671189739,0.04873373230605941
101,2,2,sharedreward,single-echo,fmriprep,sr_outcome_primary,Reward-Punish,5.200199999999999,0.0907543338013812,0.2807424436697918,2.8999999999999684,0.4719406866339424,0.574133720908123,0.10219303427418049,0.03497947012406604,0.13737751290423592,7.99999999999995,0.13991788049626241,0.00304750678925608
101,2,2,sharedreward,single-echo,fmriprep,sr_decision_by_future_outcome_extra,Reward-Neutral,6.0,0.01898821259582379,0.3854985388805251,5.19999999999996,0.11392927557494192,0.6677087592101305,0.5537794836351885,0.15646468796541413,0.3854985388805251,5.19999999999996,0.6258587518616487,0.2532981450242915
101,2,2,sharedreward,single-echo,fmriprep,sr_decision_by_future_outcome_extra,Punish-Neutral,6.0,0.06938348559347499,0.34065924531803216,5.499999999999959,0.416300913560847,0.6708158628405363,0.2545149492796895,0.12776610302802163,0.34065924531803216,5.499999999999959,0.5110644121120802,0.3034645772301624
101,2,2,sharedreward,single-echo,fmriprep,sr_decision_by_future_outcome_extra,Reward-Punish,6.0,-0.05039527299765121,0.09849024805045682,0.0,-0.3023716379859051,0.08963654261362003,0.3920081805995252,0.028698584937392514,0.119797565287051,7.699999999999951,0.11479433974956862,-0.0501664322058709
101,2,2,sharedreward,single-echo,tedana,sr_decision_partner_extra,Computer-Stranger,6.0,-0.07939942861889715,0.0819959526480314,0.0,-0.4763965717133795,0.0251290561137502,0.5015256278271297,-0.0015031149795636278,0.0250461148013943,6.899999999999954,-0.006012459918254436,-0.02313623396774315
101,2,2,sharedreward,single-echo,tedana,sr_outcome_primary,Reward-Neutral,5.200199999999999,0.08487408631230513,0.23469719007660192,0.7999999999999758,0.44136222364124905,0.6175163287990842,0.17615410515783522,-0.05260010565576604,0.004859224264246901,5.999999999999957,-0.21040042262306155,0.004859224264245714
101,2,2,sharedreward,single-echo,tedana,sr_outcome_primary,Punish-Neutral,5.200199999999999,-0.009214313241605657,0.3317969251325267,0.5999999999999766,-0.04791627171899773,0.4890853440321336,0.5370016157511314,-0.15176908683556178,-0.017739801075800202,5.19999999999996,-0.6070763473422396,-0.08772950083156865
101,2,2,sharedreward,single-echo,tedana,sr_outcome_primary,Reward-Punish,5.200199999999999,0.09408839955391078,0.3152236323708789,2.8999999999999684,0.4892784953602467,0.6136408523764276,0.12436235701618086,0.09916898117979576,0.1931633814361353,7.399999999999952,0.3966759247191781,0.09258872509581437
101,2,2,sharedreward,single-echo,tedana,sr_decision_by_future_outcome_extra,Reward-Neutral,6.0,0.0003078720968386332,0.2890782952238687,5.099999999999961,0.001847232581031786,0.5297947083362188,0.527947475755187,0.10355246024694541,0.2890782952238687,5.099999999999961,0.41420984098777647,0.15026945221563376
101,2,2,sharedreward,single-echo,tedana,sr_decision_by_future_outcome_extra,Punish-Neutral,6.0,0.06561936754439877,0.2665874435436023,4.599999999999962,0.39371620526638984,0.5826646789542123,0.1889484736878224,0.07169119540810401,0.2665874435436023,4.599999999999962,0.2867647816324125,0.199559673776648
101,2,2,sharedreward,single-echo,tedana,sr_decision_by_future_outcome_extra,Reward-Punish,6.0,-0.06531149544756014,0.0490539509103852,5.099999999999961,-0.39186897268535803,0.032485132168548495,0.42435410485390657,0.031861264838841406,0.1702445687450683,7.899999999999951,0.12744505935536404,-0.04929022156101421
101,3,1,mid,multi-echo,fmriprep,mid_anticipation_primary,Reward-Neutral,5.0234999999999985,-0.016262179625055013,0.10966299002567109,3.799999999999965,-0.08169305934646383,0.17740244926898976,0.2590955086154536,0.010768344808861753,0.2501573151438181,7.99999999999995,0.04307337923544648,-0.09012460450618383
101,3,1,mid,multi-echo,fmriprep,mid_feedback_extra,Positive-Negative,5.994,-0.0019340691611765188,0.12264641308775642,5.994,-0.011592810552092053,0.25069715691197697,0.2622899674640691,0.11161957054201278,0.1387571555496273,6.599999999999955,0.4464782821680456,0.12272328559848403
101,3,1,mid,multi-echo,tedana,mid_anticipation_primary,Reward-Neutral,5.0234999999999985,0.0375029674986714,0.1702425060331466,3.799999999999965,0.18839615722957573,0.3671131621513425,0.17871700492176673,0.03527541358639387,0.1836094789069578,7.99999999999995,0.14110165434557373,-0.04712026999149561
101,3,1,mid,multi-echo,tedana,mid_feedback_extra,Positive-Negative,5.994,-0.00013551416826158372,0.1183807514880728,0.2999999999999776,-0.0008122719245599328,0.27030006145760704,0.271112333382167,0.07090488685557889,0.0985838790682358,4.399999999999963,0.283619547422312,0.06297418462893768
101,3,1,mid,single-echo,fmriprep,mid_anticipation_primary,Reward-Neutral,5.0234999999999985,0.06570939966125629,0.1826662110735836,3.0999999999999677,0.3300911691983209,0.3904280682353205,0.0603368990369997,0.08784265520280264,0.4600366533308322,7.99999999999995,0.3513706208112062,-0.05432054994969269
101,3,1,mid,single-echo,fmriprep,mid_feedback_extra,Positive-Negative,5.994,0.029356487735144456,0.22260880814969197,5.994,0.17596278748445587,0.28404124142927406,0.10807845394481819,0.13585664253645302,0.24468202994914529,6.399999999999956,0.5434265701458053,0.2236386752146385
101,3,1,mid,single-echo,tedana,mid_anticipation_primary,Reward-Neutral,5.0234999999999985,0.1427576425198499,0.2581551404696071,3.0999999999999677,0.7171430171984657,0.7197590166439268,0.0026159994454612217,0.12033824271790607,0.3787574950957852,7.99999999999995,0.48135297087161827,-0.0008019115876614837
101,3,1,mid,single-echo,tedana,mid_feedback_extra,Positive-Negative,5.994,0.023686047419880053,0.1320947534668272,5.994,0.14197416823476103,0.23447028857126187,0.09249612033650083,0.07178032644298618,0.1583654065708339,6.399999999999956,0.28712130577194117,0.1330916776856362
101,3,2,mid,multi-echo,fmriprep,mid_anticipation_primary,Reward-Neutral,5.02215,-0.09598351401365375,0.00996867814937217,0.0,-0.48204360490367115,0.0004984339074685004,0.4825420388111396,-0.08903298343428469,-0.0233708923109153,7.99999999999995,-0.3561319337371343,-0.11908991717444355
101,3,2,mid,multi-echo,fmriprep,mid_feedback_extra,Positive-Negative,5.981999999999999,-0.034648926970334976,0.03655601765464779,3.3999999999999666,-0.20726988113654382,0.03516173477314473,0.24243161590968856,-0.012777160882329738,0.0323467940468284,6.699999999999955,-0.051108643529318314,2.144541473420394e-05
101,3,2,mid,multi-echo,tedana,mid_anticipation_primary,Reward-Neutral,5.02215,-0.08065469306957639,0.017561874657132392,0.0,-0.405059966799373,0.0013627281628928057,0.4064226949622658,-0.09470576226668166,-0.027861730053781904,7.99999999999995,-0.37882304906672193,-0.1336364389863246
101,3,2,mid,multi-echo,tedana,mid_feedback_extra,Positive-Negative,5.981999999999999,-0.049700838378612805,0.01312586927796501,3.299999999999967,-0.29731041518086176,0.005818131298602089,0.30312854647946386,-0.05974080912297625,-0.0037134248948831,7.99999999999995,-0.23896323649190204,-0.05926502479550203
101,3,2,mid,single-echo,fmriprep,mid_anticipation_primary,Reward-Neutral,5.02215,-0.14893673999683507,0.07106705926518123,0.0,-0.7479826487751052,0.026055912889061082,0.7740385616641664,-0.18525726065989084,-0.051198106424568,7.99999999999995,-0.7410290426395542,-0.1991454241004458
101,3,2,mid,single-echo,fmriprep,mid_feedback_extra,Positive-Negative,5.981999999999999,-0.09277685516325168,0.04677348111023216,5.981999999999999,-0.5549911475865715,0.015919895039622226,0.5709110426261939,-0.013003957356236768,0.05426682537907711,7.99999999999995,-0.052015829424946425,0.04751918328122751
101,3,2,mid,single-echo,tedana,mid_anticipation_primary,Reward-Neutral,5.02215,-0.137809324359946,0.03766277865120475,0.0,-0.6920990983343028,0.007066846542966806,0.6991659448772697,-0.1974299918862505,-0.0855255058219051,7.99999999999995,-0.7897199675449922,-0.22135807406123467
101,3,2,mid,single-echo,tedana,mid_feedback_extra,Positive-Negative,5.981999999999999,-0.13255866845799757,-0.04155917578080002,5.981999999999999,-0.7929659547157414,0.0,0.7929659547157414,-0.07816800317986303,0.05641892127777531,7.99999999999995,-0.3126720127194482,-0.040518594515536584
101,3,1,sharedreward,multi-echo,fmriprep,sr_decision_partner_extra,Computer-Stranger,6.0,0.04810183815263109,0.1146694698087536,4.199999999999964,0.2886110289157845,0.32234490552194717,0.03373387660616275,0.0612439582278831,0.1564015521607704,7.299999999999953,0.24497583291152936,-0.03257320986512389
101,3,1,sharedreward,multi-echo,fmriprep,sr_outcome_primary,Reward-Neutral,5.196000000000012,0.15052100838672042,0.25763508690664566,0.0,0.7821071595774012,0.7821071595774012,0.0,0.07409723688607141,0.19992671515334803,4.0,0.29638894754428197,-0.005307668716457781
101,3,1,sharedreward,multi-echo,fmriprep,sr_outcome_primary,Punish-Neutral,5.196000000000012,0.015197115011282888,0.2572298780229244,0.0,0.07896420959862607,0.28068962822686294,0.20172541862823684,-0.10691168943700216,0.028055549803043603,7.399999999999952,-0.4276467577480033,-0.20374610266052925
101,3,1,sharedreward,multi-echo,fmriprep,sr_outcome_primary,Reward-Punish,5.196000000000012,0.13532389337543752,0.2829815177858245,3.999999999999965,0.703142949978775,0.7031871047418405,4.415476306546502e-05,0.18100892632307355,0.28298151778582387,4.0,0.7240357052922852,0.19843843394407146
101,3,1,sharedreward,multi-echo,fmriprep,sr_decision_by_future_outcome_extra,Reward-Neutral,6.0,0.11917408353366948,0.2392462006374288,3.999999999999965,0.7150445012020118,0.715298885824681,0.00025438462266918945,0.12975028881013895,0.2414795430561556,7.299999999999953,0.5190011552405494,0.02279687291564734
101,3,1,sharedreward,multi-echo,fmriprep,sr_decision_by_future_outcome_extra,Punish-Neutral,6.0,0.09267021352932499,0.2712505750665102,0.0,0.556021281175946,0.6596269321812093,0.10360565100526334,0.10101474095559985,0.2252871920492406,4.0,0.40405896382239437,0.10954174018668407
101,3,1,sharedreward,multi-echo,fmriprep,sr_decision_by_future_outcome_extra,Reward-Punish,6.0,0.026503870004344496,0.181226560328901,1.7999999999999725,0.15902322002606584,0.335345768915796,0.17632254888973015,0.028735547854539085,0.3115122637647695,7.99999999999995,0.11494219141815491,-0.08674486727103672
101,3,1,sharedreward,multi-echo,tedana,sr_decision_partner_extra,Computer-Stranger,6.0,0.0556774323660722,0.1268024810768164,4.199999999999964,0.3340645941964308,0.3517225411865844,0.017657946990153536,0.07679397501956346,0.1664218536812118,7.299999999999953,0.30717590007825,-0.012018325125802117
101,3,1,sharedreward,multi-echo,tedana,sr_outcome_primary,Reward-Neutral,5.196000000000012,0.15957395299289576,0.2683187441643246,0.0,0.8291462597510882,0.8291462597510882,0.0,0.06306073869064946,0.23543369344278275,4.0,0.2522429547625947,-0.01880953546287275
101,3,1,sharedreward,multi-echo,tedana,sr_outcome_primary,Punish-Neutral,5.196000000000012,0.020232781193874103,0.2732741852703009,0.0,0.10512953108337009,0.2707916979846252,0.16566216690125507,-0.11847393595373482,-0.018112253359988697,7.599999999999952,-0.4738957438149334,-0.21366771300266785
101,3,1,sharedreward,multi-echo,tedana,sr_outcome_primary,Reward-Punish,5.196000000000012,0.13934117179902167,0.292226646877073,3.999999999999965,0.7240167286677183,0.7250917989344913,0.0010750702667730754,0.18153467464438428,0.2922266468770729,4.0,0.7261386985775281,0.19485817753979512
101,3,1,sharedreward,multi-echo,tedana,sr_decision_by_future_outcome_extra,Reward-Neutral,6.0,0.13620730142163115,0.25493852270336137,3.999999999999965,0.8172438085297811,0.81775081583526,0.0005070073054789982,0.13819968865969331,0.2616811626121787,7.299999999999953,0.5527987546387664,0.025202871057246282
101,3,1,sharedreward,multi-echo,tedana,sr_decision_by_future_outcome_extra,Punish-Neutral,6.0,0.10601158000134711,0.2889825775146328,0.0,0.6360694800080782,0.7242681410239464,0.08819866101586826,0.11281280466171939,0.24891419479817734,4.0,0.45125121864687195,0.1132146091446559
101,3,1,sharedreward,multi-echo,tedana,sr_decision_by_future_outcome_extra,Reward-Punish,6.0,0.030195721420284014,0.1982988430339869,1.7999999999999725,0.1811743285217028,0.36925742923794086,0.18808310071623807,0.02538688399797393,0.3140917030963223,7.99999999999995,0.10154753599189446,-0.08801173808740963
101,3,1,sharedreward,single-echo,fmriprep,sr_decision_partner_extra,Computer-Stranger,6.0,0.004175428184636949,0.1765236646227232,4.099999999999964,0.025052569107821516,0.22547871900391608,0.20042614989609456,0.05509549286745981,0.1765236646227232,4.099999999999964,0.22038197146983649,-0.0190946077372352
101,3,1,sharedreward,single-echo,fmriprep,sr_outcome_primary,Reward-Neutral,5.196000000000012,0.20687093520653863,0.3686330085866566,4.499999999999963,1.0749013793331772,1.0749013793331772,0.0,0.24575888416544334,0.3686330085866566,4.499999999999963,0.9830355366617611,0.16082976152519948
101,3,1,sharedreward,single-echo,fmriprep,sr_outcome_primary,Punish-Neutral,5.196000000000012,-0.0236181609912272,0.07098314602733599,3.899999999999965,-0.12271996451041682,0.10598578147039785,0.22870574598081467,0.05361811284934541,0.2237027505250212,7.299999999999953,0.21447245139737897,-0.06858154913163045
101,3,1,sharedreward,single-echo,fmriprep,sr_outcome_primary,Reward-Punish,5.196000000000012,0.23048909619776584,0.35711219688667345,5.196000000000012,1.197621343843594,1.197621343843594,0.0,0.1921407713160979,0.3572745648775986,5.19999999999996,0.7685630852643821,0.2294113106568299
101,3,1,sharedreward,single-echo,fmriprep,sr_decision_by_future_outcome_extra,Reward-Neutral,6.0,0.19090986239018395,0.5516366097031143,0.2999999999999776,1.1454591743410956,1.2730758769414878,0.12761670260039218,0.09697693454947096,0.3309877876489105,7.899999999999951,0.387907738197879,-0.08910713200886682
101,3,1,sharedreward,single-echo,fmriprep,sr_decision_by_future_outcome_extra,Punish-Neutral,6.0,0.09046085113010369,0.38970195877767916,0.0,0.5427651067806183,0.6927730701287099,0.15000796334809166,-0.043966336802978304,0.232888454924617,4.0,-0.17586534721191102,-0.1371175931060646
101,3,1,sharedreward,single-echo,fmriprep,sr_decision_by_future_outcome_extra,Reward-Punish,6.0,0.10044901126008031,0.23876754190456168,0.6999999999999762,0.6026940675604776,0.6171049379261593,0.014410870365681769,0.14094327135244925,0.3631871432630878,7.699999999999951,0.56377308540979,0.04801046109719782
101,3,1,sharedreward,single-echo,tedana,sr_decision_partner_extra,Computer-Stranger,6.0,0.04703769562314383,0.22534422078024263,4.099999999999964,0.282226173738861,0.3641367679963846,0.08191059425752364,0.1103665866463359,0.22534422078024263,4.099999999999964,0.4414663465853381,0.04848904975429933
101,3,1,sharedreward,single-echo,tedana,sr_outcome_primary,Reward-Neutral,5.196000000000012,0.21806123944871272,0.4315998831733965,4.499999999999963,1.133046200175514,1.133204506905975,0.0001583067304611796,0.20461358958488468,0.4315998831733965,4.499999999999963,0.8184543583395285,0.11220302411865217
101,3,1,sharedreward,single-echo,tedana,sr_outcome_primary,Punish-Neutral,5.196000000000012,-0.009547256535034136,0.1375414275937683,3.899999999999965,-0.04960754495603749,0.19948342865939572,0.24909097361543317,0.024914978888851535,0.13257177162563313,4.0,0.0996599155554049,-0.10105766360019683
101,3,1,sharedreward,single-echo,tedana,sr_outcome_primary,Reward-Punish,5.196000000000012,0.2276084959837469,0.3725782270481628,5.196000000000012,1.1826537451315517,1.1826537451315517,0.0,0.17969861069603316,0.3726862542482866,5.19999999999996,0.7187944427841236,0.21326068771884898
101,3,1,sharedreward,single-echo,tedana,sr_decision_by_future_outcome_extra,Reward-Neutral,6.0,0.22796620514879873,0.6046559272174592,0.2999999999999776,1.3677972308927826,1.4971547957319686,0.1293575648391861,0.11508944653631441,0.3860983278179073,7.899999999999951,0.4603577861452519,-0.08050249337321191
101,3,1,sharedreward,single-echo,tedana,sr_decision_by_future_outcome_extra,Punish-Neutral,6.0,0.1304622802088074,0.45906151484296875,0.0,0.7827736812528389,0.9009939141152887,0.11822023286244995,-0.006579561559703839,0.2851402325194547,4.0,-0.02631824623881503,-0.11157795188393366
101,3,1,sharedreward,single-echo,tedana,sr_decision_by_future_outcome_extra,Reward-Punish,6.0,0.09750392493999134,0.2395412234762433,0.7999999999999758,0.5850235496399439,0.6195405477774679,0.03451699813752417,0.12166900809601826,0.36055462156365836,7.99999999999995,0.486676032384067,0.031075458510721743
101,3,2,sharedreward,multi-echo,fmriprep,sr_decision_partner_extra,Computer-Stranger,6.0,0.028146912483562415,0.1993392479531978,2.2999999999999705,0.16888147490137329,0.3349515564168065,0.1660700815154332,0.005899540963769835,0.102439575330585,7.699999999999951,0.023598163855079044,-0.018490847537766805
101,3,2,sharedreward,multi-echo,fmriprep,sr_outcome_primary,Reward-Neutral,5.199999999999989,0.1391835165798648,0.32498959731791166,2.999999999999968,0.7237542862152915,0.8001183670418863,0.0763640808265948,0.02256252334132273,0.1667274985418194,7.0999999999999535,0.0902500933652898,-0.04386941830209899
101,3,2,sharedreward,multi-echo,fmriprep,sr_outcome_primary,Punish-Neutral,5.199999999999989,0.07556637357961146,0.22042722962753308,1.899999999999972,0.3929451426139766,0.5867456630987233,0.19380052048474672,-0.039474068761841515,0.14701934210073858,6.899999999999954,-0.1578962750473641,-0.055590399225802625
101,3,2,sharedreward,multi-echo,fmriprep,sr_outcome_primary,Reward-Punish,5.199999999999989,0.06361714300025334,0.1511728233649358,3.3999999999999666,0.33080914360131486,0.39072865353458386,0.05991950993326903,0.06203659210316424,0.1500717815430305,4.399999999999963,0.2481463684126539,0.011720980923703633
101,3,2,sharedreward,multi-echo,fmriprep,sr_decision_by_future_outcome_extra,Reward-Neutral,6.0,0.038415088273267575,0.1919887503165696,2.0999999999999712,0.23049052963960381,0.42603313874354404,0.19554260910394017,0.1444705036698892,0.273490569573698,6.7999999999999545,0.5778820146795496,0.17947552493096708
101,3,2,sharedreward,multi-echo,fmriprep,sr_decision_by_future_outcome_extra,Punish-Neutral,6.0,-0.014015357562207167,0.1673287037391862,5.999999999999957,-0.0840921453732424,0.1328069615577584,0.21689910693100078,0.10492469909399199,0.2537965849755661,6.699999999999955,0.41969879637596275,0.16732870373919673
101,3,2,sharedreward,multi-echo,fmriprep,sr_decision_by_future_outcome_extra,Reward-Punish,6.0,0.05243044583547474,0.15621002042232401,2.39999999999997,0.3145826750128462,0.38409938774680386,0.06951671273395763,0.0395458045758972,0.10715528209207581,7.99999999999995,0.15818321830358684,0.012146821191770343
101,3,2,sharedreward,multi-echo,tedana,sr_decision_partner_extra,Computer-Stranger,6.0,0.016767299468458653,0.1823388056059348,2.39999999999997,0.1006037968107512,0.2967922282263856,0.19618843141563447,-0.016805346498942397,0.0778422375435467,7.799999999999951,-0.06722138599576875,-0.029103299787054972
101,3,2,sharedreward,multi-echo,tedana,sr_outcome_primary,Reward-Neutral,5.199999999999989,0.1336505058865539,0.3089706612869086,2.999999999999968,0.6949826306100749,0.7728811325983372,0.0778985019882622,0.0037093895684009435,0.14950770819198514,4.0,0.01483755827360359,-0.06352690367351342
101,3,2,sharedreward,multi-echo,tedana,sr_outcome_primary,Punish-Neutral,5.199999999999989,0.04895657124111741,0.1758928886514044,1.899999999999972,0.2545741704538086,0.42534805426253275,0.17077388380872424,-0.04703434412495508,0.11432499350281441,6.899999999999954,-0.188137376499818,-0.06824617846048577
101,3,2,sharedreward,multi-echo,tedana,sr_outcome_primary,Reward-Punish,5.199999999999989,0.0846939346454365,0.1749976248489411,3.299999999999967,0.4404084601562664,0.47469149736451577,0.03428303720824932,0.05074373369335602,0.14589512009937333,4.0,0.20297493477342154,0.004719274786972355
101,3,2,sharedreward,multi-echo,tedana,sr_decision_by_future_outcome_extra,Reward-Neutral,6.0,0.0035677267089935316,0.1813910723407527,5.999999999999957,0.02140636025396104,0.2406576658874735,0.21925130563351247,0.13225771878877124,0.2896456283450174,6.7999999999999545,0.5290308751550784,0.1813910723407639
101,3,2,sharedreward,multi-echo,tedana,sr_decision_by_future_outcome_extra,Punish-Neutral,6.0,-0.05739168689147529,0.1164229414411818,5.999999999999957,-0.3443501213488493,0.03927424778735189,0.3836243691362011,0.06107352585048207,0.2091733413763301,6.599999999999955,0.24429410340192526,0.11642294144119328
101,3,2,sharedreward,multi-echo,tedana,sr_decision_by_future_outcome_extra,Reward-Punish,6.0,0.06095941360046882,0.1565319935759675,2.39999999999997,0.3657564816028103,0.4056190135805073,0.03986253197769693,0.0711841929382892,0.1278675572812841,7.799999999999951,0.28473677175315326,0.06496813089957064
101,3,2,sharedreward,single-echo,fmriprep,sr_decision_partner_extra,Computer-Stranger,6.0,0.06600684906439991,0.2902810276065948,2.199999999999971,0.3960410943863967,0.5341419766178002,0.13810088223140338,-0.026327905459010058,0.16041175215970122,7.799999999999951,-0.10531162183603893,-0.07829311134641219
101,3,2,sharedreward,single-echo,fmriprep,sr_outcome_primary,Reward-Neutral,5.199999999999989,0.0741192392354052,0.2231754019769424,1.9999999999999716,0.38542004402410407,0.5877040787853267,0.2022840347612226,-0.11887320307375301,0.07031701189076468,7.0999999999999535,-0.4754928122950061,-0.21347302172797636
101,3,2,sharedreward,single-echo,fmriprep,sr_outcome_primary,Punish-Neutral,5.199999999999989,0.07643758041780717,0.29997647840173514,1.899999999999972,0.39747541817259424,0.669719005986381,0.2722435878137867,-0.0669060990260921,0.16476481385456201,6.899999999999954,-0.26762439610436506,-0.06037102526807066
101,3,2,sharedreward,single-echo,fmriprep,sr_outcome_primary,Reward-Punish,5.199999999999989,-0.002318341182401981,0.0946007570575759,4.399999999999963,-0.012055374148490209,0.13133838459180108,0.14339375874029128,-0.05196710404766089,0.0946007570575759,4.399999999999963,-0.20786841619064098,-0.1531019964599057
101,3,2,sharedreward,single-echo,fmriprep,sr_decision_by_future_outcome_extra,Reward-Neutral,6.0,-0.023464841656614072,0.10010209120298709,4.199999999999964,-0.14078904993968344,0.22566913449159934,0.36645818443128275,0.07547059584962607,0.12207256522840951,6.499999999999956,0.3018823833985005,0.09111814784769735
101,3,2,sharedreward,single-echo,fmriprep,sr_decision_by_future_outcome_extra,Punish-Neutral,6.0,-0.06092900768191137,0.19978464289998052,5.999999999999957,-0.3655740460914656,0.1408443166826725,0.5064183627741381,0.08096337845223181,0.2192270052642587,6.399999999999956,0.3238535138089232,0.19978464289998615
101,3,2,sharedreward,single-echo,fmriprep,sr_decision_by_future_outcome_extra,Reward-Punish,6.0,0.03746416602529729,0.11744605364502679,2.2999999999999705,0.22478499615178216,0.31567539169201475,0.09089039554023262,-0.005492782602605747,0.1057077189040402,4.299999999999963,-0.021971130410422715,-0.10866649505228879
101,3,2,sharedreward,single-echo,tedana,sr_decision_partner_extra,Computer-Stranger,6.0,0.05981848801185751,0.3107225223592421,2.0999999999999712,0.3589109280711425,0.5787270858446973,0.21981615777355482,-0.05128654776757764,0.1614400888782484,7.99999999999995,-0.20514619107030801,-0.10298478775151416
101,3,2,sharedreward,single-echo,tedana,sr_outcome_primary,Reward-Neutral,5.199999999999989,0.05664413063804955,0.22721256007527801,2.7999999999999687,0.2945494793178554,0.504766042988023,0.21021656367016775,-0.1264229477512705,0.0568938676385197,4.0,-0.5056917910050757,-0.2252923279697522
101,3,2,sharedreward,single-echo,tedana,sr_outcome_primary,Punish-Neutral,5.199999999999989,0.046977335574599065,0.2560434195705217,1.899999999999972,0.24428214498791326,0.49575119852949384,0.25146905354158056,-0.06370514256603037,0.1473728117737737,6.899999999999954,-0.2548205702641183,-0.062055110563549065
101,3,2,sharedreward,single-echo,tedana,sr_outcome_primary,Reward-Punish,5.199999999999989,0.009666795063450473,0.09586615969559081,3.799999999999965,0.05026733432994208,0.1479373693151297,0.09767003498518767,-0.06271780518524012,0.0829165942212183,4.0,-0.25087122074095736,-0.16323721740620314
101,3,2,sharedreward,single-echo,tedana,sr_decision_by_future_outcome_extra,Reward-Neutral,6.0,-0.07954110714005551,0.0720313956312977,5.999999999999957,-0.47724664284032964,0.020532121206016572,0.4977787640463462,0.04315137035708421,0.1431397198175855,6.7999999999999545,0.1726054814283347,0.0720313956313057
101,3,2,sharedreward,single-echo,tedana,sr_decision_by_future_outcome_extra,Punish-Neutral,6.0,-0.12703279053705466,0.1607999617493214,5.999999999999957,-0.7621967432223224,0.0659379691398663,0.8281347123621887,0.02872451141772531,0.1999402473476376,6.399999999999956,0.11489804567089981,0.1607999617493298
101,3,2,sharedreward,single-echo,tedana,sr_decision_by_future_outcome_extra,Reward-Punish,6.0,0.04749168339699915,0.1479891104237621,2.199999999999971,0.28495010038199287,0.3516147940528296,0.06666469367083665,0.014426858939358899,0.1184521638274649,7.899999999999951,0.05770743575743488,-0.08876856611802411
101,6,1,mid,multi-echo,fmriprep,mid_anticipation_primary,Reward-Neutral,5.023399999999992,-0.04160698668289445,0.06736251395903789,4.399999999999963,-0.20900853690285162,0.07594743197615843,0.28495596887901,0.037404957849912636,0.06736251395903789,4.399999999999963,0.14961983139964868,0.03351552050259741
101,6,1,mid,multi-echo,fmriprep,mid_feedback_extra,Positive-Negative,5.990000000000009,0.08340607442573027,0.2900648474212931,4.199999999999964,0.49960238581012506,0.6509814898286906,0.15137910401856564,-0.0039341287929097555,0.2900648474212931,4.199999999999964,-0.015736515171638828,-0.05630840829936119
101,6,1,mid,multi-echo,tedana,mid_anticipation_primary,Reward-Neutral,5.023399999999992,-0.045268285046975706,0.019347748463889296,4.499999999999963,-0.2274007031049774,0.014787316241062838,0.24218801934604023,0.034017531103925455,0.061320867951181704,7.199999999999953,0.13607012441570013,0.029986872686548354
101,6,1,mid,multi-echo,tedana,mid_feedback_extra,Positive-Negative,5.990000000000009,0.03646779078421691,0.2513610017588064,4.499999999999963,0.2184420667974596,0.4673878655092927,0.2489457987118331,0.007031597675547646,0.2513610017588064,4.499999999999963,0.028126390702190234,-0.030492036493999577
101,6,1,mid,single-echo,fmriprep,mid_anticipation_primary,Reward-Neutral,5.023399999999992,-0.05795965468726865,0.1904064237853327,4.499999999999963,-0.29115452935602487,0.2227504228590123,0.5139049522150372,0.053469512964087224,0.1904064237853327,4.499999999999963,0.21387805185634623,0.01779405086711643
101,6,1,mid,single-echo,fmriprep,mid_feedback_extra,Positive-Negative,5.990000000000009,0.11560900873421807,0.34804187338874804,3.6999999999999655,0.6924979623179673,0.7926068212888983,0.10010885897093094,-0.0003943907046984205,0.3318418523605019,4.0,-0.0015775628187936624,-0.08127440850517878
101,6,1,mid,single-echo,tedana,mid_anticipation_primary,Reward-Neutral,5.023399999999992,-0.07831163237434628,0.1260192485124211,4.599999999999962,-0.39339065406929047,0.13127966941682342,0.5246703234861139,0.0689632708349183,0.1260192485124211,4.599999999999962,0.27585308333966974,0.03654793530347835
101,6,1,mid,single-echo,tedana,mid_feedback_extra,Positive-Negative,5.990000000000009,0.059035410621777515,0.2571256470211557,3.799999999999965,0.35362210962444784,0.5594524916955075,0.20583038207105966,0.009488109887710712,0.2519941036415382,4.0,0.037952439550842376,-0.05451367982145825
101,6,2,mid,multi-echo,fmriprep,mid_anticipation_primary,Reward-Neutral,5.024349999999998,-0.1465268330439534,-0.027209915791670702,0.4999999999999769,-0.7362020936043869,0.0,0.7362020936043869,-0.10197850035980101,-0.0403396365428253,6.399999999999956,-0.407914001439199,-0.05967062967692158
101,6,2,mid,multi-echo,fmriprep,mid_feedback_extra,Positive-Negative,5.9879999999999995,0.07760156138613859,0.24327662723966412,5.9879999999999995,0.4646781495801979,0.5342060505011696,0.06952790092097177,0.17132133789074186,0.2477791879822037,6.099999999999957,0.6852853515629589,0.24392365021997203
101,6,2,mid,multi-echo,tedana,mid_anticipation_primary,Reward-Neutral,5.024349999999998,-0.06850049424381296,0.013060241792540499,0.6999999999999762,-0.3441704582539015,0.01119349693201055,0.3553639551859121,-0.07164006419982459,-0.0127397482533705,6.399999999999956,-0.2865602567992948,-0.028525019307171443
101,6,2,mid,multi-echo,tedana,mid_feedback_extra,Positive-Negative,5.9879999999999995,0.04539674533986351,0.16725895575954652,5.9879999999999995,0.2718357110951027,0.3645098965976844,0.09267418550258177,0.11727396705600686,0.168570149826352,6.099999999999957,0.4690958682240216,0.16746125926613697
101,6,2,mid,single-echo,fmriprep,mid_anticipation_primary,Reward-Neutral,5.024349999999998,-0.22906841108677564,-0.1363578390762754,0.0,-1.1509198712438409,0.0,1.1509198712438409,-0.20305606890051348,-0.07527936548348091,7.99999999999995,-0.8122242756020438,-0.23229039247454614
101,6,2,mid,single-echo,fmriprep,mid_feedback_extra,Positive-Negative,5.9879999999999995,0.08532990282774384,0.29297553256549835,5.9879999999999995,0.5109554581325301,0.5764362646652287,0.06548080653269868,0.19352614617881442,0.29974542441274443,6.099999999999957,0.774104584715248,0.29379430538953016
101,6,2,mid,single-echo,tedana,mid_anticipation_primary,Reward-Neutral,5.024349999999998,-0.13229341619349902,-0.050169977348026196,1.6999999999999726,-0.6646884256518066,0.0,0.6646884256518066,-0.16867103295120792,-0.08821959380855669,7.99999999999995,-0.6746841318048232,-0.19572928982755902
101,6,2,mid,single-echo,tedana,mid_feedback_extra,Positive-Negative,5.9879999999999995,0.04828111158215824,0.21156059538471933,5.9879999999999995,0.2891072961539635,0.37851539661795375,0.08940810046399025,0.1262622660268394,0.21614860527166058,6.099999999999957,0.5050490641073513,0.21204452112099104
101,6,1,sharedreward,multi-echo,fmriprep,sr_decision_partner_extra,Computer-Stranger,6.0,-0.036474953707825435,0.07348263932718728,0.0,-0.21884972224695107,0.036018595914178025,0.2548683181611291,-0.02272929953336979,0.0075710946684915,4.199999999999964,-0.09091719813347804,-0.02796787025370605
101,6,1,sharedreward,multi-echo,fmriprep,sr_outcome_primary,Reward-Neutral,5.200000000000017,-0.0030880828677738534,0.1052941430196947,5.19999999999996,-0.016058030912423915,0.06755530964330149,0.08361334055572542,0.08697763136424025,0.15669087126817,6.099999999999957,0.34791052545695667,0.15557080089387848
101,6,1,sharedreward,multi-echo,fmriprep,sr_outcome_primary,Punish-Neutral,5.200000000000017,-0.013184559496008524,0.12888005739481312,0.3999999999999772,-0.0685597093792438,0.10365039161433318,0.17221010099357695,-0.006230160166305225,0.10483152198748749,7.899999999999951,-0.02492064066522059,-0.036488542197218886
101,6,1,sharedreward,multi-echo,fmriprep,sr_outcome_primary,Reward-Punish,5.200000000000017,0.010096476628234667,0.1266462391821055,5.19999999999996,0.05250167846681987,0.12511967360955759,0.07261799514273773,0.09320779153054548,0.19959768935446998,6.199999999999957,0.37283116612217726,0.19205934309109735
101,6,1,sharedreward,multi-echo,fmriprep,sr_decision_by_future_outcome_extra,Reward-Neutral,6.0,-0.017215621135481533,0.14808808871274973,0.0,-0.10329372681288845,0.07321322990477741,0.1765069567176659,-0.055423185122011796,0.0267629634241473,4.399999999999963,-0.22169274048804444,-0.13485448421728533
101,6,1,sharedreward,multi-echo,fmriprep,sr_decision_by_future_outcome_extra,Punish-Neutral,6.0,0.049043185697710975,0.1022048921135432,4.699999999999962,0.29425911418626377,0.32143344105973337,0.027174326873469594,-0.008254781098968494,0.1022048921135432,4.699999999999962,-0.03301912439587357,-0.0645233358333849
101,6,1,sharedreward,multi-echo,fmriprep,sr_decision_by_future_outcome_extra,Reward-Punish,6.0,-0.06625880683319253,0.1860426383835809,0.0,-0.39755284099915233,0.07569571024655881,0.4732485512457111,-0.04716840402304331,0.0342844269198571,7.99999999999995,-0.18867361609217087,-0.07033114838390044
101,6,1,sharedreward,multi-echo,tedana,sr_decision_partner_extra,Computer-Stranger,6.0,0.015065834201568026,0.09882213596321647,0.0,0.09039500520940752,0.17666947005803108,0.08627446484862356,-0.024283547827475254,0.0288999100334923,7.99999999999995,-0.09713419130989981,-0.0555808117899549
101,6,1,sharedreward,multi-echo,tedana,sr_outcome_primary,Reward-Neutral,5.200000000000017,-0.039943876115477985,0.15540635164206598,5.19999999999996,-0.20770815580048393,0.0865508445232032,0.2942590003236871,0.1481400658396454,0.21443148199750078,6.699999999999955,0.5925602633585743,0.19314764530372833
101,6,1,sharedreward,multi-echo,tedana,sr_outcome_primary,Punish-Neutral,5.200000000000017,-0.057406453156728494,0.09086536672262109,5.19999999999996,-0.2985135564149859,0.05453473698712625,0.3530482934021121,0.08495491190034853,0.1500590824121333,7.499999999999952,0.3398196476013899,0.07311239442903762
101,6,1,sharedreward,multi-echo,tedana,sr_outcome_primary,Reward-Punish,5.200000000000017,0.017462577041250496,0.0645409849194449,5.19999999999996,0.09080540061450189,0.11456791099579339,0.023762510381291495,0.06318515393929687,0.13441685418740712,6.299999999999956,0.2527406157571843,0.1200352508746907
101,6,1,sharedreward,multi-echo,tedana,sr_decision_by_future_outcome_extra,Reward-Neutral,6.0,-0.025587445266921367,0.08486835453499576,0.0,-0.1535246716015271,0.055649736984641054,0.20917440858616818,-0.10391565044562596,0.0119948800589605,4.399999999999963,-0.4156626017824987,-0.21826134705034692
101,6,1,sharedreward,multi-echo,tedana,sr_decision_by_future_outcome_extra,Punish-Neutral,6.0,0.01827923678553504,0.1393282908066876,1.6999999999999726,0.10967542071320947,0.23674804716539974,0.12707262645219025,-0.08135016475500728,0.022072519358172,4.399999999999963,-0.3254006590200251,-0.17555082348955206
101,6,1,sharedreward,multi-echo,tedana,sr_decision_by_future_outcome_extra,Reward-Punish,6.0,-0.0438666820524564,0.06786123820292173,0.0,-0.2632000923147365,0.019536569468598088,0.2827366617833346,-0.0225654856906187,-0.006757995319124301,7.699999999999951,-0.09026194276247368,-0.04271052356079485
101,6,1,sharedreward,single-echo,fmriprep,sr_decision_partner_extra,Computer-Stranger,6.0,-0.1552582197776894,0.065354943924007,0.0999999999999783,-0.9315493186661298,0.030268557389830062,0.9618178760559598,-0.15910111620391523,0.035940102315395496,7.99999999999995,-0.636404464815653,-0.17256506464254273
101,6,1,sharedreward,single-echo,fmriprep,sr_outcome_primary,Reward-Neutral,5.200000000000017,-0.028041056042924596,0.1372843161232144,5.19999999999996,-0.1458134914232068,0.11766203805518909,0.2634755294783958,0.04331676023932473,0.1414225998009607,5.29999999999996,0.17326704095729675,0.053130857854633784
101,6,1,sharedreward,single-echo,fmriprep,sr_outcome_primary,Punish-Neutral,5.200000000000017,-0.0020701303550825253,0.052719133136049895,4.999999999999961,-0.01076467784642905,0.08177059958902524,0.09253527743545428,0.04051033665850647,0.1374058908463511,7.499999999999952,0.16204134663402386,-0.008546760338624037
101,6,1,sharedreward,single-echo,fmriprep,sr_outcome_primary,Reward-Punish,5.200000000000017,-0.02597092568784207,0.0974655711827302,5.19999999999996,-0.13504881357677773,0.12865807785222094,0.2637068914289986,0.002806423580818257,0.1305068557781325,5.499999999999959,0.011225694323272889,0.061677618193257816
101,6,1,sharedreward,single-echo,fmriprep,sr_decision_by_future_outcome_extra,Reward-Neutral,6.0,-0.138987190667718,0.11978958129824778,0.0,-0.8339231440063021,0.028094499821721842,0.8620176438280239,-0.1051889125668966,0.0093229658608204,7.99999999999995,-0.42075565026758116,-0.14633692722497652
101,6,1,sharedreward,single-echo,fmriprep,sr_decision_by_future_outcome_extra,Punish-Neutral,6.0,-0.025897465447831947,0.0806121446775718,4.899999999999961,-0.15538479268699057,0.10083707161225908,0.25622186429924965,-0.022673879866647866,0.0806121446775718,4.899999999999961,-0.09069551946659034,-0.09071754069798194
101,6,1,sharedreward,single-echo,fmriprep,sr_decision_by_future_outcome_extra,Reward-Punish,6.0,-0.1130897252198861,0.247252566040281,0.0,-0.6785383513193117,0.12498236225016357,0.8035207135694753,-0.08251503270024874,-0.0061212827283725,7.699999999999951,-0.33006013080099084,-0.05561938652699457
101,6,1,sharedreward,single-echo,tedana,sr_decision_partner_extra,Computer-Stranger,6.0,-0.07095798003985018,0.12096527661827029,0.2999999999999776,-0.42574788023909804,0.12683930708890565,0.5525871873280037,-0.13192570387266786,0.1336040565018412,7.99999999999995,-0.5277028154906649,-0.18984801825862466
101,6,1,sharedreward,single-echo,tedana,sr_outcome_primary,Reward-Neutral,5.200000000000017,-0.06874463725934009,0.2266349078932377,5.19999999999996,-0.35747211374856575,0.17380736397618712,0.5312794777247529,0.14697483007011708,0.229278696470788,5.29999999999996,0.587899320280461,0.15025972916406763
101,6,1,sharedreward,single-echo,tedana,sr_outcome_primary,Punish-Neutral,5.200000000000017,-0.07369346751470549,0.1967073142347192,5.19999999999996,-0.3832060310764656,0.157485710518473,0.5406917415949385,0.15610741691684493,0.2111014164503349,7.399999999999952,0.624429667667372,0.15845827590229725
101,6,1,sharedreward,single-echo,tedana,sr_outcome_primary,Reward-Punish,5.200000000000017,0.004948830255365391,0.08367854658381009,3.0999999999999677,0.025733917327899834,0.1270842076215362,0.10135029029363635,-0.009132586846727839,0.0417270936929054,5.3999999999999595,-0.036530347386910904,-0.008198546738229633
101,6,1,sharedreward,single-echo,tedana,sr_decision_by_future_outcome_extra,Reward-Neutral,6.0,-0.13126853930364166,0.01991348654565879,0.0,-0.7876112358218443,0.003553323446316781,0.7911645592681611,-0.16215020016769743,-0.0240633080223174,7.99999999999995,-0.6486008006707816,-0.22332594218944815
101,6,1,sharedreward,single-echo,tedana,sr_decision_by_future_outcome_extra,Punish-Neutral,6.0,-0.02381095594871884,0.1469054294231597,1.7999999999999725,-0.14286573569231203,0.17187683152862848,0.3147425672209405,-0.12622063144458173,0.0005791522078466005,7.99999999999995,-0.5048825257783206,-0.2150033699224233
101,6,1,sharedreward,single-echo,tedana,sr_decision_by_future_outcome_extra,Reward-Punish,6.0,-0.10745758335492282,0.08637790201767936,0.0,-0.6447455001295324,0.025805218995798938,0.6705507191253313,-0.03592956872311571,0.03693219146067089,6.399999999999956,-0.14371827489246106,-0.008322572267024844
101,6,2,sharedreward,multi-echo,fmriprep,sr_decision_partner_extra,Computer-Stranger,6.0,-0.051558686576057125,0.1316531058664662,5.899999999999958,-0.30935211945634056,0.12353675678933475,0.4328888762456753,0.05225413756288342,0.1316531058664662,5.899999999999958,0.20901655025153107,0.12746399348463214
101,6,2,sharedreward,multi-echo,fmriprep,sr_outcome_primary,Reward-Neutral,5.2050000000000125,-0.10616038680782273,0.0347646720671205,3.6999999999999655,-0.5525648133347186,0.020439799022074788,0.5730046123567935,-0.13232263169359426,0.0331410437692043,7.99999999999995,-0.5292905267743705,-0.2611134884372754
101,6,2,sharedreward,multi-echo,fmriprep,sr_outcome_primary,Punish-Neutral,5.2050000000000125,-0.025405052989330337,0.1808268476309188,3.299999999999967,-0.13223330080946472,0.27231660415027636,0.40454990495974114,-0.04718672912100228,0.1126210741688988,7.699999999999951,-0.18874691648400677,-0.14412345906968224
101,6,2,sharedreward,multi-echo,fmriprep,sr_outcome_primary,Reward-Punish,5.2050000000000125,-0.0807553338184924,0.03389136145530707,0.0,-0.4203315125252539,0.009731397666466976,0.4300629101917208,-0.08513590257259199,0.014505464430290101,4.899999999999961,-0.34054361029036373,-0.11699002936759315
101,6,2,sharedreward,multi-echo,fmriprep,sr_decision_by_future_outcome_extra,Reward-Neutral,6.0,-0.09792159375297034,0.08930135016771365,0.0,-0.5875295625178178,0.043372041089567895,0.6309016036073858,-0.10431398604485334,-0.011919565806274297,7.599999999999952,-0.4172559441794082,-0.11248763853325043
101,6,2,sharedreward,multi-echo,fmriprep,sr_decision_by_future_outcome_extra,Punish-Neutral,6.0,-0.12802049655665118,0.09468573052926225,0.0,-0.7681229793399017,0.03735693547264436,0.8054799148125461,-0.026748334143947804,0.1540165870198535,7.599999999999952,-0.10699333657578988,-0.04297132897104539
101,6,2,sharedreward,multi-echo,fmriprep,sr_decision_by_future_outcome_extra,Reward-Punish,6.0,0.030098902803680865,0.1393683980494479,1.9999999999999716,0.1805934168220839,0.22962599073192008,0.04903257390983615,-0.07756565190090553,0.011714779566383001,4.899999999999961,-0.3102626076036183,-0.06951630956220503
101,6,2,sharedreward,multi-echo,tedana,sr_decision_partner_extra,Computer-Stranger,6.0,-0.05651794260592768,0.1499630836711661,5.899999999999958,-0.33910765563556367,0.14206139671599513,0.4811690523515587,0.06171917284270295,0.1499630836711661,5.899999999999958,0.24687669137080873,0.14558428135463167
101,6,2,sharedreward,multi-echo,tedana,sr_outcome_primary,Reward-Neutral,5.2050000000000125,-0.09482762163830237,0.037722676308942396,3.3999999999999666,-0.493577770627365,0.02838017248464942,0.5219579431120145,-0.13927516326021222,0.008366496403301393,7.99999999999995,-0.557100653040842,-0.264872499492997
101,6,2,sharedreward,multi-echo,tedana,sr_outcome_primary,Punish-Neutral,5.2050000000000125,-0.014188712154524661,0.19787289345803372,3.299999999999967,-0.07385224676430104,0.31823166156249916,0.3920839083268001,-0.06801630461888183,0.08220718043864,7.899999999999951,-0.27206521847552395,-0.15973515443946126
101,6,2,sharedreward,multi-echo,tedana,sr_outcome_primary,Reward-Punish,5.2050000000000125,-0.08063890948377771,0.028719568370415397,4.899999999999961,-0.41972552386306394,0.01724704805356624,0.4369725719166302,-0.07125885864133039,0.028719568370415397,4.899999999999961,-0.285035434565318,-0.10513734505353572
101,6,2,sharedreward,multi-echo,tedana,sr_decision_by_future_outcome_extra,Reward-Neutral,6.0,-0.10669994710172243,0.05922650381569348,0.0,-0.64019968261033,0.019949079757232806,0.6601487623675628,-0.08362494770709618,-0.008202714875752304,7.599999999999952,-0.33449979082838055,-0.06906225205114228
101,6,2,sharedreward,multi-echo,tedana,sr_decision_by_future_outcome_extra,Punish-Neutral,6.0,-0.13363001803047464,0.07668480169660136,0.0,-0.8017801081828422,0.02602656310844525,0.8278066712912875,0.00048107303510367273,0.1622399743091978,7.599999999999952,0.001924292140414667,0.006444688745796423
101,6,2,sharedreward,multi-echo,tedana,sr_decision_by_future_outcome_extra,Reward-Punish,6.0,0.02693007092875224,0.142912167223816,1.9999999999999716,0.1615804255725123,0.22359969837449545,0.06201927280198314,-0.08410602074219985,0.0122246353687132,4.899999999999961,-0.3364240829687952,-0.0755069407969387
101,6,2,sharedreward,single-echo,fmriprep,sr_decision_partner_extra,Computer-Stranger,6.0,-0.04072138676975078,0.1134926196123028,5.999999999999957,-0.24432832061850296,0.07230048016366111,0.31662880078216404,0.03092501056846261,0.1286238529543904,7.99999999999995,0.1237000422738489,0.113492619612304
101,6,2,sharedreward,single-echo,fmriprep,sr_outcome_primary,Reward-Neutral,5.2050000000000125,-0.06874231319807647,0.1555310651045,2.699999999999969,-0.3578037401959889,0.20638995385632686,0.5641936940523157,-0.2216106062944546,-0.05286371971599248,4.0,-0.8864424251778074,-0.33117057400024136
101,6,2,sharedreward,single-echo,fmriprep,sr_outcome_primary,Punish-Neutral,5.2050000000000125,-0.005189994460909666,0.1670640255932033,3.299999999999967,-0.027013921169034876,0.2591930530295548,0.2862069741985897,-0.04589404701027035,0.1127902900089903,7.299999999999953,-0.1835761880410791,-0.12599317745727728
101,6,2,sharedreward,single-echo,fmriprep,sr_outcome_primary,Reward-Punish,5.2050000000000125,-0.06355231873716678,0.026995811476504702,2.5999999999999694,-0.3307898190269539,0.012665736704126154,0.3434555557310801,-0.17571655928418425,-0.10303902052991423,4.0,-0.7028662371367282,-0.20517739654296407
101,6,2,sharedreward,single-echo,fmriprep,sr_decision_by_future_outcome_extra,Reward-Neutral,6.0,-0.11309169202438205,0.009945256954434302,5.999999999999957,-0.6785501521462874,0.0005363795504972731,0.6790865316967847,-0.032148921183478826,0.07663147062080469,6.499999999999956,-0.1285956847339137,0.009945256954442608
101,6,2,sharedreward,single-echo,fmriprep,sr_decision_by_future_outcome_extra,Punish-Neutral,6.0,-0.1098355485806555,0.0321431846941532,4.399999999999963,-0.6590132914839283,0.01394464239087111,0.6729579338747994,0.03572252049012938,0.1107462742749903,7.599999999999952,0.14289008196051575,0.007149781459686846
101,6,2,sharedreward,single-echo,fmriprep,sr_decision_by_future_outcome_extra,Reward-Punish,6.0,-0.0032561434437265425,0.142963503331789,1.9999999999999716,-0.019536860662359115,0.19948966432659582,0.21902652498895495,-0.0678714416736082,0.009379678278183097,6.499999999999956,-0.2714857666944294,0.002795475494755763
101,6,2,sharedreward,single-echo,tedana,sr_decision_partner_extra,Computer-Stranger,6.0,-0.057981906191344475,0.1371626224469372,5.999999999999957,-0.34789143714806436,0.06627897864474368,0.41417041579280806,0.04008133824226223,0.1384416571509349,6.099999999999957,0.16032535296904693,0.13716262244693775
101,6,2,sharedreward,single-echo,tedana,sr_outcome_primary,Reward-Neutral,5.2050000000000125,-0.04299469113786857,0.2047810366559088,2.5999999999999694,-0.22378736737260646,0.28276876340054297,0.5065561307731494,-0.23618177264666257,-0.05771028396403591,4.0,-0.9447270905866385,-0.3436815362621566
101,6,2,sharedreward,single-echo,tedana,sr_outcome_primary,Punish-Neutral,5.2050000000000125,0.01879496455062781,0.21506891036835618,3.0999999999999677,0.097827790486018,0.3736161965914674,0.27578840610544936,-0.09457766399956738,0.0496731594977744,7.299999999999953,-0.3783106559982648,-0.16884479037668354
101,6,2,sharedreward,single-echo,tedana,sr_outcome_primary,Reward-Punish,5.2050000000000125,-0.061789655688496384,-0.005982669511666202,2.5999999999999694,-0.32161515785862443,0.0,0.32161515785862443,-0.14160410864709516,-0.0715153436456928,4.699999999999962,-0.5664164345883737,-0.17483674588547302
101,6,2,sharedreward,single-echo,tedana,sr_decision_by_future_outcome_extra,Reward-Neutral,6.0,-0.140687358236343,0.1080551002822771,5.999999999999957,-0.8441241494180521,0.04445702055460811,0.8885811699726601,0.011717979125658059,0.1458169636464772,6.499999999999956,0.04687191650263165,0.10805510028228317
101,6,2,sharedreward,single-echo,tedana,sr_decision_by_future_outcome_extra,Punish-Neutral,6.0,-0.11726027682049038,0.12186391475798661,5.999999999999957,-0.7035616609229373,0.1413524893805772,0.8449141503035145,0.10107620090715576,0.1773110816283549,6.499999999999956,0.404304803628618,0.12186391475799394
101,6,2,sharedreward,single-echo,tedana,sr_decision_by_future_outcome_extra,Reward-Punish,6.0,-0.0234270814158526,0.1425089697313343,1.9999999999999716,-0.1405624884951146,0.1714530306603423,0.31201551915545694,-0.08935822178149769,-0.013808814475709502,5.999999999999957,-0.3574328871259863,-0.013808814475710765
101,7,1,mid,multi-echo,fmriprep,mid_anticipation_primary,Reward-Neutral,5.022499999999994,0.06420479228798348,0.19224104570512182,2.5999999999999694,0.3224685692663966,0.3995777716384145,0.07710920237201786,-0.12888744229641433,0.015508871185098258,4.0,-0.5155497691856509,-0.14964793021582393
101,7,1,mid,multi-echo,fmriprep,mid_feedback_extra,Positive-Negative,5.9879999999999995,0.04119929589129454,0.160271869409552,0.0,0.24670138379707168,0.25713878439958365,0.010437400602511939,-0.03194901305129998,0.019993067670576,4.199999999999964,-0.12779605220519835,-0.02220235629973167
101,7,1,mid,multi-echo,tedana,mid_anticipation_primary,Reward-Neutral,5.022499999999994,0.05031084344500745,0.167889255951815,2.5999999999999694,0.2526862112025496,0.3223241061976557,0.06963789499510614,-0.10794187075594747,0.0069989423214334495,4.0,-0.4317674830237845,-0.11868509477409969
101,7,1,mid,multi-echo,tedana,mid_feedback_extra,Positive-Negative,5.9879999999999995,0.03746162979735612,0.14109448281835274,0.0,0.22432023922656844,0.2298570044719705,0.005536765245402014,-0.022172498113593824,0.025107668914756597,4.199999999999964,-0.0886899924543742,-0.012675759850542603
101,7,1,mid,single-echo,fmriprep,mid_anticipation_primary,Reward-Neutral,5.022499999999994,0.14206578095187905,0.33680316919623327,2.7999999999999687,0.7135253848308116,0.7453108532411432,0.03178546841033149,-0.2261361987130608,0.11258955668451896,4.0,-0.9045447948522319,-0.2976482762957959
101,7,1,mid,single-echo,fmriprep,mid_feedback_extra,Positive-Negative,5.9879999999999995,0.03732376286491899,0.2196938859211861,0.2999999999999776,0.22349469203513486,0.3843594288768741,0.16086473684173921,-0.05426081232842395,0.0724325406342113,5.099999999999961,-0.21704324931369312,-0.035478532410643436
101,7,1,mid,single-echo,tedana,mid_anticipation_primary,Reward-Neutral,5.022499999999994,0.09415216603872031,0.2723687636468188,2.8999999999999684,0.47287925392947217,0.5024389886193352,0.029559734689863157,-0.16336072516671807,0.09840516621780407,4.0,-0.6534429006668642,-0.20531717611621256
101,7,1,mid,single-echo,tedana,mid_feedback_extra,Positive-Negative,5.9879999999999995,0.028842713294739208,0.1250813683052832,0.1999999999999779,0.17271016720889837,0.30352319612315626,0.13081302891425797,-0.004586419283327134,0.11185542449049721,5.099999999999961,-0.018345677133308307,0.007866185782972969
101,7,2,mid,multi-echo,fmriprep,mid_anticipation_primary,Reward-Neutral,5.0244499999999945,0.018549221433542217,0.1314051117266458,2.199999999999971,0.09319963563176109,0.1785408345659253,0.08534119893416418,0.08112922673036237,0.13676765612172412,6.699999999999955,0.3245169069214454,0.1160956641059913
101,7,2,mid,multi-echo,fmriprep,mid_feedback_extra,Positive-Negative,5.988999999999976,0.03382506260375791,0.4021621139037945,5.988999999999976,0.20257829993390528,0.4330694481979662,0.23049114826406095,0.22645453876300428,0.40789803182426176,6.099999999999957,0.9058181550520059,0.4026798331817818
101,7,2,mid,multi-echo,tedana,mid_anticipation_primary,Reward-Neutral,5.0244499999999945,0.022562373955866393,0.11585817880557281,2.199999999999971,0.11336351982255277,0.1799068493375643,0.06654332951501153,0.10873692080786397,0.1679192675181935,6.299999999999956,0.4349476832314505,0.1588287445439239
101,7,2,mid,multi-echo,tedana,mid_feedback_extra,Positive-Negative,5.988999999999976,0.04496949667072325,0.4057974158363865,5.988999999999976,0.2693223155609605,0.47306502801423883,0.2037427124532784,0.25829622949942943,0.4097040692596311,6.099999999999957,1.0331849179977048,0.4061616290681361
101,7,2,mid,single-echo,fmriprep,mid_anticipation_primary,Reward-Neutral,5.0244499999999945,-0.02704694902900573,0.1896917853278418,2.2999999999999705,-0.1358960430487877,0.19817851886265256,0.33407456191144025,0.08037401024913907,0.17053987608193621,6.699999999999955,0.32149604099655227,0.1670267281228526
101,7,2,mid,single-echo,fmriprep,mid_feedback_extra,Positive-Negative,5.988999999999976,-0.016514062872437205,0.41530985112087476,5.988999999999976,-0.09890272254302603,0.44119313534038807,0.5400958578834141,0.271934987480908,0.41907239501449445,6.099999999999957,1.0877399499236184,0.415778871774544
101,7,2,mid,single-echo,tedana,mid_anticipation_primary,Reward-Neutral,5.0244499999999945,-0.02364857415626975,0.1403906072020332,2.199999999999971,-0.11882107841946941,0.1571007353534414,0.2759218137729108,0.1280667657652951,0.23950309478933468,5.699999999999958,0.5122670630611741,0.23278911410507014
101,7,2,mid,single-echo,tedana,mid_feedback_extra,Positive-Negative,5.988999999999976,0.010861864538582748,0.4048749561092668,5.699999999999958,0.06505170672157182,0.5028678697250998,0.437816163003528,0.29247843636803894,0.4048749561092668,5.699999999999958,1.169913745472141,0.40095958946356064
101,7,1,sharedreward,multi-echo,fmriprep,sr_decision_partner_extra,Computer-Stranger,6.0,0.071171751868023,0.1027219938379271,4.599999999999962,0.427030511208135,0.4317746158070902,0.004744104598955188,-0.0273863333994777,0.1027219938379271,4.599999999999962,-0.10954533359790944,-0.038590087763953125
101,7,1,sharedreward,multi-echo,fmriprep,sr_outcome_primary,Reward-Neutral,5.2012,0.05630636153270299,0.21169887056776798,0.4999999999999769,0.2928606476038948,0.3011412262124841,0.008280578608589351,-0.04348059904789303,0.019860421280594943,4.0,-0.17392239619156996,-0.040311779820628994
101,7,1,sharedreward,multi-echo,fmriprep,sr_outcome_primary,Punish-Neutral,5.2012,0.06230505465812104,0.1974183699520823,0.5999999999999766,0.3240610502878192,0.3373532703548379,0.013292220067018828,-0.06557138042635675,0.0600090923731756,4.099999999999964,-0.26228552170542374,-0.11936029883399445
101,7,1,sharedreward,multi-echo,fmriprep,sr_outcome_primary,Reward-Punish,5.2012,-0.005998693125418038,0.027631029856829498,2.5999999999999694,-0.0312004026839243,0.03189243449959207,0.06309283718351637,0.022090781378463736,0.0865812790662272,6.299999999999956,0.08836312551385385,0.07904851901336546
101,7,1,sharedreward,multi-echo,fmriprep,sr_decision_by_future_outcome_extra,Reward-Neutral,6.0,0.06609252811212274,0.1633520034545258,5.599999999999959,0.3965551686727336,0.4126074016218061,0.016052232949072473,0.0689778771640347,0.1633520034545258,5.599999999999959,0.27591150865613534,0.09149151032493556
101,7,1,sharedreward,multi-echo,fmriprep,sr_decision_by_future_outcome_extra,Punish-Neutral,6.0,0.08205873989479977,0.1897572280338063,4.699999999999962,0.4923524393687951,0.49237922394063294,2.678457183788996e-05,0.09660014816194253,0.1897572280338063,4.699999999999962,0.3864005926477653,0.08171188666876626
101,7,1,sharedreward,multi-echo,fmriprep,sr_decision_by_future_outcome_extra,Reward-Punish,6.0,-0.015966211782677032,0.075338912965021,1.0999999999999748,-0.0957972706960615,0.11058666850506277,0.20638393920112424,-0.02762227099790785,0.0140047144148189,6.099999999999957,-0.11048908399163003,0.009779623656169297
101,7,1,sharedreward,multi-echo,tedana,sr_decision_partner_extra,Computer-Stranger,6.0,0.08860216741179212,0.1408493652467337,4.499999999999963,0.531613004470749,0.5345413480329424,0.0029283435621933695,-0.024741915842101628,0.1408493652467337,4.499999999999963,-0.09896766336840528,-0.03159682329905371
101,7,1,sharedreward,multi-echo,tedana,sr_outcome_primary,Reward-Neutral,5.2012,0.03542963028954543,0.21820105778014992,0.3999999999999772,0.1842765930619837,0.25442063818295546,0.07014404512097171,-0.049351543054868496,-0.006815177627433298,7.99999999999995,-0.19740617221947154,-0.04694912399738007
101,7,1,sharedreward,multi-echo,tedana,sr_outcome_primary,Punish-Neutral,5.2012,0.04336615807963715,0.19528253182504338,0.5999999999999766,0.22555606140380877,0.2923004548522904,0.06674439344848158,-0.06807512024848263,0.0329588060807709,4.199999999999964,-0.2723004809939271,-0.09759397700136715
101,7,1,sharedreward,multi-echo,tedana,sr_outcome_primary,Reward-Punish,5.2012,-0.007936527790091717,0.04272002007244559,0.0,-0.04127946834182503,0.06074288790551662,0.10202235624734166,0.018723577193614144,0.09246528747456839,6.7999999999999545,0.07489430877445565,0.050644853003987085
101,7,1,sharedreward,multi-echo,tedana,sr_decision_by_future_outcome_extra,Reward-Neutral,6.0,0.09360368025619283,0.146489278109918,0.0,0.561622081537153,0.561622081537153,0.0,0.04644574912565399,0.1332579666205733,4.999999999999961,0.18578299650261365,0.06290660457080484
101,7,1,sharedreward,multi-echo,tedana,sr_decision_by_future_outcome_extra,Punish-Neutral,6.0,0.08567267152173001,0.1418009450521838,5.599999999999959,0.5140360291303764,0.5140360291303764,0.0,0.06813382974461571,0.1418009450521838,5.599999999999959,0.27253531897845945,0.0812726103263009
101,7,1,sharedreward,multi-echo,tedana,sr_decision_by_future_outcome_extra,Reward-Punish,6.0,0.007931008734462796,0.06387934473958136,0.0,0.047586052406776436,0.10613644706871564,0.058550394661939204,-0.02168808061896172,-0.0008811993028295037,4.999999999999961,-0.0867523224758458,-0.018366005755496066
101,7,1,sharedreward,single-echo,fmriprep,sr_decision_partner_extra,Computer-Stranger,6.0,0.07667688330937562,0.13656843827347528,4.599999999999962,0.4600612998562505,0.4600612998562505,0.0,0.008845764047891948,0.13656843827347528,4.599999999999962,0.035383056191567355,0.02536009601817154
101,7,1,sharedreward,single-echo,fmriprep,sr_outcome_primary,Reward-Neutral,5.2012,0.15760702759570172,0.2285200336529004,0.5999999999999766,0.8197456719307639,0.8197456719307639,0.0,0.12504804315487741,0.22715768812735698,5.099999999999961,0.5001921726195034,0.04373650584675769
101,7,1,sharedreward,single-echo,fmriprep,sr_outcome_primary,Punish-Neutral,5.2012,0.09612842067589211,0.2183060025763603,0.6999999999999762,0.49998314161945007,0.5407741001916134,0.040790958572163354,0.11491168999485608,0.2206625372224593,7.99999999999995,0.4596467599794186,0.02874688269783014
101,7,1,sharedreward,single-echo,fmriprep,sr_outcome_primary,Reward-Punish,5.2012,0.06147860691980961,0.1543682871388565,2.5999999999999694,0.31976253031131374,0.33364955680119585,0.013887026489882132,0.010136353160021342,0.0628144512531146,5.099999999999961,0.04054541264008486,0.01498962314892755
101,7,1,sharedreward,single-echo,fmriprep,sr_decision_by_future_outcome_extra,Reward-Neutral,6.0,0.0578905391137194,0.24339903758135278,4.999999999999961,0.34734323468231393,0.5548415813859834,0.2074983467036694,0.17453970611379882,0.24339903758135278,4.999999999999961,0.6981588244551866,0.13087817647662642
101,7,1,sharedreward,single-echo,fmriprep,sr_decision_by_future_outcome_extra,Punish-Neutral,6.0,0.04172569282482671,0.25278045320656684,4.899999999999961,0.25035415694895846,0.6221428156125653,0.3717886586636069,0.14239787577647953,0.25278045320656684,4.899999999999961,0.569591503105911,0.09897296756981927
101,7,1,sharedreward,single-echo,fmriprep,sr_decision_by_future_outcome_extra,Reward-Punish,6.0,0.01616484628889271,0.18202349999694,1.0999999999999748,0.09698907773335556,0.22769647721330163,0.13070739947994606,0.03214183033731932,0.08434804951446301,7.0999999999999535,0.12856732134927568,0.03190520890680713
101,7,1,sharedreward,single-echo,tedana,sr_decision_partner_extra,Computer-Stranger,6.0,0.11613795020590847,0.2143753160055111,4.399999999999963,0.6968277012354459,0.7221427511638733,0.025315049928427223,0.01742067701278415,0.2143753160055111,4.399999999999963,0.06968270805113574,0.029519006567662265
101,7,1,sharedreward,single-echo,tedana,sr_outcome_primary,Reward-Neutral,5.2012,0.11589770616488076,0.2810259829677423,0.5999999999999766,0.6028071493047779,0.6028071493047779,0.0,0.08862709848352458,0.1752559243822887,7.599999999999952,0.35450839393409395,0.038412982452444976
101,7,1,sharedreward,single-echo,tedana,sr_outcome_primary,Punish-Neutral,5.2012,0.042114737312061556,0.2398350166205372,0.6999999999999762,0.21904717170749458,0.4328302808878476,0.21378310918035293,0.09813988429270129,0.17503274463103868,7.99999999999995,0.3925595371708003,0.06460098267184723
101,7,1,sharedreward,single-echo,tedana,sr_outcome_primary,Reward-Punish,5.2012,0.07378296885281922,0.2107003413439693,2.5999999999999694,0.38375997759728336,0.41212833256443937,0.028368354967156104,-0.0095127858091767,0.031951831854432594,7.399999999999952,-0.03805114323670633,-0.02618800021940226
101,7,1,sharedreward,single-echo,tedana,sr_decision_by_future_outcome_extra,Reward-Neutral,6.0,0.12250007344820342,0.2656474244703952,4.399999999999963,0.7350004406892153,0.8144906187908025,0.0794901781015872,0.14522098149177767,0.2656474244703952,4.399999999999963,0.5808839259671035,0.11442996397913306
101,7,1,sharedreward,single-echo,tedana,sr_decision_by_future_outcome_extra,Punish-Neutral,6.0,0.07556958494478862,0.2192211362352196,5.3999999999999595,0.4534175096687285,0.581067505029292,0.12764999536056357,0.0816968815698611,0.2192211362352196,5.3999999999999595,0.32678752627944035,0.07682019313273399
101,7,1,sharedreward,single-echo,tedana,sr_decision_by_future_outcome_extra,Reward-Punish,6.0,0.046930488503414795,0.1446308714667006,1.0999999999999748,0.28158293102048676,0.2909356925668356,0.009352761546348847,0.06352409992191656,0.1229095672641384,7.0999999999999535,0.25409639968766307,0.0376097708463991
101,7,2,sharedreward,multi-echo,fmriprep,sr_decision_partner_extra,Computer-Stranger,6.0,0.03344280778020162,0.1853615078184778,5.099999999999961,0.20065684668120826,0.350721790818696,0.15006494413748764,0.10586236788226924,0.2112760684975902,7.99999999999995,0.4234494715290717,0.06950940232720447
101,7,2,sharedreward,multi-echo,fmriprep,sr_outcome_primary,Reward-Neutral,5.202999999999989,0.08002927368619699,0.2432952212615534,3.999999999999965,0.41639231098928203,0.5595212757750989,0.14312896478581694,0.03976277485513996,0.2432952212615534,4.0,0.15905109942055787,0.03432397710583688
101,7,2,sharedreward,multi-echo,fmriprep,sr_outcome_primary,Punish-Neutral,5.202999999999989,0.007274001965067941,0.20893452048411262,5.202999999999989,0.03784663222424842,0.36309354783399905,0.3252469156097506,0.06445483286091304,0.2204292944775459,5.3999999999999595,0.25781933144364894,0.13780021705181558
101,7,2,sharedreward,multi-echo,fmriprep,sr_outcome_primary,Reward-Punish,5.202999999999989,0.07275527172112907,0.1176034980912285,2.999999999999968,0.3785456787650337,0.3807098551772647,0.002164176412231037,-0.024692058005773086,0.0897386874309863,7.99999999999995,-0.09876823202309112,-0.10347623994597871
101,7,2,sharedreward,multi-echo,fmriprep,sr_decision_by_future_outcome_extra,Reward-Neutral,6.0,-0.22450030714635127,0.0375895520833851,5.999999999999957,-1.347001842878098,0.01218088151302862,1.359182724391127,0.048974126644559565,0.2717372655636946,7.99999999999995,0.19589650657823582,0.03758955208338919
101,7,2,sharedreward,multi-echo,fmriprep,sr_decision_by_future_outcome_extra,Punish-Neutral,6.0,-0.29009241455516493,-0.0872852021298808,5.999999999999957,-1.7405544873309773,0.0,1.7405544873309773,-0.04222799590701651,0.1703267070809649,7.699999999999951,-0.16891198362806392,-0.08728520212987378
101,7,2,sharedreward,multi-echo,fmriprep,sr_decision_by_future_outcome_extra,Reward-Punish,6.0,0.06559210740881363,0.1551608793522231,5.3999999999999595,0.39355264445287896,0.39355264445287896,0.0,0.09120212255157607,0.1551608793522231,5.3999999999999595,0.36480849020629974,0.12487475421326298
101,7,2,sharedreward,multi-echo,tedana,sr_decision_partner_extra,Computer-Stranger,6.0,0.01164650086502027,0.1396986833761126,5.099999999999961,0.06987900519012112,0.28786084271750073,0.21798183752737965,0.08294792221428492,0.17243510608875962,7.99999999999995,0.33179168885713556,0.04304009891948151
101,7,2,sharedreward,multi-echo,tedana,sr_outcome_primary,Reward-Neutral,5.202999999999989,0.12052737465366437,0.2596564822361263,3.3999999999999666,0.6271039303230144,0.6473156096666524,0.020211679343638038,0.09242582292451439,0.2541572452289747,4.199999999999964,0.36970329169805294,0.10414134534503035
101,7,2,sharedreward,multi-echo,tedana,sr_outcome_primary,Punish-Neutral,5.202999999999989,0.00903601419554178,0.17901780346099996,5.202999999999989,0.04701438185940377,0.3353414595296464,0.2883270776702426,0.0784629273179212,0.1991012331823953,5.599999999999959,0.31385170927168093,0.14245709551138896
101,7,2,sharedreward,multi-echo,tedana,sr_outcome_primary,Reward-Punish,5.202999999999989,0.11149136045812258,0.14850782607644591,2.39999999999997,0.5800895484636105,0.5800895484636105,0.0,0.013962895606593162,0.09633847041853186,4.0,0.055851582426371955,-0.03831575016635864
101,7,2,sharedreward,multi-echo,tedana,sr_decision_by_future_outcome_extra,Reward-Neutral,6.0,-0.18087322204344283,0.08779470232051159,5.899999999999958,-1.0852393322606493,0.0760778929108114,1.1613172251714605,0.1031731000094071,0.3085015159032469,7.99999999999995,0.4126924000376233,0.08667137087709355
101,7,2,sharedreward,multi-echo,tedana,sr_decision_by_future_outcome_extra,Punish-Neutral,6.0,-0.299505321655547,-0.109997266299697,5.999999999999957,-1.7970319299332693,0.0,1.7970319299332693,-0.04896017083414708,0.168446071971888,7.699999999999951,-0.19584068333658589,-0.10999726629969137
101,7,2,sharedreward,multi-echo,tedana,sr_decision_by_future_outcome_extra,Reward-Punish,6.0,0.11863209961210415,0.2204262385435263,5.499999999999959,0.7117925976726198,0.7117925976726198,0.0,0.15213327084355416,0.2204262385435263,5.499999999999959,0.6085330833742091,0.19666863717678493
101,7,2,sharedreward,single-echo,fmriprep,sr_decision_partner_extra,Computer-Stranger,6.0,-0.019132730985303742,0.2210813360287732,5.19999999999996,-0.11479638591182163,0.24464217117409803,0.35943855708591965,0.03649922229172814,0.2210813360287732,5.19999999999996,0.14599688916691075,0.09893152424132837
101,7,2,sharedreward,single-echo,fmriprep,sr_outcome_primary,Reward-Neutral,5.202999999999989,0.07871204939806928,0.3590546781044327,4.099999999999964,0.4095387930181536,0.7111322335169048,0.3015934404987512,0.08041268495736151,0.3590546781044327,4.099999999999964,0.32165073982944203,-0.0031472400097868948
101,7,2,sharedreward,single-echo,fmriprep,sr_outcome_primary,Punish-Neutral,5.202999999999989,-0.07387862326761699,0.173288710381242,4.699999999999962,-0.38439047686141037,0.20503943183852857,0.5894299086999389,0.09252332806139241,0.173288710381242,4.699999999999962,0.370093312245565,0.07536024120731118
101,7,2,sharedreward,single-echo,fmriprep,sr_outcome_primary,Reward-Punish,5.202999999999989,0.15259067266568627,0.28918632379597475,3.0999999999999677,0.7939292698795639,0.7939292698795639,0.0,-0.012110643104030898,0.24842094355805128,4.0,-0.048442572416122986,-0.07850748121709807
101,7,2,sharedreward,single-echo,fmriprep,sr_decision_by_future_outcome_extra,Reward-Neutral,6.0,-0.4188815157755169,0.1221597317097721,5.999999999999957,-2.5132890946530835,0.03727185077870745,2.5505609454317915,0.0828617831508491,0.3991078288576368,7.599999999999952,0.3314471326033923,0.12215973170978152
101,7,2,sharedreward,single-echo,fmriprep,sr_decision_by_future_outcome_extra,Punish-Neutral,6.0,-0.4944541138084785,-0.131071506262949,5.999999999999957,-2.96672468285085,0.0,2.96672468285085,-0.1178645654667276,0.15191060909772724,7.399999999999952,-0.47145826186690454,-0.13107150626293942
101,7,2,sharedreward,single-echo,fmriprep,sr_decision_by_future_outcome_extra,Reward-Punish,6.0,0.07557259803296158,0.2850429546571524,5.3999999999999595,0.45343558819776625,0.6185954486755851,0.1651598604778189,0.20072634861757668,0.2865925328015404,7.99999999999995,0.8029053944702967,0.25323123797272096
101,7,2,sharedreward,single-echo,tedana,sr_decision_partner_extra,Computer-Stranger,6.0,-0.058210139241380604,0.12273599996979839,5.19999999999996,-0.3492608354482811,0.11421064827523836,0.4634714837235195,0.0004969378946161589,0.12273599996979839,5.19999999999996,0.0019877515784646107,0.034623086951920276
101,7,2,sharedreward,single-echo,tedana,sr_outcome_primary,Reward-Neutral,5.202999999999989,0.13363116766058236,0.3764810771971303,4.399999999999963,0.6952829653380085,0.860146967723628,0.1648640023856195,0.14525548996535895,0.3764810771971303,4.399999999999963,0.5810219598614286,0.07735219455200054
101,7,2,sharedreward,single-echo,tedana,sr_outcome_primary,Punish-Neutral,5.202999999999989,-0.05891883888070919,0.1796595079992881,4.699999999999962,-0.3065547186963292,0.20384380613884256,0.5103985248351718,0.12959310863465434,0.1796595079992881,4.699999999999962,0.5183724345386109,0.09429404412673206
101,7,2,sharedreward,single-echo,tedana,sr_outcome_primary,Reward-Punish,5.202999999999989,0.19255000654129154,0.3090516885653193,3.0999999999999677,1.0018376840343377,1.0018376840343377,0.0,0.015662381330704637,0.2610375814518903,4.0,0.06264952532281777,-0.016941849574731518
101,7,2,sharedreward,single-echo,tedana,sr_decision_by_future_outcome_extra,Reward-Neutral,6.0,-0.3356125754439531,0.1715806752121635,5.999999999999957,-2.0136754526637044,0.12158402876848813,2.1352594814321924,0.15425567771149654,0.459022507351795,7.599999999999952,0.6170227108459785,0.17158067521217044
101,7,2,sharedreward,single-echo,tedana,sr_decision_by_future_outcome_extra,Punish-Neutral,6.0,-0.47137738888845127,-0.1601634043195978,5.999999999999957,-2.8282643333306874,0.0,2.8282643333306874,-0.10741057482817992,0.1758716842018212,7.599999999999952,-0.42964229931271436,-0.16016340431958986
101,7,2,sharedreward,single-echo,tedana,sr_decision_by_future_outcome_extra,Reward-Punish,6.0,0.13576481344449812,0.3574378948433822,5.499999999999959,0.814588880666983,0.8642565617365026,0.04966768106951966,0.26166625253967646,0.3574378948433822,5.499999999999959,1.0466650101586927,0.3317440795317603
101,8,1,mid,multi-echo,fmriprep,mid_anticipation_primary,Reward-Neutral,5.0234999999999985,0.021865278621017368,0.09820817774552236,0.0,0.10984022715268071,0.1537035168511067,0.04386328969842595,-0.08373623717961758,-0.010276635470028541,4.0,-0.33494494871846614,-0.11441212310279941
101,8,1,mid,multi-echo,fmriprep,mid_feedback_extra,Positive-Negative,5.9879999999999995,-0.016291343921890793,0.2301779525241984,0.3999999999999772,-0.09755256740428206,0.30407416650080915,0.4016267339050912,-0.169995686299302,-0.0729404736644617,7.99999999999995,-0.6799827451971996,-0.2209210181453778
101,8,1,mid,multi-echo,tedana,mid_anticipation_primary,Reward-Neutral,5.0234999999999985,0.021826240909611796,0.11457941457896112,0.0,0.10964412120943483,0.23264012992892075,0.12299600871948596,-0.08842914633835906,-0.06890141786371022,4.0,-0.35371658535343187,-0.07587433999254936
101,8,1,mid,multi-echo,tedana,mid_feedback_extra,Positive-Negative,5.9879999999999995,-0.06273276785670201,0.1886329000405485,0.2999999999999776,-0.3756438139259316,0.20187662012330432,0.5775204340492359,-0.2160600627274399,-0.1344969791885418,7.99999999999995,-0.8642402509097489,-0.253179476895754
101,8,1,mid,single-echo,fmriprep,mid_anticipation_primary,Reward-Neutral,5.0234999999999985,0.02254444402130377,0.1484941337120538,1.299999999999974,0.11325201454101946,0.3349719567631584,0.22171994222213895,-0.1197878732579659,-0.052806236564410296,7.299999999999953,-0.47915149303185767,-0.11911278113424315
101,8,1,mid,single-echo,fmriprep,mid_feedback_extra,Positive-Negative,5.9879999999999995,-0.03552581414072036,0.3016943528171136,0.3999999999999772,-0.2127285750746335,0.3798120359645538,0.5925406110391873,-0.27948047742909937,-0.1116432509252411,4.0,-1.1179219097163835,-0.3917575418954668
101,8,1,mid,single-echo,tedana,mid_anticipation_primary,Reward-Neutral,5.0234999999999985,0.02045305874914552,0.21398469090950512,1.599999999999973,0.10274594062633248,0.47191362691459504,0.3691676862882626,-0.1437366251869286,-0.057635764946248697,6.399999999999956,-0.5749465007477073,-0.08863370030620939
101,8,1,mid,single-echo,tedana,mid_feedback_extra,Positive-Negative,5.9879999999999995,-0.11203417587089896,0.25389871931125235,0.0,-0.6708606451149429,0.23292583563098906,0.9037864807459319,-0.33771175490708155,-0.18601963705196678,4.0,-1.3508470196283093,-0.4261895382091781
101,8,2,mid,multi-echo,fmriprep,mid_anticipation_primary,Reward-Neutral,5.033799999999993,0.06603352059689757,0.1778647589693828,3.6999999999999655,0.3323995359806626,0.39556250046064234,0.06316296447997977,0.016784166116289058,0.1695063150174767,4.0,0.0671366644651554,-0.050755729425597126
101,8,2,mid,multi-echo,fmriprep,mid_feedback_extra,Positive-Negative,5.992499999999993,-0.009887380209756585,0.0840772536254806,0.8999999999999755,-0.05925012590696626,0.14684412123946022,0.20609424714642652,-0.029076961767744717,0.1064628773655716,7.99999999999995,-0.11630784707097742,-0.03853283129486613
101,8,2,mid,multi-echo,tedana,mid_anticipation_primary,Reward-Neutral,5.033799999999993,0.09737397619629272,0.2258437038084095,3.6999999999999655,0.49016112137689766,0.5269863846235834,0.03682526324668579,0.0361060594328106,0.21761883604936655,4.0,0.1444242377312406,-0.04831278492544675
101,8,2,mid,multi-echo,tedana,mid_feedback_extra,Positive-Negative,5.992499999999993,0.00821874150406391,0.0904344170728971,0.0999999999999783,0.049250808463102924,0.134463428725046,0.08521262026194308,0.008084152886987495,0.1067019857026953,7.99999999999995,0.032336611547949576,-0.012160675936079295
101,8,2,mid,single-echo,fmriprep,mid_anticipation_primary,Reward-Neutral,5.033799999999993,0.08687618164266954,0.28327089082596363,3.299999999999967,0.43731732315286936,0.5964107849464891,0.15909346179361983,0.05192333925005265,0.24809693497993118,4.0,0.20769335700020802,-0.04923982196840564
101,8,2,mid,single-echo,fmriprep,mid_feedback_extra,Positive-Negative,5.992499999999993,-0.08319661643391676,0.1061307336416496,0.0999999999999783,-0.49855572398024556,0.08774789297854788,0.5863036169587934,-0.08464478446499221,0.17487900892813352,7.99999999999995,-0.33857913785996463,-0.1723449709658043
101,8,2,mid,single-echo,tedana,mid_anticipation_primary,Reward-Neutral,5.033799999999993,0.15615503823566063,0.3793238571551977,3.299999999999967,0.7860532314706674,0.8411967785393887,0.055143547068721294,0.05940997212469864,0.3156061138387369,4.0,0.2376398884987916,-0.06613573968048891
101,8,2,mid,single-echo,tedana,mid_feedback_extra,Positive-Negative,5.992499999999993,-0.06762341400113182,0.14735762589865423,0.0,-0.40523330840178196,0.09232587662965615,0.4975591850314381,-0.03592820893767743,0.2030177967071147,7.899999999999951,-0.14371283575070795,-0.15943037173391406
101,8,1,sharedreward,multi-echo,fmriprep,sr_decision_partner_extra,Computer-Stranger,6.0,-0.04810396353846124,0.1043909496278436,5.899999999999958,-0.2886237812307654,0.07509567532324077,0.36371945655400606,-0.05553238245691683,0.1043909496278436,5.899999999999958,-0.22212952982766454,0.09665555016166713
101,8,1,sharedreward,multi-echo,fmriprep,sr_outcome_primary,Reward-Neutral,5.204000000000008,0.04156372278613487,0.1323466577007362,3.799999999999965,0.21629761337904618,0.2853936401876837,0.06909602680863752,0.007821327377609606,0.12766248623585463,4.0,0.031285309510438036,0.01440640034168272
101,8,1,sharedreward,multi-echo,fmriprep,sr_outcome_primary,Punish-Neutral,5.204000000000008,-0.0024914681557971466,0.11809713423796539,0.3999999999999772,-0.01296560028276837,0.12485078261312625,0.1378163828958946,0.005362504377980373,0.0733695094026634,6.7999999999999545,0.021450017511921226,0.04417158942146786
101,8,1,sharedreward,multi-echo,fmriprep,sr_outcome_primary,Reward-Punish,5.204000000000008,0.04405519094193201,0.1606433804869336,4.599999999999962,0.22926321366181454,0.3138919646680647,0.08462875100625009,0.0024588229996292312,0.1606433804869336,4.599999999999962,0.009835291998516803,-0.029765189079785134
101,8,1,sharedreward,multi-echo,fmriprep,sr_decision_by_future_outcome_extra,Reward-Neutral,6.0,-0.040596131171605584,0.024650208271085508,4.599999999999962,-0.24357678702963176,0.017496517642545905,0.2610733046721777,0.034895464140577315,0.17434378120805238,7.799999999999951,0.1395818565623075,-0.03885113465965843
101,8,1,sharedreward,multi-echo,fmriprep,sr_decision_by_future_outcome_extra,Punish-Neutral,6.0,-0.04862011520390591,0.1328312627379914,4.799999999999962,-0.2917206912234334,0.18364770385730156,0.4753683950807349,0.022217297334645718,0.1328312627379914,4.799999999999962,0.08886918933858176,0.022477208473532944
101,8,1,sharedreward,multi-echo,fmriprep,sr_decision_by_future_outcome_extra,Reward-Punish,6.0,0.008023984032300329,0.1290928554475281,0.9999999999999752,0.04814390419380163,0.23899119625252097,0.1908472920587193,0.012678166805931592,0.2060657081228135,7.699999999999951,0.050712667223725735,-0.061328343133191375
101,8,1,sharedreward,multi-echo,tedana,sr_decision_partner_extra,Computer-Stranger,6.0,-0.05425961999643275,0.1410555943380812,5.899999999999958,-0.3255577199785942,0.1086604589310661,0.4342181789096603,-0.02442668385273939,0.1410555943380812,5.899999999999958,-0.09770673541095634,0.13621255400213825
101,8,1,sharedreward,multi-echo,tedana,sr_outcome_primary,Reward-Neutral,5.204000000000008,0.05595245397632115,0.13643398163492232,3.599999999999966,0.2911765704927757,0.3263320157349056,0.03515544524212992,-0.006647882959210726,0.12496182428294576,4.0,-0.026591531836842576,0.016940760225096562
101,8,1,sharedreward,multi-echo,tedana,sr_outcome_primary,Punish-Neutral,5.204000000000008,0.007365110611128655,0.1098965865556315,0.3999999999999772,0.038328035620313575,0.13658297996365612,0.09825494434334256,-0.02566663131138882,0.017836559959876364,4.0,-0.102666525245554,0.0008708184330661243
101,8,1,sharedreward,multi-echo,tedana,sr_outcome_primary,Reward-Punish,5.204000000000008,0.048587343365192506,0.1306668992046613,4.599999999999962,0.25284853487246217,0.28062040114375447,0.027771866271292245,0.019018748352178094,0.1306668992046613,4.599999999999962,0.07607499340871143,0.01606994179203044
101,8,1,sharedreward,multi-echo,tedana,sr_decision_by_future_outcome_extra,Reward-Neutral,6.0,-0.05550501315814944,0.0543627490268939,4.699999999999962,-0.33303007894889425,0.0646740102436753,0.3977040891925695,0.05981180089929226,0.1740593568622302,7.799999999999951,0.23924720359716606,0.001118453657080774
101,8,1,sharedreward,multi-echo,tedana,sr_decision_by_future_outcome_extra,Punish-Neutral,6.0,-0.038344404509925115,0.1661602076146994,4.799999999999962,-0.23006642705954905,0.23972149909120563,0.4697879261507547,0.046160464254370155,0.1661602076146994,4.799999999999962,0.18464185701747832,0.04312709358802637
101,8,1,sharedreward,multi-echo,tedana,sr_decision_by_future_outcome_extra,Reward-Punish,6.0,-0.017160608648224305,0.0822754973373422,0.9999999999999752,-0.1029636518893451,0.12265739817819643,0.22562105006754152,0.013651336644922104,0.1856029542460924,7.699999999999951,0.054605346579687734,-0.04200863993094559
101,8,1,sharedreward,single-echo,fmriprep,sr_decision_partner_extra,Computer-Stranger,6.0,-0.06634927715648893,0.0337150087967153,5.799999999999958,-0.3980956629389308,0.012061152778295487,0.4101568157172263,-0.1710129664898778,0.0337150087967153,5.799999999999958,-0.6840518659595026,0.015457010395306787
101,8,1,sharedreward,single-echo,fmriprep,sr_outcome_primary,Reward-Neutral,5.204000000000008,-0.017589628618808712,0.08185411497915361,1.0999999999999748,-0.09153642733228068,0.13362565065382356,0.22516207798610427,0.02321149042228522,0.069024303195957,6.7999999999999545,0.09284596168913972,0.06732375055166258
101,8,1,sharedreward,single-echo,fmriprep,sr_outcome_primary,Punish-Neutral,5.204000000000008,-0.004599388718886642,0.2488522814089505,1.0999999999999748,-0.02393521889308612,0.3827475281946685,0.40668274708775465,-0.011298191048324592,0.1132533002411423,6.7999999999999545,-0.045192764193297805,0.02354602369216182
101,8,1,sharedreward,single-echo,fmriprep,sr_outcome_primary,Reward-Punish,5.204000000000008,-0.012990239899922066,0.14268548043502632,4.999999999999961,-0.06760120843919454,0.21403847254027572,0.2816396809794703,0.03450968147060981,0.14268548043502632,4.999999999999961,0.1380387258824375,0.04377772685950076
101,8,1,sharedreward,single-echo,fmriprep,sr_decision_by_future_outcome_extra,Reward-Neutral,6.0,0.050372742475566584,0.1392438640223411,5.099999999999961,0.30223645485339734,0.3935996677640329,0.0913632129106356,-0.0020218205732968307,0.1392438640223411,5.099999999999961,-0.008087282293187222,0.022303719709302887
101,8,1,sharedreward,single-echo,fmriprep,sr_decision_by_future_outcome_extra,Punish-Neutral,6.0,0.019748151329367254,0.3853907594115791,4.799999999999962,0.11848890797620269,0.6623854783865568,0.543896570410354,0.08161125839569323,0.3853907594115791,4.799999999999962,0.3264450335827689,0.0944111219239361
101,8,1,sharedreward,single-echo,fmriprep,sr_decision_by_future_outcome_extra,Reward-Punish,6.0,0.03062459114619932,0.2622833845912408,1.9999999999999716,0.1837475468771946,0.591307181838129,0.4075596349609344,-0.08363307896899005,0.089948560754799,7.99999999999995,-0.33453231587595605,-0.0721074022146332
101,8,1,sharedreward,single-echo,tedana,sr_decision_partner_extra,Computer-Stranger,6.0,-0.08386695264620567,0.0863566469431489,5.899999999999958,-0.5032017158772304,0.04019803018432322,0.5433997460615536,-0.10908241063770369,0.0863566469431489,5.899999999999958,-0.4363296425508093,0.07841288602985641
101,8,1,sharedreward,single-echo,tedana,sr_outcome_primary,Reward-Neutral,5.204000000000008,0.012133492500058234,0.1550638912922813,1.4999999999999734,0.06314269497030314,0.22372429399749572,0.16058159902719257,-0.017545099468497718,0.051783527666641,5.899999999999958,-0.07018039787399,0.05062690590396965
101,8,1,sharedreward,single-echo,tedana,sr_outcome_primary,Punish-Neutral,5.204000000000008,0.021433720532722137,0.2347468179455589,1.0999999999999748,0.11154108165228617,0.3575726893939289,0.2460316077416427,-0.0721878526780796,-0.0248498705628097,4.199999999999964,-0.2887514107123148,-0.06322894931419756
101,8,1,sharedreward,single-echo,tedana,sr_outcome_primary,Reward-Punish,5.204000000000008,-0.009300228032663907,0.11567832510037954,5.204000000000008,-0.04839838668198304,0.09989677690013832,0.14829516358212136,0.05464275320958188,0.1227373808657552,5.799999999999958,0.2185710128383248,0.11385585521816723
101,8,1,sharedreward,single-echo,tedana,sr_decision_by_future_outcome_extra,Reward-Neutral,6.0,0.007226117691332494,0.2220169671933366,5.099999999999961,0.04335670614799465,0.3318106670098738,0.28845396086187924,0.05522311709395083,0.2220169671933366,5.099999999999961,0.22089246837580057,0.1073148664379538
101,8,1,sharedreward,single-echo,tedana,sr_decision_by_future_outcome_extra,Punish-Neutral,6.0,0.0011181215640837215,0.43059058681815476,4.899999999999961,0.006708729384502281,0.7046574416200454,0.6979487122355431,0.12712066725107649,0.43059058681815476,4.899999999999961,0.5084826690042996,0.14569649907855534
101,8,1,sharedreward,single-echo,tedana,sr_decision_by_future_outcome_extra,Reward-Punish,6.0,0.006107996127248774,0.20575457025140328,2.199999999999971,0.036647976763492386,0.4147659008459311,0.37811792408243877,-0.07189755015712568,0.055334572480994,7.99999999999995,-0.28759020062849916,-0.03838163264060155
101,8,2,sharedreward,multi-echo,fmriprep,sr_decision_partner_extra,Computer-Stranger,6.0,0.05477290376214756,0.1312512765720644,4.999999999999961,0.32863742257288303,0.38558075860372015,0.056943336030837066,0.07772501396210496,0.1312512765720644,4.999999999999961,0.31090005584841596,0.10643697981066981
101,8,2,sharedreward,multi-echo,fmriprep,sr_outcome_primary,Reward-Neutral,5.1980000000000075,0.1164346974861186,0.23992046478704848,0.0,0.6052275575328453,0.6052275575328453,0.0,0.016675808544515752,0.10207376259329151,5.899999999999958,0.06670323417806218,0.10010568310887147
101,8,2,sharedreward,multi-echo,fmriprep,sr_outcome_primary,Punish-Neutral,5.1980000000000075,0.08682901972441152,0.22070681023024724,0.0,0.45133724452749174,0.45133724452749174,0.0,0.020245765904765487,0.1357010301857516,5.899999999999958,0.08098306361906094,0.1311756332381827
101,8,2,sharedreward,multi-echo,fmriprep,sr_outcome_primary,Reward-Punish,5.1980000000000075,0.029605677761707073,0.13494913444894152,2.2999999999999705,0.15389031300535358,0.2077717479838722,0.05388143497851862,-0.0035699573602497293,0.023669047686174893,7.499999999999952,-0.01427982944099874,-0.031069950129311245
101,8,2,sharedreward,multi-echo,fmriprep,sr_decision_by_future_outcome_extra,Reward-Neutral,6.0,0.18879180984842936,0.3576902509597526,2.8999999999999684,1.1327508590905682,1.1327508590905682,0.0,0.12395167293161001,0.1775143950656059,5.999999999999957,0.4958066917264339,0.17751439506560376
101,8,2,sharedreward,multi-echo,fmriprep,sr_decision_by_future_outcome_extra,Punish-Neutral,6.0,0.1416620980446951,0.25345593986895537,3.0999999999999677,0.8499725882681646,0.8499725882681646,0.0,0.09433546365261736,0.1774653211240284,4.0,0.3773418546104647,0.1023092061376474
101,8,2,sharedreward,multi-echo,fmriprep,sr_decision_by_future_outcome_extra,Reward-Punish,6.0,0.04712971180373425,0.1289426643420174,2.49999999999997,0.2827782708224035,0.31760922262166325,0.03483095179925979,0.029616209278992674,0.08087475389538949,5.799999999999958,0.11846483711596922,0.07520518892795637
101,8,2,sharedreward,multi-echo,tedana,sr_decision_partner_extra,Computer-Stranger,6.0,0.04786842566848743,0.1279987219698498,3.999999999999965,0.28721055401092255,0.3738606328896698,0.08665007887874726,0.05835530430422174,0.1279987219698498,4.0,0.23342121721688405,0.07292638984136815
101,8,2,sharedreward,multi-echo,tedana,sr_outcome_primary,Reward-Neutral,5.1980000000000075,0.13236864169002924,0.24526405743389362,0.0,0.688052199504773,0.688052199504773,0.0,0.031614134959131554,0.1036881837868469,4.0,0.12645653983652463,0.0932215338608449
101,8,2,sharedreward,multi-echo,tedana,sr_outcome_primary,Punish-Neutral,5.1980000000000075,0.09534345891826103,0.24072952159145156,0.0,0.49559529945712155,0.49559529945712155,0.0,0.024387350188754202,0.0933480877673231,5.999999999999957,0.0975494007550156,0.09334808776732073
101,8,2,sharedreward,multi-echo,tedana,sr_outcome_primary,Reward-Punish,5.1980000000000075,0.037025182771768216,0.1464487764208402,2.7999999999999687,0.19245690004765148,0.24433403860481237,0.05187713855716089,0.007226784770377349,0.0298131864780659,6.599999999999955,0.028907139081509034,-0.00012655390647582027
101,8,2,sharedreward,multi-echo,tedana,sr_decision_by_future_outcome_extra,Reward-Neutral,6.0,0.18074877704294967,0.3350147522171478,2.8999999999999684,1.0844926622576903,1.0844926622576903,0.0,0.13922268031861193,0.18401024484741405,4.0,0.5568907212744408,0.16484069291970446
101,8,2,sharedreward,multi-echo,tedana,sr_decision_by_future_outcome_extra,Punish-Neutral,6.0,0.16297769415471758,0.2763095826330272,3.299999999999967,0.9778661649282986,0.9778661649282986,0.0,0.11387662824060624,0.21904922691982684,4.0,0.4555065129624193,0.11435402614455854
101,8,2,sharedreward,multi-echo,tedana,sr_decision_by_future_outcome_extra,Reward-Punish,6.0,0.017771082888232044,0.0795355895646231,2.49999999999997,0.10662649732939151,0.16834812410638697,0.061721626776995435,0.025346052078005703,0.0733863782783121,7.899999999999951,0.10138420831202155,0.0504866667751459
101,8,2,sharedreward,single-echo,fmriprep,sr_decision_partner_extra,Computer-Stranger,6.0,-0.03303049706183852,0.050034523072190695,4.999999999999961,-0.19818298237102971,0.057746624411120315,0.25592960678215004,-0.033901042564298454,0.050034523072190695,4.999999999999961,-0.13560417025719212,-0.0034930540788204573
101,8,2,sharedreward,single-echo,fmriprep,sr_outcome_primary,Reward-Neutral,5.1980000000000075,0.059680043299897,0.19998017151982359,0.0,0.31021686507286506,0.3406881676082455,0.030471302535380447,-0.03149355107318945,0.08990817479616439,5.499999999999959,-0.12597420429275624,0.06491332800882173
101,8,2,sharedreward,single-echo,fmriprep,sr_outcome_primary,Punish-Neutral,5.1980000000000075,0.09724252628093448,0.2012560962069337,1.0999999999999748,0.5054666516082982,0.5054666516082982,0.0,-0.06687679076621979,0.10274127565128721,5.29999999999996,-0.2675071630648758,0.03901703240946242
101,8,2,sharedreward,single-echo,fmriprep,sr_outcome_primary,Reward-Punish,5.1980000000000075,-0.03756248298103749,0.0935129453291759,2.699999999999969,-0.19524978653543315,0.09786877290710937,0.2931185594425425,0.03538323969303033,0.1414307742024459,7.499999999999952,0.14153295877211958,0.0258962955993593
101,8,2,sharedreward,single-echo,fmriprep,sr_decision_by_future_outcome_extra,Reward-Neutral,6.0,0.2268943968417915,0.35404875264298097,2.7999999999999687,1.3613663810507393,1.3613663810507393,0.0,0.07452574899958078,0.19028257731720066,4.0,0.2981029959983194,0.09253153764105163
101,8,2,sharedreward,single-echo,fmriprep,sr_decision_by_future_outcome_extra,Punish-Neutral,6.0,0.1525074961944622,0.2866682977336404,0.0,0.9150449771667666,0.9150449771667666,0.0,0.08460165418317989,0.15289942031537135,4.0,0.3384066167327153,0.09826510953509104
101,8,2,sharedreward,single-echo,fmriprep,sr_decision_by_future_outcome_extra,Reward-Punish,6.0,0.07438690064732932,0.2395590084544923,2.7999999999999687,0.44632140388397273,0.518416823910735,0.07209542002676227,-0.0100759051835991,0.0378891837719198,7.899999999999951,-0.040303620734395904,-0.005733571894039401
101,8,2,sharedreward,single-echo,tedana,sr_decision_partner_extra,Computer-Stranger,6.0,-0.014374590869561027,0.07860548908628841,2.999999999999968,-0.08624754521736555,0.12324249389457181,0.2094900391119374,-0.04631246098492154,0.04108042423377743,4.0,-0.18524984393968386,-0.02484250659709493
101,8,2,sharedreward,single-echo,tedana,sr_outcome_primary,Reward-Neutral,5.1980000000000075,0.12657605979198527,0.25143347495266677,0.0,0.6579423587987404,0.6579423587987404,0.0,0.03821114355733546,0.11390199810834781,5.3999999999999595,0.15284457422933995,0.10567083341429138
101,8,2,sharedreward,single-echo,tedana,sr_outcome_primary,Punish-Neutral,5.1980000000000075,0.14601547430157832,0.25770810647352593,0.0,0.7589884354196053,0.7589884354196053,0.0,-0.04832524082019199,0.11118725450859081,4.0,-0.19330096328076554,0.0013106059975262919
101,8,2,sharedreward,single-echo,tedana,sr_outcome_primary,Reward-Punish,5.1980000000000075,-0.019439414509593064,0.1313296818986366,3.1999999999999673,-0.10104607662086489,0.1515687700801719,0.25261484670103673,0.08653638437752746,0.1820429237639189,6.7999999999999545,0.3461455375101055,0.10436022741676508
101,8,2,sharedreward,single-echo,tedana,sr_decision_by_future_outcome_extra,Reward-Neutral,6.0,0.2526256720965249,0.37688853372224207,2.8999999999999684,1.5157540325791388,1.5157540325791388,0.0,0.13333740323999252,0.2822755662280374,4.0,0.5333496129599634,0.0859698299196122
101,8,2,sharedreward,single-echo,tedana,sr_decision_by_future_outcome_extra,Punish-Neutral,6.0,0.20088043793443286,0.3047712232752258,0.3999999999999772,1.2052826276065887,1.2052826276065887,0.0,0.14634246682851243,0.24061330878296214,4.0,0.5853698673140424,0.1360410725838123
101,8,2,sharedreward,single-echo,tedana,sr_decision_by_future_outcome_extra,Reward-Punish,6.0,0.051745234162091966,0.2071057641756808,2.8999999999999684,0.3104714049725496,0.42665263083570587,0.11618122586315625,-0.013005063588519874,0.0767136910777469,7.799999999999951,-0.05202025435407885,-0.05007124266420007
101,9,1,mid,multi-echo,fmriprep,mid_anticipation_primary,Reward-Neutral,5.025050000000003,-0.11242998136603559,0.0014217935805183012,1.4999999999999734,-0.5649662778633975,0.00014217935805182962,0.5651084572214493,-0.08648398421851562,0.10858853897519999,7.99999999999995,-0.3459359368740582,-0.10449925591508719
101,9,1,mid,multi-echo,fmriprep,mid_feedback_extra,Positive-Negative,5.99199999999999,-0.027712729174051876,0.0552489457436854,4.399999999999963,-0.16605467321091857,0.07521426426184549,0.24126893747276407,-0.09989154017574764,0.0552489457436854,4.399999999999963,-0.39956616070298556,-0.10745139292287846
101,9,1,mid,multi-echo,tedana,mid_anticipation_primary,Reward-Neutral,5.025050000000003,-0.11051253301368043,0.012122759235746202,1.4999999999999734,-0.5553310040203951,0.004573807101218255,0.5599048111216134,-0.0851526957043413,0.1361838081534014,7.99999999999995,-0.34061078281736096,-0.12402586514225772
101,9,1,mid,multi-echo,tedana,mid_feedback_extra,Positive-Negative,5.99199999999999,-0.05949373680713264,0.0044388306670255,1.899999999999972,-0.3564864709483382,0.0005865607228511573,0.3570730316711894,-0.14578913111722822,-0.018257267482447798,4.399999999999963,-0.5831565244689056,-0.15525943762955335
101,9,1,mid,single-echo,fmriprep,mid_anticipation_primary,Reward-Neutral,5.025050000000003,0.003404742383020603,0.22599651919399008,0.9999999999999752,0.017109000711797693,0.3898764551033501,0.37276745439155246,-0.04950716150605324,0.1948035168453247,7.699999999999951,-0.1980286460242105,-0.11709524002088675
101,9,1,mid,single-echo,fmriprep,mid_feedback_extra,Positive-Negative,5.99199999999999,0.024791474528755957,0.164456154528776,4.899999999999961,0.14855051537630545,0.31707915448936935,0.16852863911306398,0.07054949740322426,0.164456154528776,4.899999999999961,0.28219798961289355,0.1440566117045945
101,9,1,mid,single-echo,tedana,mid_anticipation_primary,Reward-Neutral,5.025050000000003,-0.0636418816328599,0.1633085068553294,0.8999999999999755,-0.3198036372992028,0.2670175119215557,0.5868211492207585,-0.04979652879693985,0.19048889240764189,7.99999999999995,-0.19918611518775692,-0.08335549160113707
101,9,1,mid,single-echo,tedana,mid_feedback_extra,Positive-Negative,5.99199999999999,-0.020457314887816543,0.0867649787420174,5.099999999999961,-0.12258023080779652,0.15458424046678,0.2771644712745765,0.011927802098547003,0.0867649787420174,5.099999999999961,0.047711208394187424,0.07154146740941762
101,9,2,mid,multi-echo,fmriprep,mid_anticipation_primary,Reward-Neutral,5.027999999999992,0.07658744630915476,0.1206329318218653,1.9999999999999716,0.3850816800424295,0.3850816800424295,0.0,-0.017972318016940554,0.06704751241641457,4.0,-0.07188927206776133,-0.03087275123905615
101,9,2,mid,multi-echo,fmriprep,mid_feedback_extra,Positive-Negative,5.990000000000009,0.041324858791229435,0.2239218019633356,2.39999999999997,0.2475359041594647,0.40675918494484603,0.1592232807853813,-0.12950169069904818,0.008390185425066306,4.0,-0.5180067627961863,-0.15206001894397397
101,9,2,mid,multi-echo,tedana,mid_anticipation_primary,Reward-Neutral,5.027999999999992,0.06921409601026826,0.102860954918843,2.0999999999999712,0.3480084747396282,0.3480084747396282,0.0,0.008186077903975443,0.0704978848988138,4.099999999999964,0.03274431161590136,-0.014113235162115087
101,9,2,mid,multi-echo,tedana,mid_feedback_extra,Positive-Negative,5.990000000000009,0.07227138345438067,0.2423306897052935,2.39999999999997,0.43290558689174086,0.5062429549306537,0.07333736803891291,-0.09471604315689344,0.06173913124030649,4.0,-0.37886417262756905,-0.10615131762264383
101,9,2,mid,single-echo,fmriprep,mid_anticipation_primary,Reward-Neutral,5.027999999999992,0.08488093901657863,0.2035249107651797,4.399999999999963,0.42678136137535666,0.4522939871545224,0.025512625779165722,0.030861221670612293,0.2035249107651797,4.399999999999963,0.12344488668244763,0.014319439704287031
101,9,2,mid,single-echo,fmriprep,mid_feedback_extra,Positive-Negative,5.990000000000009,0.0045944408501060515,0.1515935107993363,2.39999999999997,0.027520700692135292,0.3963989087463082,0.3688782080541728,-0.21464175907190924,0.006795226535097909,4.0,-0.8585670362876263,-0.23618848586942273
101,9,2,mid,single-echo,tedana,mid_anticipation_primary,Reward-Neutral,5.027999999999992,0.0736826915541827,0.20448670310350942,4.399999999999963,0.37047657313443,0.40271079119367004,0.03223421805924,0.04085007215654475,0.20448670310350942,4.399999999999963,0.16340028862617698,0.002705561915043937
101,9,2,mid,single-echo,tedana,mid_feedback_extra,Positive-Negative,5.990000000000009,0.08137095748752622,0.2489307945360239,3.3999999999999666,0.48741203535028277,0.6279528764837414,0.14054084113345852,-0.12157144777738203,0.1494386892770547,4.0,-0.4862857911095221,-0.13181371803375164
101,9,1,sharedreward,multi-echo,fmriprep,sr_decision_partner_extra,Computer-Stranger,6.0,-0.01285187247564051,0.0979749028725393,0.0,-0.07711123485384251,0.08976046496279368,0.1668716998166362,0.009546307768122675,0.1508604753296207,7.99999999999995,0.03818523107249023,0.033541224306001295
101,9,1,sharedreward,multi-echo,fmriprep,sr_outcome_primary,Reward-Neutral,5.199800000000003,0.20761072847407336,0.33464130611028564,4.099999999999964,1.0795342659194873,1.0795342659194873,0.0,0.07979995618481978,0.33464130611028564,4.099999999999964,0.3191998247392751,-0.070744624189426
101,9,1,sharedreward,multi-echo,fmriprep,sr_outcome_primary,Punish-Neutral,5.199800000000003,0.07893845288135931,0.1364196980818837,1.899999999999972,0.4104641672924924,0.4270946704975303,0.01663050320503794,0.018971276034329798,0.08313694119908963,4.0,0.07588510413731825,-0.02050760397857744
101,9,1,sharedreward,multi-echo,fmriprep,sr_outcome_primary,Reward-Punish,5.199800000000003,0.12867227559271405,0.2557394776347922,4.099999999999964,0.669070098626995,0.669070098626995,0.0,0.060828680150489985,0.2557394776347922,4.099999999999964,0.2433147206019569,-0.05023702021084855
101,9,1,sharedreward,multi-echo,fmriprep,sr_decision_by_future_outcome_extra,Reward-Neutral,6.0,0.1294024889505834,0.32781070018361547,1.599999999999973,0.7764149337034949,0.7823570518318919,0.005942118128397071,0.16876206431219493,0.3272721413636076,7.499999999999952,0.6750482572487713,0.14716656320027416
101,9,1,sharedreward,multi-echo,fmriprep,sr_decision_by_future_outcome_extra,Punish-Neutral,6.0,0.024508761234310512,0.20420261091207062,1.3999999999999737,0.14705256740586203,0.4620222302174174,0.31496966281155536,0.06553892611243445,0.1337970556893529,5.499999999999959,0.2621557044497345,0.09071357532697225
101,9,1,sharedreward,multi-echo,fmriprep,sr_decision_by_future_outcome_extra,Reward-Punish,6.0,0.10489372771627285,0.283583439712473,2.7999999999999687,0.6293623662976326,0.6650732340967288,0.035710867799096234,0.10322313819976045,0.2344733964913385,7.499999999999952,0.4128925527990367,0.056452987873301906
101,9,1,sharedreward,multi-echo,tedana,sr_decision_partner_extra,Computer-Stranger,6.0,-0.026339307993381043,0.06137822183054177,0.0,-0.15803584796028514,0.06065469847162068,0.21869054643190589,0.029371841881574552,0.1609190780201859,7.99999999999995,0.11748736752629675,0.057198883989480837
101,9,1,sharedreward,multi-echo,tedana,sr_outcome_primary,Reward-Neutral,5.199800000000003,0.18872237773045977,0.3376880880940772,3.999999999999965,0.9813186197228454,0.9813186197228454,0.0,0.07891431933487476,0.3376880880940763,4.0,0.3156572773394951,-0.09716122688932943
101,9,1,sharedreward,multi-echo,tedana,sr_outcome_primary,Punish-Neutral,5.199800000000003,0.06732169364199694,0.1360687993659428,3.6999999999999655,0.35005934259965593,0.35896083665418693,0.008901494054531004,0.044948230783480765,0.13094506062548228,4.0,0.1797929231339208,-0.02131714182595598
101,9,1,sharedreward,multi-echo,tedana,sr_outcome_primary,Reward-Punish,5.199800000000003,0.12140068408846284,0.20686564997060308,4.099999999999964,0.6312592771231895,0.6312592771231895,0.0,0.03396608855139401,0.20686564997060308,4.099999999999964,0.13586435420557436,-0.07584408506337345
101,9,1,sharedreward,multi-echo,tedana,sr_decision_by_future_outcome_extra,Reward-Neutral,6.0,0.14475371344392907,0.3114465534553277,1.599999999999973,0.8685222806635682,0.8685222806635682,0.0,0.14284266746719723,0.3169195732566647,7.599999999999952,0.5713706698687818,0.06639790101301889
101,9,1,sharedreward,multi-echo,tedana,sr_decision_by_future_outcome_extra,Punish-Neutral,6.0,0.045316480592352174,0.21153259226412202,1.4999999999999734,0.2718988835541111,0.39047822909103086,0.11857934553691964,0.0382455637368156,0.1484458504741177,7.99999999999995,0.15298225494726048,-0.005590815276628276
101,9,1,sharedreward,multi-echo,tedana,sr_decision_by_future_outcome_extra,Reward-Punish,6.0,0.09943723285157689,0.2345480619395196,2.8999999999999684,0.5966233971094571,0.6027003294463165,0.006076932336859392,0.10459710373038164,0.2060898700711111,7.399999999999952,0.41838841492152135,0.07198871628964718
101,9,1,sharedreward,single-echo,fmriprep,sr_decision_partner_extra,Computer-Stranger,6.0,-0.00558455667173074,0.06823354786638851,3.0999999999999677,-0.0335073400303842,0.11198080548647556,0.1454881455168598,0.07038730605743122,0.3489358552823183,7.99999999999995,0.2815492242297214,0.036340491865536007
101,9,1,sharedreward,single-echo,fmriprep,sr_outcome_primary,Reward-Neutral,5.199800000000003,0.20611216079825978,0.3372075209360126,2.0999999999999712,1.0717420137187919,1.0948622855361771,0.023120271817385175,0.05499710782795649,0.2544144215996594,4.199999999999964,0.21998843131182322,-0.13291345553761844
101,9,1,sharedreward,single-echo,fmriprep,sr_outcome_primary,Punish-Neutral,5.199800000000003,0.0389641991388544,0.1359714793857365,2.199999999999971,0.20260604268221521,0.3222402095148563,0.11963416683264118,0.007457175711046065,0.0827354581922605,4.599999999999962,0.029828702844183888,-0.08533212726880275
101,9,1,sharedreward,single-echo,fmriprep,sr_outcome_primary,Reward-Punish,5.199800000000003,0.16714796165940538,0.2132238134874275,1.7999999999999725,0.8691359710365767,0.8691359710365767,0.0,0.04753993211691042,0.1808800207127945,4.0,0.19015972846763932,-0.04758132826881571
101,9,1,sharedreward,single-echo,fmriprep,sr_decision_by_future_outcome_extra,Reward-Neutral,6.0,0.13609755262331935,0.373126430200733,1.599999999999973,0.8165853157399103,0.8565160867515967,0.03993077101168641,0.15581846169656025,0.31857722089428553,6.399999999999956,0.6232738467862332,0.23445818914501682
101,9,1,sharedreward,single-echo,fmriprep,sr_decision_by_future_outcome_extra,Punish-Neutral,6.0,-0.07770805411825672,0.1178953481466807,0.9999999999999752,-0.46624832470953703,0.17099693585439124,0.6372452605639283,-0.025355272173808095,0.1407984166804506,6.399999999999956,-0.10142108869523112,0.03821931779672382
101,9,1,sharedreward,single-echo,fmriprep,sr_decision_by_future_outcome_extra,Reward-Punish,6.0,0.2138056067415761,0.35497480427611494,2.199999999999971,1.2828336404494474,1.2828336404494474,0.0,0.1811737338703683,0.21633822518031381,5.3999999999999595,0.7246949354814642,0.19623887134829301
101,9,1,sharedreward,single-echo,tedana,sr_decision_partner_extra,Computer-Stranger,6.0,0.009305806658166686,0.1013445435755277,5.999999999999957,0.05583483994899972,0.1464314941744296,0.09059665422542987,0.13094816717106936,0.3938457461083311,7.99999999999995,0.5237926686842709,0.1013445435755353
101,9,1,sharedreward,single-echo,tedana,sr_outcome_primary,Reward-Neutral,5.199800000000003,0.20501563696749292,0.3172340157599482,4.199999999999964,1.0660403091035704,1.0904831041638177,0.024442795060247446,0.09400730479102282,0.3172340157599482,4.199999999999964,0.3760292191640866,-0.11045815016292654
101,9,1,sharedreward,single-echo,tedana,sr_outcome_primary,Punish-Neutral,5.199800000000003,0.041615965071878216,0.17450288451673598,4.299999999999963,0.2163946951807525,0.40241144709863386,0.1860167519178813,0.0569714759348026,0.17450288451673598,4.299999999999963,0.22788590373920756,-0.06363254094634727
101,9,1,sharedreward,single-echo,tedana,sr_outcome_primary,Reward-Punish,5.199800000000003,0.16339967189561472,0.2345678683768861,1.1999999999999744,0.8496456139228179,0.8496456139228179,0.0,0.03703582885622021,0.1517507750883604,4.0,0.14814331542487902,-0.04682560921657928
101,9,1,sharedreward,single-echo,tedana,sr_decision_by_future_outcome_extra,Reward-Neutral,6.0,0.14168938095976813,0.36732130502063653,1.4999999999999734,0.8501362857586028,0.852307592417512,0.002171306658909123,0.14333753837562813,0.26615444045035164,7.499999999999952,0.5733501535025054,0.15864077339276492
101,9,1,sharedreward,single-echo,tedana,sr_decision_by_future_outcome_extra,Punish-Neutral,6.0,-0.08030976754055483,0.1474099569485901,0.9999999999999752,-0.4818586052433255,0.2009698719503687,0.682828477193694,-0.044340257882060384,0.1405513214156296,7.99999999999995,-0.17736103152823934,-0.051228323917532154
101,9,1,sharedreward,single-echo,tedana,sr_decision_by_future_outcome_extra,Reward-Punish,6.0,0.22199914850032296,0.3144448595874231,2.199999999999971,1.3319948910019284,1.3319948910019284,0.0,0.18767779625768852,0.2518083271023585,5.3999999999999595,0.7507111850307447,0.2098690973102971
101,9,2,sharedreward,multi-echo,fmriprep,sr_decision_partner_extra,Computer-Stranger,6.0,0.16149462346070348,0.302527130934397,4.699999999999962,0.968967740764214,0.968967740764214,0.0,0.21891612490042223,0.302527130934397,4.699999999999962,0.875664499601678,0.19396749701143554
101,9,2,sharedreward,multi-echo,fmriprep,sr_outcome_primary,Reward-Neutral,5.2033999999999985,-0.000873690805326736,0.1249664010487507,4.899999999999961,-0.004546162736437136,0.2636768109773309,0.26822297371376813,-0.03781172194714459,0.1249664010487507,4.899999999999961,-0.15124688778857648,-0.04941004206334389
101,9,2,sharedreward,multi-echo,fmriprep,sr_outcome_primary,Punish-Neutral,5.2033999999999985,-0.018628829872474377,0.12096027089635411,5.2033999999999985,-0.09693325335843314,0.11390330845694321,0.21083656181537633,-0.012837917920795095,0.1263231724774172,5.3999999999999595,-0.05135167168317974,0.03259581466179145
101,9,2,sharedreward,multi-echo,fmriprep,sr_outcome_primary,Reward-Punish,5.2033999999999985,0.017755139067147627,0.074996689714698,2.2999999999999705,0.09238709062199595,0.1589549946832809,0.06656790406128493,-0.024973804026349494,0.0568236426843025,4.299999999999963,-0.09989521610539673,-0.08200585672513534
101,9,2,sharedreward,multi-echo,fmriprep,sr_decision_by_future_outcome_extra,Reward-Neutral,6.0,-0.11541397797314504,0.09321896164437851,0.0,-0.6924838678388653,0.019857862572585937,0.7123417304114513,-0.00922073477379804,0.0730380630930581,6.899999999999954,-0.036882939095191705,0.010748436904517841
101,9,2,sharedreward,multi-echo,fmriprep,sr_decision_by_future_outcome_extra,Punish-Neutral,6.0,-0.1113998531535539,0.06508824317486785,0.0,-0.6683991189213186,0.012370274549183189,0.6807693934705018,0.012142442525415067,0.15165500704290769,7.199999999999953,0.048569770101659665,-0.007755302823542977
101,9,2,sharedreward,multi-echo,fmriprep,sr_decision_by_future_outcome_extra,Reward-Punish,6.0,-0.004014124819591142,0.028130718469510665,0.0,-0.02408474891754668,0.0321820455808731,0.05626679449841978,-0.02136317729921311,0.026736937972620306,5.699999999999958,-0.08545270919685137,0.018503739728060818
101,9,2,sharedreward,multi-echo,tedana,sr_decision_partner_extra,Computer-Stranger,6.0,0.12924683570827442,0.275102988458959,4.299999999999963,0.775481014249641,0.775481014249641,0.0,0.19693897957270728,0.275102988458959,4.299999999999963,0.7877559182908194,0.1476325485871089
101,9,2,sharedreward,multi-echo,tedana,sr_outcome_primary,Reward-Neutral,5.2033999999999985,-0.001993906683908113,0.1471850838299085,4.899999999999961,-0.010375094039047473,0.27589440714488955,0.28626950118393707,-0.01724547899023053,0.1471850838299085,4.899999999999961,-0.06898191596092126,-0.0049226384983366
101,9,2,sharedreward,multi-echo,tedana,sr_outcome_primary,Punish-Neutral,5.2033999999999985,0.047693915277336976,0.16289203923420692,5.2033999999999985,0.24817051875409515,0.39659724949705827,0.14842673074296311,0.04907877452136092,0.1643302468897688,5.29999999999996,0.19631509808544123,0.09084574667319725
101,9,2,sharedreward,multi-echo,tedana,sr_outcome_primary,Reward-Punish,5.2033999999999985,-0.04968782196124509,0.0068836112729230015,4.399999999999963,-0.25854561279314264,0.0027843623005712704,0.26132997509371386,-0.06632425351159144,0.0068836112729230015,4.399999999999963,-0.26529701404636247,-0.09576838517153384
101,9,2,sharedreward,multi-echo,tedana,sr_decision_by_future_outcome_extra,Reward-Neutral,6.0,-0.1586585869177686,0.021167175623543394,5.999999999999957,-0.9519515215066048,0.002527844625995268,0.9544793661326001,-0.012640066886136028,0.0823353817090421,6.899999999999954,-0.05056026754454348,0.021167175623549868
101,9,2,sharedreward,multi-echo,tedana,sr_decision_by_future_outcome_extra,Punish-Neutral,6.0,-0.05378663385762769,0.0952440412125683,5.999999999999957,-0.3227198031457639,0.043159520488200896,0.36587932363396475,0.08337149463280615,0.2320743777130572,6.899999999999954,0.3334859785312204,0.09524404121257588
101,9,2,sharedreward,multi-echo,tedana,sr_decision_by_future_outcome_extra,Reward-Punish,6.0,-0.1048719530601409,-0.044987911729669476,0.0,-0.6292317183608409,0.0,0.6292317183608409,-0.09601156151894216,-0.06091483152674151,5.3999999999999595,-0.3840462460757639,-0.074076865589026
101,9,2,sharedreward,single-echo,fmriprep,sr_decision_partner_extra,Computer-Stranger,6.0,0.19119167390951167,0.5063260849752709,3.999999999999965,1.1471500434570618,1.2142722914732471,0.06712224801618544,0.30500631910975906,0.5063260849752688,4.0,1.2200252764390211,0.16182371721174002
101,9,2,sharedreward,single-echo,fmriprep,sr_outcome_primary,Reward-Neutral,5.2033999999999985,-0.0837144658745772,0.1463873108591565,4.599999999999962,-0.4355998517317749,0.13820496873986945,0.5738048204716443,-0.14409321774692888,0.1463873108591565,4.599999999999962,-0.5763728709877083,-0.3042279015742925
101,9,2,sharedreward,single-echo,fmriprep,sr_outcome_primary,Punish-Neutral,5.2033999999999985,-0.07486175930809251,0.0968048796199224,4.999999999999961,-0.38953567838372843,0.0969814430028569,0.4865171213865854,-0.07344133338259862,0.0968048796199224,4.999999999999961,-0.2937653335303908,-0.06870221639888895
101,9,2,sharedreward,single-echo,fmriprep,sr_outcome_primary,Reward-Punish,5.2033999999999985,-0.008852706566484663,0.0812836272044894,4.299999999999963,-0.046064173348046286,0.09495235523376283,0.14101652858180916,-0.07065188436433024,0.0812836272044894,4.299999999999963,-0.2826075374573175,-0.23552568517540357
101,9,2,sharedreward,single-echo,fmriprep,sr_decision_by_future_outcome_extra,Reward-Neutral,6.0,-0.1536540659901295,0.010888981757678596,0.0,-0.9219243959407705,0.0005444490878838117,0.9224688450286543,-0.11798373504573054,0.0416973897925316,7.99999999999995,-0.47193494018291626,-0.0140976000793883
101,9,2,sharedreward,single-echo,fmriprep,sr_decision_by_future_outcome_extra,Punish-Neutral,6.0,-0.13472579264703546,0.1000473516845529,0.0999999999999783,-0.8083547558822071,0.14240349374814265,0.9507582496303497,-0.07306915228873555,0.1523722916802571,7.299999999999953,-0.2922766091549386,-0.05504910825300877
101,9,2,sharedreward,single-echo,fmriprep,sr_decision_by_future_outcome_extra,Reward-Punish,6.0,-0.01892827334309403,0.12345911875550632,5.3999999999999595,-0.11356964005856338,0.18376902239474807,0.2973386624533114,-0.044914582756994996,0.12345911875550632,5.3999999999999595,-0.17965833102797776,0.04095150817362047
101,9,2,sharedreward,single-echo,tedana,sr_decision_partner_extra,Computer-Stranger,6.0,0.1698792594889323,0.4980413646846099,3.999999999999965,1.0192755569335865,1.074577568396938,0.05530201146335164,0.31676433461728876,0.5119920432492056,7.99999999999995,1.2670573384691393,0.1545910225875484
101,9,2,sharedreward,single-echo,tedana,sr_outcome_primary,Reward-Neutral,5.2033999999999985,-0.07146411334869789,0.1853299029245355,4.599999999999962,-0.3718563673986145,0.2140758212983148,0.5859321886969293,-0.09653236013610694,0.1853299029245355,4.599999999999962,-0.386129440544423,-0.21805360877272573
101,9,2,sharedreward,single-echo,tedana,sr_outcome_primary,Punish-Neutral,5.2033999999999985,0.009414078363307479,0.1513932206335996,3.899999999999965,0.04898521535563412,0.40126559135385936,0.35228037599822526,-0.009006908343844116,0.14757500278815444,4.0,-0.03602763337537601,-0.01090983776921145
101,9,2,sharedreward,single-echo,tedana,sr_outcome_primary,Reward-Punish,5.2033999999999985,-0.08087819171200537,0.055951965844201396,4.399999999999963,-0.42084158275424866,0.028515802272679917,0.4493573850269285,-0.08752545179226284,0.055951965844201396,4.399999999999963,-0.35010180716904704,-0.20714377100351425
101,9,2,sharedreward,single-echo,tedana,sr_decision_by_future_outcome_extra,Reward-Neutral,6.0,-0.20155757507466388,-0.0017065795920455928,5.999999999999957,-1.2093454504479746,0.0,1.2093454504479746,-0.11303681130642539,0.10562730215617538,7.99999999999995,-0.45214724522569594,-0.0017065795920395877
101,9,2,sharedreward,single-echo,tedana,sr_decision_by_future_outcome_extra,Punish-Neutral,6.0,-0.07383215495068238,0.12506032979293452,1.3999999999999737,-0.44299292970409115,0.2095211336315881,0.6525140633356793,0.018131362769814183,0.2576964968233862,6.899999999999954,0.07252545107925583,0.07216681052557332
101,9,2,sharedreward,single-echo,tedana,sr_decision_by_future_outcome_extra,Reward-Punish,6.0,-0.12772542012398144,0.023801895110064003,5.3999999999999595,-0.7663525207438833,0.00800458310053795,0.7743571038444212,-0.13116817407623957,0.023801895110064003,5.3999999999999595,-0.5246726963049517,-0.0738733901176129
101,10,1,mid,multi-echo,fmriprep,mid_anticipation_primary,Reward-Neutral,5.023500000000013,-0.09043801440363954,-0.0510179054914985,3.999999999999965,-0.4543153653566844,0.0,0.4543153653566844,-0.003996787774064402,0.0808282465236563,6.999999999999954,-0.01598715109625741,0.001245293092872793
101,10,1,mid,multi-echo,fmriprep,mid_feedback_extra,Positive-Negative,5.992000000000019,-0.002051500178007694,0.156657476733504,5.992000000000019,-0.01229258906662214,0.12995993851602008,0.14225252758264223,0.11124176846845626,0.19077446988150598,6.7999999999999545,0.4449670738738195,0.15743821690631904
101,10,1,mid,multi-echo,tedana,mid_anticipation_primary,Reward-Neutral,5.023500000000013,-0.03864486807930765,0.007185600565424298,2.7999999999999687,-0.19413249479640246,0.0025390797823623005,0.19667157457876475,-0.010634676707186829,0.0645986246914677,7.0999999999999535,-0.04253870682874679,-0.01790160752273698
101,10,1,mid,multi-echo,tedana,mid_feedback_extra,Positive-Negative,5.992000000000019,-0.004574798513431793,0.16751144382384078,5.992000000000019,-0.02741219269248339,0.13049484599085656,0.15790703868333994,0.10664047799243831,0.19311319067991922,6.399999999999956,0.4265619119697479,0.16834867944322174
101,10,1,mid,single-echo,fmriprep,mid_anticipation_primary,Reward-Neutral,5.023500000000013,-0.02883587194274399,0.0523277532529977,3.599999999999966,-0.1448570027043748,0.0611231482517013,0.2059801509560761,0.027339417435787,0.1293673470805452,7.0999999999999535,0.10935766974314665,-0.015362998718673668
101,10,1,mid,single-echo,fmriprep,mid_feedback_extra,Positive-Negative,5.992000000000019,-0.05290699399089751,0.19874848466693557,5.992000000000019,-0.3170187079934589,0.1351910924086478,0.4522098004021068,0.1109484921197303,0.2568622138646167,6.399999999999956,0.4437939684789157,0.20023197250456853
101,10,1,mid,single-echo,tedana,mid_anticipation_primary,Reward-Neutral,5.023500000000013,0.04818215000591212,0.1264698197108842,2.999999999999968,0.24204303055470014,0.2738906202833466,0.0318475897286465,0.04235452969199799,0.11626522748337179,7.199999999999953,0.16941811876798984,-0.010279811810180367
101,10,1,mid,single-echo,tedana,mid_feedback_extra,Positive-Negative,5.992000000000019,-0.05022703169797248,0.2072133408343446,5.992000000000019,-0.300960373934252,0.1339943972613722,0.4349547711956242,0.11336394726440742,0.2652114771320047,6.399999999999956,0.453455789057624,0.208811131702143
101,10,2,mid,multi-echo,fmriprep,mid_anticipation_primary,Reward-Neutral,5.021999999999991,-0.0025454154730707424,0.0638034922461318,3.0999999999999677,-0.012783076505761246,0.0850050383376301,0.09778811484339132,-0.09987197986595127,-0.013809572832480873,4.0,-0.39948791946380013,-0.1134060880235466
101,10,2,mid,multi-echo,fmriprep,mid_feedback_extra,Positive-Negative,6.0,-0.08465532163200219,-0.0198421879574099,0.5999999999999766,-0.5079319297920095,0.0,0.5079319297920095,-0.07768351326025423,0.0026935991526614977,7.399999999999952,-0.31073405304101304,-0.14856428368462155
101,10,2,mid,multi-echo,tedana,mid_anticipation_primary,Reward-Neutral,5.021999999999991,0.009920498883384735,0.0966627232126987,2.49999999999997,0.049820745392358055,0.1369218468981157,0.08710110150575766,-0.11498363558557048,-0.012740451981955279,4.0,-0.4599345423422762,-0.11967656502208088
101,10,2,mid,multi-echo,tedana,mid_feedback_extra,Positive-Negative,6.0,-0.018128458073676593,0.0814482585844527,1.3999999999999737,-0.10877074844205878,0.14730025002279312,0.2560709984648519,-0.0714674453947863,-0.0250242681941241,7.399999999999952,-0.28586978157914167,-0.14136680443076377
101,10,2,mid,single-echo,fmriprep,mid_anticipation_primary,Reward-Neutral,5.021999999999991,-0.11510571895264958,0.0108628626647878,0.9999999999999752,-0.5780609205802052,0.003636786101510147,0.5816977066817153,-0.28348358464942025,-0.20894050751462198,4.999999999999961,-1.1339343385976668,-0.3179799433384367
101,10,2,mid,single-echo,fmriprep,mid_feedback_extra,Positive-Negative,6.0,-0.060860284105421256,0.1510057926390853,1.299999999999974,-0.36516170463252495,0.2116994953547992,0.5768611999873243,-0.17556687065255305,-0.009894093208808602,4.599999999999962,-0.7022674826102034,-0.2662022822566465
101,10,2,mid,single-echo,tedana,mid_anticipation_primary,Reward-Neutral,5.021999999999991,-0.08398029561140727,0.0397765133426341,1.9999999999999716,-0.42174904456048656,0.03730762983336548,0.45905667439385206,-0.3134117658645683,-0.21544622740670222,4.499999999999963,-1.2536470634582577,-0.3703817308274182
101,10,2,mid,single-echo,tedana,mid_feedback_extra,Positive-Negative,6.0,-0.020610416094374487,0.224636843980052,1.299999999999974,-0.12366249656624605,0.3464997832236133,0.47016227978985936,-0.17327489754969477,-0.011190461099583899,4.599999999999962,-0.6930995901987704,-0.25894418652396234
101,10,1,sharedreward,multi-echo,fmriprep,sr_decision_partner_extra,Computer-Stranger,6.0,-0.06793836176121297,0.11647542389446161,0.0,-0.40763017056727496,0.08129544401224165,0.4889256145795166,-0.07226863053857813,0.0026864060575504944,7.199999999999953,-0.2890745221543089,-0.10886484622353138
101,10,1,sharedreward,multi-echo,fmriprep,sr_outcome_primary,Reward-Neutral,5.200000000000017,-0.21728894450392017,-0.10869679561062953,0.0,-1.1299025114203762,0.0,1.1299025114203762,-0.18871553159538626,-0.0285891416753645,7.99999999999995,-0.7548621263815356,-0.17307942017091785
101,10,1,sharedreward,multi-echo,fmriprep,sr_outcome_primary,Punish-Neutral,5.200000000000017,-0.23372261167843428,-0.025505955119970586,5.19999999999996,-1.215357580727849,0.0,1.215357580727849,-0.0894792085053312,0.0490062091120314,7.99999999999995,-0.35791683402132035,-0.08602182800546308
101,10,1,sharedreward,multi-echo,fmriprep,sr_outcome_primary,Reward-Punish,5.200000000000017,0.016433667174514024,0.2189925384180478,0.9999999999999752,0.08545506930747226,0.4198741179864587,0.3344190486789865,-0.09923632309005505,0.0568542459715642,7.0999999999999535,-0.39694529236021525,-0.08705759216545478
101,10,1,sharedreward,multi-echo,fmriprep,sr_decision_by_future_outcome_extra,Reward-Neutral,6.0,-0.07183986460398684,0.047078680859260404,3.6999999999999655,-0.43103918762391796,0.03287009729136052,0.46390928491527844,-0.168984803717122,-0.002579761883269239,4.0,-0.6759392148684795,-0.115606107181223
101,10,1,sharedreward,multi-echo,fmriprep,sr_decision_by_future_outcome_extra,Punish-Neutral,6.0,-0.14784046598432518,0.0405875205385336,1.0999999999999748,-0.8870427959059447,0.02315287465749491,0.9101956705634398,-0.23096189994622737,-0.16091878709889568,7.99999999999995,-0.923847599784898,-0.20673291215305603
101,10,1,sharedreward,multi-echo,fmriprep,sr_decision_by_future_outcome_extra,Reward-Punish,6.0,0.07600060138033833,0.2418090403177437,3.599999999999966,0.45600360828202674,0.4997936585604068,0.04379005027838006,0.061977096229105404,0.20924245852360118,4.0,0.24790838491641853,0.09112680497183305
101,10,1,sharedreward,multi-echo,tedana,sr_decision_partner_extra,Computer-Stranger,6.0,-0.1064023596538124,0.09335266667780995,0.0,-0.6384141579228698,0.029087260138545165,0.667501418061415,-0.08095905350423031,0.0107880131144257,7.199999999999953,-0.3238362140169172,-0.11281566485662894
101,10,1,sharedreward,multi-echo,tedana,sr_outcome_primary,Reward-Neutral,5.200000000000017,-0.12829969872325858,-0.059019153537604,2.7999999999999687,-0.6671584333609395,0.0,0.6671584333609395,-0.1414686351633216,-0.08427891425767771,7.299999999999953,-0.5658745406532794,-0.10421339736168389
101,10,1,sharedreward,multi-echo,tedana,sr_outcome_primary,Punish-Neutral,5.200000000000017,-0.23332216976564593,-0.014168182687174291,5.19999999999996,-1.2132752827813496,0.0,1.2132752827813496,-0.09662693114484469,-0.01176905844415499,5.3999999999999595,-0.38650772457937393,-0.07497703243653811
101,10,1,sharedreward,multi-echo,tedana,sr_outcome_primary,Reward-Punish,5.200000000000017,0.10502247104238743,0.3002219582230512,0.7999999999999758,0.5461168494204105,0.6938230258959872,0.14770617647557682,-0.04484170401847692,0.062551507615001,7.0999999999999535,-0.17936681607390545,-0.029236364925145777
101,10,1,sharedreward,multi-echo,tedana,sr_decision_by_future_outcome_extra,Reward-Neutral,6.0,-0.0279020715694328,0.07690567495994961,3.4999999999999662,-0.16741242941659562,0.12314255635201114,0.29055498576860683,-0.09689336072072018,0.011612138459761964,4.0,-0.3875734428828759,-0.06647707886103554
101,10,1,sharedreward,multi-echo,tedana,sr_decision_by_future_outcome_extra,Punish-Neutral,6.0,-0.14532071973543154,0.0657606165808766,1.0999999999999748,-0.871924318412583,0.0513079238123859,0.9232322422249689,-0.23809717856037968,-0.1389381543138392,7.99999999999995,-0.9523887142415068,-0.22959587736538262
101,10,1,sharedreward,multi-echo,tedana,sr_decision_by_future_outcome_extra,Reward-Punish,6.0,0.11741864816599872,0.2718050508471544,3.599999999999966,0.7045118889959873,0.7204410109444815,0.01592912194849424,0.1412038178396595,0.25591008014042793,4.0,0.564815271358631,0.16311879850434707
101,10,1,sharedreward,single-echo,fmriprep,sr_decision_partner_extra,Computer-Stranger,6.0,-0.021129652287077975,0.24019037000116908,0.0,-0.12677791372246694,0.17174768581754107,0.298525599540008,-0.13904241859304442,-0.048162407082819596,4.099999999999964,-0.5561696743721708,-0.18039226250497195
101,10,1,sharedreward,single-echo,fmriprep,sr_outcome_primary,Reward-Neutral,5.200000000000017,-0.33999949496433485,-0.18902044235644322,0.0,-1.7679973738145278,0.0,1.7679973738145278,-0.24065432060682762,-0.058184732337084405,7.499999999999952,-0.9626172824272985,-0.25013685004436353
101,10,1,sharedreward,single-echo,fmriprep,sr_outcome_primary,Punish-Neutral,5.200000000000017,-0.4563771191814879,-0.20398408118961497,5.19999999999996,-2.3731610197437187,0.0,2.3731610197437187,-0.21523055813913086,0.0987150251939478,7.99999999999995,-0.8609222325565128,-0.304615791373774
101,10,1,sharedreward,single-echo,fmriprep,sr_outcome_primary,Reward-Punish,5.200000000000017,0.11637762421715318,0.4167542569888425,1.299999999999974,0.6051636459291919,0.775422518206603,0.17025887227741102,-0.02542376246769672,0.0999288141977683,6.599999999999955,-0.10169504987078562,0.05447894132941045
101,10,1,sharedreward,single-echo,fmriprep,sr_decision_by_future_outcome_extra,Reward-Neutral,6.0,-0.07835718617945385,0.1999572542518845,1.299999999999974,-0.47014311707671974,0.23125477895784902,0.7013978960345688,-0.2827378826659192,-0.16984151092142688,4.0,-1.1309515306636628,-0.2902833224273828
101,10,1,sharedreward,single-echo,fmriprep,sr_decision_by_future_outcome_extra,Punish-Neutral,6.0,-0.10654587156665195,0.2515163882114593,1.3999999999999737,-0.6392752293999071,0.47028125806910237,1.1095564874690096,-0.4609967389320048,-0.28587391926952044,4.0,-1.8439869557279964,-0.5395503012586651
101,10,1,sharedreward,single-echo,fmriprep,sr_decision_by_future_outcome_extra,Reward-Punish,6.0,0.02818868538719811,0.2741817621151481,5.599999999999959,0.16913211232318745,0.5088685130812753,0.33973640075808786,0.17825885626608562,0.2741817621151481,5.599999999999959,0.7130354250643336,0.24926697883128235
101,10,1,sharedreward,single-echo,tedana,sr_decision_partner_extra,Computer-Stranger,6.0,-0.059898781793766925,0.16674749493458638,0.0,-0.359392690762599,0.07945370538854875,0.4388463961511478,-0.14377550715956208,-0.07475807059163521,4.299999999999963,-0.5751020286382412,-0.1847422626043802
101,10,1,sharedreward,single-echo,tedana,sr_outcome_primary,Reward-Neutral,5.200000000000017,-0.22230671700294533,-0.1378168501976755,5.19999999999996,-1.1559949284153068,0.0,1.1559949284153068,-0.1716454075026003,-0.0955416863346485,7.299999999999953,-0.6865816300103926,-0.17960786389377567
101,10,1,sharedreward,single-echo,tedana,sr_outcome_primary,Punish-Neutral,5.200000000000017,-0.4308998376172987,-0.1587583019444942,5.19999999999996,-2.240679155609936,0.0,2.240679155609936,-0.21772102659830656,-0.007138049669052293,7.99999999999995,-0.8708841063932153,-0.30094881190136435
101,10,1,sharedreward,single-echo,tedana,sr_outcome_primary,Reward-Punish,5.200000000000017,0.2085931206143534,0.476228385402292,1.0999999999999748,1.0846842271946293,1.0846842271946293,0.0,0.046075619095706254,0.1537390263454114,6.499999999999956,0.1843024763828227,0.12134094800758863
101,10,1,sharedreward,single-echo,tedana,sr_decision_by_future_outcome_extra,Reward-Neutral,6.0,-0.03754707387452606,0.2823874752625654,1.299999999999974,-0.2252824432471548,0.430037057772212,0.6553195010193668,-0.2067470624653295,-0.1175068159614351,6.999999999999954,-0.8269882498613077,-0.21790174523735167
101,10,1,sharedreward,single-echo,tedana,sr_decision_by_future_outcome_extra,Punish-Neutral,6.0,-0.1138368282030402,0.28452917300113567,1.299999999999974,-0.6830209692182363,0.5736552976711762,1.2566762668894127,-0.460951852462481,-0.2920361567530092,7.99999999999995,-1.843807409849901,-0.5277036634569304
101,10,1,sharedreward,single-echo,tedana,sr_decision_by_future_outcome_extra,Reward-Punish,6.0,0.07628975432851415,0.3363824210008934,4.999999999999961,0.4577385259710816,0.6490161861023506,0.191277660131269,0.2542047899971515,0.3363824210008934,4.999999999999961,1.0168191599885934,0.3098019182195787
101,10,2,sharedreward,multi-echo,fmriprep,sr_decision_partner_extra,Computer-Stranger,6.0,0.022731341476880385,0.16893250719380598,0.0,0.13638804886128134,0.2832252379147807,0.14683718905349935,-0.05333964608243233,-0.0126418268672025,7.899999999999951,-0.21335858432972665,-0.06790544736131203
101,10,2,sharedreward,multi-echo,fmriprep,sr_outcome_primary,Reward-Neutral,5.1980000000000075,-0.014731470001858827,0.0731808163262848,2.7999999999999687,-0.0765741810696623,0.1111597302884532,0.1877339113581155,-0.15351399172829241,0.003954006971066296,4.0,-0.614055966913162,-0.13833260283413715
101,10,2,sharedreward,multi-echo,fmriprep,sr_outcome_primary,Punish-Neutral,5.1980000000000075,-0.139584547998255,-0.0193010957901397,4.299999999999963,-0.7255604804949306,0.0,0.7255604804949306,-0.13738770465833422,-0.0193010957901397,4.299999999999963,-0.54955081863333,-0.11349790366274327
101,10,2,sharedreward,multi-echo,fmriprep,sr_outcome_primary,Reward-Punish,5.1980000000000075,0.12485307799639621,0.2234999474806467,2.2999999999999705,0.6489862994252684,0.6926651199698102,0.04367882054454181,-0.01612628706995821,0.12129496459347079,7.99999999999995,-0.06450514827983203,-0.024834699171393877
101,10,2,sharedreward,multi-echo,fmriprep,sr_decision_by_future_outcome_extra,Reward-Neutral,6.0,0.01559512181446406,0.1614249097026348,1.899999999999972,0.09357073088678369,0.21710285147394773,0.12353212058716403,0.026242619484243883,0.1276623598693522,7.599999999999952,0.10497047793697423,-0.009118818735921642
101,10,2,sharedreward,multi-echo,fmriprep,sr_decision_by_future_outcome_extra,Punish-Neutral,6.0,-0.10191735246355346,0.0640696854935674,1.9999999999999716,-0.6115041147813164,0.04474454549641271,0.656248660277729,-0.15097596552311876,-0.0441419564452437,7.599999999999952,-0.6039038620924675,-0.1921907876123781
101,10,2,sharedreward,multi-echo,fmriprep,sr_decision_by_future_outcome_extra,Reward-Punish,6.0,0.11751247427801753,0.2164698704773817,3.799999999999965,0.7050748456681002,0.7323762788338513,0.02730143316575114,0.17721858500736262,0.20614030874772038,4.0,0.7088743400294417,0.18307196887645646
101,10,2,sharedreward,multi-echo,tedana,sr_decision_partner_extra,Computer-Stranger,6.0,0.0043544242524615655,0.1142884773963159,2.699999999999969,0.026126545514769207,0.21153348516610232,0.18540693965133312,-0.07614938021369899,-0.023450771293137326,4.0,-0.3045975208547922,-0.09497101245654213
101,10,2,sharedreward,multi-echo,tedana,sr_outcome_primary,Reward-Neutral,5.1980000000000075,-0.036268760707650574,0.0681904321653895,2.5999999999999694,-0.18852501815836795,0.08269908739560257,0.2712241055539705,-0.2354488408733982,-0.06074621198220927,4.0,-0.9417953634935812,-0.2334086142871462
101,10,2,sharedreward,multi-echo,tedana,sr_outcome_primary,Punish-Neutral,5.1980000000000075,-0.1483349805733278,-0.07016206065882757,0.0,-0.771045229020159,0.0,0.771045229020159,-0.2010736058013866,-0.10519119537349463,4.0,-0.8042944232055365,-0.18137155055716006
101,10,2,sharedreward,multi-echo,tedana,sr_outcome_primary,Reward-Punish,5.1980000000000075,0.11206621986567725,0.2250414637790107,2.2999999999999705,0.5825202108617912,0.6215401640324094,0.039019953170618286,-0.03437523507201164,0.0910352088076668,7.99999999999995,-0.13750094028804483,-0.05203706372998616
101,10,2,sharedreward,multi-echo,tedana,sr_decision_by_future_outcome_extra,Reward-Neutral,6.0,0.04819853330786869,0.2017255537750069,1.899999999999972,0.2891911998472101,0.32510310522108343,0.03591190537387331,0.026408744517625603,0.07683742281903079,7.599999999999952,0.1056349780705011,0.011166019149054669
101,10,2,sharedreward,multi-echo,tedana,sr_decision_by_future_outcome_extra,Punish-Neutral,6.0,-0.027035826072364467,0.1450850669578208,1.9999999999999716,-0.16221495643418565,0.22303202080352766,0.38524697723771334,-0.13142318479978496,-0.1015112772670099,7.599999999999952,-0.5256927391991333,-0.17010397293292995
101,10,2,sharedreward,multi-echo,tedana,sr_decision_by_future_outcome_extra,Reward-Punish,6.0,0.07523435938023317,0.1812699920819808,5.999999999999957,0.45140615628139574,0.49026535188598735,0.038859195604591626,0.15783192931741055,0.2045133793661222,6.499999999999956,0.6313277172696343,0.18126999208198463
101,10,2,sharedreward,single-echo,fmriprep,sr_decision_partner_extra,Computer-Stranger,6.0,0.055800527253145944,0.2193836455637856,0.0,0.3348031635188733,0.3925916258522686,0.05778846233339528,-0.06728255505550512,0.035619082477233374,4.0,-0.26913022022201716,-0.1089930033710373
101,10,2,sharedreward,single-echo,fmriprep,sr_outcome_primary,Reward-Neutral,5.1980000000000075,0.07597270631080426,0.3675107270401884,1.6999999999999726,0.39490612740356107,0.6364346930864451,0.24152856568288397,-0.11066319277067348,-0.041382511437804394,5.799999999999958,-0.4426527710826884,-0.04301575560887458
101,10,2,sharedreward,single-echo,fmriprep,sr_outcome_primary,Punish-Neutral,5.1980000000000075,0.03734710861525946,0.1876884884636267,3.4999999999999662,0.19413027058211893,0.45933544997273246,0.2652051793906135,-0.204878141676475,0.15498827742913396,4.0,-0.8195125667058898,-0.25692390394654846
101,10,2,sharedreward,single-echo,fmriprep,sr_outcome_primary,Reward-Punish,5.1980000000000075,0.03862559769554479,0.35595187868377454,0.5999999999999766,0.20077585682144214,0.675394093888119,0.4746182370666769,0.09421494890580151,0.33422169661403456,6.899999999999954,0.3768597956232014,0.21390814833767385
101,10,2,sharedreward,single-echo,fmriprep,sr_decision_by_future_outcome_extra,Reward-Neutral,6.0,0.0507341646601041,0.3257745848572654,5.899999999999958,0.30440498796062243,0.5873063944801392,0.2829014065195167,0.18430326980042144,0.3283126974217009,6.199999999999957,0.7372130792016766,0.3229810018398973
101,10,2,sharedreward,single-echo,fmriprep,sr_decision_by_future_outcome_extra,Punish-Neutral,6.0,-0.11859637240440592,0.12463239221307548,5.899999999999958,-0.7115782344264304,0.1125200841069196,0.8240983185333501,0.03968180127385238,0.1828449476421031,7.599999999999952,0.15872720509540755,0.11963390983144946
101,10,2,sharedreward,single-echo,fmriprep,sr_decision_by_future_outcome_extra,Reward-Punish,6.0,0.16933053706451,0.3215957081072887,3.799999999999965,1.0159832223870529,1.0770556504725806,0.061072428085527646,0.14462146852656904,0.3070520202714814,4.0,0.578485874106269,0.20334709200844786
101,10,2,sharedreward,single-echo,tedana,sr_decision_partner_extra,Computer-Stranger,6.0,0.018586298871871892,0.13039000178286742,3.0999999999999677,0.11151779323123055,0.24041605627714369,0.1288982630459131,-0.09950581201851123,0.047455056873617,4.0,-0.39802324807404,-0.1555560319228507
101,10,2,sharedreward,single-echo,tedana,sr_outcome_primary,Reward-Neutral,5.1980000000000075,0.05025463882164052,0.3827377859902666,1.6999999999999726,0.2612236125948878,0.6143605667052667,0.3531369541103788,-0.1393184003661051,-0.062008564662287595,7.99999999999995,-0.5572736014644135,-0.08924683110591618
101,10,2,sharedreward,single-echo,tedana,sr_outcome_primary,Punish-Neutral,5.1980000000000075,0.005841827432304037,0.1307735710745487,2.49999999999997,0.03036581899311643,0.287537615295151,0.2571717963020345,-0.20439484909495087,0.061129242905094486,4.0,-0.8175793963797933,-0.2495116485943831
101,10,2,sharedreward,single-echo,tedana,sr_outcome_primary,Reward-Punish,5.1980000000000075,0.04441281138933648,0.3143937210150431,0.9999999999999752,0.2308577936017714,0.6210604315758446,0.3902026379740732,0.06507644872884576,0.2752257769793609,6.899999999999954,0.2603057949153798,0.1602648174884669
101,10,2,sharedreward,single-echo,tedana,sr_decision_by_future_outcome_extra,Reward-Neutral,6.0,0.032145571453943006,0.3229210424232545,5.899999999999958,0.19287342872365665,0.5288149683825842,0.3359415396589276,0.16330934497463676,0.32814889916750073,6.199999999999957,0.6532373798985389,0.3212388755555121
101,10,2,sharedreward,single-echo,tedana,sr_decision_by_future_outcome_extra,Punish-Neutral,6.0,-0.06335818825036242,0.10781021727941481,1.1999999999999744,-0.38014912950217183,0.20940265197985097,0.5895517814820228,0.02826349038456585,0.1210376229084765,7.599999999999952,0.113053961538262,0.08797183484978564
101,10,2,sharedreward,single-echo,tedana,sr_decision_by_future_outcome_extra,Reward-Punish,6.0,0.09550375970430544,0.23326704070572152,5.999999999999957,0.5730225582258286,0.6453473027427126,0.07232474451688393,0.13504585459007093,0.2519129110160676,6.199999999999957,0.540183418360277,0.23326704070572646
101,11,1,mid,multi-echo,fmriprep,mid_anticipation_primary,Reward-Neutral,5.022499999999994,-0.058623044104633086,0.03395195428090699,0.0,-0.2944342390155193,0.009920765602493109,0.30435500461801246,-0.026402122071393107,0.012837809366028099,5.899999999999958,-0.10560848828557111,0.005343872906772474
101,11,1,mid,multi-echo,fmriprep,mid_feedback_extra,Positive-Negative,5.9923,-0.03751678479710502,0.0716135014866079,0.6999999999999762,-0.2248118295396924,0.09788355416785414,0.3226953837075465,-0.020143921835815756,0.11678419203934809,7.299999999999953,-0.08057568734326202,-0.013765791963159316
101,11,1,mid,multi-echo,tedana,mid_anticipation_primary,Reward-Neutral,5.022499999999994,-0.01823656032136291,0.047947776463639714,0.0,-0.09159312421404511,0.0235125256478738,0.11510564986191893,0.001345473776638214,0.0383127289842725,5.899999999999958,0.005381895106552789,0.03037285057859787
101,11,1,mid,multi-echo,tedana,mid_feedback_extra,Positive-Negative,5.9923,-0.005212257505340901,0.05825828307961366,5.9923,-0.03123341064925428,0.10606602210646145,0.13729943275571574,0.03965534594997827,0.16219877687095352,7.0999999999999535,0.15862138379991111,0.05965787527077695
101,11,1,mid,single-echo,fmriprep,mid_anticipation_primary,Reward-Neutral,5.022499999999994,-0.13555753734824466,0.1117637390189116,0.2999999999999776,-0.6808377313315579,0.11444086906976544,0.7952786004013235,-0.17353458924285933,-0.061063910866589695,5.599999999999959,-0.6941383569714287,-0.08856855180232454
101,11,1,mid,single-echo,fmriprep,mid_feedback_extra,Positive-Negative,5.9923,-0.11085434158412248,0.0141419570979226,2.7999999999999687,-0.6642724710745371,0.006296434200899308,0.6705689052754364,-0.09797861968562147,0.12854857982865958,7.299999999999953,-0.391914478742481,-0.13523110604467664
101,11,1,mid,single-echo,tedana,mid_anticipation_primary,Reward-Neutral,5.022499999999994,-0.06732996264749934,0.1332982733891121,0.2999999999999776,-0.338164737397065,0.15877859167660083,0.49694332907366584,-0.09673072970604464,0.01551611413501,5.499999999999959,-0.38692291882417373,-0.014901707778430986
101,11,1,mid,single-echo,tedana,mid_feedback_extra,Positive-Negative,5.9923,-0.05261622159545966,0.09128754618805221,2.7999999999999687,-0.3152921846664729,0.10336899449219428,0.41866117915866724,-0.024509014348343683,0.160506986229379,7.0999999999999535,-0.09803605739337351,-0.048075123929657244
101,11,2,mid,multi-echo,fmriprep,mid_anticipation_primary,Reward-Neutral,5.023499999999984,0.010722865071508401,0.13424515263502743,5.023499999999984,0.05386631268672229,0.2061221616316417,0.1522558489449194,0.1185672952589828,0.2350694180135895,5.699999999999958,0.4742691810359253,0.2183905574015843
101,11,2,mid,multi-echo,fmriprep,mid_feedback_extra,Positive-Negative,5.985000000000014,0.14189383821731974,0.26132444510949093,2.199999999999971,0.8492346217306606,0.8829316101173572,0.03369698838669668,0.10667286633011108,0.1430912228801974,4.999999999999961,0.426691465320439,0.12345240104728539
101,11,2,mid,multi-echo,tedana,mid_anticipation_primary,Reward-Neutral,5.023499999999984,0.03396917228695762,0.1366730400485202,2.49999999999997,0.1706441369835311,0.27206750006923147,0.10142336308570038,0.10015827532096744,0.212445079572031,5.699999999999958,0.40063310128386476,0.18788663267968875
101,11,2,mid,multi-echo,tedana,mid_feedback_extra,Positive-Negative,5.985000000000014,0.11569777438715582,0.2692260501925903,2.2999999999999705,0.6924511797071292,0.7605351257930751,0.06808394608594584,0.08654164764270544,0.109313481255056,6.099999999999957,0.34616659057081745,0.10917860475371147
101,11,2,mid,single-echo,fmriprep,mid_anticipation_primary,Reward-Neutral,5.023499999999984,-0.0093456678264162,0.1267413021315619,5.023499999999984,-0.04694796232600163,0.11370273525023251,0.16065069757623415,0.15792520248709999,0.283480598068728,5.799999999999958,0.6317008099483921,0.2750094153662444
101,11,2,mid,single-echo,fmriprep,mid_feedback_extra,Positive-Negative,5.985000000000014,0.24495799647535552,0.4803879798003498,1.599999999999973,1.4660736089050062,1.4693350131925724,0.003261404287566408,0.041627095279437566,0.2484081933975777,4.599999999999962,0.16650838111774818,-0.036386756409671664
101,11,2,mid,single-echo,tedana,mid_anticipation_primary,Reward-Neutral,5.023499999999984,0.022380084930717647,0.1256262900920178,5.023499999999984,0.11242635664945974,0.21382043382498173,0.10139407717552197,0.14985871891072508,0.280050019655671,5.799999999999958,0.5994348756428929,0.26617133002158033
101,11,2,mid,single-echo,tedana,mid_feedback_extra,Positive-Negative,5.985000000000014,0.21614116949766007,0.4714150428649795,1.6999999999999726,1.2936048994434985,1.3011984454135783,0.007593545970079786,0.02133175246667167,0.18954807239653032,4.599999999999962,0.08532700986668562,-0.034393559581703766
101,11,1,sharedreward,multi-echo,fmriprep,sr_decision_partner_extra,Computer-Stranger,6.0,-0.01775335044616958,0.0803190422761974,5.19999999999996,-0.10652010267701673,0.13762458219041032,0.24414468486742708,0.002419868395147553,0.0803190422761974,5.19999999999996,0.009679473580590093,0.011403806959294936
101,11,1,sharedreward,multi-echo,fmriprep,sr_outcome_primary,Reward-Neutral,5.200999999999993,-0.054025064801865384,0.05103551519079083,5.200999999999993,-0.2809843620345015,0.009550354434132696,0.2905347164686342,0.04607675917046307,0.1230300570012871,6.299999999999956,0.18430703668184997,0.10671157834664169
101,11,1,sharedreward,multi-echo,fmriprep,sr_outcome_primary,Punish-Neutral,5.200999999999993,-0.12987268030251212,0.071227678274036,0.0,-0.6754678102533647,0.011670327392370469,0.6871381376457351,-0.017150664268597158,0.1592783334108818,6.7999999999999545,-0.06860265707438779,0.0026335535196182576
101,11,1,sharedreward,multi-echo,fmriprep,sr_outcome_primary,Reward-Punish,5.200999999999993,0.07584761550064673,0.21014512043942218,5.19999999999996,0.3944834482188631,0.4176911684265951,0.023207720207732006,0.06322742343906022,0.21014512043942218,5.19999999999996,0.25290969375623773,0.10407802482702343
101,11,1,sharedreward,multi-echo,fmriprep,sr_decision_by_future_outcome_extra,Reward-Neutral,6.0,0.07021959147958586,0.2771085048768666,0.0,0.42131754887751216,0.587029128371686,0.1657115794941738,-0.10820614097758595,-0.023739191175654546,4.0,-0.4328245639103384,-0.0738125785322345
101,11,1,sharedreward,multi-echo,fmriprep,sr_decision_by_future_outcome_extra,Punish-Neutral,6.0,0.13883872950281428,0.3081460883144157,1.0999999999999748,0.8330323770168797,1.0056307593105536,0.17259838229367364,-0.13755914399724456,0.08199599089538458,4.0,-0.5502365759889714,-0.15694060766971166
101,11,1,sharedreward,multi-echo,fmriprep,sr_decision_by_future_outcome_extra,Reward-Punish,6.0,-0.06861913802322842,0.0831280291374746,5.999999999999957,-0.4117148281393676,0.04680468481647143,0.4585195129558391,0.029353003019658597,0.0923420751059127,6.399999999999956,0.11741201207863293,0.08312802913747716
101,11,1,sharedreward,multi-echo,tedana,sr_decision_partner_extra,Computer-Stranger,6.0,-0.05607404223166612,0.04257364102985202,0.0,-0.33644425338999434,0.036098777349777914,0.3725430307397722,-0.024483722688988845,0.032119648785714404,5.29999999999996,-0.09793489075595416,-0.00024006172671260716
101,11,1,sharedreward,multi-echo,tedana,sr_outcome_primary,Reward-Neutral,5.200999999999993,0.021852813386551304,0.127376044815492,5.200999999999993,0.11365648242345319,0.17041321822105035,0.056756735797597144,0.10061027542290782,0.1497697915104502,5.499999999999959,0.4024411016916263,0.13896582924880033
101,11,1,sharedreward,multi-echo,tedana,sr_outcome_primary,Punish-Neutral,5.200999999999993,-0.04903361359633368,0.12314877993293584,0.0,-0.25502382431453113,0.06264763852883094,0.31767146284336206,0.026721581278080477,0.1607684293849583,6.699999999999955,0.10688632511232057,0.032961929597108704
101,11,1,sharedreward,multi-echo,tedana,sr_outcome_primary,Reward-Punish,5.200999999999993,0.07088642698288501,0.217688094608792,5.19999999999996,0.36868030673798446,0.47036263588020377,0.10168232914221931,0.07388869414482735,0.217688094608792,5.19999999999996,0.29555477657930573,0.10600389965169162
101,11,1,sharedreward,multi-echo,tedana,sr_decision_by_future_outcome_extra,Reward-Neutral,6.0,0.05567347491934419,0.19645999873825912,0.0,0.3340408495160628,0.4091454234357288,0.07510457391966602,-0.039857322319300774,0.005982241629795302,6.299999999999956,-0.15942928927720112,-0.007430917332678887
101,11,1,sharedreward,multi-echo,tedana,sr_decision_by_future_outcome_extra,Punish-Neutral,6.0,0.15986737083220504,0.29274743806342707,1.0999999999999748,0.9592042249932234,1.0152372597278068,0.05603303473458321,-0.05281466933562002,0.12821340768976944,4.0,-0.21125867734247744,-0.06631359513952137
101,11,1,sharedreward,multi-echo,tedana,sr_decision_by_future_outcome_extra,Reward-Punish,6.0,-0.10419389591286086,0.0588826778068396,5.999999999999957,-0.6251633754771607,0.024464634577071605,0.6496280100542322,0.012957347016319244,0.0766731137189659,7.99999999999995,0.05182938806527633,0.05888267780684248
101,11,1,sharedreward,single-echo,fmriprep,sr_decision_partner_extra,Computer-Stranger,6.0,-0.044474619614978776,0.0895550268229632,0.4999999999999769,-0.26684771768987076,0.09571659315241586,0.3625643108422865,-0.009675505408429137,0.0714861779717533,7.99999999999995,-0.03870202163371607,-0.0023096556668273692
101,11,1,sharedreward,single-echo,fmriprep,sr_outcome_primary,Reward-Neutral,5.200999999999993,-0.12518324674321757,0.060287873678817584,0.0,-0.6510780663114738,0.023817777700556205,0.6748958440120301,0.02630599891758767,0.1780229113954217,6.699999999999955,0.10522399567034937,0.04471688046084315
101,11,1,sharedreward,single-echo,fmriprep,sr_outcome_primary,Punish-Neutral,5.200999999999993,-0.14318653795879285,0.1383885347307877,0.0,-0.7447131839236807,0.08400175827554214,0.8287149421992228,0.04846438806910585,0.3450783742575222,6.699999999999955,0.19385755227642099,0.09660482989133538
101,11,1,sharedreward,single-echo,fmriprep,sr_outcome_primary,Reward-Punish,5.200999999999993,0.018003291215575284,0.1291184695777632,4.599999999999962,0.09363511761220694,0.2160450899426862,0.12240997233047932,-0.022158389151518187,0.1291184695777632,4.599999999999962,-0.08863355660607165,-0.05188794943049223
101,11,1,sharedreward,single-echo,fmriprep,sr_decision_by_future_outcome_extra,Reward-Neutral,6.0,0.11539347553372924,0.3528186662424072,1.599999999999973,0.6923608532023705,0.8882466513885523,0.19588579818618182,-0.1750101213799176,0.007936393445586096,4.299999999999963,-0.7000404855196617,-0.22014097003931415
101,11,1,sharedreward,single-echo,fmriprep,sr_decision_by_future_outcome_extra,Punish-Neutral,6.0,0.22198350154407057,0.4740434308244052,1.7999999999999725,1.331901009264414,1.440501750600442,0.10860074133602811,-0.13839181610685114,0.17883622790566256,4.0,-0.5535672644273977,-0.19901907208470965
101,11,1,sharedreward,single-echo,fmriprep,sr_decision_by_future_outcome_extra,Reward-Punish,6.0,-0.10659002601034129,0.20038415498611772,0.0,-0.6395401560620432,0.08589003984484442,0.7254301959068877,-0.03661830527306645,0.1081888207546966,7.99999999999995,-0.14647322109226396,-0.021121897954604528
101,11,1,sharedreward,single-echo,tedana,sr_decision_partner_extra,Computer-Stranger,6.0,-0.09719968635631016,0.1175726159647227,0.2999999999999776,-0.5831981181378568,0.09854982161477066,0.6817479397526275,-0.05812929393101278,0.056916282548662905,7.99999999999995,-0.23251717572404823,-0.03061880344531411
101,11,1,sharedreward,single-echo,tedana,sr_outcome_primary,Reward-Neutral,5.200999999999993,-0.07580583123962197,0.08802336386763633,5.200999999999993,-0.3942661282772733,0.042442135181731594,0.436708263459005,0.09986663811473397,0.22857296839675728,6.699999999999955,0.3994665524589309,0.11248318093875977
101,11,1,sharedreward,single-echo,tedana,sr_outcome_primary,Punish-Neutral,5.200999999999993,-0.11429834828616234,0.1281949284871109,0.0,-0.5944657094363296,0.09332809189619104,0.6877938013325207,0.11097453404692781,0.3864005134849756,6.699999999999955,0.44389813618770574,0.16863665901503003
101,11,1,sharedreward,single-echo,tedana,sr_outcome_primary,Reward-Punish,5.200999999999993,0.03849251704654037,0.1547011120166284,3.999999999999965,0.20019958115905623,0.3632226613991278,0.16302308024007164,-0.01110789593219386,0.15470111201662767,4.0,-0.044431583728774884,-0.05615347807627026
101,11,1,sharedreward,single-echo,tedana,sr_decision_by_future_outcome_extra,Reward-Neutral,6.0,0.08218415600327476,0.285145024691521,1.599999999999973,0.49310493601964506,0.683459417504776,0.19035448148513112,-0.14818652107181193,0.007379678375590705,4.299999999999963,-0.5927460842872404,-0.21130099242534348
101,11,1,sharedreward,single-echo,tedana,sr_decision_by_future_outcome_extra,Punish-Neutral,6.0,0.1942040962667259,0.4359613666952945,1.6999999999999726,1.1652245776003471,1.280596616709991,0.11537203910964369,-0.12403077415628262,0.17465340631103307,4.0,-0.4961230966251243,-0.19771686698849264
101,11,1,sharedreward,single-echo,tedana,sr_decision_by_future_outcome_extra,Reward-Punish,6.0,-0.11201994026345115,0.17863886587274577,0.0,-0.6721196415807021,0.06730106260259922,0.7394207041833013,-0.024155746915529335,0.14405091799923347,7.99999999999995,-0.09662298766211613,-0.013584125436850843
101,11,2,sharedreward,multi-echo,fmriprep,sr_decision_partner_extra,Computer-Stranger,6.0,0.03214743382674852,0.14707762079545547,0.0,0.19288460296048973,0.31505481856593137,0.12217021560544167,0.07255003749737222,0.1159809327248191,6.099999999999957,0.2902001499894853,0.11420646917297196
101,11,2,sharedreward,multi-echo,fmriprep,sr_outcome_primary,Reward-Neutral,5.200000000000003,-0.04979162738973507,0.2022440390700426,5.099999999999961,-0.25891646242662036,0.15944366673876875,0.4183601291653891,0.2135627625498896,0.3471087819444253,7.299999999999953,0.8542510501995477,0.18531179131921688
101,11,2,sharedreward,multi-echo,fmriprep,sr_outcome_primary,Punish-Neutral,5.200000000000003,-0.005562756765767117,0.2155254259014611,5.099999999999961,-0.028926335181988786,0.18059447049595306,0.20952080567794185,0.22210807658574053,0.36846683210197684,7.299999999999953,0.888432306342951,0.16922543417491825
101,11,2,sharedreward,multi-echo,fmriprep,sr_outcome_primary,Reward-Punish,5.200000000000003,-0.044228870623967964,-0.0092640910312759,4.399999999999963,-0.22999012724463166,0.0,0.22999012724463166,-0.00854531403585093,0.0213686456138331,6.199999999999957,-0.034181256143403296,0.01608635714429861
101,11,2,sharedreward,multi-echo,fmriprep,sr_decision_by_future_outcome_extra,Reward-Neutral,6.0,-0.08000074414451709,0.06461309959454184,0.0,-0.48000446486709913,0.037709288043675376,0.5177137529107746,-0.09443702402034582,-0.0054717791762115,5.099999999999961,-0.37774809608137855,-0.09228835966312024
101,11,2,sharedreward,multi-echo,fmriprep,sr_decision_by_future_outcome_extra,Punish-Neutral,6.0,0.03066321860787932,0.1807475618186125,1.0999999999999748,0.1839793116472746,0.39339376527672043,0.20941445362944588,-0.044966384583548714,0.0767369965504177,5.099999999999961,-0.1798655383341926,-0.005084455502970135
101,11,2,sharedreward,multi-echo,fmriprep,sr_decision_by_future_outcome_extra,Reward-Punish,6.0,-0.1106639627523964,-0.05958967492962999,4.299999999999963,-0.6639837765143737,0.0,0.6639837765143737,-0.049470639436797116,0.0081933338162313,7.799999999999951,-0.197882557747186,-0.0872039041601501
101,11,2,sharedreward,multi-echo,tedana,sr_decision_partner_extra,Computer-Stranger,6.0,0.03588585610044718,0.19591906524220415,0.0,0.21531513660268153,0.38416560643376085,0.16885046983107926,0.07884129167582409,0.1378456382285507,5.899999999999958,0.3153651667032924,0.13470508081548355
101,11,2,sharedreward,multi-echo,tedana,sr_outcome_primary,Reward-Neutral,5.200000000000003,-0.04438222193988746,0.17809317585673912,5.099999999999961,-0.23078755408741303,0.14601307952797496,0.376800633615388,0.18209359761338229,0.2896045894700507,7.299999999999953,0.72837439045352,0.16194680517138443
101,11,2,sharedreward,multi-echo,tedana,sr_outcome_primary,Punish-Neutral,5.200000000000003,0.011486085667102955,0.202124515862311,5.099999999999961,0.05972764546893491,0.22656888737689304,0.16684124190795813,0.18000223650320987,0.2732445531302113,7.299999999999953,0.7200089460128305,0.12697519357533102
101,11,2,sharedreward,multi-echo,tedana,sr_outcome_primary,Reward-Punish,5.200000000000003,-0.05586830760699043,-0.023355669168783594,5.19999999999996,-0.290515199556348,0.0,0.290515199556348,0.002091361110172404,0.044550168768013196,6.7999999999999545,0.008365444440689512,0.03497161159605346
101,11,2,sharedreward,multi-echo,tedana,sr_decision_by_future_outcome_extra,Reward-Neutral,6.0,-0.042837067500593656,0.11436109150114299,0.0,-0.2570224050035601,0.12601291029368564,0.38303531529724577,-0.09193963022085214,-0.0253316217358045,5.099999999999961,-0.367758520883404,-0.09386970882183568
101,11,2,sharedreward,multi-echo,tedana,sr_decision_by_future_outcome_extra,Punish-Neutral,6.0,0.040154454749469576,0.2100081900159271,0.7999999999999758,0.24092672849681573,0.3942953974550677,0.15336866895825202,-0.040690540146056546,0.037834600374914304,5.099999999999961,-0.16276216058422416,-0.021022776158744958
101,11,2,sharedreward,multi-echo,tedana,sr_decision_by_future_outcome_extra,Reward-Punish,6.0,-0.08299152225006322,-0.026562986168929385,0.0,-0.4979491335003758,0.0,0.4979491335003758,-0.0512490900747956,-0.0352119469460282,7.699999999999951,-0.20499636029917984,-0.07284693266309072
101,11,2,sharedreward,single-echo,fmriprep,sr_decision_partner_extra,Computer-Stranger,6.0,0.05001518740998036,0.2181582385818657,3.6999999999999655,0.30009112445988,0.47518811398313704,0.17509698952325706,0.0765753321284923,0.21026455995434765,4.0,0.30630132851396535,0.03945264868427489
101,11,2,sharedreward,single-echo,fmriprep,sr_outcome_primary,Reward-Neutral,5.200000000000003,-0.04776065991408795,0.2477581565771867,5.099999999999961,-0.24835543155325543,0.1929474488758213,0.44130288042907684,0.2083209277278201,0.3279015403685857,7.299999999999953,0.8332837109112701,0.21473064892868646
101,11,2,sharedreward,single-echo,fmriprep,sr_outcome_primary,Punish-Neutral,5.200000000000003,0.0031013179650986786,0.3527750023579965,4.799999999999962,0.016126853418513006,0.5531906346899758,0.5370637812714627,0.23298450433127332,0.3527750023579965,4.799999999999962,0.9319380173250817,0.0744117130608311
101,11,2,sharedreward,single-echo,fmriprep,sr_outcome_primary,Reward-Punish,5.200000000000003,-0.05086197787918664,0.31027249534109136,0.1999999999999779,-0.2644822849717685,0.267970152717222,0.5324524376889904,-0.02466357660345324,0.14515610465601012,6.199999999999957,-0.09865430641381173,0.14031893586785535
101,11,2,sharedreward,single-echo,fmriprep,sr_decision_by_future_outcome_extra,Reward-Neutral,6.0,-0.022131338921853302,0.08345848769910535,0.0,-0.13278803353111887,0.030947477199661354,0.16373551073078024,-0.05168551218858342,0.0228943558389633,7.99999999999995,-0.2067420487543311,-0.08423399516607673
101,11,2,sharedreward,single-echo,fmriprep,sr_decision_by_future_outcome_extra,Punish-Neutral,6.0,0.03543946496503983,0.3082883857279427,1.599999999999973,0.21263678979023745,0.6287146429228143,0.4160778531325769,-0.0901119902775712,0.1853886681683522,7.99999999999995,-0.3604479611102803,-0.06613415277870259
101,11,2,sharedreward,single-echo,fmriprep,sr_decision_by_future_outcome_extra,Reward-Punish,6.0,-0.057570803886893146,0.2285682749318628,4.499999999999963,-0.34542482332135643,0.3368250817488918,0.6822499050702481,0.03842647808898778,0.2285682749318628,4.499999999999963,0.15370591235594921,-0.01809984238737413
101,11,2,sharedreward,single-echo,tedana,sr_decision_partner_extra,Computer-Stranger,6.0,0.03842242048979658,0.24408463576051587,0.0,0.23053452293877782,0.4605667063822941,0.23003218344351628,0.08446942680775646,0.18945054042747508,4.0,0.3378777072310216,0.04952353789108532
101,11,2,sharedreward,single-echo,tedana,sr_outcome_primary,Reward-Neutral,5.200000000000003,-0.1132754980580267,0.2139135870854818,5.099999999999961,-0.5890325899017343,0.1399574070267556,0.72898999692849,0.16813990062609652,0.272061619847516,7.199999999999953,0.6725596025043777,0.1875043111571083
101,11,2,sharedreward,single-echo,tedana,sr_outcome_primary,Punish-Neutral,5.200000000000003,-0.07263669349942689,0.2893153110117078,4.599999999999962,-0.37771080619701697,0.4210772388548128,0.7987880450518297,0.17327188731094012,0.2893153110117078,4.599999999999962,0.6930875492437518,0.015169007130104897
101,11,2,sharedreward,single-echo,tedana,sr_outcome_primary,Reward-Punish,5.200000000000003,-0.040638804558599834,0.3325373642750777,0.1999999999999779,-0.21132178370471752,0.309849338912641,0.5211711226173585,-0.005131986684843564,0.17486697891281322,6.199999999999957,-0.020527946739373998,0.17233530402700342
101,11,2,sharedreward,single-echo,tedana,sr_decision_by_future_outcome_extra,Reward-Neutral,6.0,0.0008599320237633956,0.1889396228374823,0.0,0.0051595921425803375,0.24473939321432064,0.23957980107174032,-0.13134535203289965,-0.033838549713387185,4.0,-0.5253814081315921,-0.16976214162229994
101,11,2,sharedreward,single-echo,tedana,sr_decision_by_future_outcome_extra,Punish-Neutral,6.0,0.013447000903105265,0.327299578884876,1.599999999999973,0.08068200541863102,0.7273806045046276,0.6466985990859968,-0.19005376724495218,0.09623914457085961,7.99999999999995,-0.7602150689797993,-0.18960421815084377
101,11,2,sharedreward,single-echo,tedana,sr_decision_by_future_outcome_extra,Reward-Punish,6.0,-0.012587068879341879,0.253701875178013,4.499999999999963,-0.07552241327605073,0.4324043224856456,0.5079267357616963,0.058708415212052535,0.253701875178013,4.499999999999963,0.23483366084820723,0.01984207652854385
103,1,1,mid,multi-echo,fmriprep,mid_anticipation_primary,Reward-Neutral,5.02310000000001,-0.008906807345636715,0.1099667192951389,4.799999999999962,-0.044739783977867875,0.1168642527306516,0.1616040367085195,0.0635947475492681,0.1099667192951389,4.799999999999962,0.2543789901970692,0.02973898192238651
103,1,1,mid,multi-echo,fmriprep,mid_feedback_extra,Positive-Negative,5.994199999999992,0.021016787512105197,0.16633447113714428,5.3999999999999595,0.1259788277050608,0.41813396170160194,0.29215513399654114,0.12968780726014434,0.16633447113714428,5.3999999999999595,0.5187512290405709,0.1646909527858156
103,1,1,mid,multi-echo,tedana,mid_anticipation_primary,Reward-Neutral,5.02310000000001,0.006887546191737609,0.0835343277703681,4.699999999999962,0.034596833275717255,0.10008246707616393,0.06548563380044668,0.03957498086801218,0.0835343277703681,4.699999999999962,0.15829992347204674,0.00171969125200337
103,1,1,mid,multi-echo,tedana,mid_feedback_extra,Positive-Negative,5.994199999999992,0.03848071992907682,0.13529430439829018,5.3999999999999595,0.23066113139887195,0.4409402167783834,0.2102790853795115,0.10502018639794727,0.13529430439829018,5.3999999999999595,0.4200807455917839,0.1257579101514613
103,1,1,mid,single-echo,fmriprep,mid_anticipation_primary,Reward-Neutral,5.02310000000001,-0.11883347681425205,0.42889985790267593,3.599999999999966,-0.5969124373856707,0.7230854015389645,1.319997838924635,0.17818418269495595,0.4061139909912243,4.0,0.7127367307798149,0.062143817632530275
103,1,1,mid,single-echo,fmriprep,mid_feedback_extra,Positive-Negative,5.994199999999992,-0.5233621979803446,-0.08787536393248051,1.4999999999999734,-3.137137687133777,0.0,3.137137687133777,-0.0845309935052162,0.7950319097796041,7.899999999999951,-0.3381239740208606,-0.1696884281065792
103,1,1,mid,single-echo,tedana,mid_anticipation_primary,Reward-Neutral,5.02310000000001,0.11469040323670218,0.7007652322495632,3.599999999999966,0.5761013644982799,1.3819284887862193,0.8058271242879396,0.0864844395528397,0.6219768738976926,4.0,0.34593775821135453,-0.12494185708669821
103,1,1,mid,single-echo,tedana,mid_feedback_extra,Positive-Negative,5.994199999999992,-0.23784472139034313,0.1977752355823478,1.6999999999999726,-1.425688828957993,0.271690092033057,1.6973789209910501,-0.24311598746165886,0.5067129919140329,7.99999999999995,-0.9724639498466233,-0.4014777039590344
103,1,2,mid,multi-echo,fmriprep,mid_anticipation_primary,Reward-Neutral,5.025999999999982,-0.09377180845320202,0.24057913600522482,0.0,-0.47129710928579166,0.09009955729251154,0.5613966665783032,-0.015300589505478128,0.0689292578339037,6.199999999999957,-0.06120235802191175,0.06633530396337957
103,1,2,mid,multi-echo,fmriprep,mid_feedback_extra,Positive-Negative,5.99199999999999,0.1652665580274025,0.38830918621111854,3.3999999999999666,0.9902772157001941,1.0057146830775414,0.015437467377347323,0.19243400483036655,0.26663532997239625,7.499999999999952,0.7697360193214566,0.19094711302869644
103,1,2,mid,multi-echo,tedana,mid_anticipation_primary,Reward-Neutral,5.025999999999982,-0.021715500095740872,0.2137063330720186,0.0,-0.10914210348119324,0.3602217623443127,0.46936386582550593,-0.12415147705736124,0.011330243893273199,6.399999999999956,-0.4966059082294388,-0.00709658795327688
103,1,2,mid,multi-echo,tedana,mid_feedback_extra,Positive-Negative,5.99199999999999,-0.019825703578770896,0.144485589500293,3.6999999999999655,-0.11879561584399502,0.18767300419976327,0.3064686200437583,-0.028206736437349146,0.13999834441258927,4.0,-0.11282694574939518,-0.10091909211200267
103,1,2,mid,single-echo,fmriprep,mid_anticipation_primary,Reward-Neutral,5.025999999999982,-1.1105169600603186,-0.1035260343678353,4.299999999999963,-5.5814582412631415,0.0,5.5814582412631415,-0.6993309002762914,-0.1035260343678353,4.299999999999963,-2.797323601105131,-0.8999420386821116
103,1,2,mid,single-echo,fmriprep,mid_feedback_extra,Positive-Negative,5.99199999999999,0.3855900159284197,0.9472346070390595,2.39999999999997,2.310455375443087,2.455704144142134,0.14524876869904718,0.8784929037561285,1.9555394129705381,7.499999999999952,3.5139716150244706,0.9459160192376869
103,1,2,mid,single-echo,tedana,mid_anticipation_primary,Reward-Neutral,5.025999999999982,-0.21890016052431593,-0.09418591728227582,2.0999999999999712,-1.100192206795208,0.0,1.100192206795208,-0.6852667200870074,-0.1491862058893611,4.699999999999962,-2.7410668803479954,-0.5585920255550937
103,1,2,mid,single-echo,tedana,mid_feedback_extra,Positive-Negative,5.99199999999999,-0.1588482893929468,0.2704861138182646,3.299999999999967,-0.9518189500425356,0.4349082000829012,1.386727150125437,-0.2847067828536165,0.1411612936820824,7.199999999999953,-1.1388271314144518,-0.4532613178376444
103,1,1,sharedreward,multi-echo,fmriprep,sr_decision_partner_extra,Computer-Stranger,6.0,-0.0408584789161936,0.0526191862652461,0.1999999999999779,-0.24515087349715983,0.03275095070345226,0.2779018242006121,-0.06410366090118787,0.0144937425075862,5.899999999999958,-0.2564146436047483,0.009987764529738728
103,1,1,sharedreward,multi-echo,fmriprep,sr_outcome_primary,Reward-Neutral,6.0,-0.14742444713611047,-0.0940007149694376,4.399999999999963,-0.8845466828166566,0.0,0.8845466828166566,-0.03465779045394581,0.2219672664753066,7.899999999999951,-0.13863116181578153,-0.1551164296892625
103,1,1,sharedreward,multi-echo,fmriprep,sr_outcome_primary,Punish-Neutral,6.0,-0.19226133594820705,-0.055157986099279695,5.999999999999957,-1.153568015689234,0.0,1.153568015689234,-0.030084908818813177,0.2759749896299081,7.99999999999995,-0.12033963527525121,-0.055157986099275635
103,1,1,sharedreward,multi-echo,fmriprep,sr_outcome_primary,Reward-Punish,6.0,0.04483688881209658,0.1511457367541471,2.39999999999997,0.26902133287257757,0.3877486751642294,0.1187273422916519,-0.0045728816351326435,0.1363547569220266,4.299999999999963,-0.018291526540530345,-0.09995844358998689
103,1,1,sharedreward,multi-echo,fmriprep,sr_decision_by_future_outcome_extra,Reward-Neutral,6.0,-0.10779975681164042,0.10222992257707807,0.0,-0.6467985408698379,0.020595358444945616,0.6673938993147835,-0.11133249259220965,-0.010899997123942587,7.499999999999952,-0.44532997036883304,-0.13491545117788462
103,1,1,sharedreward,multi-echo,fmriprep,sr_decision_by_future_outcome_extra,Punish-Neutral,6.0,-0.15459290802400175,0.1354144908457018,0.0,-0.9275574481440039,0.0371086852765529,0.9646661334205568,-0.1613778517806026,-0.048870320777520695,7.499999999999952,-0.6455114071224024,-0.25596192513191296
103,1,1,sharedreward,multi-echo,fmriprep,sr_decision_by_future_outcome_extra,Reward-Punish,6.0,0.04679315121236132,0.14161794884385992,2.7999999999999687,0.2807589072741659,0.32307039372378377,0.04231148644961781,0.05004535918839295,0.1251507816105859,6.099999999999957,0.2001814367535693,0.12104647395402834
103,1,1,sharedreward,multi-echo,tedana,sr_decision_partner_extra,Computer-Stranger,6.0,-0.004497889990944746,0.103937101180895,0.0999999999999783,-0.026987339945668286,0.15005075000399135,0.17703808994965964,-0.04824372868884853,-5.4307916577497894e-05,5.899999999999958,-0.19297491475539175,-0.0005666696982134008
103,1,1,sharedreward,multi-echo,tedana,sr_outcome_primary,Reward-Neutral,6.0,-0.14387526164877648,-0.0817467201228394,2.39999999999997,-0.8632515698926527,0.0,0.8632515698926527,-0.06199140686418308,0.054274161681675204,7.499999999999952,-0.24796562745672923,-0.10796748360018141
103,1,1,sharedreward,multi-echo,tedana,sr_outcome_primary,Punish-Neutral,6.0,-0.17991397721066865,-0.09667248251585671,2.999999999999968,-1.0794838632640043,0.0,1.0794838632640043,-0.1418044747891673,-0.002741613789415398,7.299999999999953,-0.5672178991566621,-0.12574570775883973
103,1,1,sharedreward,multi-echo,tedana,sr_outcome_primary,Reward-Punish,6.0,0.03603871556189218,0.1652088510083713,4.699999999999962,0.21623229337135152,0.33271273934742096,0.11648044597606946,0.07981306792498424,0.1652088510083713,4.699999999999962,0.319252271699933,0.017778224158658314
103,1,1,sharedreward,multi-echo,tedana,sr_decision_by_future_outcome_extra,Reward-Neutral,6.0,-0.09932669773290019,0.14340567278369976,0.0,-0.5959601863973969,0.05779642985681491,0.6537566162542118,-0.09343981901397702,-0.015606711892135104,7.499999999999952,-0.3737592760559034,-0.0846925536155405
103,1,1,sharedreward,multi-echo,tedana,sr_decision_by_future_outcome_extra,Punish-Neutral,6.0,-0.10097919576492045,0.10737133514843573,0.0,-0.6058751745895185,0.04688567631283402,0.6527608509023525,-0.11239463574475118,0.0262286975051196,7.399999999999952,-0.44957854297899913,-0.1880168961660448
103,1,1,sharedreward,multi-echo,tedana,sr_decision_by_future_outcome_extra,Reward-Punish,6.0,0.0016524980320202945,0.1042137218764059,5.799999999999958,0.009914988192121697,0.11887537429344688,0.10896038610132518,0.018954816730774184,0.1042137218764059,5.799999999999958,0.07581926692309579,0.10332434255050432
103,1,1,sharedreward,single-echo,fmriprep,sr_decision_partner_extra,Computer-Stranger,6.0,0.4093790408788238,0.9251640596170192,0.0,2.4562742452729256,2.5085252901995183,0.052251044926592966,0.020246930200150975,0.2671568541055554,5.899999999999958,0.08098772080060289,0.2660087398039284
103,1,1,sharedreward,single-echo,fmriprep,sr_outcome_primary,Reward-Neutral,6.0,-0.24806597027038882,0.23307963678893842,4.399999999999963,-1.4883958216223223,0.17877171986742296,1.6671675414897453,0.15119903683651265,0.5655158258329268,7.599999999999952,0.604796147346043,-0.1892935861152412
103,1,1,sharedreward,single-echo,fmriprep,sr_outcome_primary,Punish-Neutral,6.0,-0.6202627997168776,-0.20401167991068792,5.999999999999957,-3.721576798301239,0.0,3.721576798301239,-0.14789589019430655,0.35693138746268244,6.999999999999954,-0.5915835607772189,-0.20401167991064445
103,1,1,sharedreward,single-echo,fmriprep,sr_outcome_primary,Reward-Punish,6.0,0.3721968294464888,0.7988755563028681,4.599999999999962,2.233180976678917,2.2349902345058057,0.0018092578268888882,0.29909492703081925,0.7988755563028681,4.599999999999962,1.196379708123262,0.014718093795403226
103,1,1,sharedreward,single-echo,fmriprep,sr_decision_by_future_outcome_extra,Reward-Neutral,6.0,-0.18592897897585686,0.3069278335109141,1.1999999999999744,-1.1155738738551333,0.25838092719215205,1.3739548010472853,-0.36413423566094316,0.06641686917637962,7.99999999999995,-1.4565369426437544,-0.6618684306553905
103,1,1,sharedreward,single-echo,fmriprep,sr_decision_by_future_outcome_extra,Punish-Neutral,6.0,-0.33935475820620203,0.348946698928771,0.9999999999999752,-2.0361285492371977,0.37673776213776855,2.412866311374966,-0.7340824398516628,-0.3676087050534945,4.299999999999963,-2.9363297594066147,-1.0062066243387862
103,1,1,sharedreward,single-echo,fmriprep,sr_decision_by_future_outcome_extra,Reward-Punish,6.0,0.15342577923034523,0.46573895505695095,2.39999999999997,0.9205546753820648,1.1212616612442916,0.2007069858622268,0.3699482041907196,0.661816123400607,7.0999999999999535,1.47979281676286,0.34433819368339574
103,1,1,sharedreward,single-echo,tedana,sr_decision_partner_extra,Computer-Stranger,6.0,0.23480764453936906,0.5127652027913769,2.7999999999999687,1.4088458672362043,1.4199299823396223,0.011084115103418087,-0.07688135774786779,0.25183215626226507,4.0,-0.30752543099146734,-0.06436971033282278
103,1,1,sharedreward,single-echo,tedana,sr_outcome_primary,Reward-Neutral,6.0,-0.5182573686212962,-0.17583174740797292,4.699999999999962,-3.1095442117277554,0.0,3.1095442117277554,-0.2370693025474928,0.17949285371449322,7.99999999999995,-0.9482772101899595,-0.5178891887879357
103,1,1,sharedreward,single-echo,tedana,sr_outcome_primary,Punish-Neutral,6.0,-0.6169963491782534,-0.3194170385672761,0.0,-3.7019780950694945,0.0,3.7019780950694945,-0.4047742028224601,-0.0795849156056804,7.499999999999952,-1.6190968112898203,-0.48973436423654976
103,1,1,sharedreward,single-echo,tedana,sr_outcome_primary,Reward-Punish,6.0,0.09873898055695723,0.4885207397331603,4.899999999999961,0.5924338833417392,0.9479347331110927,0.3555008497693535,0.16770490027496718,0.4885207397331603,4.899999999999961,0.6708196010998604,-0.02815482455138597
103,1,1,sharedreward,single-echo,tedana,sr_decision_by_future_outcome_extra,Reward-Neutral,6.0,-0.3428318401603278,0.3016402533699618,1.0999999999999748,-2.056991040961952,0.3275578171668241,2.384548858128777,-0.569363594994635,-0.22533081598399382,7.99999999999995,-2.2774543799785114,-0.6141780612170813
103,1,1,sharedreward,single-echo,tedana,sr_decision_by_future_outcome_extra,Punish-Neutral,6.0,-0.3010401606863367,0.4211284686149005,0.1999999999999779,-1.8062409641180073,0.5200234089541788,2.326264373072186,-0.6746191344712086,-0.3572044823911398,4.299999999999963,-2.6984765378848006,-0.9044534319497334
103,1,1,sharedreward,single-echo,tedana,sr_decision_by_future_outcome_extra,Reward-Punish,6.0,-0.04179167947399113,0.29027537073264886,5.999999999999957,-0.250750076843945,0.2394962460339361,0.49024632287788117,0.10525553947657362,0.2976802170361799,6.099999999999957,0.4210221579062893,0.290275370732652
103,1,2,sharedreward,multi-echo,fmriprep,sr_decision_partner_extra,Computer-Stranger,6.0,0.007264758092413667,0.2670183348462239,0.3999999999999772,0.04358854855448169,0.5356901279378361,0.4921015793833545,-0.0856511395455319,0.0029515662209341972,6.899999999999954,-0.3426045581821233,-0.033638050749437466
103,1,2,sharedreward,multi-echo,fmriprep,sr_outcome_primary,Reward-Neutral,6.0,0.3065002326568597,0.42210399554900846,1.7999999999999725,1.839001395941145,1.839001395941145,0.0,0.13195495673220256,0.3941397701101378,4.0,0.5278198269288037,0.11338805610050856
103,1,2,sharedreward,multi-echo,fmriprep,sr_outcome_primary,Punish-Neutral,6.0,0.14943909303817593,0.313770826615751,5.999999999999957,0.8966345582290491,0.8970670028869339,0.0004324446578847619,0.13272056576046298,0.3195914195618441,6.099999999999957,0.5308822630418454,0.3137708266157535
103,1,2,sharedreward,multi-echo,fmriprep,sr_outcome_primary,Reward-Punish,6.0,0.15706113961868381,0.3116395919354781,3.6999999999999655,0.9423668377120962,1.0529781271835168,0.11061128947142079,-0.0007656090282604309,0.2692060089665743,4.0,-0.0030624361130416854,-0.20038277051524492
103,1,2,sharedreward,multi-echo,fmriprep,sr_decision_by_future_outcome_extra,Reward-Neutral,6.0,0.15381800159831935,0.3221809821021213,5.999999999999957,0.9229080095899095,0.9229080095899095,0.0,0.3401420621396632,0.5370919013398767,7.199999999999953,1.360568248558636,0.32218098210212304
103,1,2,sharedreward,multi-echo,fmriprep,sr_decision_by_future_outcome_extra,Punish-Neutral,6.0,0.043798828298015666,0.1442899448135434,4.799999999999962,0.26279296978809213,0.3194788331737181,0.05668586338562598,0.10973123607454244,0.2079849117474036,7.199999999999953,0.4389249442981643,0.06543364556507728
103,1,2,sharedreward,multi-echo,fmriprep,sr_decision_by_future_outcome_extra,Reward-Punish,6.0,0.11001917330030364,0.2567473365370429,5.999999999999957,0.6601150398018172,0.672994832125978,0.012879792324160727,0.23041082606512073,0.34044116626072685,7.0999999999999535,0.9216433042604715,0.25674733653704573
103,1,2,sharedreward,multi-echo,tedana,sr_decision_partner_extra,Computer-Stranger,6.0,0.043297857237859824,0.1846531941571028,2.2999999999999705,0.2597871434271571,0.42254516319145907,0.16275801976430204,-0.04032384253637404,0.0219032324124411,7.99999999999995,-0.16129537014549417,-0.012365346808839125
103,1,2,sharedreward,multi-echo,tedana,sr_outcome_primary,Reward-Neutral,6.0,0.07567083088372056,0.1929812587063714,4.899999999999961,0.45402498530232016,0.5145227436282255,0.060497758325905336,0.13027483770537798,0.1929812587063714,4.899999999999961,0.5210993508215055,0.16788948409599386
103,1,2,sharedreward,multi-echo,tedana,sr_outcome_primary,Punish-Neutral,6.0,0.01715542950243861,0.1521965664008159,5.3999999999999595,0.10293257701463093,0.2589733875076274,0.15604081049299642,0.08924436343269035,0.1534868765414397,6.099999999999957,0.35697745373075696,0.14823633139142706
103,1,2,sharedreward,multi-echo,tedana,sr_outcome_primary,Reward-Punish,6.0,0.058515401381281945,0.12225966645156729,3.899999999999965,0.3510924082876892,0.35194364848540466,0.0008512401977155172,0.04103047427268765,0.12071600426669665,4.0,0.16412189709074854,0.019653152704566797
103,1,2,sharedreward,multi-echo,tedana,sr_decision_by_future_outcome_extra,Reward-Neutral,6.0,0.012752663419339621,0.1539119451534698,0.1999999999999779,0.07651598051603718,0.21267168073530515,0.13615570021926798,0.04792959854990876,0.149556340460068,7.299999999999953,0.19171839419963266,0.04726419899856796
103,1,2,sharedreward,multi-echo,tedana,sr_decision_by_future_outcome_extra,Punish-Neutral,6.0,0.02110463949932784,0.0953814787765719,2.5999999999999694,0.12662783699596614,0.23452008703838,0.10789225004241391,0.005801425834721316,0.07323399627514557,5.3999999999999595,0.023205703338884977,0.04483071704879749
103,1,2,sharedreward,multi-echo,tedana,sr_decision_by_future_outcome_extra,Reward-Punish,6.0,-0.008351976079988215,0.11111168611532574,0.0,-0.05011185647992893,0.0681682023899505,0.11828005886987944,0.042128172715187436,0.1455874124803228,7.99999999999995,0.16851269086074766,0.0024334819497704597
103,1,2,sharedreward,single-echo,fmriprep,sr_decision_partner_extra,Computer-Stranger,6.0,0.34772986581561127,1.0016703694386209,1.1999999999999744,2.0863791948936528,2.267098201599709,0.18071900670605684,-0.04461071268035049,0.3234319815963178,5.599999999999959,-0.17844285072139973,0.12249951534190255
103,1,2,sharedreward,single-echo,fmriprep,sr_outcome_primary,Reward-Neutral,6.0,1.788914971511076,2.3065775900981884,1.7999999999999725,10.733489829066379,10.733489829066379,0.0,0.9767922639605269,1.9648222791007512,4.0,3.907169055842059,0.9907591692091817
103,1,2,sharedreward,single-echo,fmriprep,sr_outcome_primary,Punish-Neutral,6.0,1.2271128155027118,2.0834052511940238,1.899999999999972,7.362676893016219,7.362676893016219,0.0,0.013224531952393452,0.9615704264463193,4.0,0.05289812780957315,0.6186458473886219
103,1,2,sharedreward,single-echo,fmriprep,sr_outcome_primary,Reward-Punish,6.0,0.5618021560083639,1.205228192432589,4.499999999999963,3.3708129360501595,3.3708129360501595,0.0,0.9635677320081335,2.0929191590719083,7.99999999999995,3.854270928032486,0.37211332182055973
103,1,2,sharedreward,single-echo,fmriprep,sr_decision_by_future_outcome_extra,Reward-Neutral,6.0,1.262374796536448,2.2423204388263036,5.899999999999958,7.574248779218634,7.574248779218634,0.0,2.0339891530140117,2.250846265837567,7.199999999999953,8.135956612055946,2.231446216050171
103,1,2,sharedreward,single-echo,fmriprep,sr_decision_by_future_outcome_extra,Punish-Neutral,6.0,0.5292188308281228,1.3914015301472396,4.699999999999962,3.175312984968714,3.302323098189962,0.12701011322124817,1.4706420217519556,2.186880593653866,7.199999999999953,5.8825680870077495,1.2827099798046124
103,1,2,sharedreward,single-echo,fmriprep,sr_decision_by_future_outcome_extra,Reward-Punish,6.0,0.7331559657083255,1.2018998854598633,5.499999999999959,4.398935794249922,4.411146984294975,0.012211190045053147,0.563347131262056,1.2018998854598633,5.499999999999959,2.253388525048196,0.9487362362455589
103,1,2,sharedreward,single-echo,tedana,sr_decision_partner_extra,Computer-Stranger,6.0,-0.0707308999669798,0.430958426157008,1.4999999999999734,-0.4243853998018758,0.5733352651108249,0.9977206649127007,-0.04431656391709448,0.16330099551912441,6.699999999999955,-0.17726625566837573,0.1127557506743258
103,1,2,sharedreward,single-echo,tedana,sr_outcome_primary,Reward-Neutral,6.0,0.18791873565759862,0.4721683451206871,4.199999999999964,1.1275124139455837,1.1275124139455837,0.0,0.11659647079681922,0.4721683451206871,4.199999999999964,0.4663858831872711,0.0749714696093414
103,1,2,sharedreward,single-echo,tedana,sr_outcome_primary,Punish-Neutral,6.0,0.12216706639290037,0.3081697385082351,4.099999999999964,0.733002398357397,0.8908414575857873,0.15783905922839034,-0.040878007396976626,0.3081697385082351,4.099999999999964,-0.16351202958790448,0.04863797045352142
103,1,2,sharedreward,single-echo,tedana,sr_outcome_primary,Reward-Punish,6.0,0.06575166926469825,0.26988045089809576,0.5999999999999766,0.39451001558818666,0.5629266943734654,0.1684166787852788,0.15747447819379587,0.4267459221320293,7.99999999999995,0.6298979127751756,0.02633349915581998
103,1,2,sharedreward,single-echo,tedana,sr_decision_by_future_outcome_extra,Reward-Neutral,6.0,0.009405980452301633,0.6465280141597569,0.2999999999999776,0.05643588271380939,0.8236800246872487,0.7672441419734393,0.19222699447137165,0.3752090630744247,7.199999999999953,0.768907977885477,0.32895277669322376
103,1,2,sharedreward,single-echo,tedana,sr_decision_by_future_outcome_extra,Punish-Neutral,6.0,-0.06473133052569921,0.466898848694868,0.0,-0.38838798315419254,0.3946431114914813,0.7830310946456738,0.15514554637131195,0.490278510725816,7.199999999999953,0.62058218548524,0.1657574129956952
103,1,2,sharedreward,single-echo,tedana,sr_decision_by_future_outcome_extra,Reward-Punish,6.0,0.07413731097800084,0.31804311645954547,0.3999999999999772,0.4448238658680019,0.5935403490145906,0.1487164831465888,0.037081448100059734,0.24177368337909821,5.499999999999959,0.1483257924002371,0.1631953636975286
103,2,1,mid,multi-echo,fmriprep,mid_anticipation_primary,Reward-Neutral,5.024199999999997,0.038814666021147894,0.1993287899197785,0.0,0.19501264502345114,0.27585390143083166,0.08084125640738057,0.09465702571895543,0.1917319263333278,6.299999999999956,0.378628102875817,0.17367194922608864
103,2,1,mid,multi-echo,fmriprep,mid_feedback_extra,Positive-Negative,5.990099999999998,0.013398373115610493,0.1919171489214178,3.599999999999966,0.0802575947998184,0.4765930007934942,0.3963354059936758,0.11956157914472842,0.17759651551648337,4.0,0.47824631657890776,0.1192743818645923
103,2,1,mid,multi-echo,tedana,mid_anticipation_primary,Reward-Neutral,5.024199999999997,0.030454552048804196,0.15812843168301918,0.0,0.15300976040360195,0.2156253238819005,0.0626155634782986,0.10238454797125224,0.1940630905938989,6.399999999999956,0.40953819188500384,0.17105525890771264
103,2,1,mid,multi-echo,tedana,mid_feedback_extra,Positive-Negative,5.990099999999998,0.03637553591531209,0.246340705615487,3.599999999999966,0.2178930976863109,0.5985223173596353,0.3806292196733244,0.15060416247052116,0.2289904535546514,4.0,0.6024166498820772,0.13052047987214663
103,2,1,mid,single-echo,fmriprep,mid_anticipation_primary,Reward-Neutral,5.024199999999997,0.11229555095718055,0.23484414314385665,0.0,0.5641953071190662,0.5732068461894778,0.009011539070411568,0.13329137191970084,0.2357377245007388,5.799999999999958,0.5331654876787967,0.23241824601158975
103,2,1,mid,single-echo,fmriprep,mid_feedback_extra,Positive-Negative,5.990099999999998,0.1149831932834731,0.5181007172095137,3.4999999999999662,0.688760826087332,1.145066169695807,0.45630534360847497,0.2924530931688929,0.36061894063350947,4.0,1.169812372675557,0.31296670094099777
103,2,1,mid,single-echo,tedana,mid_anticipation_primary,Reward-Neutral,5.024199999999997,0.14554009834467935,0.2341659349833625,0.0,0.7312225621033376,0.732122563940475,0.0009000018371374162,0.14296732170369372,0.29758634212721147,7.99999999999995,0.5718692868147678,0.19883939094862144
103,2,1,mid,single-echo,tedana,mid_feedback_extra,Positive-Negative,5.990099999999998,0.19564899765226898,0.6438632727474469,3.4999999999999662,1.1719570608368561,1.6628286746928622,0.4908716138560061,0.4333448238799876,0.5354013986864876,4.0,1.7333792955199288,0.42777695480556993
103,2,2,mid,multi-echo,fmriprep,mid_anticipation_primary,Reward-Neutral,5.026499999999999,-0.006887136340481897,0.11012414073925705,5.026499999999999,-0.03461819081543225,0.11477599133205375,0.149394182147486,0.06796949472022261,0.1650946604044543,6.099999999999957,0.27187797888088705,0.1631850591241963
103,2,2,mid,multi-echo,fmriprep,mid_feedback_extra,Positive-Negative,5.992000000000019,0.10960281285204306,0.2636320733518907,0.5999999999999766,0.6567400546094441,0.6581014133107569,0.0013613587013128912,-0.02153594531612115,0.0344327269730886,5.19999999999996,-0.08614378126448353,-0.009953165739870958
103,2,2,mid,multi-echo,tedana,mid_anticipation_primary,Reward-Neutral,5.026499999999999,-0.014407444630280637,0.0804240531042707,5.026499999999999,-0.0724190204341056,0.057527846948442395,0.12994686738254801,0.053460780316082354,0.1498946392122568,6.099999999999957,0.21384312126432675,0.1485055223002006
103,2,2,mid,multi-echo,tedana,mid_feedback_extra,Positive-Negative,5.992000000000019,0.10363296166112732,0.19226678768725738,0.6999999999999762,0.6209687062734768,0.6209687062734768,0.0,0.043199996928241634,0.061498819296727604,7.0999999999999535,0.1727999877129644,0.03730673192420699
103,2,2,mid,single-echo,fmriprep,mid_anticipation_primary,Reward-Neutral,5.026499999999999,0.013625912637640604,0.4677790205041408,3.6999999999999655,0.06849064987310048,0.767878885703684,0.6993882358305836,0.25510135476674056,0.4371256103601881,7.799999999999951,1.0204054190669496,0.14998233473443776
103,2,2,mid,single-echo,fmriprep,mid_feedback_extra,Positive-Negative,5.992000000000019,0.20660696347753313,0.6383072755842095,0.6999999999999762,1.2379889251573823,1.5638017672885751,0.32581284213119266,-0.13691369416477964,0.3669398540122404,5.29999999999996,-0.5476547766591118,0.020588225792757427
103,2,2,mid,single-echo,tedana,mid_anticipation_primary,Reward-Neutral,5.026499999999999,-0.08931066575021257,0.328753084513506,3.599999999999966,-0.44892006139344337,0.4420225857346201,0.8909426471280635,0.1821396958718025,0.4417932969972831,7.899999999999951,0.7285587834872009,0.09105259784865548
103,2,2,mid,single-echo,tedana,mid_feedback_extra,Positive-Negative,5.992000000000019,0.25133378280608526,0.5764991453571772,1.1999999999999744,1.5059920265740676,1.5691528226715807,0.06316079609751316,-0.01588248796960098,0.3497639053770647,5.29999999999996,-0.06352995187840313,0.09184234527324268
103,2,1,sharedreward,multi-echo,fmriprep,sr_decision_partner_extra,Computer-Stranger,6.0,0.13044556418419076,0.20540523412357808,1.7999999999999725,0.7826733851051391,0.7882784456579025,0.00560506055276346,-0.042170713945895784,0.12055794714445074,4.0,-0.16868285578358103,-0.038478975605494826
103,2,1,sharedreward,multi-echo,fmriprep,sr_outcome_primary,Reward-Neutral,6.0,-0.03385009846018368,0.08695514136912899,5.999999999999957,-0.20310059076110062,0.12765945149450464,0.33076004225560524,0.09842635701566321,0.1946789429758669,7.99999999999995,0.39370542806264797,0.08695514136913103
103,2,1,sharedreward,multi-echo,fmriprep,sr_outcome_primary,Punish-Neutral,6.0,-0.0264663828021811,0.08843133679370299,4.999999999999961,-0.15879829681308547,0.1514312911804659,0.3102295879935514,0.03371433782991386,0.08843133679370299,4.999999999999961,0.13485735131965376,0.037557575595532106
103,2,1,sharedreward,multi-echo,fmriprep,sr_outcome_primary,Reward-Punish,6.0,-0.007383715658002571,0.051281215274706,2.5999999999999694,-0.04430229394801511,0.07745809345390314,0.12176038740191826,0.06471201918574934,0.1843643268938897,7.799999999999951,0.25884807674299415,0.04939756577359893
103,2,1,sharedreward,multi-echo,fmriprep,sr_decision_by_future_outcome_extra,Reward-Neutral,6.0,-0.12900148394678893,-0.0111157531909299,0.7999999999999758,-0.774008903680728,0.0,0.774008903680728,-0.09148076049546322,0.0739264370732462,7.99999999999995,-0.36592304198184833,-0.07700775332850815
103,2,1,sharedreward,multi-echo,fmriprep,sr_decision_by_future_outcome_extra,Punish-Neutral,6.0,-0.07369057359850527,0.003273901431497604,2.49999999999997,-0.4421434415910285,0.0008290140451719183,0.44297245563620036,-0.08702840913810106,0.0266976494927023,7.99999999999995,-0.3481136365523999,-0.07022192641486631
103,2,1,sharedreward,multi-echo,fmriprep,sr_decision_by_future_outcome_extra,Reward-Punish,6.0,-0.05531091034828365,0.055285456229391496,0.0999999999999783,-0.3318654620896995,0.04474506438700061,0.3766105264767002,-0.004452351357362159,0.0472287875805439,7.99999999999995,-0.017809405429448415,-0.006785826913641847
103,2,1,sharedreward,multi-echo,tedana,sr_decision_partner_extra,Computer-Stranger,6.0,0.11261460017959417,0.1639733610347155,0.7999999999999758,0.6756876010775602,0.6836283082046872,0.007940707127127087,-0.0445345592136031,0.11568723862742146,4.0,-0.1781382368544102,-0.03749509514602294
103,2,1,sharedreward,multi-echo,tedana,sr_outcome_primary,Reward-Neutral,6.0,-0.036699145893841184,0.061749397968138,5.799999999999958,-0.22019487536304555,0.09414693674101596,0.31434181210406154,0.06882276953022413,0.14680778450039622,7.99999999999995,0.2752910781208931,0.05989123683800393
103,2,1,sharedreward,multi-echo,tedana,sr_outcome_primary,Punish-Neutral,6.0,-0.02994109224066359,0.0551944035798618,4.999999999999961,-0.17964655344398026,0.07249776741609879,0.2521443208600791,0.0038343136059554115,0.0551944035798618,4.999999999999961,0.015337254423821455,0.011779077039277233
103,2,1,sharedreward,multi-echo,tedana,sr_outcome_primary,Reward-Punish,6.0,-0.006758053653177593,0.048112159798721604,5.999999999999957,-0.04054832191906527,0.08374397744745156,0.12429229936651681,0.0649884559242687,0.1611143121821372,7.99999999999995,0.2599538236970716,0.048112159798726704
103,2,1,sharedreward,multi-echo,tedana,sr_decision_by_future_outcome_extra,Reward-Neutral,6.0,-0.1051375372558408,-0.003577266072075598,1.0999999999999748,-0.6308252235350403,0.0,0.6308252235350403,-0.09362499573037607,0.058271094409705695,7.99999999999995,-0.3744999829214996,-0.09097175812893991
103,2,1,sharedreward,multi-echo,tedana,sr_decision_by_future_outcome_extra,Punish-Neutral,6.0,-0.055315554415311205,0.009724171227592601,3.0999999999999677,-0.33189332649186487,0.005582013233396622,0.3374753397252615,-0.07011472840120465,0.0055428883567894965,7.99999999999995,-0.2804589136048151,-0.05871613395234955
103,2,1,sharedreward,multi-echo,tedana,sr_decision_by_future_outcome_extra,Reward-Punish,6.0,-0.04982198284052958,0.053960774636401504,0.6999999999999762,-0.29893189704317535,0.06153007908177143,0.3604619761249468,-0.023510267329171407,0.0527282060529162,7.99999999999995,-0.09404106931668446,-0.03225562417659037
103,2,1,sharedreward,single-echo,fmriprep,sr_decision_partner_extra,Computer-Stranger,6.0,0.31320556075890155,0.5902017292152038,1.7999999999999725,1.879233364553396,1.879233364553396,0.0,0.04439284760590824,0.26961324074075244,5.19999999999996,0.17757139042363074,0.10940998972956745
103,2,1,sharedreward,single-echo,fmriprep,sr_outcome_primary,Reward-Neutral,6.0,0.03676608453138595,0.4022390113303836,5.899999999999958,0.2205965071883141,0.8656305619570637,0.6450340547687496,0.28580412509761205,0.4022390113303836,5.899999999999958,1.143216500390434,0.3972081107492418
103,2,1,sharedreward,single-echo,fmriprep,sr_outcome_primary,Punish-Neutral,6.0,0.09808306371273631,0.43415325717863174,5.799999999999958,0.5884983822764137,0.9941975081342191,0.40569912585780554,0.22849913772664487,0.43415325717863174,5.799999999999958,0.9139965509065682,0.4049138470429766
103,2,1,sharedreward,single-echo,fmriprep,sr_outcome_primary,Reward-Punish,6.0,-0.06131697918135037,0.1730856162012715,2.49999999999997,-0.36790187508809963,0.14956195843161504,0.5174638335197147,0.05730498737096714,0.2621828455852071,7.399999999999952,0.2292199494838657,-0.007705736293734815
103,2,1,sharedreward,single-echo,fmriprep,sr_decision_by_future_outcome_extra,Reward-Neutral,6.0,-0.28255438142834555,0.09922202644707004,0.0,-1.695326288570061,0.029871210689587955,1.7251974992596488,-0.14250643774493266,0.27861034857762706,7.99999999999995,-0.5700257509797235,-0.11386231102168207
103,2,1,sharedreward,single-echo,fmriprep,sr_decision_by_future_outcome_extra,Punish-Neutral,6.0,-0.1806954161570591,0.02937665499482745,0.0,-1.084172496942347,0.009960538189642749,1.0941330351319898,-0.12144602312670251,0.33076664316460236,7.99999999999995,-0.485784092506804,-0.22162557979201902
103,2,1,sharedreward,single-echo,fmriprep,sr_decision_by_future_outcome_extra,Reward-Punish,6.0,-0.10185896527128636,0.10776326877033321,5.999999999999957,-0.6111537916277139,0.05163092277315916,0.6627847144008729,-0.021060414618230133,0.1522258987587509,6.699999999999955,-0.08424165847291949,0.10776326877033696
103,2,1,sharedreward,single-echo,tedana,sr_decision_partner_extra,Computer-Stranger,6.0,0.26497215259194246,0.5117252206117432,1.7999999999999725,1.5898329155516435,1.5898329155516435,0.0,0.025728008768296097,0.21918387961432917,5.599999999999959,0.10291203507318311,0.11401016223475287
103,2,1,sharedreward,single-echo,tedana,sr_outcome_primary,Reward-Neutral,6.0,0.009471190760238309,0.3150355073679596,5.899999999999958,0.056827144561429455,0.7051295100167979,0.6483023654553683,0.21198148047495666,0.3150355073679596,5.899999999999958,0.8479259218998161,0.3090134419844741
103,2,1,sharedreward,single-echo,tedana,sr_outcome_primary,Punish-Neutral,6.0,0.08116705022207746,0.3356249055841668,5.799999999999958,0.48700230133246125,0.7710665024518165,0.2840642011193551,0.15462606142795562,0.3356249055841668,5.799999999999958,0.6185042457118148,0.3067440384774604
103,2,1,sharedreward,single-echo,tedana,sr_outcome_primary,Reward-Punish,6.0,-0.07169585946183912,0.11824523559941569,2.5999999999999694,-0.4301751567710317,0.07941621391128248,0.5095913706823143,0.05735541904700103,0.21445257360266268,7.399999999999952,0.22942167618800127,0.002269403507013704
103,2,1,sharedreward,single-echo,tedana,sr_decision_by_future_outcome_extra,Reward-Neutral,6.0,-0.2647577405624972,0.012169296241325438,0.0,-1.5885464433749719,0.0006084648120661399,1.589154908187038,-0.1591654437487228,0.2151984797154786,7.99999999999995,-0.6366617749948833,-0.13106892421859803
103,2,1,sharedreward,single-echo,tedana,sr_decision_by_future_outcome_extra,Punish-Neutral,6.0,-0.17478067290946966,0.004307685663231094,0.0,-1.0486840374568105,0.00021538428316150794,1.048899421739972,-0.08565296124762253,0.2882777037411226,7.99999999999995,-0.34261184499048586,-0.17219605690594822
103,2,1,sharedreward,single-echo,tedana,sr_decision_by_future_outcome_extra,Reward-Punish,6.0,-0.08997706765302753,0.0804415671370807,1.4999999999999734,-0.5398624059181614,0.08418426394665492,0.6240466698648163,-0.07351248250110026,0.06829554256671741,6.699999999999955,-0.2940499300043974,0.04112713268735016
103,2,2,sharedreward,multi-echo,fmriprep,sr_decision_partner_extra,Computer-Stranger,6.0,0.07094291194151162,0.1534013034524173,2.49999999999997,0.42565747164906664,0.4419050972521351,0.01624762560306842,0.042366767929303134,0.0871475337867033,7.99999999999995,0.16946707171721043,0.05314817458562258
103,2,2,sharedreward,multi-echo,fmriprep,sr_outcome_primary,Reward-Neutral,6.0,0.007716794536849516,0.11150972033832271,1.899999999999972,0.046300767221096766,0.2023541423053869,0.15605337508429012,-0.014153846838586163,0.0923053933452187,7.99999999999995,-0.05661538735434395,0.023535164816504153
103,2,2,sharedreward,multi-echo,fmriprep,sr_outcome_primary,Punish-Neutral,6.0,-0.01668777644498604,0.0740913895343364,1.6999999999999726,-0.10012665866991552,0.12191510555948926,0.22204176422940475,-0.1225930128156446,-0.0499504725284418,5.599999999999959,-0.4903720512625723,-0.09950645896781267
103,2,2,sharedreward,multi-echo,fmriprep,sr_outcome_primary,Reward-Punish,6.0,0.024404570981835554,0.12304162378431371,5.999999999999957,0.1464274258910123,0.16610805601756812,0.019680630126555815,0.10843916597705842,0.1943948230240093,7.99999999999995,0.4337566639082283,0.12304162378431684
103,2,2,sharedreward,multi-echo,fmriprep,sr_decision_by_future_outcome_extra,Reward-Neutral,6.0,0.019199260517099106,0.1179630535509443,4.399999999999963,0.11519556310259382,0.15427812195447707,0.039082558851883234,0.03561427616624574,0.1179630535509443,4.399999999999963,0.14245710466498118,0.061834468752130015
103,2,2,sharedreward,multi-echo,fmriprep,sr_decision_by_future_outcome_extra,Punish-Neutral,6.0,-0.0005302060522750092,0.0856359626788284,4.399999999999963,-0.0031812363136500326,0.11262319571055458,0.11580443202420462,0.015026242854328267,0.0856359626788284,4.399999999999963,0.06010497141731232,0.05728325471073636
103,2,2,sharedreward,multi-echo,fmriprep,sr_decision_by_future_outcome_extra,Reward-Punish,6.0,0.01972946656937412,0.09747694582256611,1.6999999999999726,0.11837679941624386,0.15744092230143575,0.03906412288519187,0.020588033311917477,0.055122783167212495,6.599999999999955,0.08235213324766888,0.0045512140413936555
103,2,2,sharedreward,multi-echo,tedana,sr_decision_partner_extra,Computer-Stranger,6.0,0.08395642671739278,0.15493055262522681,2.49999999999997,0.5037385603043532,0.508642501827568,0.004903941523214789,0.06598543499949415,0.09573542847076161,5.699999999999958,0.2639417399979733,0.08678966158397614
103,2,2,sharedreward,multi-echo,tedana,sr_outcome_primary,Reward-Neutral,6.0,0.015531838734696234,0.1390482741066703,1.599999999999973,0.09319103240817674,0.2584426554013051,0.16525162299312846,-0.031169485010858054,0.09189449039143159,7.99999999999995,-0.12467794004343066,-0.011262157754408702
103,2,2,sharedreward,multi-echo,tedana,sr_outcome_primary,Punish-Neutral,6.0,0.011190227498907935,0.1276792723192482,1.599999999999973,0.06714136499344713,0.26285963564216597,0.19571827064871883,-0.11358925420627021,-0.0532575576435657,4.999999999999961,-0.4543570168250752,-0.10087349381713165
103,2,2,sharedreward,multi-echo,tedana,sr_outcome_primary,Reward-Punish,6.0,0.004341611235788295,0.0896113360627217,5.999999999999957,0.026049667414729583,0.10842704167530443,0.08237737426057484,0.08241976919541215,0.1751224424442145,7.99999999999995,0.3296790767816445,0.08961133606272294
103,2,2,sharedreward,multi-echo,tedana,sr_decision_by_future_outcome_extra,Reward-Neutral,6.0,0.04404626690809508,0.1583409543731688,4.399999999999963,0.2642776014485686,0.29131941300320285,0.027041811554634337,0.05928328994310786,0.1583409543731688,4.399999999999963,0.2371331597724285,0.1001397146252332
103,2,2,sharedreward,multi-echo,tedana,sr_decision_by_future_outcome_extra,Punish-Neutral,6.0,0.03427253840395534,0.1316151397880671,4.399999999999963,0.20563523042373058,0.26363058754143803,0.05799535711770744,0.05698748943089366,0.1316151397880671,4.399999999999963,0.22794995772357182,0.11470685477987937
103,2,2,sharedreward,multi-echo,tedana,sr_decision_by_future_outcome_extra,Reward-Punish,6.0,0.009773728504139736,0.08907072686259661,1.6999999999999726,0.058642371024838,0.11685310819739249,0.05821073717255449,0.0022958005122142,0.0376214826431306,4.099999999999964,0.009183202048856686,-0.014567140154646158
103,2,2,sharedreward,single-echo,fmriprep,sr_decision_partner_extra,Computer-Stranger,6.0,0.20197657783394452,0.36628492303745885,0.0,1.2118594670036584,1.2118594670036584,0.0,0.05925132908165604,0.2331579063091994,5.29999999999996,0.23700531632662122,0.09594268026497185
103,2,2,sharedreward,single-echo,fmriprep,sr_outcome_primary,Reward-Neutral,6.0,0.26570882755384795,0.4817635243678971,1.899999999999972,1.5942529653230764,1.5942529653230764,0.0,0.17294551587415613,0.33702452007540207,5.499999999999959,0.691782063496616,0.2294550857580457
103,2,2,sharedreward,single-echo,fmriprep,sr_outcome_primary,Punish-Neutral,6.0,0.03592468421783338,0.4200057444425832,1.599999999999973,0.21554810530699878,0.8053844493115622,0.5898363440045634,-0.20672100817940775,-0.1043122319866648,7.99999999999995,-0.8268840327176207,-0.17918700746489172
103,2,2,sharedreward,single-echo,fmriprep,sr_outcome_primary,Reward-Punish,6.0,0.22978414333601452,0.4705038463551809,5.29999999999996,1.3787048600160774,1.5065401231988016,0.1278352631827241,0.3796665240535639,0.4705038463551809,5.29999999999996,1.5186660962142366,0.40864209322293743
103,2,2,sharedreward,single-echo,fmriprep,sr_decision_by_future_outcome_extra,Reward-Neutral,6.0,0.2144908344200836,0.5088169112768757,4.399999999999963,1.2869450065204924,1.2869450065204924,0.0,0.20655544763439943,0.5088169112768757,4.399999999999963,0.8262217905375874,0.05407948639267258
103,2,2,sharedreward,single-echo,fmriprep,sr_decision_by_future_outcome_extra,Punish-Neutral,6.0,0.21519169407121208,0.4225751270893,3.4999999999999662,1.2911501644272634,1.2911501644272634,0.0,0.10322411624392828,0.36903274586286194,4.399999999999963,0.41289646497570803,0.06289788324234069
103,2,2,sharedreward,single-echo,fmriprep,sr_decision_by_future_outcome_extra,Reward-Punish,6.0,-0.0007008596511285764,0.1397841654140137,4.399999999999963,-0.004205157906771428,0.19839432007997793,0.2025994779867494,0.10333133139047114,0.2578353193438005,7.99999999999995,0.4133253255618794,-0.008818396849668108
103,2,2,sharedreward,single-echo,tedana,sr_decision_partner_extra,Computer-Stranger,6.0,0.16277397031918686,0.2912188165362715,0.0,0.9766438219151142,0.9766438219151142,0.0,0.0446145010042063,0.1711204544214395,5.099999999999961,0.178458004016823,0.043009437508346265
103,2,2,sharedreward,single-echo,tedana,sr_outcome_primary,Reward-Neutral,6.0,0.2358866580475843,0.4984601649576088,1.7999999999999725,1.4153199482854957,1.4153199482854957,0.0,0.1084457923232424,0.2535899755180915,5.499999999999959,0.43378316929296423,0.11348713446314868
103,2,2,sharedreward,single-echo,tedana,sr_outcome_primary,Punish-Neutral,6.0,0.11984101854034764,0.4983427254240624,1.599999999999973,0.7190461112420807,1.0438673108291359,0.32482119958705497,-0.14606482443204163,-0.04459131166452318,5.499999999999959,-0.5842592977281593,-0.13036455410392678
103,2,2,sharedreward,single-echo,tedana,sr_outcome_primary,Reward-Punish,6.0,0.11604563950723665,0.3076246030128314,4.599999999999962,0.696273837043415,0.9137755171468319,0.217501680103417,0.2545106167552841,0.3076246030128314,4.599999999999962,1.0180424670211237,0.24385168856707545
103,2,2,sharedreward,single-echo,tedana,sr_decision_by_future_outcome_extra,Reward-Neutral,6.0,0.1948366035818087,0.4833811583389328,4.399999999999963,1.169019621490844,1.169019621490844,0.0,0.1972801595434477,0.4833811583389328,4.399999999999963,0.789120638173781,0.06846505205003947
103,2,2,sharedreward,single-echo,tedana,sr_decision_by_future_outcome_extra,Punish-Neutral,6.0,0.26495568259601515,0.44895614820228835,3.4999999999999662,1.5897340955760795,1.5897340955760795,0.0,0.18440341777818978,0.4406619708486941,4.399999999999963,0.7376136711127499,0.1501356987186101
103,2,2,sharedreward,single-echo,tedana,sr_decision_by_future_outcome_extra,Reward-Punish,6.0,-0.07011907901420639,0.0430769187982076,4.299999999999963,-0.4207144740852353,0.037931965670408144,0.4586464397556435,0.012876741765257924,0.1289214673988991,7.899999999999951,0.051506967061031056,-0.08167064666857062
103,3,1,mid,multi-echo,fmriprep,mid_anticipation_primary,Reward-Neutral,5.025349999999996,0.008367342432029287,0.09120354941791729,2.49999999999997,0.04204882429079834,0.1432989041736497,0.10125007988285134,0.03756845536630246,0.1393711191521385,7.99999999999995,0.15027382146520799,-0.0012543014432066567
103,3,1,mid,multi-echo,fmriprep,mid_feedback_extra,Positive-Negative,5.994,0.10112043518189683,0.2842483349563242,4.899999999999961,0.6061158884802895,0.6959065018624276,0.08979061338213806,0.1468742066561563,0.2842483349563242,4.899999999999961,0.5874968266246179,0.1074782187795605
103,3,1,mid,multi-echo,tedana,mid_anticipation_primary,Reward-Neutral,5.025349999999996,-0.039754772853748434,0.0029718573605996973,2.999999999999968,-0.19978164776058455,0.0007486047134531069,0.20053025247403766,0.022259745145351693,0.0933320242623516,7.499999999999952,0.08903898058140566,-0.0019842694942277814
103,3,1,mid,multi-echo,tedana,mid_feedback_extra,Positive-Negative,5.994,0.05219151147614968,0.23516768725132492,4.999999999999961,0.31283591978804115,0.4668772535691075,0.15404133378106633,0.12862094540532304,0.23516768725132492,4.999999999999961,0.5144837816212857,0.14902497952079843
103,3,1,mid,single-echo,fmriprep,mid_anticipation_primary,Reward-Neutral,5.025349999999996,0.2325964422400119,0.42441236763969437,2.199999999999971,1.168878531010843,1.168878531010843,0.0,0.056827679989478734,0.4077849495586162,7.99999999999995,0.2273107199579121,-0.13477644514016826
103,3,1,mid,single-echo,fmriprep,mid_feedback_extra,Positive-Negative,5.994,0.1963989263484005,1.0700160017884424,5.499999999999959,1.1772151645323126,2.186683435145088,1.0094682706127756,0.7754348229721697,1.0700160017884424,5.499999999999959,3.10173929188864,0.9929396104987672
103,3,1,mid,single-echo,tedana,mid_anticipation_primary,Reward-Neutral,5.025349999999996,0.08120338441484654,0.23852611834922255,0.0,0.40807542786914874,0.4119781065169405,0.003902678647791818,-0.0015304736690889334,0.1678282924952068,4.099999999999964,-0.006121894676355657,-0.14258682666987163
103,3,1,mid,single-echo,tedana,mid_feedback_extra,Positive-Negative,5.994,0.10576900514743895,0.8425391126247856,5.699999999999958,0.633979416853749,1.54988650784312,0.915907090989371,0.5252823499269622,0.8425391126247856,5.699999999999958,2.1011293997078226,0.8120648680194622
103,3,2,mid,multi-echo,fmriprep,mid_anticipation_primary,Reward-Neutral,5.0242000000000075,0.007342269592194954,0.0936842925037136,4.499999999999963,0.03688903088510594,0.1437531433020457,0.10686411241693976,0.09833541468372511,0.1317364161741568,6.399999999999956,0.39334165873489557,0.12728546232337798
103,3,2,mid,multi-echo,fmriprep,mid_feedback_extra,Positive-Negative,5.98599999999999,0.003327032495152895,0.07172531424791649,5.98599999999999,0.019915616515985196,0.12428437284050109,0.1043687563245159,0.08980413123120931,0.1626933282818586,7.199999999999953,0.3592165249248328,0.07358678372809571
103,3,2,mid,multi-echo,tedana,mid_anticipation_primary,Reward-Neutral,5.0242000000000075,0.016073941679899034,0.10990659538885332,5.0242000000000075,0.08075869778814886,0.1335688262065958,0.05281012841844693,0.0945534561751646,0.1487491678302241,5.699999999999958,0.3782138247006537,0.13972719778642356
103,3,2,mid,multi-echo,tedana,mid_feedback_extra,Positive-Negative,5.98599999999999,-0.007793387452247748,0.07882376046277059,5.98599999999999,-0.04665121728915494,0.13500710056487036,0.1816583178540253,0.09868778959392588,0.17617284936856892,7.499999999999952,0.39475115837569863,0.08061693326387886
103,3,2,mid,single-echo,fmriprep,mid_anticipation_primary,Reward-Neutral,5.0242000000000075,0.04779428238241783,0.3031630140666238,4.499999999999963,0.24012803354574402,0.6030577621885137,0.3629297286427697,0.3065680318716228,0.3999857656993146,7.499999999999952,1.2262721274864758,0.26934449098407776
103,3,2,mid,single-echo,fmriprep,mid_feedback_extra,Positive-Negative,5.98599999999999,0.16998408320617134,0.3448691761652717,3.899999999999965,1.01752472207214,1.1079164156901524,0.09039169361801248,0.26917912100746244,0.537654270479024,7.499999999999952,1.0767164840298364,0.10400508049707995
103,3,2,mid,single-echo,tedana,mid_anticipation_primary,Reward-Neutral,5.0242000000000075,0.025314221257852067,0.216787853970499,4.599999999999962,0.12718371044370055,0.3668020352511664,0.23961832480746578,0.2641769219446984,0.3257846911832138,6.499999999999956,1.0567076877787804,0.27872530305278886
103,3,2,mid,single-echo,tedana,mid_feedback_extra,Positive-Negative,5.98599999999999,0.10060127195215893,0.3442119429068507,3.899999999999965,0.6021992139056224,0.8940295714066118,0.2918303575009894,0.31907297252611366,0.5250080386188687,7.599999999999952,1.2762918901044389,0.2386349747915832
103,3,1,sharedreward,multi-echo,fmriprep,sr_decision_partner_extra,Computer-Stranger,6.0,-0.007326974793427754,0.0902409462824352,3.899999999999965,-0.04396184876056621,0.1289577799595376,0.17291962872010386,0.040074779461184054,0.1163409293875946,7.799999999999951,0.16029911784473422,-0.016631092088131866
103,3,1,sharedreward,multi-echo,fmriprep,sr_outcome_primary,Reward-Neutral,6.0,0.031371332471719054,0.206814390989481,5.999999999999957,0.188227994830313,0.33896410066134336,0.1507361058310303,0.11102222538306307,0.211096259742876,6.099999999999957,0.4440889015322468,0.20681439098948284
103,3,1,sharedreward,multi-echo,fmriprep,sr_outcome_primary,Punish-Neutral,6.0,0.06805055147775686,0.2646950873671767,2.2999999999999705,0.40830330886653826,0.5334428735063185,0.12513956463978043,-0.04914270769419975,0.023302723266353104,4.0,-0.19657083077679655,0.021702148140871003
103,3,1,sharedreward,multi-echo,fmriprep,sr_outcome_primary,Reward-Punish,6.0,-0.036679219006037794,0.18511224284860872,5.999999999999957,-0.2200753140362252,0.2289895621605721,0.4490648761967973,0.16016493307726284,0.2238778573864742,6.899999999999954,0.6406597323090434,0.18511224284861186
103,3,1,sharedreward,multi-echo,fmriprep,sr_decision_by_future_outcome_extra,Reward-Neutral,6.0,-0.06022678986735743,0.0684427099566118,5.999999999999957,-0.361360739204142,0.05519639962638637,0.41655713883052836,0.013688076312661173,0.1634471572229168,6.7999999999999545,0.054752305250644014,0.06844270995661966
103,3,1,sharedreward,multi-echo,fmriprep,sr_decision_by_future_outcome_extra,Punish-Neutral,6.0,0.0007902452830407899,0.1626002032403327,5.999999999999957,0.004741471698244706,0.2803836672313755,0.27564219553313074,0.0899971332450432,0.27873221208031607,6.7999999999999545,0.3599885329801683,0.16260020324034097
103,3,1,sharedreward,multi-echo,fmriprep,sr_decision_by_future_outcome_extra,Reward-Punish,6.0,-0.06101703515039822,-0.020000259104744785,0.0,-0.3661022109023867,0.0,0.3661022109023867,-0.07630905693238203,-0.0226094977950086,4.699999999999962,-0.30523622772952436,-0.0941574932837213
103,3,1,sharedreward,multi-echo,tedana,sr_decision_partner_extra,Computer-Stranger,6.0,0.010391226910108112,0.1123107304902121,3.899999999999965,0.06234736146064823,0.17860753299172127,0.11626017153107304,0.033898637600798275,0.1100508480009345,4.0,0.1355945504031914,-0.03513056368674426
103,3,1,sharedreward,multi-echo,tedana,sr_outcome_primary,Reward-Neutral,6.0,0.053077861189747035,0.1842401941754597,5.999999999999957,0.31846716713847995,0.46573192295383387,0.14726475581535395,0.09498582935840409,0.185154688859284,6.099999999999957,0.37994331743361165,0.1842401941754601
103,3,1,sharedreward,multi-echo,tedana,sr_outcome_primary,Punish-Neutral,6.0,0.06610522893779953,0.2797213200249424,2.2999999999999705,0.3966313736267944,0.5496525348404807,0.1530211612136865,-0.060520420682804,0.020346664824514655,4.0,-0.242081682731213,0.01385711313826247
103,3,1,sharedreward,multi-echo,tedana,sr_outcome_primary,Reward-Punish,6.0,-0.013027367748052498,0.1703830810371958,5.999999999999957,-0.07816420648831443,0.26675901148548187,0.3449232179737963,0.1555062500412081,0.20016068426454708,6.7999999999999545,0.6220250001648246,0.17038308103719763
103,3,1,sharedreward,multi-echo,tedana,sr_decision_by_future_outcome_extra,Reward-Neutral,6.0,-0.0754276831279878,0.1126107797716263,5.999999999999957,-0.4525660987679236,0.06298053362998139,0.515546632397905,0.04221052469210359,0.2202695958446145,6.7999999999999545,0.16884209876841225,0.11261077977163578
103,3,1,sharedreward,multi-echo,tedana,sr_decision_by_future_outcome_extra,Punish-Neutral,6.0,0.0015637014615359978,0.18079787206986758,5.999999999999957,0.00938220876921592,0.2863169312275693,0.2769347224583534,0.10641699389578216,0.31046582209493057,6.7999999999999545,0.42566797558312336,0.18079787206987696
103,3,1,sharedreward,multi-echo,tedana,sr_decision_by_future_outcome_extra,Reward-Punish,6.0,-0.0769913845895238,0.00933976895251211,0.0,-0.4619483075371395,0.00046698844762550415,0.462415295984765,-0.06420646920367859,-0.0334856933028389,7.99999999999995,-0.25682587681471114,-0.0681870922982412
103,3,1,sharedreward,single-echo,fmriprep,sr_decision_partner_extra,Computer-Stranger,6.0,0.07905711837688914,0.3499028326492459,4.399999999999963,0.4743427102613315,0.8794279501136006,0.4050852398522692,0.37106321419646043,0.6496133623185283,7.99999999999995,1.4842528567858233,0.26855851280466625
103,3,1,sharedreward,single-echo,fmriprep,sr_outcome_primary,Reward-Neutral,6.0,0.12223922295696378,0.3678510942576983,5.499999999999959,0.7334353377417775,0.7337785608356232,0.00034322309384565865,0.18817441878494162,0.3678510942576983,5.499999999999959,0.7526976751397572,0.30413534038113454
103,3,1,sharedreward,single-echo,fmriprep,sr_outcome_primary,Punish-Neutral,6.0,0.3500196032786819,0.8044854514486134,2.7999999999999687,2.1001176196720768,2.1102564669113977,0.010138847239320993,-0.06519057167367898,0.1567237842573074,4.0,-0.2607622866947127,0.0287032939204819
103,3,1,sharedreward,single-echo,fmriprep,sr_outcome_primary,Reward-Punish,6.0,-0.2277803803217182,0.3271365920370723,4.899999999999961,-1.3666822819302995,0.4709075585884925,1.8375898405187918,0.25336499045862065,0.3689090452763424,7.99999999999995,1.01345996183447,0.27543204646065267
103,3,1,sharedreward,single-echo,fmriprep,sr_decision_by_future_outcome_extra,Reward-Neutral,6.0,0.0072650957522182764,0.4322067510529527,5.999999999999957,0.043590574513309346,0.35523831375486503,0.31164773924155564,0.09872902137562162,0.4443804334339705,6.099999999999957,0.3949160855024816,0.43220675105295786
103,3,1,sharedreward,single-echo,fmriprep,sr_decision_by_future_outcome_extra,Punish-Neutral,6.0,0.057454637216993135,0.7025785973127545,5.999999999999957,0.34472782330195634,0.8469774031871011,0.5022495798851447,0.45383316504582616,0.7372497022123268,6.299999999999956,1.815332660183282,0.7025785973127663
103,3,1,sharedreward,single-echo,fmriprep,sr_decision_by_future_outcome_extra,Reward-Punish,6.0,-0.05018954146477484,0.2619106631957635,2.49999999999997,-0.3011372487886469,0.32513254339129244,0.6262697921799395,-0.3551041436702046,-0.1782866952685339,4.0,-1.4204165746808006,-0.2703718462598084
103,3,1,sharedreward,single-echo,tedana,sr_decision_partner_extra,Computer-Stranger,6.0,0.09440535973274203,0.4173996767196661,4.399999999999963,0.5664321583964481,0.9107928100916552,0.344360651695207,0.2896763602689915,0.5150437039024245,7.99999999999995,1.1587054410759516,0.12320642827042651
103,3,1,sharedreward,single-echo,tedana,sr_outcome_primary,Reward-Neutral,6.0,0.05124139040770012,0.3401913779814033,5.3999999999999595,0.30744834244619856,0.49147112272438975,0.18402278027819124,0.14702527038326932,0.3401913779814033,5.3999999999999595,0.58810108153307,0.24537080430959124
103,3,1,sharedreward,single-echo,tedana,sr_outcome_primary,Punish-Neutral,6.0,0.26604816890167077,0.7126862729499213,2.699999999999969,1.5962890134100132,1.693507180308961,0.09721816689894763,-0.10575525535201424,0.10905115144664422,4.0,-0.4230210214080517,-0.13513431933337092
103,3,1,sharedreward,single-echo,tedana,sr_outcome_primary,Reward-Punish,6.0,-0.21480677849397065,0.3918044972691589,5.099999999999961,-1.2888406709638147,0.5774881770451538,1.8663288480089686,0.2527805257352836,0.3918044972691589,5.099999999999961,1.0111221029411217,0.38050512364296213
103,3,1,sharedreward,single-echo,tedana,sr_decision_by_future_outcome_extra,Reward-Neutral,6.0,-0.07724750567101117,0.25083505807119655,5.999999999999957,-0.4634850340260637,0.24923825024040494,0.7127232842664686,-0.048094944941457135,0.278913523542078,6.099999999999957,-0.19237977976582615,0.25083505807120854
103,3,1,sharedreward,single-echo,tedana,sr_decision_by_future_outcome_extra,Punish-Neutral,6.0,0.041245221354310815,0.5928384583027918,5.999999999999957,0.24747132812586314,0.72412023621538,0.4766489080895168,0.36877309226565874,0.6626918360952871,6.399999999999956,1.4750923690626165,0.5928384583028095
103,3,1,sharedreward,single-echo,tedana,sr_decision_by_future_outcome_extra,Reward-Punish,6.0,-0.11849272702532197,0.24923886203702422,2.199999999999971,-0.7109563621519268,0.2683584261476038,0.9793147882995306,-0.41686803720711585,-0.3156483391463683,5.499999999999959,-1.6674721488284427,-0.342003400231601
103,3,2,sharedreward,multi-echo,fmriprep,sr_decision_partner_extra,Computer-Stranger,6.0,-0.00960089695101451,0.07527530291745779,0.9999999999999752,-0.05760538170608665,0.16217811344843958,0.21978349515452625,-0.05796075758187631,0.018513018114437597,7.799999999999951,-0.23184303032750236,-0.0719010473121719
103,3,2,sharedreward,multi-echo,fmriprep,sr_outcome_primary,Reward-Neutral,6.0,0.05865110423213558,0.1745012723302003,1.299999999999974,0.351906625392811,0.3530023697771495,0.0010957443843385112,0.07222503950353379,0.1352607526630109,6.999999999999954,0.28890015801413155,0.07233731999324763
103,3,2,sharedreward,multi-echo,fmriprep,sr_outcome_primary,Punish-Neutral,6.0,0.022061719923453366,0.1600876468793555,3.3999999999999666,0.13237031954071926,0.33082911653213765,0.19845879699141838,-0.08422934716212552,0.10658979125597756,4.0,-0.3369173886484979,-0.1368956481420369
103,3,2,sharedreward,multi-echo,fmriprep,sr_outcome_primary,Reward-Punish,6.0,0.03658938430868223,0.20923296813528108,5.999999999999957,0.2195363058520918,0.40448038437382833,0.18494407852173653,0.1564543866656593,0.2410377652488381,7.499999999999952,0.6258175466626295,0.2092329681352845
103,3,2,sharedreward,multi-echo,fmriprep,sr_decision_by_future_outcome_extra,Reward-Neutral,6.0,-0.02248016459182891,0.3108672108892052,5.699999999999958,-0.1348809875509725,0.33082271290191273,0.46570370045288517,0.09986053180526945,0.3108672108892052,5.699999999999958,0.39944212722107286,0.2579540689889213
103,3,2,sharedreward,multi-echo,fmriprep,sr_decision_by_future_outcome_extra,Punish-Neutral,6.0,-0.05688808150973962,0.16574026850961449,5.799999999999958,-0.34132848905843527,0.13902197871314104,0.48035046777157636,0.05802522811611272,0.16574026850961449,5.799999999999958,0.232100912464448,0.1594666425406597
103,3,2,sharedreward,multi-echo,fmriprep,sr_decision_by_future_outcome_extra,Reward-Punish,6.0,0.03440791691791072,0.1699150613657313,4.599999999999962,0.20644750150746288,0.35273900058530083,0.14629149907783795,0.04183530368915673,0.1699150613657313,4.599999999999962,0.16734121475662483,0.09848742644826163
103,3,2,sharedreward,multi-echo,tedana,sr_decision_partner_extra,Computer-Stranger,6.0,-0.04195182208836128,0.053207068679396494,0.3999999999999772,-0.2517109325301659,0.05001577996702179,0.3017267124971877,-0.03504437194319735,0.0894629623818807,7.99999999999995,-0.14017748777278766,-0.03800919987739339
103,3,2,sharedreward,multi-echo,tedana,sr_outcome_primary,Reward-Neutral,6.0,0.07710194435657049,0.14945824701422,1.3999999999999737,0.4626116661394197,0.46298781251879756,0.0003761463793779488,0.07310411749812723,0.14745383820848929,6.899999999999954,0.29241646999250526,0.08322483726166097
103,3,2,sharedreward,multi-echo,tedana,sr_outcome_primary,Punish-Neutral,6.0,0.03625068977355483,0.2247225210551254,2.699999999999969,0.21750413864132742,0.5055689621484654,0.28806482350713797,-0.1135893857070624,0.05006199771372359,4.0,-0.4543575428282439,-0.16537868377391493
103,3,2,sharedreward,multi-echo,tedana,sr_outcome_primary,Reward-Punish,6.0,0.04085125458301564,0.2520505389507246,5.699999999999958,0.2451075274980921,0.4147208539312993,0.1696133264332072,0.18669350320518963,0.2520505389507246,5.699999999999958,0.7467740128207492,0.2486035210355759
103,3,2,sharedreward,multi-echo,tedana,sr_decision_by_future_outcome_extra,Reward-Neutral,6.0,0.030795227891472897,0.2994163999241349,5.699999999999958,0.18477136734883606,0.4852013695535025,0.30043000220466654,0.12187287590617958,0.2994163999241349,5.699999999999958,0.4874915036247123,0.26396431622702693
103,3,2,sharedreward,multi-echo,tedana,sr_decision_by_future_outcome_extra,Punish-Neutral,6.0,-0.025660131124327194,0.2318393097044113,5.999999999999957,-0.15396078674596206,0.22030909156213807,0.3742698783081002,0.11889747782129455,0.2326974147637419,6.099999999999957,0.47558991128517225,0.23183930970441166
103,3,2,sharedreward,multi-echo,tedana,sr_decision_by_future_outcome_extra,Reward-Punish,6.0,0.05645535901580009,0.1427985233468301,4.599999999999962,0.3387321540947981,0.3889945667332423,0.05026241263844418,0.0029753980848850393,0.1427985233468301,4.599999999999962,0.01190159233954001,0.03212500652261526
103,3,2,sharedreward,single-echo,fmriprep,sr_decision_partner_extra,Computer-Stranger,6.0,0.22877067867316944,0.4773878570480415,0.9999999999999752,1.3726240720390068,1.6220573997841028,0.2494333277450957,0.04457703947764288,0.3748263345555087,4.0,0.1783081579105693,-0.1898264803766522
103,3,2,sharedreward,single-echo,fmriprep,sr_outcome_primary,Reward-Neutral,6.0,0.016265845125678028,0.323599520363805,4.499999999999963,0.09759507075406748,0.6089581319698996,0.5113630612158321,0.22366047760828636,0.323599520363805,4.499999999999963,0.8946419104331343,0.29288676568939215
103,3,2,sharedreward,single-echo,fmriprep,sr_outcome_primary,Punish-Neutral,6.0,0.26850633815676905,0.8320804648400725,4.199999999999964,1.6110380289406028,1.8726968824759933,0.26165885353539065,0.3883627624728825,0.8320804648400725,4.199999999999964,1.5534510498915106,0.4376520996258053
103,3,2,sharedreward,single-echo,fmriprep,sr_outcome_primary,Reward-Punish,6.0,-0.25224049303109103,0.2710085465921224,0.3999999999999772,-1.5134429581865354,0.20794710604223957,1.721390064228775,-0.16470228486459612,0.07817462924698519,7.499999999999952,-0.6588091394583763,-0.14476533393641314
103,3,2,sharedreward,single-echo,fmriprep,sr_decision_by_future_outcome_extra,Reward-Neutral,6.0,-0.6136181806836748,0.1401524505506794,5.099999999999961,-3.6817090841020224,0.1322002423124437,3.813909326414466,0.04191440907915663,0.14666795905812713,7.99999999999995,0.16765763631662445,0.0593867408255968
103,3,2,sharedreward,single-echo,fmriprep,sr_decision_by_future_outcome_extra,Punish-Neutral,6.0,-0.4215606834658287,-0.0775033702381531,5.999999999999957,-2.5293641007949543,0.0,2.5293641007949543,0.02437405043127431,0.5158188739811079,7.99999999999995,0.09749620172509603,-0.07750337023813755
103,3,2,sharedreward,single-echo,fmriprep,sr_decision_by_future_outcome_extra,Reward-Punish,6.0,-0.19205749721784615,0.31279710636710467,4.899999999999961,-1.1523449833070687,0.4826774233200728,1.6350224066271413,0.017540358647882323,0.31279710636710467,4.899999999999961,0.07016143459152842,0.13689011106373436
103,3,2,sharedreward,single-echo,tedana,sr_decision_partner_extra,Computer-Stranger,6.0,0.022797659652598556,0.2230813722768112,0.7999999999999758,0.13678595791559037,0.4633243831614728,0.32653842524588245,0.024320540947804194,0.34441220006716067,7.99999999999995,0.09728216379121557,-0.09383792797384496
103,3,2,sharedreward,single-echo,tedana,sr_outcome_primary,Reward-Neutral,6.0,-0.09743891679929083,0.23793728693693073,5.999999999999957,-0.5846335007957408,0.3062321462876081,0.8908656470833489,0.044857279747961464,0.23793728693693073,5.999999999999957,0.17942911899184363,0.23793728693692645
103,3,2,sharedreward,single-echo,tedana,sr_outcome_primary,Punish-Neutral,6.0,0.027106358966749473,0.3513543191193158,2.699999999999969,0.16263815380049568,0.6275447026816678,0.46490654888117217,0.037419443695302944,0.22161018175105218,6.599999999999955,0.14967777478120992,0.19422586594942448
103,3,2,sharedreward,single-echo,tedana,sr_outcome_primary,Reward-Punish,6.0,-0.12454527576604031,0.2188588140221275,4.699999999999962,-0.7472716545962366,0.3064330638911782,1.0537047184874146,0.00743783605265853,0.2188588140221275,4.699999999999962,0.02975134421063375,0.043711420987501935
103,3,2,sharedreward,single-echo,tedana,sr_decision_by_future_outcome_extra,Reward-Neutral,6.0,-0.4318962926104308,0.011069431395239998,5.999999999999957,-2.5913777556625663,0.0005534715697619979,2.5919312272323287,-0.07989869761229067,0.1117973930444412,6.999999999999954,-0.31959479044915867,0.011069431395243396
103,3,2,sharedreward,single-echo,tedana,sr_decision_by_future_outcome_extra,Punish-Neutral,6.0,-0.3570968645965488,0.0471001149478707,5.999999999999957,-2.1425811875792777,0.002707958316933236,2.145289145896211,0.01996873139009238,0.472248009190558,7.299999999999953,0.07987492556036851,0.04710011494788886
103,3,2,sharedreward,single-echo,tedana,sr_decision_by_future_outcome_extra,Reward-Punish,6.0,-0.07479942801388198,0.1265410766699599,4.499999999999963,-0.44879656808328866,0.1263323882962757,0.5751289563795643,-0.09986742900238303,0.1265410766699599,4.499999999999963,-0.3994697160095272,-0.036030683552645465
103,4,1,mid,multi-echo,fmriprep,mid_anticipation_primary,Reward-Neutral,5.022099999999995,0.029217379843798234,0.11131770534091125,5.022099999999995,0.14673260331353896,0.17819584570247712,0.031463242388938176,0.05456105047443859,0.1332012439566201,5.899999999999958,0.21824420189775165,0.13025780627999797
103,4,1,mid,multi-echo,fmriprep,mid_feedback_extra,Positive-Negative,5.991500000000002,-0.0016307785844907401,0.1573719090379882,0.0,-0.009770809888976273,0.1607580162136008,0.17052882610257708,0.013009308292679109,0.1089892815489099,7.0999999999999535,0.05203723317071579,0.029276741797430107
103,4,1,mid,multi-echo,tedana,mid_anticipation_primary,Reward-Neutral,5.022099999999995,0.046163428481960235,0.08980062727689919,3.899999999999965,0.23183735417925225,0.23317241736350106,0.0013350631842488053,-0.025498414139494645,0.08825143148027656,4.0,-0.10199365655797732,-0.01476643815929097
103,4,1,mid,multi-echo,tedana,mid_feedback_extra,Positive-Negative,5.991500000000002,-0.020322895989351906,0.1794970916014853,0.0,-0.12176463132020199,0.22252237718937887,0.3442870085095809,-0.08560397793380364,0.052185778717587096,7.399999999999952,-0.3424159117352103,-0.12585643414425454
103,4,1,mid,single-echo,fmriprep,mid_anticipation_primary,Reward-Neutral,5.022099999999995,-0.027574930606423787,0.33846186480687446,5.022099999999995,-0.13848405899852076,0.25003512563394825,0.3885191846324691,0.14401220780440846,0.42067983612265114,5.899999999999958,0.5760488312176266,0.41693297997686507
103,4,1,mid,single-echo,fmriprep,mid_feedback_extra,Positive-Negative,5.991500000000002,-0.13150392414484086,0.1883703028057924,4.399999999999963,-0.7879057615138142,0.23393077504641918,1.0218365365602333,0.20872992390574918,0.5695668490880261,7.499999999999952,0.8349196956229863,-0.023943903531179728
103,4,1,mid,single-echo,tedana,mid_anticipation_primary,Reward-Neutral,5.022099999999995,-0.022894345741368317,0.2382018015456839,0.8999999999999755,-0.1149776937477257,0.28259931281389744,0.3975770065616232,-0.20907535646750666,0.008894768743178308,4.099999999999964,-0.8363014258700162,-0.13776741899743608
103,4,1,mid,single-echo,tedana,mid_feedback_extra,Positive-Negative,5.991500000000002,-0.2190187333745086,0.15241384767954239,0.6999999999999762,-1.3122507410133688,0.13499237898072403,1.447243119994093,-0.25300395965962225,0.17404679180382548,7.799999999999951,-1.0120158386384763,-0.5314489930372396
103,4,2,mid,multi-echo,fmriprep,mid_anticipation_primary,Reward-Neutral,5.022799999999999,0.07453536620550288,0.13326184445300332,3.4999999999999662,0.3743762373769998,0.37850666620504697,0.004130428828047146,0.13707104635511674,0.1932410598494303,7.299999999999953,0.5482841854204602,0.12989349882758155
103,4,2,mid,multi-echo,fmriprep,mid_feedback_extra,Positive-Negative,5.992999999999995,0.08735901993424787,0.22659883506505352,4.799999999999962,0.5235426064659471,0.5253127537265265,0.0017701472605794438,0.06263879587436222,0.22659883506505352,4.799999999999962,0.25055518349744577,0.04566356659922985
103,4,2,mid,multi-echo,tedana,mid_anticipation_primary,Reward-Neutral,5.022799999999999,0.07465414293096856,0.1181994005450918,4.499999999999963,0.3749728291136688,0.3749728291136688,0.0,0.14393628864173544,0.2076620190863086,7.399999999999952,0.5757451545669346,0.11830709211715609
103,4,2,mid,multi-echo,tedana,mid_feedback_extra,Positive-Negative,5.992999999999995,0.08690291901243237,0.1945569086997323,5.099999999999961,0.5208091936415068,0.5249524648297952,0.004143271188288435,0.07653771390689991,0.1945569086997323,5.099999999999961,0.3061508556275958,0.06943729962022466
103,4,2,mid,single-echo,fmriprep,mid_anticipation_primary,Reward-Neutral,5.022799999999999,0.06256490179918146,0.2567514501304897,2.39999999999997,0.31425098875692864,0.39033930905840125,0.07608832030147256,0.2460946840410762,0.4418632306018156,7.399999999999952,0.9843787361642926,0.2868045815318661
103,4,2,mid,single-echo,fmriprep,mid_feedback_extra,Positive-Negative,5.992999999999995,0.4199405277831379,0.9226595166871242,4.799999999999962,2.516703583004343,2.516703583004343,0.0,0.3072092798404506,0.9226595166871242,4.799999999999962,1.228837119361787,0.2097876672222398
103,4,2,mid,single-echo,tedana,mid_anticipation_primary,Reward-Neutral,5.022799999999999,0.05916152082208649,0.33599155573078476,0.0,0.297156486785176,0.42363399112645966,0.1264775043412837,0.2247311604099342,0.5241959753381846,7.499999999999952,0.8989246416397256,0.17829544511894604
103,4,2,mid,single-echo,tedana,mid_feedback_extra,Positive-Negative,5.992999999999995,0.41203353135572335,0.8870636225056049,4.799999999999962,2.469316953414848,2.469316953414848,0.0,0.37494107016622114,0.8870636225056049,4.799999999999962,1.499764280664866,0.30139878941027504
103,4,1,sharedreward,multi-echo,fmriprep,sr_decision_partner_extra,Computer-Stranger,6.0,0.012360604216182186,0.146628771350006,4.599999999999962,0.07416362529709258,0.2242621559126133,0.15009853061552073,0.01905669166245865,0.146628771350006,4.599999999999962,0.07622676664983366,-0.00011361007454448337
103,4,1,sharedreward,multi-echo,fmriprep,sr_outcome_primary,Reward-Neutral,6.0,0.21326368687742972,0.4038499203982115,3.6999999999999655,1.2795821212645693,1.2795821212645693,0.0,0.27508442246115095,0.3956020651424572,7.99999999999995,1.10033768984459,0.2186200840429527
103,4,1,sharedreward,multi-echo,fmriprep,sr_outcome_primary,Punish-Neutral,6.0,0.16921818461728674,0.2163953275491927,0.5999999999999766,1.0153091077037133,1.0153091077037133,0.0,0.10191025216171355,0.1997745187842468,4.799999999999962,0.40764100864684916,0.07847480691182998
103,4,1,sharedreward,multi-echo,fmriprep,sr_outcome_primary,Reward-Punish,6.0,0.04404550226014301,0.2169602066740869,3.4999999999999662,0.2642730135608562,0.49264572798235096,0.22837271442149482,0.17317417029943744,0.2993446352630656,7.899999999999951,0.6926966811977411,0.1401452771311227
103,4,1,sharedreward,multi-echo,fmriprep,sr_decision_by_future_outcome_extra,Reward-Neutral,6.0,0.054240576755122324,0.1913987911789552,4.299999999999963,0.32544346053073164,0.42343626141386503,0.09799280088313347,0.18213384642928027,0.3738728181779635,7.99999999999995,0.728535385717112,0.09937116232315876
103,4,1,sharedreward,multi-echo,fmriprep,sr_decision_by_future_outcome_extra,Punish-Neutral,6.0,0.10325183759204512,0.2220032948340433,4.799999999999962,0.6195110255522663,0.6251572730174844,0.005646247465218074,0.18952836490005834,0.3785953966588957,7.99999999999995,0.7581134596002239,0.1117521504921537
103,4,1,sharedreward,multi-echo,fmriprep,sr_decision_by_future_outcome_extra,Reward-Punish,6.0,-0.04901126083692282,-0.009193486630396201,4.499999999999963,-0.2940675650215348,0.0,0.2940675650215348,-0.007394518470778053,0.042636482239958196,6.599999999999955,-0.029578073883111844,-0.012380988168994942
103,4,1,sharedreward,multi-echo,tedana,sr_decision_partner_extra,Computer-Stranger,6.0,0.020302031010443283,0.1401910468611101,4.699999999999962,0.12181218606265884,0.2317385191448068,0.10992633308214796,-0.00885791364242757,0.1401910468611101,4.699999999999962,-0.03543165456970984,-0.03998385247192625
103,4,1,sharedreward,multi-echo,tedana,sr_outcome_primary,Reward-Neutral,6.0,0.17015719875533564,0.35893085988276663,3.6999999999999655,1.0209431925320065,1.0223518284665856,0.0014086359345789055,0.14576044500146682,0.3405567169128302,4.0,0.58304178000586,0.06479187616948309
103,4,1,sharedreward,multi-echo,tedana,sr_outcome_primary,Punish-Neutral,6.0,0.15211167727407168,0.2355571676477599,0.5999999999999766,0.9126700636444236,0.9126700636444236,0.0,0.0362423267011554,0.18326237009105972,4.0,0.1449693068046198,0.006069299369018241
103,4,1,sharedreward,multi-echo,tedana,sr_outcome_primary,Reward-Punish,6.0,0.018045521481263933,0.1798483436642816,3.599999999999966,0.10827312888758284,0.3485616701780899,0.24028854129050706,0.10951811830031143,0.2158506499249115,7.899999999999951,0.43807247320124026,0.058722576800464846
103,4,1,sharedreward,multi-echo,tedana,sr_decision_by_future_outcome_extra,Reward-Neutral,6.0,0.061882353403471105,0.21910306991755882,4.299999999999963,0.371294120420824,0.43192108818637837,0.06062696776555435,0.18470512851481555,0.3099381683625229,7.99999999999995,0.738820514059253,0.10451816549623653
103,4,1,sharedreward,multi-echo,tedana,sr_decision_by_future_outcome_extra,Punish-Neutral,6.0,0.08490526393019017,0.2374082126300363,4.799999999999962,0.5094315835811374,0.5305670969484918,0.021135513367354503,0.1921065046249959,0.3011092278541045,7.99999999999995,0.768426018499974,0.12730582533880874
103,4,1,sharedreward,multi-echo,tedana,sr_decision_by_future_outcome_extra,Reward-Punish,6.0,-0.02302291052671905,0.0419769486233558,1.599999999999973,-0.13813746316031333,0.03516130164077159,0.17329876480108491,-0.007401376110180371,0.045889078522686,6.899999999999954,-0.029605504440721117,-0.0227876598425722
103,4,1,sharedreward,single-echo,fmriprep,sr_decision_partner_extra,Computer-Stranger,6.0,0.08398883855011882,0.5472645613785813,4.699999999999962,0.5039330313007093,1.2425574923828944,0.7386244610821849,0.26154578397256156,0.5472645613785813,4.699999999999962,1.0461831358902332,0.3348735709268068
103,4,1,sharedreward,single-echo,fmriprep,sr_outcome_primary,Reward-Neutral,6.0,0.24985897266836984,0.5878439942273164,2.7999999999999687,1.4991538360102084,1.5398080573244375,0.04065422131422916,0.41563550844270675,0.687487808595852,7.99999999999995,1.6625420337708063,0.4603227739466194
103,4,1,sharedreward,single-echo,fmriprep,sr_outcome_primary,Punish-Neutral,6.0,0.2879602706622361,0.5032044521032137,2.49999999999997,1.7277616239734044,1.7516655477406917,0.023903923767287404,0.15413687460966594,0.5078306085635437,7.99999999999995,0.6165474984386561,-0.062122174583311984
103,4,1,sharedreward,single-echo,fmriprep,sr_outcome_primary,Reward-Punish,6.0,-0.03810129799386625,0.522444948529914,5.999999999999957,-0.2286077879631959,0.5223486001643942,0.75095638812759,0.2614986338330408,0.5896956960309572,6.199999999999957,1.04599453533215,0.5224449485299314
103,4,1,sharedreward,single-echo,fmriprep,sr_decision_by_future_outcome_extra,Reward-Neutral,6.0,-0.049278580072105976,0.3069588326711105,5.999999999999957,-0.29567148043263375,0.270496412249693,0.5661678926823268,0.22431327161028605,0.36445954667902286,7.799999999999951,0.8972530864411331,0.30695883267110835
103,4,1,sharedreward,single-echo,fmriprep,sr_decision_by_future_outcome_extra,Punish-Neutral,6.0,-0.022621453620368926,0.42126491380522935,5.799999999999958,-0.1357287217222126,0.494510048017246,0.6302387697394586,0.2878785781397895,0.42126491380522935,5.799999999999958,1.1515143125591438,0.38292589986696846
103,4,1,sharedreward,single-echo,fmriprep,sr_decision_by_future_outcome_extra,Reward-Punish,6.0,-0.02665712645173704,0.08791300664743021,0.4999999999999769,-0.1599427587104211,0.14818833564671674,0.30813109435713787,-0.06356530652950347,0.0363137211980952,6.899999999999954,-0.2542612261180107,-0.07596706719586016
103,4,1,sharedreward,single-echo,tedana,sr_decision_partner_extra,Computer-Stranger,6.0,0.14869702085553363,0.5758910968688452,4.699999999999962,0.8921821251331955,1.3758282234802066,0.483646098347011,0.21830887309462882,0.5758910968688452,4.699999999999962,0.8732354923785044,0.2779618059973219
103,4,1,sharedreward,single-echo,tedana,sr_outcome_primary,Reward-Neutral,6.0,0.1872918442924346,0.5534733690952652,3.1999999999999673,1.1237510657545995,1.2679210749418202,0.14417000918722042,0.11572653759697343,0.4392841306394367,7.99999999999995,0.46290615038788796,0.031309186876187875
103,4,1,sharedreward,single-echo,tedana,sr_outcome_primary,Punish-Neutral,6.0,0.2908815955623041,0.61006162183355,0.8999999999999755,1.745289573373812,2.029591507004638,0.2843019336308265,-0.029456887101366316,0.4009944570355687,7.99999999999995,-0.11782754840546379,-0.31289126265774553
103,4,1,sharedreward,single-echo,tedana,sr_outcome_primary,Reward-Punish,6.0,-0.10358975126986943,0.3442004495339167,5.999999999999957,-0.6215385076192121,0.27198441130472245,0.8935229189239347,0.14518342469833975,0.40761602207538666,6.199999999999957,0.5807336987933518,0.34420044953393336
103,4,1,sharedreward,single-echo,tedana,sr_decision_by_future_outcome_extra,Reward-Neutral,6.0,0.017734608499751205,0.3567314644486066,5.999999999999957,0.10640765099850646,0.3432468870411384,0.236839236042632,0.2806677839201874,0.4314702674686586,7.199999999999953,1.1226711356807355,0.3567314644486102
103,4,1,sharedreward,single-echo,tedana,sr_decision_by_future_outcome_extra,Punish-Neutral,6.0,0.02372759607939696,0.5345043205055642,5.799999999999958,0.14236557647638076,0.8335709241993263,0.6912053477229454,0.40492242749512203,0.5345043205055642,5.799999999999958,1.619689709980468,0.5082838158405684
103,4,1,sharedreward,single-echo,tedana,sr_decision_by_future_outcome_extra,Reward-Punish,6.0,-0.005992987579645764,0.2331532206593598,1.1999999999999744,-0.035957925477874325,0.5130757984621156,0.54903372393999,-0.12425464357493461,0.0562077492734289,7.399999999999952,-0.4970185742997323,-0.15155235139195808
103,4,2,sharedreward,multi-echo,fmriprep,sr_decision_partner_extra,Computer-Stranger,6.0,-0.06446437834986904,-0.0271859760984388,0.2999999999999776,-0.3867862700992115,0.0,0.3867862700992115,-0.07257348942426901,0.0033970209329207968,7.99999999999995,-0.29029395769707245,-0.08740948657237939
103,4,2,sharedreward,multi-echo,fmriprep,sr_outcome_primary,Reward-Neutral,6.0,0.019956755738618603,0.1408944825319395,1.9999999999999716,0.11974053443171077,0.2189056148396466,0.09916508040793585,0.009334175351906655,0.0720370437365873,7.99999999999995,0.037336701407626155,0.011073295552500487
103,4,2,sharedreward,multi-echo,fmriprep,sr_outcome_primary,Punish-Neutral,6.0,-0.020810386794142512,0.0903990607913898,1.9999999999999716,-0.12486232076485419,0.14344648300788454,0.26830880377273875,0.006745540399325223,0.0817578008783254,5.799999999999958,0.026982161597300554,0.07403870506469105
103,4,2,sharedreward,multi-echo,fmriprep,sr_outcome_primary,Reward-Punish,6.0,0.040767142532761105,0.08268424089797,0.8999999999999755,0.24460285519656488,0.2883376784697214,0.0437348232731565,0.002588634952581428,0.07478585800509907,4.0,0.010354539810325584,-0.06296540951219057
103,4,2,sharedreward,multi-echo,fmriprep,sr_decision_by_future_outcome_extra,Reward-Neutral,6.0,0.09245132726871703,0.16173254767622489,5.599999999999959,0.5547079636122982,0.5547079636122982,0.0,0.05265629593118594,0.16173254767622489,5.599999999999959,0.21062518372474115,0.13146347229242508
103,4,2,sharedreward,multi-echo,fmriprep,sr_decision_by_future_outcome_extra,Punish-Neutral,6.0,0.14231369485002374,0.24031376354328432,0.9999999999999752,0.8538821691001364,0.8538821691001364,0.0,0.026004396905989425,0.11101942761545276,4.0,0.10401758762395641,0.05043181605145
103,4,2,sharedreward,multi-echo,fmriprep,sr_decision_by_future_outcome_extra,Reward-Punish,6.0,-0.04986236758130671,0.1183498037898005,5.499999999999959,-0.29917420548783813,0.11372005303995793,0.41289425852779604,0.02665189902519651,0.1183498037898005,5.499999999999959,0.10660759610078471,0.0810316562409751
103,4,2,sharedreward,multi-echo,tedana,sr_decision_partner_extra,Computer-Stranger,6.0,-0.025868192140913075,0.011832689132641298,0.3999999999999772,-0.15520915284547734,0.009070782837955838,0.1642799356834332,-0.043609840488119,0.048862168924138395,7.99999999999995,-0.17443936195247384,-0.06562926456380869
103,4,2,sharedreward,multi-echo,tedana,sr_outcome_primary,Reward-Neutral,6.0,-0.014535360035955217,0.1058485194898891,1.9999999999999716,-0.08721216021573068,0.1569751719878233,0.24418733220355393,-0.05201995342007928,-0.0008856281039541,7.99999999999995,-0.20807981368031453,-0.02590810618691868
103,4,2,sharedreward,multi-echo,tedana,sr_outcome_primary,Punish-Neutral,6.0,-0.026733482699287575,0.073492953448308,2.0999999999999712,-0.1604008961957243,0.12086541908382259,0.2812663152795469,-0.01685476071615958,0.06521305193373181,6.299999999999956,-0.06741904286463749,0.057633738035785975
103,4,2,sharedreward,multi-echo,tedana,sr_outcome_primary,Reward-Punish,6.0,0.012198122663332363,0.0498353651182315,3.999999999999965,0.07318873597999366,0.14277509367480842,0.06958635769481478,-0.03516519270391969,0.049835365118231105,4.0,-0.14066077081567702,-0.08354184422270465
103,4,2,sharedreward,multi-echo,tedana,sr_decision_by_future_outcome_extra,Reward-Neutral,6.0,0.06145801765210956,0.132252119078094,5.599999999999959,0.3687481059126547,0.37068931098521035,0.0019412050725555736,0.03199664620509261,0.132252119078094,5.599999999999959,0.12798658482036887,0.10716113188237349
103,4,2,sharedreward,multi-echo,tedana,sr_decision_by_future_outcome_extra,Punish-Neutral,6.0,0.12890568881010192,0.18656100002996,1.7999999999999725,0.773434132860606,0.773434132860606,0.0,0.026005889983797003,0.12484185344254489,4.0,0.10402355993518672,0.04637386372338027
103,4,2,sharedreward,multi-echo,tedana,sr_decision_by_future_outcome_extra,Reward-Punish,6.0,-0.06744767115799236,0.0748626806021115,5.499999999999959,-0.40468602694795125,0.06366533686494288,0.46835136381289416,0.005990756221295614,0.0748626806021115,5.499999999999959,0.023963024885182156,0.06078726815899322
103,4,2,sharedreward,single-echo,fmriprep,sr_decision_partner_extra,Computer-Stranger,6.0,-0.028511448440602924,0.16058680009474588,4.999999999999961,-0.17106869064361632,0.22641725828091777,0.39748594892453404,0.03071181518847709,0.2022276616822728,7.99999999999995,0.12284726075390684,0.010684349931429277
103,4,2,sharedreward,single-echo,fmriprep,sr_outcome_primary,Reward-Neutral,6.0,0.007044565502286561,0.37130217829973444,3.1999999999999673,0.04226739301371907,0.9261754589971766,0.8839080659834576,0.1316251979079001,0.27717039746490524,4.0,0.5265007916315938,0.04870307234646969
103,4,2,sharedreward,single-echo,fmriprep,sr_outcome_primary,Punish-Neutral,6.0,0.039950721873355355,0.3214478411755537,5.29999999999996,0.2397043312401304,0.7783360217335753,0.538631690493445,0.0803740059117024,0.3214478411755537,5.29999999999996,0.32149602364680563,0.11625235471742713
103,4,2,sharedreward,single-echo,fmriprep,sr_outcome_primary,Reward-Punish,6.0,-0.03290615637106879,0.2473827248297554,3.3999999999999666,-0.19743693822641137,0.352474773653664,0.5499117118800754,0.05125119199619768,0.2792819036918134,7.899999999999951,0.20500476798478817,-0.06754928237095743
103,4,2,sharedreward,single-echo,fmriprep,sr_decision_by_future_outcome_extra,Reward-Neutral,6.0,0.017071463987147054,0.2555237099417842,0.0,0.1024287839228816,0.40145389896232553,0.29902511503944385,-0.032454398296789505,0.2356873255675265,7.99999999999995,-0.1298175931871564,-0.05616319377100315
103,4,2,sharedreward,single-echo,fmriprep,sr_decision_by_future_outcome_extra,Punish-Neutral,6.0,0.0684366622178608,0.31254615228188215,0.0,0.4106199733071619,0.49616139633659,0.0855414230294281,0.03353613421136556,0.1833378051421407,6.699999999999955,0.13414453684546057,0.09267271669091118
103,4,2,sharedreward,single-echo,fmriprep,sr_decision_by_future_outcome_extra,Reward-Punish,6.0,-0.05136519823071375,0.1040257278913443,2.199999999999971,-0.3081911893842803,0.09540103016627068,0.40359221955055097,-0.06599053250815508,0.3128818717945955,7.99999999999995,-0.26396213003261704,-0.14883591046191433
103,4,2,sharedreward,single-echo,tedana,sr_decision_partner_extra,Computer-Stranger,6.0,0.11506338541152253,0.32971907013190027,4.199999999999964,0.6903803124691302,0.7021368585055602,0.011756546036429928,0.08695070050640238,0.32971907013190027,4.199999999999964,0.3478028020256052,0.04283166421816212
103,4,2,sharedreward,single-echo,tedana,sr_outcome_primary,Reward-Neutral,6.0,-0.09222157115425292,0.31327757853207594,2.8999999999999684,-0.5533294269255136,0.4356012454862956,0.9889306724118092,-0.11878231839305653,0.1087661098059902,7.99999999999995,-0.47512927357222023,-0.17607932475713162
103,4,2,sharedreward,single-echo,tedana,sr_outcome_primary,Punish-Neutral,6.0,-0.04357055641346828,0.2585923607450654,2.49999999999997,-0.2614233384808078,0.3015320690899844,0.5629554075707923,-0.09465692373419476,0.08727092263332442,5.599999999999959,-0.37862769493677434,-0.07223826690588543
103,4,2,sharedreward,single-echo,tedana,sr_outcome_primary,Reward-Punish,6.0,-0.04865101474078464,0.24700785499569589,3.3999999999999666,-0.2919060884447058,0.3664392478238102,0.6583453362685161,-0.024125394658861776,0.2288483881855411,4.0,-0.09650157863544591,-0.1038410578512462
103,4,2,sharedreward,single-echo,tedana,sr_decision_by_future_outcome_extra,Reward-Neutral,6.0,-0.06454102746021947,0.15640048274477256,0.0,-0.38724616476131407,0.1559167746194543,0.5431629393807683,-0.0701448605111717,0.0357232974649337,6.399999999999956,-0.2805794420446833,-0.004466652165520093
103,4,2,sharedreward,single-echo,tedana,sr_decision_by_future_outcome_extra,Punish-Neutral,6.0,0.0883043190614477,0.26835704183513953,3.3999999999999666,0.5298259143686824,0.633271661845366,0.10344574747668345,-0.00908621508279715,0.1545848214325563,6.599999999999955,-0.036344860331188146,0.11096493001889446
103,4,2,sharedreward,single-echo,tedana,sr_decision_by_future_outcome_extra,Reward-Punish,6.0,-0.15284534652166715,0.040261704321039496,0.3999999999999772,-0.9170720791299964,0.015195970472502585,0.9322680496024991,-0.06105864542837456,0.2181702579376407,7.99999999999995,-0.2442345817134952,-0.11543158218441456
103,5,1,mid,multi-echo,fmriprep,mid_anticipation_primary,Reward-Neutral,5.021499999999998,-0.14679901511378154,-0.031244743010754798,3.4999999999999662,-0.7371512543938538,0.0,0.7371512543938538,-0.09728353769915714,-0.0486371155086387,6.499999999999956,-0.3891341507966237,-0.0858200417223907
103,5,1,mid,multi-echo,fmriprep,mid_feedback_extra,Positive-Negative,5.994,0.0646059478447485,0.23317798598013278,1.7999999999999725,0.3872480513814225,0.5118741747930066,0.12462612341158406,-0.06034607841687152,0.027216818127877285,4.0,-0.24138431366748309,-0.07974269356951676
103,5,1,mid,multi-echo,tedana,mid_anticipation_primary,Reward-Neutral,5.021499999999998,-0.10669544989424821,0.012600037821944202,3.599999999999966,-0.5357712016439672,0.005113788487126425,0.5408849901310937,-0.06420868994107626,0.000581777299732905,4.0,-0.2568347597643018,-0.050916379253861825
103,5,1,mid,multi-echo,tedana,mid_feedback_extra,Positive-Negative,5.994,0.06244451742620273,0.1969671240025929,1.7999999999999725,0.37429243745265917,0.4770771080348508,0.10278467058219166,-0.04490648032822395,0.05240078988627405,4.0,-0.17962592131289357,-0.07339403025065624
103,5,1,mid,single-echo,fmriprep,mid_anticipation_primary,Reward-Neutral,5.021499999999998,-0.1840366580296055,-0.009389707210760906,3.899999999999965,-0.9241400782956636,0.0,0.9241400782956636,0.03820911499133215,0.2679876083348358,7.699999999999951,0.15283645996532672,-0.011830091238359477
103,5,1,mid,single-echo,fmriprep,mid_feedback_extra,Positive-Negative,5.994,0.034761996890653714,0.30244744802684154,4.199999999999964,0.20836340936257836,0.4750532215746223,0.26668981221204396,0.0902738996413085,0.30244744802684154,4.199999999999964,0.3610955985652295,-0.024676227220399968
103,5,1,mid,single-echo,tedana,mid_anticipation_primary,Reward-Neutral,5.021499999999998,-0.13927622754347074,0.06537380915770322,3.899999999999965,-0.699375576609538,0.029403701281116613,0.7287792778906547,0.06885651406650208,0.2233377057084903,7.0999999999999535,0.27542605626600486,0.047486315173715064
103,5,1,mid,single-echo,tedana,mid_feedback_extra,Positive-Negative,5.994,0.012263803330786452,0.3786063903079757,4.199999999999964,0.073509237164734,0.725513998454083,0.652004761289349,0.19177549733342286,0.3786063903079757,4.199999999999964,0.7671019893336819,0.11289048236452369
103,5,2,mid,multi-echo,fmriprep,mid_anticipation_primary,Reward-Neutral,5.02295,0.0169088699245101,0.055164850507504644,5.02295,0.08493240818731801,0.09197482356583286,0.007042415378514847,0.021652419008553185,0.0555736879496397,5.099999999999961,0.08660967603421166,0.01642903436972249
103,5,2,mid,multi-echo,fmriprep,mid_feedback_extra,Positive-Negative,5.991499999999995,-0.060943128920038274,0.0727866723808968,5.991499999999995,-0.365140756924409,0.02173281772517329,0.3868735746495823,0.039588045348838564,0.1378115460847896,7.0999999999999535,0.1583521813953523,0.07380224244531132
103,5,2,mid,multi-echo,tedana,mid_anticipation_primary,Reward-Neutral,5.02295,-0.002596716926993804,0.07252263051975408,0.0,-0.013043179288443526,0.05515671938858633,0.06819989867702986,0.02402037112180006,0.0648089116387253,7.99999999999995,0.09608148448719904,0.019372020670078132
103,5,2,mid,multi-echo,tedana,mid_feedback_extra,Positive-Negative,5.991499999999995,-0.08442942789601444,0.031162867523262184,5.991499999999995,-0.5058589172389701,0.004308342936407108,0.5101672601753773,-0.002883104439411317,0.0872499641103205,6.7999999999999545,-0.011532417757645123,0.03213955281318299
103,5,2,mid,single-echo,fmriprep,mid_anticipation_primary,Reward-Neutral,5.02295,0.04585138677167287,0.23360761664483168,5.02295,0.23030922318477426,0.5520319109807041,0.3217226877959299,0.2023711368785661,0.40651132630181847,7.699999999999951,0.8094845475142542,0.21651791521654512
103,5,2,mid,single-echo,fmriprep,mid_feedback_extra,Positive-Negative,5.991499999999995,0.013750151777171798,0.225533327761026,5.991499999999995,0.08238403437292476,0.42358263479232733,0.3411986004194026,0.16573322712180255,0.34540150662067926,6.899999999999954,0.662932908487202,0.22606176183868892
103,5,2,mid,single-echo,tedana,mid_anticipation_primary,Reward-Neutral,5.02295,-0.032683969664463665,0.1511449806790371,0.3999999999999772,-0.16416994542611776,0.219390260459924,0.3835602058860417,0.22399838606021555,0.5662310977750158,7.799999999999951,0.8959935442408511,0.22202549608949615
103,5,2,mid,single-echo,tedana,mid_feedback_extra,Positive-Negative,5.991499999999995,-0.008694612026975445,0.1659783319468317,2.2999999999999705,-0.05209376795962334,0.2652963319639578,0.31739009992358114,0.07129835829357596,0.19466679263513648,6.899999999999954,0.2851934331743003,0.11542711462063285
103,5,1,sharedreward,multi-echo,fmriprep,sr_decision_partner_extra,Computer-Stranger,6.0,0.0013127069146176245,0.10241531995509931,0.5999999999999766,0.007876241487705691,0.12481974227592355,0.11694350078821786,0.002110815147066571,0.0344918398675782,6.7999999999999545,0.008443260588266178,-0.003107793795088378
103,5,1,sharedreward,multi-echo,fmriprep,sr_outcome_primary,Reward-Neutral,6.0,-0.06809637644562687,0.0642669210866189,5.999999999999957,-0.4085782586737583,0.02661147145050691,0.4351897301242652,-0.035815333116058945,0.1009061413309924,6.499999999999956,-0.143261332464234,0.0642669210866212
103,5,1,sharedreward,multi-echo,fmriprep,sr_outcome_primary,Punish-Neutral,6.0,0.031313555829703306,0.20027080857453378,2.5999999999999694,0.18788133497821852,0.34650596067901224,0.15862462570079378,-0.010422086100132677,0.08168016657065291,6.499999999999956,-0.04168834440053019,0.015980307592299
103,5,1,sharedreward,multi-echo,fmriprep,sr_outcome_primary,Reward-Punish,6.0,-0.09940993227533018,0.0651419885849835,5.699999999999958,-0.5964595936519769,0.04574380020151733,0.6422033938534941,-0.025393247015926265,0.0651419885849835,5.699999999999958,-0.1015729880637038,0.0482866134943222
103,5,1,sharedreward,multi-echo,fmriprep,sr_decision_by_future_outcome_extra,Reward-Neutral,6.0,0.031060745211737836,0.1597286961780306,2.999999999999968,0.18636447127042569,0.4394738192023141,0.2531093479318884,-0.08699755742715369,-0.0179363100877447,7.499999999999952,-0.34799022970861043,-0.10555853480560859
103,5,1,sharedreward,multi-echo,fmriprep,sr_decision_by_future_outcome_extra,Punish-Neutral,6.0,0.032037556186021686,0.16263017034217328,3.0999999999999677,0.19222533711612874,0.3044657797355845,0.11224044261945572,0.038969265974027896,0.1860716420152861,6.7999999999999545,0.15587706389610964,0.039597971778670235
103,5,1,sharedreward,multi-echo,fmriprep,sr_decision_by_future_outcome_extra,Reward-Punish,6.0,-0.0009768109742838446,0.10112978142697071,1.4999999999999734,-0.0058608658457030265,0.1735551775855844,0.1794160434312874,-0.1259668234011816,-0.059031292656130996,5.3999999999999595,-0.5038672936047202,-0.14515650658427884
103,5,1,sharedreward,multi-echo,tedana,sr_decision_partner_extra,Computer-Stranger,6.0,0.016961619538941233,0.1533835950029021,0.6999999999999762,0.10176971723364668,0.20558391199652326,0.10381419476287655,-0.0005026087766212239,0.054778598353649996,6.999999999999954,-0.0020104351064848705,-0.013070906535032416
103,5,1,sharedreward,multi-echo,tedana,sr_outcome_primary,Reward-Neutral,6.0,-0.06413413029764359,0.0424346158553252,5.999999999999957,-0.38480478178585875,0.013954748724456761,0.39875953051031554,-0.05013477272869754,0.0996198971040632,6.499999999999956,-0.20053909091478767,0.04243461585533016
103,5,1,sharedreward,multi-echo,tedana,sr_outcome_primary,Punish-Neutral,6.0,0.04572883147880954,0.2090285989900301,2.7999999999999687,0.2743729888728553,0.3633798022767891,0.08900681340393392,0.02064866682845005,0.1073478865742918,6.499999999999956,0.08259466731379918,0.044237882980252365
103,5,1,sharedreward,multi-echo,tedana,sr_outcome_primary,Reward-Punish,6.0,-0.1098629617764531,0.0287960454723844,0.3999999999999772,-0.659177770658714,0.017900658562425068,0.6770784292211389,-0.0707834395571476,0.0016583140626301,5.799999999999958,-0.2831337582285869,-0.001803267124922205
103,5,1,sharedreward,multi-echo,tedana,sr_decision_by_future_outcome_extra,Reward-Neutral,6.0,0.04773905943437902,0.1498042219999721,0.9999999999999752,0.2864343566062721,0.4482800516195069,0.16184569501323476,-0.05477331823564123,0.005470546001606298,7.499999999999952,-0.2190932729425622,-0.078065119440527
103,5,1,sharedreward,multi-echo,tedana,sr_decision_by_future_outcome_extra,Punish-Neutral,6.0,0.02139744107026692,0.12430929543282951,3.3999999999999666,0.1283846464216006,0.22694735243122036,0.09856270600961975,0.04860758500833064,0.1859141082752922,6.999999999999954,0.19443034003332013,0.024237521619688774
103,5,1,sharedreward,multi-echo,tedana,sr_decision_by_future_outcome_extra,Reward-Punish,6.0,0.026341618364112116,0.1252066356873407,1.4999999999999734,0.15804971018467157,0.25453497784888024,0.0964852676642087,-0.10338090324397188,-0.012679892730052399,5.29999999999996,-0.41352361297588236,-0.10230264106021579
103,5,1,sharedreward,single-echo,fmriprep,sr_decision_partner_extra,Computer-Stranger,6.0,-0.07296957905492159,0.0949013913686088,3.999999999999965,-0.4378174743295264,0.07759778258250435,0.5154152569120307,0.1251335100610019,0.4320104275592259,6.999999999999954,0.5005340402440014,0.053306574918293805
103,5,1,sharedreward,single-echo,fmriprep,sr_outcome_primary,Reward-Neutral,6.0,0.11738960066672645,1.0030216805874361,4.899999999999961,0.7043376040003537,1.7735645095590526,1.0692269055586987,0.14260972903370736,1.0030216805874361,4.899999999999961,0.5704389161348223,0.23219941464074897
103,5,1,sharedreward,single-echo,fmriprep,sr_outcome_primary,Punish-Neutral,6.0,0.30605166199313133,0.9518610850255014,4.699999999999962,1.8363099719587748,2.1255046639804007,0.2891946920216258,0.07482930414490739,0.9518610850255014,4.699999999999962,0.29931721657962584,0.08515041173043071
103,5,1,sharedreward,single-echo,fmriprep,sr_outcome_primary,Reward-Punish,6.0,-0.18866206132640492,0.1681200150350514,5.799999999999958,-1.1319723679584215,0.1712091018262024,1.3031814697846238,0.06778042488879998,0.1681200150350514,5.799999999999958,0.27112169955519655,0.14704900291031825
103,5,1,sharedreward,single-echo,fmriprep,sr_decision_by_future_outcome_extra,Reward-Neutral,6.0,0.0843976792632062,0.5313301938311523,0.2999999999999776,0.5063860755792335,1.2879239791706762,0.7815379035914428,-0.1901179234920696,0.5929127984649768,7.99999999999995,-0.760471693968269,-0.4506075635635853
103,5,1,sharedreward,single-echo,fmriprep,sr_decision_by_future_outcome_extra,Punish-Neutral,6.0,0.2551958595115988,0.7854190629890421,3.3999999999999666,1.531175157069582,1.8438710388278863,0.31269588175830426,0.09518973697150955,0.4154609393631603,7.799999999999951,0.3807589478860335,-0.018950335092542372
103,5,1,sharedreward,single-echo,fmriprep,sr_decision_by_future_outcome_extra,Reward-Punish,6.0,-0.1707981802483926,0.39340070557964457,0.1999999999999779,-1.0247890814903484,0.2921252895652558,1.3169143710556044,-0.28530766046357914,0.18899952813657098,7.99999999999995,-1.1412306418543023,-0.4316572284710429
103,5,1,sharedreward,single-echo,tedana,sr_decision_partner_extra,Computer-Stranger,6.0,0.021291043311728475,0.1161318326044084,4.099999999999964,0.12774625987036994,0.19929811407800804,0.07155185420763811,0.14467224762619116,0.4054357485384883,7.199999999999953,0.5786889905047574,0.03256061571398603
103,5,1,sharedreward,single-echo,tedana,sr_outcome_primary,Reward-Neutral,6.0,0.18115567691863735,0.931348821130233,4.899999999999961,1.0869340615118164,1.5333467057954921,0.4464126442836758,0.17993578720775272,0.931348821130233,4.899999999999961,0.7197431488310019,0.22003518928302732
103,5,1,sharedreward,single-echo,tedana,sr_outcome_primary,Punish-Neutral,6.0,0.3089073742422084,0.8793589983167258,4.699999999999962,1.853444245453237,1.8609311653405893,0.007486919887352674,0.08625626771218085,0.8793589983167258,4.699999999999962,0.34502507084871914,-0.001705934673179236
103,5,1,sharedreward,single-echo,tedana,sr_outcome_primary,Reward-Punish,6.0,-0.12775169732357092,0.22534234842195527,5.799999999999958,-0.7665101839414201,0.19577753848653373,0.9622877224279538,0.09367951949557188,0.22901380898211382,6.199999999999957,0.37471807798228285,0.22174112395620657
103,5,1,sharedreward,single-echo,tedana,sr_decision_by_future_outcome_extra,Reward-Neutral,6.0,0.22366012952369754,0.44486698728720353,3.3999999999999666,1.3419607771421758,1.5310673082106436,0.18910653106846784,-0.033014339864676445,0.5107530947109961,7.99999999999995,-0.13205735945870414,-0.29758125144715386
103,5,1,sharedreward,single-echo,tedana,sr_decision_by_future_outcome_extra,Punish-Neutral,6.0,0.26170902466637797,0.643020794768374,3.4999999999999662,1.5702541479982568,1.5886635353926293,0.01840938739437249,0.1820213553424252,0.41153071885223264,4.0,0.7280854213696917,0.03061834684671587
103,5,1,sharedreward,single-echo,tedana,sr_decision_by_future_outcome_extra,Reward-Punish,6.0,-0.03804889514268047,0.3976460556969608,0.0999999999999783,-0.2282933708560812,0.32913530476329844,0.5574286756193797,-0.2150356952071016,0.1008562924652503,7.99999999999995,-0.8601427808283958,-0.32819959829386974
103,5,2,sharedreward,multi-echo,fmriprep,sr_decision_partner_extra,Computer-Stranger,6.0,0.012294420888316216,0.1828965472575783,5.19999999999996,0.07376652532989678,0.3326243606670238,0.25885783533712703,0.11303915403582915,0.1828965472575783,5.19999999999996,0.452156616143311,0.15703294758258535
103,5,2,sharedreward,multi-echo,fmriprep,sr_outcome_primary,Reward-Neutral,6.0,0.04805169670571726,0.19321089240565958,2.5999999999999694,0.2883101802343015,0.45778835950341756,0.1694781792691161,-0.06138257610961491,0.1325368142927192,4.0,-0.24553030443845658,-0.12340113728731746
103,5,2,sharedreward,multi-echo,fmriprep,sr_outcome_primary,Punish-Neutral,6.0,0.10365600539816246,0.2358115114294677,2.49999999999997,0.6219360323889703,0.712835559292087,0.09089952690311673,-0.07681562180837241,0.1595469287607485,4.0,-0.3072624872334858,-0.13231413297772665
103,5,2,sharedreward,multi-echo,fmriprep,sr_outcome_primary,Reward-Punish,6.0,-0.05560430869244519,0.008912995690402097,5.999999999999957,-0.3336258521546688,0.00044564978452010323,0.3340715019391889,0.015433045698757503,0.1283086691862028,7.199999999999953,0.06173218279502924,0.008912995690409181
103,5,2,sharedreward,multi-echo,fmriprep,sr_decision_by_future_outcome_extra,Reward-Neutral,6.0,-0.05029172940015746,0.19010217381235095,0.0,-0.30175037640094265,0.1290618700237491,0.43081224642469174,0.06277129200358147,0.16471393860373612,6.7999999999999545,0.2510851680143228,0.06625729447069072
103,5,2,sharedreward,multi-echo,fmriprep,sr_decision_by_future_outcome_extra,Punish-Neutral,6.0,-0.016807831202168274,0.22004860530084866,0.0,-0.10084698721300893,0.21566775365132707,0.316514740864336,0.10601552893702083,0.1982131100976941,7.299999999999953,0.42406211574807806,0.10555914658660424
103,5,2,sharedreward,multi-echo,fmriprep,sr_decision_by_future_outcome_extra,Reward-Punish,6.0,-0.03348389819798918,0.026029335818063895,2.999999999999968,-0.20090338918793366,0.018762266874736675,0.21966565606267033,-0.043244236933439366,-0.0017368978870392542,4.0,-0.17297694773375533,-0.03930185211591351
103,5,2,sharedreward,multi-echo,tedana,sr_decision_partner_extra,Computer-Stranger,6.0,-0.007904167873889398,0.1475372747619699,5.499999999999959,-0.04742500724333605,0.22343701921844908,0.27086202646178514,0.07768979908767873,0.1475372747619699,5.499999999999959,0.31075919635071103,0.1394414280395619
103,5,2,sharedreward,multi-echo,tedana,sr_outcome_primary,Reward-Neutral,6.0,0.025902900841634442,0.1661941809905704,2.5999999999999694,0.15541740504980556,0.3552661468053806,0.19984874175557504,-0.07437798476746517,0.063991931062598,4.0,-0.29751193906985696,-0.11255598713563215
103,5,2,sharedreward,multi-echo,tedana,sr_outcome_primary,Punish-Neutral,6.0,0.09963927107317337,0.2350113278870301,2.699999999999969,0.597835626439036,0.6791246447769796,0.08128901833794377,-0.046969254129956166,0.15896514007263687,4.0,-0.18787701651982233,-0.08300243507107827
103,5,2,sharedreward,multi-echo,tedana,sr_outcome_primary,Reward-Punish,6.0,-0.07373637023153892,-0.0295535520645565,5.999999999999957,-0.44241822138923037,0.0,0.44241822138923037,-0.02740873063750901,0.0741925246542635,7.99999999999995,-0.10963492255003468,-0.029553552064553876
103,5,2,sharedreward,multi-echo,tedana,sr_decision_by_future_outcome_extra,Reward-Neutral,6.0,-0.03446002919632961,0.16830024224360368,0.0,-0.20676017517797618,0.14344189958959958,0.35020207476757576,0.030446233068738556,0.0909790365909511,6.099999999999957,0.12178493227495271,0.08775779035038257
103,5,2,sharedreward,multi-echo,tedana,sr_decision_by_future_outcome_extra,Punish-Neutral,6.0,0.0019543914715043926,0.20923339750215092,0.0,0.011726348829026272,0.26249319083961425,0.250766842010588,0.09951593785553932,0.1362768558053987,6.099999999999957,0.39806375142215233,0.13351460622301325
103,5,2,sharedreward,multi-echo,tedana,sr_decision_by_future_outcome_extra,Reward-Punish,6.0,-0.036414420667834006,0.02682278639363521,2.999999999999968,-0.21848652400700247,0.015299583092016966,0.23378610709901945,-0.06906970478680077,-0.029591612093183096,4.0,-0.27627881914719965,-0.04575681587263071
103,5,2,sharedreward,single-echo,fmriprep,sr_decision_partner_extra,Computer-Stranger,6.0,-0.3561715671719349,-0.046731803701446084,4.099999999999964,-2.137029403031594,0.0,2.137029403031594,-0.20208301451774865,-0.046731803701446084,4.099999999999964,-0.8083320580709845,-0.27672774114125676
103,5,2,sharedreward,single-echo,fmriprep,sr_outcome_primary,Reward-Neutral,6.0,0.6070166232205152,1.242277235855843,2.5999999999999694,3.642099739323065,3.8029140009031233,0.16081426158005852,0.12964128480306136,0.853714041842224,7.99999999999995,0.518565139212239,-0.42896573321203574
103,5,2,sharedreward,single-echo,fmriprep,sr_outcome_primary,Punish-Neutral,6.0,0.647625883712902,1.2151781825354158,3.0999999999999677,3.8857553022773845,3.914084383598975,0.028329081321590347,0.19878752152763426,0.8642195089855639,7.99999999999995,0.7951500861105272,-0.24893680857801873
103,5,2,sharedreward,single-echo,fmriprep,sr_outcome_primary,Reward-Punish,6.0,-0.04060926049238685,0.1020480612986433,2.5999999999999694,-0.24365556295431934,0.20944575736137447,0.4531013203156938,-0.0691462367245729,0.21904630383986262,7.0999999999999535,-0.27658494689828816,-0.18002892463401704
103,5,2,sharedreward,single-echo,fmriprep,sr_decision_by_future_outcome_extra,Reward-Neutral,6.0,-0.22259038229186712,0.8080829980702384,5.999999999999957,-1.3355422937511932,1.6140190051031325,2.9495612988543254,0.8132975486329388,1.2902772338133939,6.999999999999954,3.2531901945317148,0.8080829980702675
103,5,2,sharedreward,single-echo,fmriprep,sr_decision_by_future_outcome_extra,Punish-Neutral,6.0,-0.24555910682932852,0.7025052677146068,5.999999999999957,-1.4733546409759606,1.2862773349489112,2.759631975924872,0.7674744965510156,1.2279079371513428,7.299999999999953,3.0698979862040243,0.7025052677146288
103,5,2,sharedreward,single-echo,fmriprep,sr_decision_by_future_outcome_extra,Reward-Punish,6.0,0.022968724537461425,0.5483280816982763,0.0,0.13781234722476757,0.44682725797444445,0.3090149107496769,0.04582305208192315,0.16077332765103208,6.399999999999956,0.18329220832769033,0.10557773035563867
103,5,2,sharedreward,single-echo,tedana,sr_decision_partner_extra,Computer-Stranger,6.0,-0.12198382214073274,0.0288475357562777,0.2999999999999776,-0.7319029328443912,0.028197264621998473,0.7601001974663896,-0.04735913551300446,0.035339289032498805,6.099999999999957,-0.1894365420520155,0.027218349497404558
103,5,2,sharedreward,single-echo,tedana,sr_outcome_primary,Reward-Neutral,6.0,-0.15090865626391115,0.2390974026263767,2.5999999999999694,-0.9054519375834604,0.18706202231802066,1.0925139599014813,-0.3816435964331812,0.1702159732663437,7.99999999999995,-1.5265743857327059,-0.6549383543688406
103,5,2,sharedreward,single-echo,tedana,sr_outcome_primary,Punish-Neutral,6.0,0.18211024568489542,0.5365987285678652,2.7999999999999687,1.0926614741093648,1.155874769518782,0.06321329540941734,-0.036230634316742893,0.2623385566249646,4.0,-0.14492253726696977,-0.20027374408750662
103,5,2,sharedreward,single-echo,tedana,sr_outcome_primary,Reward-Punish,6.0,-0.3330189019488066,0.06820589358815345,0.0,-1.9981134116928254,0.008432809802509248,2.0065462214953347,-0.3454129621164383,0.03768905121936489,7.99999999999995,-1.381651848465736,-0.454664610281334
103,5,2,sharedreward,single-echo,tedana,sr_decision_by_future_outcome_extra,Reward-Neutral,6.0,-0.3805479700492124,0.31050833650160403,0.0,-2.2832878202952585,0.4005105591634606,2.683798379458719,-0.015123770168342729,0.2857807829210915,5.29999999999996,-0.060495080673370165,0.17237066239918405
103,5,2,sharedreward,single-echo,tedana,sr_decision_by_future_outcome_extra,Punish-Neutral,6.0,-0.24327804186930324,0.40593268787478703,5.699999999999958,-1.459668251215809,0.49267748355402446,1.9523457347698334,0.2129677143889462,0.40593268787478703,5.699999999999958,0.8518708575557743,0.37262920123827026
103,5,2,sharedreward,single-echo,tedana,sr_decision_by_future_outcome_extra,Reward-Punish,6.0,-0.1372699281799092,0.1967353772772012,0.0,-0.8236195690794494,0.10109619180206686,0.9247157608815164,-0.22809148455728895,0.06295419233371559,4.099999999999964,-0.9123659382291445,-0.20025853883908618
103,6,1,mid,multi-echo,fmriprep,mid_anticipation_primary,Reward-Neutral,5.023299999999999,-0.13155622003623343,-0.0264731883247582,4.899999999999961,-0.6608463601080113,0.0,0.6608463601080113,0.034286715687967644,0.11841779646922951,7.0999999999999535,0.13714686275186888,0.052296438876279085
103,6,1,mid,multi-echo,fmriprep,mid_feedback_extra,Positive-Negative,5.992999999999995,0.05362684924431309,0.2501281604117066,5.29999999999996,0.3213857075211681,0.4729538742684113,0.15156816674724316,0.16061154512912068,0.2501281604117066,5.29999999999996,0.6424461805164747,0.23137551652563965
103,6,1,mid,multi-echo,tedana,mid_anticipation_primary,Reward-Neutral,5.023299999999999,-0.04861285845897639,0.012931257587106199,3.3999999999999666,-0.24419697189697606,0.003524412877872757,0.2477213847748488,0.007513945026322253,0.0850583729745574,7.499999999999952,0.030055780105288636,-0.021153396777518776
103,6,1,mid,multi-echo,tedana,mid_feedback_extra,Positive-Negative,5.992999999999995,0.02982536763144644,0.1933350117685241,5.3999999999999595,0.17874342821525835,0.30140971309274156,0.12266628487748318,0.09682899529498988,0.1933350117685241,5.3999999999999595,0.3873159811799547,0.1475712607758136
103,6,1,mid,single-echo,fmriprep,mid_anticipation_primary,Reward-Neutral,5.023299999999999,-0.25158020358904615,0.05058020530372665,5.023299999999999,-1.2637628366888554,0.005030196443564664,1.2687930331324198,0.16782662536354503,0.3749913161713295,6.699999999999955,0.6713065014541718,0.32625382253231067
103,6,1,mid,single-echo,fmriprep,mid_feedback_extra,Positive-Negative,5.992999999999995,0.12175030814539177,0.5325275934842939,5.599999999999959,0.7296495967153322,1.1965160031282085,0.4668664064128762,0.34915046499887725,0.5325275934842939,5.599999999999959,1.3966018599954917,0.4970300748117817
103,6,1,mid,single-echo,tedana,mid_anticipation_primary,Reward-Neutral,5.023299999999999,-0.04659916221660845,0.03797460493454011,0.5999999999999766,-0.2340815715626892,0.020909881124769103,0.25499145268745826,0.10912758650523433,0.2376810908738425,7.399999999999952,0.43651034602093186,0.15273995455213848
103,6,1,mid,single-echo,tedana,mid_feedback_extra,Positive-Negative,5.992999999999995,0.08767856147684706,0.3502157833377917,5.3999999999999595,0.525457618930744,0.913038199158031,0.3875805802272869,0.18595394524992193,0.3502157833377917,5.3999999999999595,0.7438157809996785,0.24897170282714778
103,6,2,mid,multi-echo,fmriprep,mid_anticipation_primary,Reward-Neutral,5.020250000000001,-0.005675433734439077,0.0468320361546338,4.699999999999962,-0.02849209620531778,0.07610893706125303,0.10460103326657082,0.08039739670685583,0.1349211383458627,6.999999999999954,0.32158958682741934,0.0854222528870753
103,6,2,mid,multi-echo,fmriprep,mid_feedback_extra,Positive-Negative,5.9909999999999854,0.009906283047937007,0.1426364491983756,1.1999999999999744,0.05934854174019047,0.18859111024126476,0.1292425685010743,-0.10195565827900167,0.019041055408191,7.99999999999995,-0.40782263311600164,-0.15673454526958877
103,6,2,mid,multi-echo,tedana,mid_anticipation_primary,Reward-Neutral,5.020250000000001,0.05632996588520395,0.09324322722152609,1.4999999999999734,0.28279051123519516,0.2868557251146197,0.004065213879424573,0.0643082296693305,0.16003280010594378,7.399999999999952,0.2572329186773188,0.018824318274108357
103,6,2,mid,multi-echo,tedana,mid_feedback_extra,Positive-Negative,5.9909999999999854,-0.04499906267365328,0.053900688514050596,1.1999999999999744,-0.26958938447785613,0.04397261079327333,0.31356199527112943,-0.09115932887264189,-0.0047333201240912,7.99999999999995,-0.364637315490563,-0.10800620740253221
103,6,2,mid,single-echo,fmriprep,mid_anticipation_primary,Reward-Neutral,5.020250000000001,0.010645757363966566,0.18824191044069222,1.3999999999999737,0.05344436340645316,0.33656868819957203,0.2831243247931189,0.04584495831055391,0.17538960988182709,4.899999999999961,0.18337983324221335,0.11378402394700825
103,6,2,mid,single-echo,fmriprep,mid_feedback_extra,Positive-Negative,5.9909999999999854,0.023526417783882134,0.2880553832883343,1.299999999999974,0.14094676894323752,0.5924919509766989,0.45154518203346145,-0.010499549953282354,0.2667551331562985,4.499999999999963,-0.0419981998131289,-0.10921933659145175
103,6,2,mid,single-echo,tedana,mid_anticipation_primary,Reward-Neutral,5.020250000000001,0.1044343562625364,0.3046194447422075,3.999999999999965,0.5242865770269984,0.5756721734312028,0.05138559640420442,0.06510542375107539,0.30461944474219876,4.0,0.26042169500429835,0.02635504656372995
103,6,2,mid,single-echo,tedana,mid_feedback_extra,Positive-Negative,5.9909999999999854,-0.12713891579649428,0.19257226724431148,1.1999999999999744,-0.7616892445367954,0.16841681065984093,0.9301060551966364,-0.03578472863654267,0.1114468540030237,7.99999999999995,-0.1431389145461689,-0.05261547873116208
103,6,1,sharedreward,multi-echo,fmriprep,sr_decision_partner_extra,Computer-Stranger,6.0,-0.05668194149775973,0.1253440819254382,5.999999999999957,-0.34009164898655597,0.08255155833972866,0.4226432073262846,0.04899026281189747,0.1514593273728921,6.699999999999955,0.19596105124758745,0.12534408192544252
103,6,1,sharedreward,multi-echo,fmriprep,sr_outcome_primary,Reward-Neutral,6.0,-0.07726730460284735,0.3298412710467289,5.999999999999957,-0.4636038276170808,0.20301111478630868,0.6666149424033894,0.17263212964261593,0.3573124245756662,6.7999999999999545,0.6905285185704552,0.3298412710467282
103,6,1,sharedreward,multi-echo,fmriprep,sr_outcome_primary,Punish-Neutral,6.0,-0.06957554319416236,0.0804449500310533,5.499999999999959,-0.41745325916497117,0.12290719797189525,0.5403604571368664,0.08630698336801572,0.20134219573566509,7.299999999999953,0.3452279334720586,0.06428369774189757
103,6,1,sharedreward,multi-echo,fmriprep,sr_outcome_primary,Reward-Punish,6.0,-0.007691761408684976,0.2655575733048316,5.999999999999957,-0.046150568452109526,0.38126066777972173,0.4274112362318313,0.08632514627460021,0.2655575733048316,5.999999999999957,0.34530058509839656,0.26555757330483065
103,6,1,sharedreward,multi-echo,fmriprep,sr_decision_by_future_outcome_extra,Reward-Neutral,6.0,-0.07650378582340824,0.06902450425720541,2.0999999999999712,-0.45902271494044616,0.054753365807298934,0.5137760807477452,-0.06948896628845266,0.08586330801353562,6.899999999999954,-0.2779558651538072,-0.05939822790081104
103,6,1,sharedreward,multi-echo,fmriprep,sr_decision_by_future_outcome_extra,Punish-Neutral,6.0,-0.0008205231903554552,0.0822275080398841,2.49999999999997,-0.004923139142132696,0.1540229548848383,0.15894609402697102,-0.06784846191613778,0.06306318631492559,4.799999999999962,-0.2713938476645477,-0.08734509282871326
103,6,1,sharedreward,multi-echo,fmriprep,sr_decision_by_future_outcome_extra,Reward-Punish,6.0,-0.07568326263305279,0.1241740867924726,0.8999999999999755,-0.4540995757983135,0.17259620386258062,0.6266957796608942,-0.0016405043723148965,0.2639807761265334,6.899999999999954,-0.006562017489259504,0.027946864927902226
103,6,1,sharedreward,multi-echo,tedana,sr_decision_partner_extra,Computer-Stranger,6.0,-0.05489019768782409,0.1005343889396682,5.999999999999957,-0.3293411861269422,0.07434276116432778,0.4036839472912699,0.04442926894453274,0.14219834293207032,6.7999999999999545,0.17771707577812873,0.10053438893967277
103,6,1,sharedreward,multi-echo,tedana,sr_outcome_primary,Reward-Neutral,6.0,-0.06496932349755054,0.30773814942251754,5.999999999999957,-0.3898159409853005,0.18180512407107485,0.5716210650563753,0.1642678379138346,0.37105341750225806,6.999999999999954,0.6570713516553301,0.30773814942252015
103,6,1,sharedreward,multi-echo,tedana,sr_outcome_primary,Punish-Neutral,6.0,-0.05559561616456507,0.0821112350086069,0.1999999999999779,-0.33357369698738804,0.12526192782469367,0.4588356248120816,0.08055959380457528,0.1993921220358009,7.299999999999953,0.3222383752182971,0.06301879435840099
103,6,1,sharedreward,multi-echo,tedana,sr_outcome_primary,Reward-Punish,6.0,-0.009373707332985488,0.2447193550641183,5.999999999999957,-0.05624224399791253,0.3561968854190973,0.4124391294170098,0.0837082441092593,0.2559251127162333,6.499999999999956,0.334832976437033,0.24471935506411913
103,6,1,sharedreward,multi-echo,tedana,sr_decision_by_future_outcome_extra,Reward-Neutral,6.0,-0.07978300877046426,0.020050687128540398,2.199999999999971,-0.47869805262278214,0.007158922583086244,0.4858569752058684,-0.052780283584838376,0.10159762850450721,6.899999999999954,-0.21112113433935087,-0.04358377117680386
103,6,1,sharedreward,multi-echo,tedana,sr_decision_by_future_outcome_extra,Punish-Neutral,6.0,-0.004720089758733729,0.0846232998445912,4.499999999999963,-0.028320538552402172,0.15831782013370535,0.18663835868610756,-0.05210672268039501,0.0846232998445912,4.499999999999963,-0.20842689072157747,-0.07375013061278361
103,6,1,sharedreward,multi-echo,tedana,sr_decision_by_future_outcome_extra,Reward-Punish,6.0,-0.07506291901173053,0.1028773924129289,0.8999999999999755,-0.45037751407037996,0.14831063658845642,0.5986881506588365,-0.000673560904443362,0.27011519864145017,6.899999999999954,-0.0026942436177734147,0.030166359435979763
103,6,1,sharedreward,single-echo,fmriprep,sr_decision_partner_extra,Computer-Stranger,6.0,-0.30282511672833934,0.5098243191652954,5.999999999999957,-1.8169507003700232,0.22707214377845553,2.0440228441484787,0.09403778226837918,0.5455079329554948,6.199999999999957,0.37615112907351206,0.509824319165304
103,6,1,sharedreward,single-echo,fmriprep,sr_outcome_primary,Reward-Neutral,6.0,-0.32340276112550487,0.8131863106998328,5.999999999999957,-1.9404165667530155,0.33193232921035576,2.272348895963371,0.3593239223207959,0.8895504282631165,6.699999999999955,1.4372956892831659,0.8131863106998363
103,6,1,sharedreward,single-echo,fmriprep,sr_outcome_primary,Punish-Neutral,6.0,-0.3367097478051584,0.4751267403110273,0.1999999999999779,-2.020258486830936,0.28190827515022243,2.3021667619811583,-0.2545829419648438,0.5895662950487074,7.899999999999951,-1.0183317678593626,-0.8322020004073379
103,6,1,sharedreward,single-echo,fmriprep,sr_outcome_primary,Reward-Punish,6.0,0.013306986679653583,1.6453883111071903,5.999999999999957,0.07984192007792093,1.7693827905697408,1.6895408704918196,0.6139068642856398,1.6453883111071903,5.999999999999957,2.4556274571425285,1.645388311107174
103,6,1,sharedreward,single-echo,fmriprep,sr_decision_by_future_outcome_extra,Reward-Neutral,6.0,-0.4157864634457435,0.045973673425306616,0.7999999999999758,-2.494718780674443,0.02325730266815339,2.517976083342597,-0.31752235895651315,0.08954110128916269,6.699999999999955,-1.2700894358260368,-0.030633424205215906
103,6,1,sharedreward,single-echo,fmriprep,sr_decision_by_future_outcome_extra,Punish-Neutral,6.0,-0.22233145834848778,0.3089362196687359,4.399999999999963,-1.333988750090917,0.36240126763987324,1.6963900177307907,-0.19187203068593683,0.3089362196687359,4.399999999999963,-0.7674881227437378,-0.10967823998496497
103,6,1,sharedreward,single-echo,fmriprep,sr_decision_by_future_outcome_extra,Reward-Punish,6.0,-0.1934550050972556,0.7787453240239837,1.9999999999999716,-1.1607300305835253,1.2012624345197056,2.3619924651032305,-0.12565032827057634,0.7246105580623577,7.199999999999953,-0.5026013130822992,0.07904481577974906
103,6,1,sharedreward,single-echo,tedana,sr_decision_partner_extra,Computer-Stranger,6.0,-0.3184722733698255,0.3938771915622956,5.999999999999957,-1.9108336402189392,0.14829314834201385,2.059126788560953,0.05880261312321269,0.4787513034928673,6.599999999999955,0.23521045249284783,0.39387719156230644
103,6,1,sharedreward,single-echo,tedana,sr_outcome_primary,Reward-Neutral,6.0,-0.24674303310676804,0.5994576152879436,5.999999999999957,-1.4804581986405978,0.34174254655783526,1.8222007451984332,0.35378295465557347,0.9803162441843367,7.199999999999953,1.4151318186222763,0.5994576152879662
103,6,1,sharedreward,single-echo,tedana,sr_outcome_primary,Punish-Neutral,6.0,-0.264154776388012,0.5362479433573683,0.1999999999999779,-1.5849286583280606,0.28122252942089365,1.8661511877489545,-0.1573226404685882,0.6045649415328584,7.599999999999952,-0.6292905618743451,-0.7670712110809381
103,6,1,sharedreward,single-echo,tedana,sr_outcome_primary,Reward-Punish,6.0,0.017411743281243848,1.366528826368905,5.999999999999957,0.10447045968746235,1.604297082823964,1.4998266231365016,0.5111055951241618,1.3672774156338856,6.199999999999957,2.0444223804966217,1.3665288263689044
103,6,1,sharedreward,single-echo,tedana,sr_decision_by_future_outcome_extra,Reward-Neutral,6.0,-0.36313711234170243,0.1092911991552456,0.7999999999999758,-2.178822674050199,0.08330355520645238,2.2621262292566517,-0.22145508188132987,0.20642521812152032,6.7999999999999545,-0.8858203275253085,-0.02132121410460435
103,6,1,sharedreward,single-echo,tedana,sr_decision_by_future_outcome_extra,Punish-Neutral,6.0,-0.2268401359842502,0.36699620270414834,4.399999999999963,-1.3610408159054916,0.4662768637410608,1.8273176796465527,-0.17133489352046635,0.36699620270414834,4.399999999999963,-0.6853395740818569,-0.14671401685695565
103,6,1,sharedreward,single-echo,tedana,sr_decision_by_future_outcome_extra,Reward-Punish,6.0,-0.13629697635745217,0.8254216125536448,2.0999999999999712,-0.8177818581447072,1.3061834945087971,2.123965352653504,-0.0501201883608635,0.8941984900754207,7.199999999999953,-0.2004807534434515,0.12539280275235126
103,6,2,sharedreward,multi-echo,fmriprep,sr_decision_partner_extra,Computer-Stranger,6.0,0.025862150598940828,0.1321450902372618,2.7999999999999687,0.15517290359364386,0.24482284063451792,0.08964993704087407,-0.06561159198369616,0.0604218000914708,4.299999999999963,-0.2624463679347814,-0.0993527932473613
103,6,2,sharedreward,multi-echo,fmriprep,sr_outcome_primary,Reward-Neutral,6.0,-0.1787105956173821,-0.02459685035819918,0.0,-1.072263573704285,0.0,1.072263573704285,-0.20549806095425205,-0.15186703548775599,7.799999999999951,-0.821992243816998,-0.23925884432028932
103,6,2,sharedreward,multi-echo,fmriprep,sr_outcome_primary,Punish-Neutral,6.0,-0.10064706181763125,0.09024169942899868,0.0,-0.6038823709057832,0.02665080876311016,0.6305331796688936,-0.14420099874982092,-0.0848339439888567,5.799999999999958,-0.5768039949992765,-0.11078690052383548
103,6,2,sharedreward,multi-echo,fmriprep,sr_outcome_primary,Reward-Punish,6.0,-0.07806353379975081,0.0618087619605496,4.099999999999964,-0.46838120279850154,0.04442855368304342,0.5128097564815449,-0.06129706220443117,0.0618087619605496,4.099999999999964,-0.24518824881772164,-0.12847194379645385
103,6,2,sharedreward,multi-echo,fmriprep,sr_decision_by_future_outcome_extra,Reward-Neutral,6.0,0.011528556453413328,0.2929288190171867,2.49999999999997,0.06917133872047948,0.4509749834423615,0.381803644721882,-0.17973463229102857,0.05258895081242401,4.0,-0.7189385291641053,-0.2428505554206593
103,6,2,sharedreward,multi-echo,fmriprep,sr_decision_by_future_outcome_extra,Punish-Neutral,6.0,0.050613010704870016,0.16434106364047418,3.999999999999965,0.30367806422921795,0.4067744469931082,0.10309638276389022,-0.0798645156023759,0.1643410636404732,4.0,-0.3194580624094996,-0.13788521714624907
103,6,2,sharedreward,multi-echo,fmriprep,sr_decision_by_future_outcome_extra,Reward-Punish,6.0,-0.03908445425145671,0.1706044938684424,2.5999999999999694,-0.23450672550873858,0.17682541893901288,0.41133214444775146,-0.09987011668865266,-0.019477661867503306,7.99999999999995,-0.3994804667546057,-0.10496533827441025
103,6,2,sharedreward,multi-echo,tedana,sr_decision_partner_extra,Computer-Stranger,6.0,0.04784569243001638,0.0858190915254028,2.7999999999999687,0.2870741545800962,0.2901562596490352,0.003082105068939034,0.004526827833341356,0.0521572344887844,4.299999999999963,0.018107311333365197,-0.01087758242933796
103,6,2,sharedreward,multi-echo,tedana,sr_outcome_primary,Reward-Neutral,6.0,-0.04348514311527401,0.07581659114795959,0.0,-0.2609108586916422,0.0464963942078406,0.30740725289948284,-0.1158005734042033,0.0033646239205321962,4.399999999999963,-0.4632022936168074,-0.2004884048556588
103,6,2,sharedreward,multi-echo,tedana,sr_outcome_primary,Punish-Neutral,6.0,-0.02547723293676503,0.1783303954426205,0.0,-0.1528633976205891,0.23590951054556242,0.3887729081661515,-0.10535384286715013,-0.043469965820057604,7.799999999999951,-0.4214153714685953,-0.1689665582761949
103,6,2,sharedreward,multi-echo,tedana,sr_outcome_primary,Reward-Punish,6.0,-0.01800791017850898,0.089683565748798,4.199999999999964,-0.10804746107105312,0.12210271135751771,0.23015017242857083,-0.010446730537053153,0.089683565748798,4.199999999999964,-0.04178692214821209,-0.03152184657946388
103,6,2,sharedreward,multi-echo,tedana,sr_decision_by_future_outcome_extra,Reward-Neutral,6.0,0.05920190026675994,0.2012907883151898,2.7999999999999687,0.35521140160055714,0.47471904558108396,0.11950764398052677,-0.03056375612153385,0.17049521611538798,4.0,-0.12225502448613387,-0.09240052032852754
103,6,2,sharedreward,multi-echo,tedana,sr_decision_by_future_outcome_extra,Punish-Neutral,6.0,0.0731844504364154,0.1941426702648742,4.199999999999964,0.43910670261848933,0.44190697011829383,0.0028002674998045597,0.0014717479643470291,0.1941426702648742,4.199999999999964,0.005886991857388044,-0.029910317625306788
103,6,2,sharedreward,multi-echo,tedana,sr_decision_by_future_outcome_extra,Reward-Punish,6.0,-0.013982550169655448,0.1316230307168394,2.699999999999969,-0.08389530101793209,0.1507351212418638,0.2346304222597959,-0.032035504085880864,0.024097634369498508,7.599999999999952,-0.12814201634352188,-0.06249020270322075
103,6,2,sharedreward,single-echo,fmriprep,sr_decision_partner_extra,Computer-Stranger,6.0,0.044474739077361006,0.3882411677778243,3.4999999999999662,0.2668484344641641,0.7294974853170657,0.4626490508529016,-0.3010248059086485,0.29997167278976933,4.0,-1.204099223634579,-0.4733703761289858
103,6,2,sharedreward,single-echo,fmriprep,sr_outcome_primary,Reward-Neutral,6.0,-0.5449631195428953,-0.14845206226408558,5.799999999999958,-3.2697787172573487,0.0,3.2697787172573487,-0.3541027566115938,-0.14845206226408558,5.799999999999958,-1.4164110264463576,-0.192475697320922
103,6,2,sharedreward,single-echo,fmriprep,sr_outcome_primary,Punish-Neutral,6.0,-0.3853475829396036,0.19115390889581385,5.799999999999958,-2.312085497637605,0.07682124041224878,2.3889067380498537,-0.45128526187365725,0.19115390889581385,5.799999999999958,-1.8051410474946066,0.06246436876850113
103,6,2,sharedreward,single-echo,fmriprep,sr_outcome_primary,Reward-Punish,6.0,-0.15961553660329186,0.321395799889949,4.199999999999964,-0.9576932196197444,0.2827349132362542,1.2404281328559985,0.09718250526206347,0.5171272416434871,7.599999999999952,0.38873002104824905,-0.25494006608942316
103,6,2,sharedreward,single-echo,fmriprep,sr_decision_by_future_outcome_extra,Reward-Neutral,6.0,-0.3469180059877574,0.8675200404556699,2.2999999999999705,-2.0815080359265297,0.9538636292957021,3.035371665222232,-0.7580299739061725,-0.047173559849383706,7.99999999999995,-3.0321198956246525,-0.9404201061766003
103,6,2,sharedreward,single-echo,fmriprep,sr_decision_by_future_outcome_extra,Punish-Neutral,6.0,-0.08061598938846208,0.3369044781771997,1.899999999999972,-0.48369593633076907,0.4558706103955109,0.9395665467262799,-0.4308659993897987,0.0869168972703118,4.199999999999964,-1.7234639975591732,-0.5714642843914847
103,6,2,sharedreward,single-echo,fmriprep,sr_decision_by_future_outcome_extra,Reward-Punish,6.0,-0.2663020165992953,0.6687099595072703,2.699999999999969,-1.5978120995957605,0.6879607437681479,2.2857728433639086,-0.32716397451637375,0.19765533118920361,7.99999999999995,-1.3086558980654788,-0.3689558217851156
103,6,2,sharedreward,single-echo,tedana,sr_decision_partner_extra,Computer-Stranger,6.0,0.17407709552203113,0.35894334779347997,0.9999999999999752,1.0444625731321793,1.1965527752812486,0.1520902021490692,-0.04320642113673265,0.22092058744754559,4.0,-0.17282568454692845,-0.1384306863626197
103,6,2,sharedreward,single-echo,tedana,sr_outcome_primary,Reward-Neutral,6.0,-0.148547617644821,0.1608890997081395,4.399999999999963,-0.8912857058689196,0.19959028294125425,1.0908759888101738,-0.11077634797443739,0.1608890997081395,4.399999999999963,-0.44310539189774406,0.021747808551115477
103,6,2,sharedreward,single-echo,tedana,sr_outcome_primary,Punish-Neutral,6.0,-0.19266644444000328,0.0551956214896254,0.0,-1.1559986666400115,0.0354058440008817,1.1914045106408933,-0.34938118901006987,-0.007129134084448097,5.799999999999958,-1.3975247560402622,-0.08938584178952041
103,6,2,sharedreward,single-echo,tedana,sr_outcome_primary,Reward-Punish,6.0,0.044118826795182337,0.3534252011004046,4.199999999999964,0.26471296077109213,0.6837908485429808,0.4190778877718886,0.23860484103563243,0.3762630034820107,7.299999999999953,0.9544193641425178,0.11113365034063588
103,6,2,sharedreward,single-echo,tedana,sr_decision_by_future_outcome_extra,Reward-Neutral,6.0,-0.18676944774814985,0.322993385579528,2.7999999999999687,-1.1206166864888911,0.4438943721532915,1.5645110586421827,-0.2584173823336415,0.13196984698927766,4.0,-1.033669529334553,-0.4659375928351222
103,6,2,sharedreward,single-echo,tedana,sr_decision_by_future_outcome_extra,Punish-Neutral,6.0,-0.02281258562760299,0.22941408011972558,4.199999999999964,-0.13687551376561696,0.23219246060999318,0.3690679743756101,-0.23027305543333756,0.22941408011972558,4.199999999999964,-0.9210922217333388,-0.3407829067562966
103,6,2,sharedreward,single-echo,tedana,sr_decision_by_future_outcome_extra,Reward-Punish,6.0,-0.16395686212054686,0.4858851858710743,2.7999999999999687,-0.9837411727232742,0.5181881283062503,1.501929301029525,-0.02814432690030391,0.2922775431808966,7.99999999999995,-0.11257730760121423,-0.12515468607882566
103,7,1,mid,multi-echo,fmriprep,mid_anticipation_primary,Reward-Neutral,5.020500000000027,0.09252002444215252,0.1450202288810154,4.199999999999964,0.4644967827118292,0.4644967827118292,0.0,-0.024062264028691376,0.1450202288810154,4.199999999999964,-0.09624905611476431,-0.09025768961414071
103,7,1,mid,multi-echo,fmriprep,mid_feedback_extra,Positive-Negative,5.993999999999971,-0.05928360946216398,0.12233414736209544,5.993999999999971,-0.3553459551162092,0.07487396896981643,0.4302199240860257,0.037541704337627074,0.1836874414613244,6.599999999999955,0.15016681735050644,0.12301234333352933
103,7,1,mid,multi-echo,tedana,mid_anticipation_primary,Reward-Neutral,5.020500000000027,0.07990460615827932,0.1226583968109006,3.599999999999966,0.4011610752176435,0.4011610752176435,0.0,-0.020964403200061103,0.12128672150643419,4.199999999999964,-0.08385761280024337,-0.06959391515340595
103,7,1,mid,multi-echo,tedana,mid_feedback_extra,Positive-Negative,5.993999999999971,-0.05930110514841602,0.11531413503992896,5.993999999999971,-0.35545082425960395,0.06395303825453309,0.41940386251413697,0.028575160158577223,0.1672070299634145,6.599999999999955,0.11430064063430748,0.11587511012645313
103,7,1,mid,single-echo,fmriprep,mid_anticipation_primary,Reward-Neutral,5.020500000000027,0.05394386323624219,0.2494970971035397,3.999999999999965,0.27082516537755535,0.5344534940740218,0.2636283286964665,-0.2407687155266994,0.24949709710353815,4.0,-0.9630748621067856,-0.5224687585295354
103,7,1,mid,single-echo,fmriprep,mid_feedback_extra,Positive-Negative,5.993999999999971,-0.01936292354898847,0.2828441945132622,5.499999999999959,-0.11606136375263633,0.3943342752005681,0.5103956389532044,0.09593532098310192,0.2828441945132622,5.499999999999959,0.3837412839324029,0.2412639435352633
103,7,1,mid,single-echo,tedana,mid_anticipation_primary,Reward-Neutral,5.020500000000027,0.06104561075510599,0.2538116956414384,3.899999999999965,0.3064794887960113,0.46022347941969133,0.15374399062368,-0.19044006069667965,0.25182930466652315,4.0,-0.7617602427867092,-0.42287906114687795
103,7,1,mid,single-echo,tedana,mid_feedback_extra,Positive-Negative,5.993999999999971,-0.032227034825230594,0.2418238086778113,5.699999999999958,-0.19316884674243126,0.3140573617634248,0.5072262085058561,0.07775476862685443,0.2418238086778113,5.699999999999958,0.31101907450741384,0.23326988849036862
103,7,2,mid,multi-echo,fmriprep,mid_anticipation_primary,Reward-Neutral,5.023800000000014,0.009895454868895523,0.0741843665584363,3.599999999999966,0.049712786170357466,0.133745621177628,0.08403283500727053,0.03994575540425372,0.06812159255184229,4.0,0.15978302161701288,0.030869693283038346
103,7,2,mid,multi-echo,fmriprep,mid_feedback_extra,Positive-Negative,5.994,-0.0810649178522251,0.11951485485701958,5.994,-0.4859031176062372,0.07436137429747917,0.5602644919037164,0.06723736751705035,0.1370176235649872,6.599999999999955,0.2689494700681981,0.12014979197445343
103,7,2,mid,multi-echo,tedana,mid_anticipation_primary,Reward-Neutral,5.023800000000014,-0.0052071349234877745,0.07539261174585839,3.599999999999966,-0.026159604428617953,0.10919011799160454,0.1353497224202225,0.015292205621358482,0.06092965300975235,4.0,0.061168822485433164,0.009544822369282271
103,7,2,mid,multi-echo,tedana,mid_feedback_extra,Positive-Negative,5.994,-0.07497218157796905,0.12581398892494705,5.994,-0.4493832563783464,0.06857597843848923,0.5179592348168356,0.06446539347679861,0.1603125309012317,6.599999999999955,0.2578615739071912,0.12667661257571705
103,7,2,mid,single-echo,fmriprep,mid_anticipation_primary,Reward-Neutral,5.023800000000014,-0.11487284563537184,0.04299148897822228,5.023800000000014,-0.5770982019029827,0.014924031328035853,0.5920222332310187,0.15617929807312544,0.3297389132993494,6.899999999999954,0.624717192292494,0.2238987488838172
103,7,2,mid,single-echo,fmriprep,mid_feedback_extra,Positive-Negative,5.994,-0.16322002789983237,0.12717228585669751,5.994,-0.9783408472315952,0.049585916193858055,1.0279267634254534,0.0363278788363472,0.13924421261331568,6.599999999999955,0.145311515345387,0.1273787582799205
103,7,2,mid,single-echo,tedana,mid_anticipation_primary,Reward-Neutral,5.023800000000014,-0.12924809256420441,0.0277808900775993,4.899999999999961,-0.649316567424052,0.010039009392668389,0.6593555768167203,0.1247580517994714,0.2665790359041498,6.7999999999999545,0.4990322071978794,0.21940641461817686
103,7,2,mid,single-echo,tedana,mid_feedback_extra,Positive-Negative,5.994,-0.16347828825563684,0.0442759250547383,5.994,-0.9798888598042872,0.0055980031952381215,0.9854868629995253,0.015346447568491448,0.1701316221912224,6.7999999999999545,0.06138579027396503,0.045176978698624526
103,7,1,sharedreward,multi-echo,fmriprep,sr_decision_partner_extra,Computer-Stranger,6.0,0.11343549649705513,0.2431321835174611,1.1999999999999744,0.680612978982326,0.6873563828208482,0.006743403838522324,-0.023359052378961746,0.0629568185245289,4.199999999999964,-0.09343620951584582,-0.034976550206790205
103,7,1,sharedreward,multi-echo,fmriprep,sr_outcome_primary,Reward-Neutral,6.0,-0.031091287661190424,0.1085030967306327,3.299999999999967,-0.18654772596714123,0.21711573714139926,0.40366346310854045,-0.014491916521786427,0.24433732865274232,7.799999999999951,-0.05796766608714499,-0.2006926077450374
103,7,1,sharedreward,multi-echo,fmriprep,sr_outcome_primary,Punish-Neutral,6.0,-0.2015810587491639,0.08114912758278489,3.299999999999967,-1.2094863524949748,0.051838559141044925,1.2613249116360197,-0.3850307488145456,0.1830927992123031,7.99999999999995,-1.5401229952581632,-0.7153610643968935
103,7,1,sharedreward,multi-echo,fmriprep,sr_outcome_primary,Reward-Punish,6.0,0.17048977108797347,0.5799226487987112,5.599999999999959,1.0229386265278335,1.1778503748769453,0.15491174834911167,0.37053883229275913,0.5799226487987112,5.599999999999959,1.482155329171018,0.5146684566518561
103,7,1,sharedreward,multi-echo,fmriprep,sr_decision_by_future_outcome_extra,Reward-Neutral,6.0,-0.03195302642576958,0.100643796237183,5.3999999999999595,-0.19171815855461613,0.10092505102900717,0.29264320958362333,-0.03394977885685394,0.100643796237183,5.3999999999999595,-0.13579911542741407,-0.05745339310334668
103,7,1,sharedreward,multi-echo,fmriprep,sr_decision_by_future_outcome_extra,Punish-Neutral,6.0,-0.08173076249692986,0.10000298289445911,2.699999999999969,-0.49038457498157567,0.062239491070671255,0.552624066052247,-0.05448435327991566,-0.0015751117721323066,7.399999999999952,-0.21793741311965992,-0.07423232609599155
103,7,1,sharedreward,multi-echo,fmriprep,sr_decision_by_future_outcome_extra,Reward-Punish,6.0,0.049777736071160275,0.2859895122507386,1.299999999999974,0.2986664164269595,0.584514523039038,0.28584810661207855,0.020534574423061714,0.16888697287180598,5.3999999999999595,0.08213829769224583,0.016778932992644865
103,7,1,sharedreward,multi-echo,tedana,sr_decision_partner_extra,Computer-Stranger,6.0,0.02258469436339825,0.1183394589413174,2.49999999999997,0.13550816618038855,0.20457540129370305,0.06906723511331445,-0.07066416860339524,0.0002127742840520896,4.0,-0.28265667441357745,-0.08905510034958652
103,7,1,sharedreward,multi-echo,tedana,sr_outcome_primary,Reward-Neutral,6.0,-0.06421994597983878,0.0648956460769263,1.899999999999972,-0.38531967587902993,0.0941328585774818,0.4794525344565117,-0.12512041184162298,0.0711121844011264,7.99999999999995,-0.5004816473664857,-0.2554328345827603
103,7,1,sharedreward,multi-echo,tedana,sr_outcome_primary,Punish-Neutral,6.0,-0.16411932715635424,0.0326410516761379,2.999999999999968,-0.9847159629381185,0.022369819237858708,1.007085782175977,-0.19868182714602706,0.0953057951764344,7.699999999999951,-0.7947273085840983,-0.3805223295170277
103,7,1,sharedreward,multi-echo,tedana,sr_outcome_primary,Reward-Punish,6.0,0.09989938117651548,0.17710739805126102,1.299999999999974,0.5993962870590887,0.599883718819026,0.0004874317599374089,0.07356141530440408,0.1722915827789042,5.29999999999996,0.29424566121761264,0.12508949493426738
103,7,1,sharedreward,multi-echo,tedana,sr_decision_by_future_outcome_extra,Reward-Neutral,6.0,-0.03812202112977757,0.027549846248248397,2.699999999999969,-0.22873212677866378,0.032150585607815745,0.26088271238647953,-0.019437193540997003,0.0242033064221728,6.299999999999956,-0.07774877416398704,0.017671431666935376
103,7,1,sharedreward,multi-echo,tedana,sr_decision_by_future_outcome_extra,Punish-Neutral,6.0,-0.11696848674022316,0.0743479746405934,2.699999999999969,-0.701810920441334,0.04169870544418208,0.743509625885516,-0.10062954707141472,-0.018899607493556098,6.899999999999954,-0.4025181882856539,-0.1218347704884617
103,7,1,sharedreward,multi-echo,tedana,sr_decision_by_future_outcome_extra,Reward-Punish,6.0,0.07884646561044559,0.1942893778052642,1.0999999999999748,0.47307879366267014,0.5116879235258535,0.03860912986318331,0.08119235353041773,0.160806787697191,5.499999999999959,0.3247694141216669,0.13950620215539708
103,7,1,sharedreward,single-echo,fmriprep,sr_decision_partner_extra,Computer-Stranger,6.0,0.7435727972342818,1.50711020154149,1.0999999999999748,4.461436783405659,4.6408327114831955,0.17939592807753574,-0.28072862574460883,0.6973188169341997,4.299999999999963,-1.1229145029784213,-0.6535246778330539
103,7,1,sharedreward,single-echo,fmriprep,sr_outcome_primary,Reward-Neutral,6.0,-0.562419468029367,0.0806047928458089,1.899999999999972,-3.3745168081761783,0.03052116670410025,3.4050379748802784,-0.26523463729854424,1.5772402994623969,7.599999999999952,-1.0609385491941639,-1.6768890628925577
103,7,1,sharedreward,single-echo,fmriprep,sr_outcome_primary,Punish-Neutral,6.0,-0.9634740039683378,0.2256708343084441,3.299999999999967,-5.780844023809986,0.14215938767176325,5.92300341148175,-1.7571165980851846,0.7150245380100794,7.599999999999952,-7.028466392340651,-3.710473438032707
103,7,1,sharedreward,single-echo,fmriprep,sr_outcome_primary,Reward-Punish,6.0,0.40105453593897095,2.321642588163651,5.699999999999958,2.4063272156338087,3.779149228164483,1.372822012530674,1.4918819607866407,2.321642588163651,5.699999999999958,5.967527843146488,2.033584375140149
103,7,1,sharedreward,single-echo,fmriprep,sr_decision_by_future_outcome_extra,Reward-Neutral,6.0,0.13890068124284896,1.3490512311874356,0.4999999999999769,0.8334040874570878,2.336873132751877,1.503469045294789,-0.6414998528707186,0.1190741450680512,7.99999999999995,-2.5659994114828426,-1.1912367800056287
103,7,1,sharedreward,single-echo,fmriprep,sr_decision_by_future_outcome_extra,Punish-Neutral,6.0,-0.04596839226161069,1.0171333087108096,2.699999999999969,-0.27581035356966216,1.590342068492361,1.8661524220620231,-0.49843555371735565,0.1451576863503835,7.499999999999952,-1.9937422148693977,-0.5508107065684121
103,7,1,sharedreward,single-echo,fmriprep,sr_decision_by_future_outcome_extra,Reward-Punish,6.0,0.18486907350445966,1.1473585717502663,1.3999999999999737,1.1092144410267502,2.317945448889816,1.2087310078630658,-0.143064299153363,0.6172565129843681,4.599999999999962,-0.5722571966134449,-0.6404260734372165
103,7,1,sharedreward,single-echo,tedana,sr_decision_partner_extra,Computer-Stranger,6.0,0.014205957741094961,0.44846940775022726,2.39999999999997,0.08523574644656916,0.5783794345474637,0.49314368810089443,-0.2807500869104372,-0.042489796635171204,4.399999999999963,-1.1230003476417347,-0.40419164219763987
103,7,1,sharedreward,single-echo,tedana,sr_outcome_primary,Reward-Neutral,6.0,-0.5029822636886414,-0.009085561018191135,1.899999999999972,-3.017893582131827,0.0,3.017893582131827,-0.589955770275925,0.09469767337113778,7.699999999999951,-2.359823081103671,-1.129955300480451
103,7,1,sharedreward,single-echo,tedana,sr_outcome_primary,Punish-Neutral,6.0,-0.7229428134829792,-0.06851964869334687,2.699999999999969,-4.337656880897844,0.0,4.337656880897844,-0.9127145469351435,0.1041978963244053,7.599999999999952,-3.650858187740529,-1.674550929025009
103,7,1,sharedreward,single-echo,tedana,sr_outcome_primary,Reward-Punish,6.0,0.21996054979433777,0.7033793940097524,5.499999999999959,1.3197632987660173,1.6463574323422705,0.32659413357625344,0.3227587766592185,0.7033793940097524,5.499999999999959,1.291035106636858,0.5445956285445579
103,7,1,sharedreward,single-echo,tedana,sr_decision_by_future_outcome_extra,Reward-Neutral,6.0,-0.09826720879192746,0.4224910745811266,2.5999999999999694,-0.5896032527515606,0.5846632841732149,1.1742665369247753,-0.47764280728155556,-0.3921061191675438,5.599999999999959,-1.9105712291261985,-0.4286978901093189
103,7,1,sharedreward,single-echo,tedana,sr_decision_by_future_outcome_extra,Punish-Neutral,6.0,-0.17735010760690154,0.8034143299678488,2.699999999999969,-1.0641006456414017,0.8996788049593673,1.9637794506007689,-0.6331863253255327,-0.3262898992514292,4.0,-2.532745301302099,-0.7299946259875124
103,7,1,sharedreward,single-echo,tedana,sr_decision_by_future_outcome_extra,Reward-Punish,6.0,0.07908289881497409,0.5675802270122504,0.8999999999999755,0.47449739288984116,1.133344534716167,0.6588471418263255,0.15554351804397704,0.3503759036124708,5.29999999999996,0.6221740721759004,0.3012967358781935
103,7,2,sharedreward,multi-echo,fmriprep,sr_decision_partner_extra,Computer-Stranger,6.0,0.05541187583564418,0.091030050799619,0.0999999999999783,0.3324712550138627,0.33332669160324657,0.0008554365893838871,-0.026325816049737806,0.0623169556637031,5.099999999999961,-0.10530326419894992,-0.010679866535997326
103,7,2,sharedreward,multi-echo,fmriprep,sr_outcome_primary,Reward-Neutral,6.0,0.13180850528202653,0.2346929287830638,0.7999999999999758,0.7908510316921536,0.7908510316921536,0.0,0.12647409184351624,0.1721894299366742,5.499999999999959,0.5058963673740586,0.14894120933515487
103,7,2,sharedreward,multi-echo,fmriprep,sr_outcome_primary,Punish-Neutral,6.0,0.13040640948192847,0.24056419275919472,2.8999999999999684,0.7824384568915652,0.7824384568915652,0.0,-0.020649088060936786,0.1145084070038087,5.499999999999959,-0.08259635224374612,0.05023614748274753
103,7,2,sharedreward,multi-echo,fmriprep,sr_outcome_primary,Reward-Punish,6.0,0.0014020958000980812,0.1062680822333603,1.299999999999974,0.008412574800588428,0.2198018770807641,0.21138930228017563,0.14712317990445303,0.3074936578116308,7.499999999999952,0.5884927196178048,0.09870506185240734
103,7,2,sharedreward,multi-echo,fmriprep,sr_decision_by_future_outcome_extra,Reward-Neutral,6.0,-0.0422327883606819,0.18512549561237882,4.399999999999963,-0.2533967301640896,0.3578208848212754,0.611217614985365,0.11872256266749437,0.18512549561237882,4.399999999999963,0.4748902506699716,0.0968780742977257
103,7,2,sharedreward,multi-echo,fmriprep,sr_decision_by_future_outcome_extra,Punish-Neutral,6.0,-0.03553696145877986,0.18740885471660768,5.999999999999957,-0.21322176875267765,0.2740403829551324,0.48726215170781007,0.12829797486183844,0.23173735238096538,6.299999999999956,0.5131918994473474,0.1874088547166145
103,7,2,sharedreward,multi-echo,fmriprep,sr_decision_by_future_outcome_extra,Reward-Punish,6.0,-0.006695826901902038,0.09411247141640239,4.699999999999962,-0.04017496141141194,0.12974039542595986,0.1699153568373718,-0.009575412194344103,0.09411247141640239,4.699999999999962,-0.038301648777375935,-0.0905307804188888
103,7,2,sharedreward,multi-echo,tedana,sr_decision_partner_extra,Computer-Stranger,6.0,0.11074450776833962,0.19142401672483328,4.899999999999961,0.664467046610033,0.664467046610033,0.0,0.09264175720535328,0.19142401672483328,4.899999999999961,0.3705670288214085,0.1163702553427179
103,7,2,sharedreward,multi-echo,tedana,sr_outcome_primary,Reward-Neutral,6.0,0.052936711229883304,0.0844518623458855,3.1999999999999673,0.31762026737929755,0.31762026737929755,0.0,0.0202966565819928,0.05408142132737716,4.0,0.08118662632797019,0.022088708992048105
103,7,2,sharedreward,multi-echo,tedana,sr_outcome_primary,Punish-Neutral,6.0,0.08676100677252174,0.1629333125701934,2.2999999999999705,0.5205660406351268,0.5205660406351268,0.0,0.015168110342340353,0.1314067946571959,5.499999999999959,0.060672441369360654,0.07539305519153315
103,7,2,sharedreward,multi-echo,tedana,sr_outcome_primary,Reward-Punish,6.0,-0.03382429554263843,0.0392489413330184,3.899999999999965,-0.20294577325582913,0.04598035289162995,0.24892612614745907,0.005128546239652445,0.1132784481242385,7.499999999999952,0.020514184958609523,-0.053304346199485035
103,7,2,sharedreward,multi-echo,tedana,sr_decision_by_future_outcome_extra,Reward-Neutral,6.0,-0.05534621253355999,0.1091453632083371,4.199999999999964,-0.33207727520135755,0.13783198569484656,0.4699092608962041,0.03644062523410808,0.1091453632083371,4.199999999999964,0.1457625009364305,-0.015846367420054554
103,7,2,sharedreward,multi-echo,tedana,sr_decision_by_future_outcome_extra,Punish-Neutral,6.0,-0.09922762418800456,0.0752467345272658,5.999999999999957,-0.5953657451280231,0.06585352336589724,0.6612192684939202,0.06527391476017717,0.1391265343078693,6.699999999999955,0.2610956590407055,0.07524673452727086
103,7,2,sharedreward,multi-echo,tedana,sr_decision_by_future_outcome_extra,Reward-Punish,6.0,0.04388141165444457,0.1086378069243503,3.4999999999999662,0.26328846992666555,0.2941401235102139,0.030851653583548404,-0.028833289526069093,0.08390829619263632,4.0,-0.11533315810427494,-0.09109310194732542
103,7,2,sharedreward,single-echo,fmriprep,sr_decision_partner_extra,Computer-Stranger,6.0,0.1589833491840904,0.548127203586111,2.39999999999997,0.9539000951045357,1.1300553857073365,0.17615529060280094,0.06756542439528773,0.4825984748925545,6.299999999999956,0.27026169758114754,0.3778550302868998
103,7,2,sharedreward,single-echo,fmriprep,sr_outcome_primary,Reward-Neutral,6.0,0.5900364038280911,1.0858146202266012,0.7999999999999758,3.5402184229685214,3.540475849668312,0.0002574266997912187,0.5656626634024324,0.8305892640342432,7.99999999999995,2.2626506536097017,0.6741729900231824
103,7,2,sharedreward,single-echo,fmriprep,sr_outcome_primary,Punish-Neutral,6.0,0.5684843023749695,1.4015159168695208,2.8999999999999684,3.410905814249793,3.4855215370745385,0.074615722824746,0.08170291464100661,0.5321286427277319,5.899999999999958,0.3268116585640224,0.5282436693523824
103,7,2,sharedreward,single-echo,fmriprep,sr_outcome_primary,Reward-Punish,6.0,0.021552101453121652,0.5617377014063711,0.5999999999999766,0.129312608718729,1.3842774159278308,1.2549648072091015,0.4839597487614258,1.0513337855039233,7.799999999999951,1.9358389950456791,0.14592932067080003
103,7,2,sharedreward,single-echo,fmriprep,sr_decision_by_future_outcome_extra,Reward-Neutral,6.0,0.22536592931376673,1.0607315552698113,4.999999999999961,1.3521955758825908,1.904207934330846,0.5520123584482554,0.625689305834447,1.0607315552698113,4.999999999999961,2.502757223337757,0.6895038455130619
103,7,2,sharedreward,single-echo,fmriprep,sr_decision_by_future_outcome_extra,Punish-Neutral,6.0,0.31107005730855314,1.078162020904299,5.999999999999957,1.8664203438513056,2.1083215301961236,0.24190118634481791,0.528111094372708,1.2724508994962038,6.299999999999956,2.1124443774908057,1.0781620209043314
103,7,2,sharedreward,single-echo,fmriprep,sr_decision_by_future_outcome_extra,Reward-Punish,6.0,-0.08570412799478645,0.7060224376205364,4.699999999999962,-0.5142247679687151,0.930106286245664,1.4443310542143788,0.09757821146173916,0.7060224376205364,4.699999999999962,0.3903128458469518,-0.38865817539126957
103,7,2,sharedreward,single-echo,tedana,sr_decision_partner_extra,Computer-Stranger,6.0,0.4609716212383351,0.7704643893527726,5.19999999999996,2.765829727429991,2.765829727429991,0.0,0.4110507511363066,0.7704643893527726,5.19999999999996,1.644203004545206,0.5581092387488574
103,7,2,sharedreward,single-echo,tedana,sr_outcome_primary,Reward-Neutral,6.0,-0.08189071315733791,0.08651185951604369,0.5999999999999766,-0.491344278944024,0.08477171884676533,0.5761159977907894,-0.12370772000145523,0.0764735131812876,6.499999999999956,-0.49483088000581477,-0.11182627028045924
103,7,2,sharedreward,single-echo,tedana,sr_outcome_primary,Punish-Neutral,6.0,-0.04714979836754348,0.3499221260797571,5.999999999999957,-0.2828987902052589,0.5901821068392175,0.8730808970444762,-0.05390400965093236,0.3550643479478718,6.099999999999957,-0.21561603860372675,0.34992212607975925
103,7,2,sharedreward,single-echo,tedana,sr_outcome_primary,Reward-Punish,6.0,-0.03474091478979444,0.39103534113822186,0.3999999999999772,-0.20844548873876517,0.6645524980548587,0.872997986793624,-0.06980371035052288,0.331986025636959,4.0,-0.279214841402088,-0.4617483963602185
103,7,2,sharedreward,single-echo,tedana,sr_decision_by_future_outcome_extra,Reward-Neutral,6.0,-0.09617960362951757,0.1734252469486835,4.499999999999963,-0.5770776217771013,0.20705283404301625,0.7841304558201175,-0.10320856552140636,0.1734252469486835,4.499999999999963,-0.41283426208562035,-0.24620070286011264
103,7,2,sharedreward,single-echo,tedana,sr_decision_by_future_outcome_extra,Punish-Neutral,6.0,-0.2121146023168157,0.0560777821071288,5.999999999999957,-1.2726876139008851,0.0065725506781120265,1.2792601645789974,-0.13076228437078016,0.07656713208457071,6.299999999999956,-0.5230491374831141,0.056077782107134794
103,7,2,sharedreward,single-echo,tedana,sr_decision_by_future_outcome_extra,Reward-Punish,6.0,0.11593499868729816,0.3191974615353267,4.299999999999963,0.695609992123784,0.7765116491548707,0.08090165703108658,0.02755371884937378,0.3191974615353267,4.299999999999963,0.11021487539749375,-0.3022784849672474
103,8,1,mid,multi-echo,fmriprep,mid_anticipation_primary,Reward-Neutral,5.024800000000014,-0.005811759151543453,0.072039877341421,3.1999999999999673,-0.029202927384675625,0.12239856447820556,0.1516014918628812,-0.02631863914707,0.08963412743369231,5.699999999999958,-0.1052745565882787,0.07901131788153139
103,8,1,mid,multi-echo,fmriprep,mid_feedback_extra,Positive-Negative,5.990000000000009,0.24547956124651973,0.4065841579573839,2.5999999999999694,1.4704225718666555,1.4712168411257274,0.0007942692590716058,0.12656079458988415,0.31389344396979957,4.0,0.5062431783595303,0.09852877827508055
103,8,1,mid,multi-echo,tedana,mid_anticipation_primary,Reward-Neutral,5.024800000000014,0.0007276867512729428,0.12055270208192298,0.0,0.003656480387796293,0.10404549620647817,0.10038901581868188,-0.010563295597747028,0.0737835938137289,5.999999999999957,-0.04225318239098758,0.07378359381372881
103,8,1,mid,multi-echo,tedana,mid_feedback_extra,Positive-Negative,5.990000000000009,0.2072380932964775,0.299384147661719,2.7999999999999687,1.241356178845902,1.2423853053590366,0.0010291265131345583,0.14263960361710454,0.2918486671837317,4.499999999999963,0.570558414468411,0.1468119871191192
103,8,1,mid,single-echo,fmriprep,mid_anticipation_primary,Reward-Neutral,5.024800000000014,0.09832685674728993,0.4080045600495781,3.599999999999966,0.49407278978378383,0.7681790503933299,0.27410626060954607,0.32857213659147366,0.6197214186491858,7.0999999999999535,1.3142885463658782,0.43029390726958433
103,8,1,mid,single-echo,fmriprep,mid_feedback_extra,Positive-Negative,5.990000000000009,0.5948183285737552,1.5760278958987737,3.0999999999999677,3.5629617881567985,3.6299695685054907,0.06700778034869227,-0.03866140714027254,0.8202635094990604,4.0,-0.15464562856108824,-0.060443648103076016
103,8,1,mid,single-echo,tedana,mid_anticipation_primary,Reward-Neutral,5.024800000000014,0.09285888689128546,0.3092094945538243,4.799999999999962,0.4665973348513325,0.4869500567315178,0.02035272188018535,0.3923747668121427,0.6594476760380374,6.699999999999955,1.5694990672485511,0.5994045095265275
103,8,1,mid,single-echo,tedana,mid_feedback_extra,Positive-Negative,5.990000000000009,0.5028301728531134,1.2930705824254236,3.0999999999999677,3.0119527353901536,3.0279017662204692,0.01594903083031492,-0.12847608297788174,0.663260736998697,4.0,-0.5139043319115205,-0.04139412513541048
103,8,2,mid,multi-echo,fmriprep,mid_anticipation_primary,Reward-Neutral,5.021599999999999,0.1146220083463078,0.1549626378663187,3.999999999999965,0.5755858771118192,0.5761554395912486,0.0005695624794293489,0.04294586890730422,0.2012283289998262,5.899999999999958,0.17178347562921475,0.19872428269107562
103,8,2,mid,multi-echo,fmriprep,mid_feedback_extra,Positive-Negative,5.9879999999999995,0.005140330735162193,0.09896103255362329,4.199999999999964,0.030780300442151208,0.16038502891030704,0.12960472846815585,-0.09138707525344761,0.09896103255362329,4.199999999999964,-0.3655483010137859,-0.15306306606037814
103,8,2,mid,multi-echo,tedana,mid_anticipation_primary,Reward-Neutral,5.021599999999999,0.02151562106910696,0.08517579659090407,5.021599999999999,0.10804284276062749,0.17134576721031844,0.06330292444969095,0.07296205012061517,0.1873541555992336,6.099999999999957,0.2918482004824571,0.18668654923739167
103,8,2,mid,multi-echo,tedana,mid_feedback_extra,Positive-Negative,5.9879999999999995,0.01359929554167565,0.0559813206216121,4.199999999999964,0.08143258170355379,0.12366968274754855,0.042237101043994765,0.024840016146874883,0.0559813206216121,4.199999999999964,0.0993600645874983,0.004709881126850518
103,8,2,mid,single-echo,fmriprep,mid_anticipation_primary,Reward-Neutral,5.021599999999999,0.5836852642625819,0.8012251057363016,2.8999999999999684,2.931033923020981,2.931033923020981,0.0,-0.0020287215472185567,0.7127015735485385,4.0,-0.008114886188874126,0.35013654493337015
103,8,2,mid,single-echo,fmriprep,mid_feedback_extra,Positive-Negative,5.9879999999999995,0.06539137368540873,0.8575768159534535,3.6999999999999655,0.3915635456282275,1.574424231598163,1.1828606859699353,-0.6511097241151472,0.7646703316189006,4.0,-2.6044388964605565,-1.125381476023378
103,8,2,mid,single-echo,tedana,mid_anticipation_primary,Reward-Neutral,5.021599999999999,0.1723206536754316,0.6260248864101046,0.9999999999999752,0.8653253944965471,1.0250027166808593,0.15967732218431235,0.00795287720551138,0.1449350398428103,4.099999999999964,0.03181150882204512,0.09762659324469332
103,8,2,mid,single-echo,tedana,mid_feedback_extra,Positive-Negative,5.9879999999999995,0.037511911724672345,0.4353836888713649,3.799999999999965,0.22462132740733798,0.7015716896209818,0.47695036221364373,-0.04966825802474304,0.40112892326142874,4.0,-0.1986730320989697,-0.3408217916137764
103,8,1,sharedreward,multi-echo,fmriprep,sr_decision_partner_extra,Computer-Stranger,6.0,-0.012679091375554445,0.0898005592402164,5.3999999999999595,-0.07607454825332613,0.10471497992402995,0.18078952817735608,0.024390509763910512,0.0898005592402164,5.3999999999999595,0.09756203905564084,0.0476864927393731
103,8,1,sharedreward,multi-echo,fmriprep,sr_outcome_primary,Reward-Neutral,6.0,0.0520647498486152,0.1658590651670492,5.29999999999996,0.312388499091689,0.3683750242283709,0.05598652513668192,0.033930881289158825,0.1658590651670492,5.29999999999996,0.1357235251566336,0.1026929888449323
103,8,1,sharedreward,multi-echo,fmriprep,sr_outcome_primary,Punish-Neutral,6.0,0.04898201878760588,0.1696144689489863,5.799999999999958,0.2938921127256332,0.40064290996381413,0.10675079723818097,0.10280452395503267,0.1696144689489863,5.799999999999958,0.4112180958201256,0.16926833497605726
103,8,1,sharedreward,multi-echo,fmriprep,sr_outcome_primary,Reward-Punish,6.0,0.0030827310610093326,0.056020467283586006,0.8999999999999755,0.018496386366055863,0.08879490632284548,0.07029851995678962,-0.06887364266587387,0.030157266202934397,4.499999999999963,-0.27549457066349203,-0.06657534613112497
103,8,1,sharedreward,multi-echo,fmriprep,sr_decision_by_future_outcome_extra,Reward-Neutral,6.0,0.07622532957258182,0.2785598449101445,1.299999999999974,0.4573519774354877,0.5588018253249585,0.10144984788947074,0.025935249940196654,0.1375403199738492,7.199999999999953,0.10374099976078532,0.015346901402155241
103,8,1,sharedreward,multi-echo,fmriprep,sr_decision_by_future_outcome_extra,Punish-Neutral,6.0,0.06930781230537315,0.21932487748225582,1.6999999999999726,0.41584687383223595,0.5570540407486619,0.14120716691642596,-0.0129605645956534,0.0934311259999923,7.199999999999953,-0.05184225838261296,-0.06055827136626538
103,8,1,sharedreward,multi-echo,fmriprep,sr_decision_by_future_outcome_extra,Reward-Punish,6.0,0.006917517267208683,0.0944533770206531,0.9999999999999752,0.041505103603251804,0.18356056713388405,0.1420554635306322,0.03889581453585006,0.0868940072317416,7.99999999999995,0.1555832581433983,0.07590517276842063
103,8,1,sharedreward,multi-echo,tedana,sr_decision_partner_extra,Computer-Stranger,6.0,-0.00032475680255435874,0.0500179286908757,5.499999999999959,-0.0019485408153261385,0.06072121531078458,0.06266975612611073,0.00887746568793418,0.0500179286908757,5.499999999999959,0.035509862751736274,0.027660951058503802
103,8,1,sharedreward,multi-echo,tedana,sr_outcome_primary,Reward-Neutral,6.0,0.08345339627684029,0.18257244076851908,5.29999999999996,0.5007203776610382,0.5257677035519628,0.02504732589092471,0.055013215305801895,0.18257244076851908,5.29999999999996,0.22005286122320483,0.12175966434892986
103,8,1,sharedreward,multi-echo,tedana,sr_outcome_primary,Punish-Neutral,6.0,0.0875827322475585,0.1558532610637064,5.999999999999957,0.5254963934853473,0.56216062406212,0.036664230576772885,0.1100683526631006,0.1577920869441034,6.099999999999957,0.4402734106523969,0.15585326106370723
103,8,1,sharedreward,multi-echo,tedana,sr_outcome_primary,Reward-Punish,6.0,-0.004129335970718202,0.0507783788866514,5.099999999999961,-0.024776015824309036,0.07265155033256285,0.09742756615687187,-0.055055137357298695,0.0507783788866514,5.099999999999961,-0.22022054942919203,-0.034093596714777366
103,8,1,sharedreward,multi-echo,tedana,sr_decision_by_future_outcome_extra,Reward-Neutral,6.0,0.07154307310145815,0.204181724732011,1.299999999999974,0.4292584386087458,0.46300144012192684,0.03374300151318108,0.04854608816810458,0.1311097969365204,7.199999999999953,0.1941843526724159,0.05385083328789617
103,8,1,sharedreward,multi-echo,tedana,sr_decision_by_future_outcome_extra,Punish-Neutral,6.0,0.06319253476327553,0.1694458094266543,1.6999999999999726,0.3791552085796505,0.40920383277023353,0.030048624190583056,0.027786029165443038,0.0944519304279783,7.199999999999953,0.11114411666177076,-0.00882564150448437
103,8,1,sharedreward,multi-echo,tedana,sr_decision_by_future_outcome_extra,Reward-Punish,6.0,0.008350538338182589,0.0726353614141267,0.6999999999999762,0.050103230029095176,0.13458479726554173,0.08448156723644654,0.020760059002661542,0.0626764747923824,5.999999999999957,0.08304023601064514,0.06267647479238055
103,8,1,sharedreward,single-echo,fmriprep,sr_decision_partner_extra,Computer-Stranger,6.0,-0.2064487892620748,0.24917537395956996,0.0,-1.23869273557244,0.2262993438711722,1.464992079443612,-0.23811372961474095,0.0216737937557539,5.099999999999961,-0.9524549184589519,-0.17602153747181853
103,8,1,sharedreward,single-echo,fmriprep,sr_outcome_primary,Reward-Neutral,6.0,-0.08263552466951977,0.1721472158725356,0.7999999999999758,-0.4958131480171151,0.22723915362947547,0.7230523016465908,-0.18329933541360843,0.3230315582587762,7.99999999999995,-0.7331973416544246,-0.44576234336467474
103,8,1,sharedreward,single-echo,fmriprep,sr_outcome_primary,Punish-Neutral,6.0,0.0026592956323657356,0.15336939878812528,2.999999999999968,0.0159557737941943,0.3013329894915758,0.2853772156973815,0.05652776777648171,0.2092331712838758,7.99999999999995,0.22611107110592404,0.07639635982052075
103,8,1,sharedreward,single-echo,fmriprep,sr_outcome_primary,Reward-Punish,6.0,-0.08529482030188551,0.1829522514270611,0.7999999999999758,-0.5117689218113094,0.24936810019363623,0.7611370220049456,-0.23982710319009012,0.11379838697490041,7.99999999999995,-0.9593084127603486,-0.5221587031851955
103,8,1,sharedreward,single-echo,fmriprep,sr_decision_by_future_outcome_extra,Reward-Neutral,6.0,0.27748173159227185,1.1853816586465857,0.6999999999999762,1.6648903895536193,2.0742640845714657,0.40937369501784665,-0.06697884495034744,0.1960069348633633,4.899999999999961,-0.2679153798013864,-0.3071586731795123
103,8,1,sharedreward,single-echo,fmriprep,sr_decision_by_future_outcome_extra,Punish-Neutral,6.0,0.17513039072255224,0.7242995613052697,0.5999999999999766,1.050782344335306,1.320953749364198,0.27017140502889214,-0.13659549450979833,0.11721362207536659,4.199999999999964,-0.5463819780391865,-0.3243660595925478
103,8,1,sharedreward,single-echo,fmriprep,sr_decision_by_future_outcome_extra,Reward-Punish,6.0,0.10235134086971956,0.5360283123872925,0.8999999999999755,0.614108045218313,0.9893177207288649,0.37520967551055195,0.0696166495594509,0.2074284369049941,4.999999999999961,0.2784665982378002,0.017207386413035496
103,8,1,sharedreward,single-echo,tedana,sr_decision_partner_extra,Computer-Stranger,6.0,-0.05804264235376351,0.2833187446645457,0.0,-0.3482558541225786,0.2649918497059325,0.6132477038285112,-0.19708242440179974,0.0298583267045624,4.899999999999961,-0.7883296976071892,-0.17346353493372665
103,8,1,sharedreward,single-echo,tedana,sr_outcome_primary,Reward-Neutral,6.0,0.14181921404999914,0.280408793019924,1.599999999999973,0.8509152842999889,0.8822305888997187,0.031315304599729865,0.07719520416736118,0.22484621574559988,7.99999999999995,0.3087808166694409,0.062313631434551826
103,8,1,sharedreward,single-echo,tedana,sr_outcome_primary,Punish-Neutral,6.0,0.3009272153635289,0.5296522349353391,2.999999999999968,1.8055632921811604,1.8055632921811604,0.0,0.1601570338905089,0.3627592317151264,4.0,0.6406281355620276,0.14844536884750245
103,8,1,sharedreward,single-echo,tedana,sr_outcome_primary,Reward-Punish,6.0,-0.15910800131352967,-0.055926990269514615,1.599999999999973,-0.9546480078811713,0.0,0.9546480078811713,-0.08296182972314772,0.020052122660028093,7.99999999999995,-0.3318473188925868,-0.08613173741295062
103,8,1,sharedreward,single-echo,tedana,sr_decision_by_future_outcome_extra,Reward-Neutral,6.0,0.3159266518688799,0.8712651666680791,0.5999999999999766,1.895559911213266,1.9866781189569862,0.09111820774372008,0.08028052765589505,0.33054685372979953,4.899999999999961,0.3211221106235762,-0.09209818275884975
103,8,1,sharedreward,single-echo,tedana,sr_decision_by_future_outcome_extra,Punish-Neutral,6.0,0.27076223652134634,0.4937597156817085,0.5999999999999766,1.6245734191280665,1.6245734191280665,0.0,0.2081494665213107,0.4444556223860745,4.699999999999962,0.8325978660852325,0.07548609543971992
103,8,1,sharedreward,single-echo,tedana,sr_decision_by_future_outcome_extra,Reward-Punish,6.0,0.04516441534753357,0.38904786071791353,0.8999999999999755,0.2709864920851995,0.7335297348672735,0.462543242782074,-0.12786893886541564,-0.0578649980162293,7.599999999999952,-0.5114757554616562,-0.16758427819856966
103,8,2,sharedreward,multi-echo,fmriprep,sr_decision_partner_extra,Computer-Stranger,6.0,-0.004272621914913436,0.1186210524613973,0.8999999999999755,-0.02563573148948043,0.21471962604273215,0.24035535753221257,-0.08309087721696345,0.0034505114319455,7.99999999999995,-0.3323635088678497,-0.12353127912478584
103,8,2,sharedreward,multi-echo,fmriprep,sr_outcome_primary,Reward-Neutral,6.0,-0.041503889913605006,0.0812875794305212,5.19999999999996,-0.24902333948162828,0.08297093830533177,0.33199427778696006,0.0020588346313135017,0.0812875794305212,5.19999999999996,0.008235338525253905,0.014083403236598317
103,8,2,sharedreward,multi-echo,fmriprep,sr_outcome_primary,Punish-Neutral,6.0,0.008511100630585338,0.1867708543748734,5.699999999999958,0.05106660378351166,0.21870715423809453,0.16764055045458287,0.13004846243973822,0.1967842100576154,7.699999999999951,0.5201938497589464,0.16961777553914123
103,8,2,sharedreward,multi-echo,fmriprep,sr_outcome_primary,Reward-Punish,6.0,-0.05001499054419035,0.09113951568948639,0.0999999999999783,-0.30008994326513994,0.03763648842251236,0.3377264316876523,-0.1279896278084247,-0.017349416944818303,4.099999999999964,-0.5119585112336925,-0.15553437230254288
103,8,2,sharedreward,multi-echo,fmriprep,sr_decision_by_future_outcome_extra,Reward-Neutral,6.0,0.02463419212461969,0.1408833919032073,3.1999999999999673,0.14780515274771708,0.2829839042894178,0.13517875154170064,-0.06613587761332002,0.09894229740332208,4.0,-0.2645435104532768,-0.15319170039650604
103,8,2,sharedreward,multi-echo,fmriprep,sr_decision_by_future_outcome_extra,Punish-Neutral,6.0,-0.012904926395322702,0.030594840364284094,0.3999999999999772,-0.07742955837193566,0.036173942462642834,0.11360350083457847,-0.00849056859626269,0.0298944548906537,7.99999999999995,-0.03396227438505034,0.014636257741079264
103,8,2,sharedreward,multi-echo,fmriprep,sr_decision_by_future_outcome_extra,Reward-Punish,6.0,0.03753911851994239,0.1662073045504054,3.1999999999999673,0.22523471111965276,0.3690163183153118,0.14378160719565905,-0.05764530901705733,0.12046150613116129,4.0,-0.23058123606822648,-0.1678279581375853
103,8,2,sharedreward,multi-echo,tedana,sr_decision_partner_extra,Computer-Stranger,6.0,-0.007229539648587571,0.09271182844821219,0.0,-0.04337723789152512,0.0877480979060179,0.13112533579754304,-0.06852228949027513,-0.0189528873481642,4.599999999999962,-0.2740891579610971,-0.10464369859899121
103,8,2,sharedreward,multi-echo,tedana,sr_outcome_primary,Reward-Neutral,6.0,-0.027916226694763385,0.0817449199370911,5.19999999999996,-0.1674973601685791,0.10730822603549377,0.2748055862040728,-0.005206270508751663,0.0817449199370911,5.19999999999996,-0.020825082035006392,0.006835157550045165
103,8,2,sharedreward,multi-echo,tedana,sr_outcome_primary,Punish-Neutral,6.0,0.04982630114896004,0.1729536161319343,5.3999999999999595,0.2989578068937581,0.34605364557689383,0.04709583868313568,0.10227994250539507,0.1729536161319343,5.3999999999999595,0.4091197700215752,0.15313029712807041
103,8,2,sharedreward,multi-echo,tedana,sr_outcome_primary,Reward-Punish,6.0,-0.07774252784372342,0.024073356263781,0.0,-0.4664551670623372,0.00424723448234828,0.47070240154468546,-0.10748621301414672,-0.021634384111319304,4.399999999999963,-0.42994485205658156,-0.14629513957802523
103,8,2,sharedreward,multi-echo,tedana,sr_decision_by_future_outcome_extra,Reward-Neutral,6.0,0.03336299700582525,0.16560625588460592,3.0999999999999677,0.20017798203495007,0.3349083173545662,0.13473033531961617,-0.061943543227819524,0.09106603539739459,4.0,-0.24777417291127501,-0.1434238145086694
103,8,2,sharedreward,multi-echo,tedana,sr_decision_by_future_outcome_extra,Punish-Neutral,6.0,0.029093122636504074,0.08308863933025719,0.3999999999999772,0.1745587358190232,0.20614976149789072,0.0315910256788675,0.019987074742796818,0.1185455142692769,7.99999999999995,0.07994829897118627,-0.010718415945440655
103,8,2,sharedreward,multi-echo,tedana,sr_decision_by_future_outcome_extra,Reward-Punish,6.0,0.0042698743693211725,0.10828864931529832,2.39999999999997,0.02561924621592685,0.21833099790105565,0.19271175168512883,-0.08193061797061632,0.04341731253669796,4.0,-0.32772247188246123,-0.13270539856322874
103,8,2,sharedreward,single-echo,fmriprep,sr_decision_partner_extra,Computer-Stranger,6.0,0.04602849232127863,0.28068774509152966,1.1999999999999744,0.2761709539276698,0.35745721019217475,0.08128625626450493,0.0005356607230058351,0.0811238971036645,7.99999999999995,0.002142642892023314,0.033462707433226505
103,8,2,sharedreward,single-echo,fmriprep,sr_outcome_primary,Reward-Neutral,6.0,-0.18613852734019481,0.2479466353441258,5.599999999999959,-1.116831164041161,0.2099854998146813,1.3268166638558425,-0.005760682910730278,0.2479466353441258,5.599999999999959,-0.023042731642920825,0.20814652106108655
103,8,2,sharedreward,single-echo,fmriprep,sr_outcome_primary,Punish-Neutral,6.0,0.08213445707923621,0.592914230489409,5.699999999999958,0.4928067424754138,1.0688681002450924,0.5760613577696787,0.2868870529300803,0.592914230489409,5.699999999999958,1.147548211720307,0.5204283500597855
103,8,2,sharedreward,single-echo,fmriprep,sr_outcome_primary,Reward-Punish,6.0,-0.26827298441943104,0.009547291013951516,0.0,-1.609637906516575,0.00047736455069747225,1.6101152710672724,-0.2926477358408106,-0.0739862922238234,7.99999999999995,-1.1705909433632278,-0.3122818289986989
103,8,2,sharedreward,single-echo,fmriprep,sr_decision_by_future_outcome_extra,Reward-Neutral,6.0,-0.186000489712604,0.17908273487505189,4.099999999999964,-1.116002938275616,0.13877806566396383,1.2547810039395797,-0.23982957299148625,0.17908273487505189,4.099999999999964,-0.9593182919659331,-0.25090507284347036
103,8,2,sharedreward,single-echo,fmriprep,sr_decision_by_future_outcome_extra,Punish-Neutral,6.0,-0.02666658484899279,0.4068722171352395,5.799999999999958,-0.1599995090939556,0.6252441478205598,0.7852436569145154,0.0945518777413126,0.4068722171352395,5.799999999999958,0.3782075109652457,0.4033695539658941
103,8,2,sharedreward,single-echo,fmriprep,sr_decision_by_future_outcome_extra,Reward-Punish,6.0,-0.15933390486361118,0.350587352208212,3.4999999999999662,-0.9560034291816604,0.5382566162359813,1.4942600454176416,-0.33438145073279885,0.3026680881748841,4.0,-1.3375258029311787,-0.6542746268093644
103,8,2,sharedreward,single-echo,tedana,sr_decision_partner_extra,Computer-Stranger,6.0,0.13511178949990868,0.226666753274325,1.299999999999974,0.8106707369994464,0.8197798906569005,0.009109153657454145,0.10536667143497455,0.19852842419315042,4.099999999999964,0.421466685739893,0.11189819090295694
103,8,2,sharedreward,single-echo,tedana,sr_outcome_primary,Reward-Neutral,6.0,-0.3628699177951583,0.10241208708717109,5.599999999999959,-2.1772195067709346,0.06483509299924266,2.2420545997701766,-0.08743206296242337,0.10241208708717109,5.599999999999959,-0.34972825184968914,0.09610118799601369
103,8,2,sharedreward,single-echo,tedana,sr_outcome_primary,Punish-Neutral,6.0,0.02127180125197361,0.3924409888116206,5.599999999999959,0.12763080751184075,0.5611127069313742,0.4334818994195334,0.1614281191089619,0.3924409888116206,5.599999999999959,0.6457124764358396,0.3376531397127764
103,8,2,sharedreward,single-echo,tedana,sr_outcome_primary,Reward-Punish,6.0,-0.3841417190471319,-0.13787162846932807,0.0,-2.304850314282775,0.0,2.304850314282775,-0.24886018207138524,0.026603034900971996,7.99999999999995,-0.9954407282855287,-0.24155195171676264
103,8,2,sharedreward,single-echo,tedana,sr_decision_by_future_outcome_extra,Reward-Neutral,6.0,-0.27512582666467206,-0.038366998891703,3.999999999999965,-1.6507549599880205,0.0,1.6507549599880205,-0.47666243364154404,-0.03836699889170306,4.0,-1.9066497345661524,-0.4636244495707543
103,8,2,sharedreward,single-echo,tedana,sr_decision_by_future_outcome_extra,Punish-Neutral,6.0,-0.08535583046105505,0.1625948017416896,5.3999999999999595,-0.5121349827663266,0.143800895131746,0.6559358778980725,-0.018427791180270464,0.1625948017416896,5.3999999999999595,-0.07371116472108094,0.10863383455955036
103,8,2,sharedreward,single-echo,tedana,sr_decision_by_future_outcome_extra,Reward-Punish,6.0,-0.18976999620361695,0.1800953489741827,3.1999999999999673,-1.1386199772216936,0.22577895849412866,1.3643989357158224,-0.4582346424612736,0.08057807452507308,4.0,-1.8329385698450715,-0.5722582841303047
103,9,1,mid,multi-echo,fmriprep,mid_anticipation_primary,Reward-Neutral,5.022500000000008,-0.11257769703221175,0.07343862817318615,0.0,-0.5654214833442844,0.02214629288469567,0.5875677762289803,0.012843533218510172,0.0974501829041696,6.499999999999956,0.05137413287404005,0.07957063704126038
103,9,1,mid,multi-echo,fmriprep,mid_feedback_extra,Positive-Negative,5.988099999999989,0.18108464176800726,0.3990853205051746,3.799999999999965,1.0843529433710022,1.0867044462094468,0.0023515028384446003,0.13979923182159376,0.39344199655428924,4.0,0.559196927286368,0.1413280520285779
103,9,1,mid,multi-echo,tedana,mid_anticipation_primary,Reward-Neutral,5.022500000000008,-0.08483627293789898,0.03596189154462345,0.0,-0.42609018083059835,0.00362536580047125,0.4297155466310696,-0.07563861927456636,-0.049728015022565804,7.399999999999952,-0.30255447709826166,-0.08441803254674261
103,9,1,mid,multi-echo,tedana,mid_feedback_extra,Positive-Negative,5.988099999999989,0.04344605305167126,0.1565980430217133,5.899999999999958,0.2601593102787122,0.27555912019753726,0.015399809918825082,0.09245611119007094,0.1565980430217133,5.899999999999958,0.36982444476027915,0.1539287524604391
103,9,1,mid,single-echo,fmriprep,mid_anticipation_primary,Reward-Neutral,5.022500000000008,-0.03224411430658233,0.4213899648410762,2.8999999999999684,-0.16194606410481002,0.5122468212076761,0.6741928853124861,-0.04277016792121205,0.2220035091453875,6.399999999999956,-0.17108067168484606,0.16625899197780983
103,9,1,mid,single-echo,fmriprep,mid_feedback_extra,Positive-Negative,5.988099999999989,0.35386601692928926,0.9544308810915276,4.599999999999962,2.118985095974273,2.517360434036528,0.3983753380622551,0.44008109345485985,0.9544308810915276,4.599999999999962,1.7603243738194174,0.4638639805836247
103,9,1,mid,single-echo,tedana,mid_anticipation_primary,Reward-Neutral,5.022500000000008,-0.03291419913906281,0.1443969396797513,2.699999999999969,-0.16531156517594323,0.19614722516202382,0.3614587903379671,-0.23086558987825187,-0.14972831234912543,4.0,-0.923462359512996,-0.18290390061496203
103,9,1,mid,single-echo,tedana,mid_feedback_extra,Positive-Negative,5.988099999999989,0.019082341071917114,0.3856073702384366,5.499999999999959,0.11426696657274665,0.7214074821819378,0.6071405156091914,0.19310563206432108,0.3856073702384366,5.499999999999959,0.7724225282572746,0.3495655442021462
103,9,2,mid,multi-echo,fmriprep,mid_anticipation_primary,Reward-Neutral,5.023150000000001,-0.06197866299425793,0.1266771625925447,3.6999999999999655,-0.3113281210196068,0.172696285216749,0.4840244062363558,-0.08788814887813357,0.11824159695149147,4.0,-0.3515525955125299,-0.21357443285294836
103,9,2,mid,multi-echo,fmriprep,mid_feedback_extra,Positive-Negative,5.99199999999999,0.0426083779020455,0.2002844303302035,1.3999999999999737,0.2553094003890562,0.43049347181566033,0.17518407142660417,-0.09633789932067688,0.08882383597772339,5.599999999999959,-0.38535159728270274,0.060732077948133595
103,9,2,mid,multi-echo,tedana,mid_anticipation_primary,Reward-Neutral,5.023150000000001,-0.08515858180270723,0.0901004727698605,3.599999999999966,-0.4277643301822689,0.09899241786172436,0.5267567480439934,-0.14146264399785807,0.06781911084224627,4.0,-0.5658505759914253,-0.252835782106737
103,9,2,mid,multi-echo,tedana,mid_feedback_extra,Positive-Negative,5.99199999999999,0.0056415487060196634,0.09729949985913988,1.299999999999974,0.03380415984646977,0.17424865685034582,0.14044449700387604,-0.046040605664662095,0.0720326614550931,5.3999999999999595,-0.18416242265864607,0.03922645731485588
103,9,2,mid,single-echo,fmriprep,mid_anticipation_primary,Reward-Neutral,5.023150000000001,-0.22247116351616558,0.019132853804907507,4.499999999999963,-1.1175060250162274,0.007039503885896406,1.1245455289021238,-0.021709380044123403,0.2701280582476109,7.99999999999995,-0.08683752017649253,-0.1652724129935855
103,9,2,mid,single-echo,fmriprep,mid_feedback_extra,Positive-Negative,5.99199999999999,0.016544641857217327,0.33560897946177615,1.299999999999974,0.09913549400844607,0.6752687963133867,0.5761333023049405,-0.02432572039198651,0.32863016825916036,5.3999999999999595,-0.09730288156794484,0.22498494720718715
103,9,2,mid,single-echo,tedana,mid_anticipation_primary,Reward-Neutral,5.023150000000001,-0.23787617880212444,0.021711646283485903,0.0999999999999783,-1.1948877275498917,0.00788612941089144,1.202773856960783,-0.22670262226372284,-0.04185139673848501,7.899999999999951,-0.90681048905488,-0.32064777991831594
103,9,2,mid,single-echo,tedana,mid_feedback_extra,Positive-Negative,5.99199999999999,-0.05699236146424464,0.2846287258209671,5.29999999999996,-0.34149822989375334,0.29682125172740237,0.6383194816211557,0.01345047582349895,0.2846287258209671,5.29999999999996,0.05380190329399513,0.1719610979082387
103,9,1,sharedreward,multi-echo,fmriprep,sr_decision_partner_extra,Computer-Stranger,6.0,-0.0049807636958778614,0.0854118063828355,5.099999999999961,-0.029884582175266957,0.09611743879239394,0.1260020209676609,0.010421956047724714,0.0854118063828355,5.099999999999961,0.04168782419089834,-0.007292272453265179
103,9,1,sharedreward,multi-echo,fmriprep,sr_outcome_primary,Reward-Neutral,6.0,0.00938955554224552,0.1813101329615832,4.399999999999963,0.05633733325347272,0.29998011745356773,0.243642784200095,0.004835669228915528,0.1813101329615832,4.399999999999963,0.019342676915661872,-0.0351354569060998
103,9,1,sharedreward,multi-echo,fmriprep,sr_outcome_primary,Punish-Neutral,6.0,-0.0029786029845503908,0.1092630820121864,1.1999999999999744,-0.01787161790730222,0.2108165662817435,0.22868818418904568,-0.08102868275399915,-0.011745493693915705,7.99999999999995,-0.32411473101599253,-0.08727035270317034
103,9,1,sharedreward,multi-echo,fmriprep,sr_outcome_primary,Reward-Punish,6.0,0.012368158526795917,0.2958197797640819,4.599999999999962,0.07420895116077497,0.5145604198014792,0.4403514686407042,0.08586435198291466,0.2958197797640819,4.599999999999962,0.34345740793165436,0.05213489579707054
103,9,1,sharedreward,multi-echo,fmriprep,sr_decision_by_future_outcome_extra,Reward-Neutral,6.0,0.13516957634897847,0.34691206936117247,1.7999999999999725,0.811017458093865,0.9931302578792064,0.1821127997853412,-0.06427540015236786,0.1416906149172767,7.99999999999995,-0.25710160060946824,-0.14889402915858793
103,9,1,sharedreward,multi-echo,fmriprep,sr_decision_by_future_outcome_extra,Punish-Neutral,6.0,0.10848704176241686,0.2743264732238468,1.899999999999972,0.6509222505744965,0.6509222505744965,0.0,0.06698584342780572,0.0960701562775412,7.299999999999953,0.26794337371121957,0.05807130051981172
103,9,1,sharedreward,multi-echo,fmriprep,sr_decision_by_future_outcome_extra,Reward-Punish,6.0,0.026682534586561613,0.1570810955093335,0.7999999999999758,0.16009520751936854,0.4613052377221052,0.30121003020273673,-0.13126124358017358,0.09963373226917191,7.99999999999995,-0.5250449743206878,-0.20696532967839965
103,9,1,sharedreward,multi-echo,tedana,sr_decision_partner_extra,Computer-Stranger,6.0,-0.016466210910102422,0.0763305217214143,4.699999999999962,-0.09879726546061383,0.09040629929376057,0.1892035647543744,-0.03097454961837083,0.0763305217214143,4.699999999999962,-0.12389819847348178,-0.08653487012869746
103,9,1,sharedreward,multi-echo,tedana,sr_outcome_primary,Reward-Neutral,6.0,-0.0066130202428267525,0.1783648750079988,5.499999999999959,-0.03967812145696023,0.1791842490831467,0.21886237054010693,0.0558000755238723,0.1783648750079988,5.499999999999959,0.2232003020954864,0.12575200877303896
103,9,1,sharedreward,multi-echo,tedana,sr_outcome_primary,Punish-Neutral,6.0,0.043662155552313855,0.1871796813432431,1.1999999999999744,0.2619729333138813,0.44586879811055463,0.1838958647966733,-0.016313500674088568,0.0796783445742185,5.499999999999959,-0.06525400269635347,0.03218556020113845
103,9,1,sharedreward,multi-echo,tedana,sr_outcome_primary,Reward-Punish,6.0,-0.05027517579514061,0.1267935325536959,4.299999999999963,-0.30165105477084153,0.2567192046075543,0.5583702593783958,0.07211357619796088,0.1267935325536959,4.299999999999963,0.2884543047918399,0.09356644857190052
103,9,1,sharedreward,multi-echo,tedana,sr_decision_by_future_outcome_extra,Reward-Neutral,6.0,0.030441469634840543,0.1478022600913805,0.7999999999999758,0.18264881780904196,0.29277480959258656,0.1101259917835446,-0.06553362125908087,0.0397026588250338,7.99999999999995,-0.2621344850363202,-0.12267042947598346
103,9,1,sharedreward,multi-echo,tedana,sr_decision_by_future_outcome_extra,Punish-Neutral,6.0,0.07747683337007014,0.17893904385205128,1.899999999999972,0.4648610002204175,0.5166951894424331,0.05183418922201559,0.10529251184891981,0.1749289497653388,5.29999999999996,0.42117004739567404,0.11906785404612594
103,9,1,sharedreward,multi-echo,tedana,sr_decision_by_future_outcome_extra,Reward-Punish,6.0,-0.04703536373522957,0.1395199436257054,0.2999999999999776,-0.2822121824113754,0.16071322475518282,0.44292540716655826,-0.17082613310800068,0.0149476055646835,7.99999999999995,-0.6833045324319942,-0.2417382835221094
103,9,1,sharedreward,single-echo,fmriprep,sr_decision_partner_extra,Computer-Stranger,6.0,-0.03594049025820426,0.090951518120899,5.099999999999961,-0.21564294154922403,0.07581194267495692,0.2914548842241809,-0.02142390266699327,0.090951518120899,5.099999999999961,-0.08569561066797202,-0.05933764187663071
103,9,1,sharedreward,single-echo,fmriprep,sr_outcome_primary,Reward-Neutral,6.0,0.11991646125191331,0.582255585828665,3.899999999999965,0.7194987675114748,1.1823258213654817,0.4628270538540069,-0.05981221461431524,0.5791717156549505,4.0,-0.239248858457258,-0.3526209747883634
103,9,1,sharedreward,single-echo,fmriprep,sr_outcome_primary,Punish-Neutral,6.0,-0.034122781498914095,0.2800978134499282,1.3999999999999737,-0.20473668899348313,0.41710359261867513,0.6218402816121583,-0.12484650360903021,0.40111348295516336,7.99999999999995,-0.49938601443611463,-0.45377672429267163
103,9,1,sharedreward,single-echo,fmriprep,sr_outcome_primary,Reward-Punish,6.0,0.15403924275082742,0.7625300132829453,3.799999999999965,0.924235456504958,1.616320151561794,0.6920846950568361,0.06503428899471499,0.7403810577057945,4.0,0.2601371559788567,0.10115574950430826
103,9,1,sharedreward,single-echo,fmriprep,sr_decision_by_future_outcome_extra,Reward-Neutral,6.0,0.2537356740556117,0.6868573880264217,1.7999999999999725,1.5224140443336593,1.7350619430830765,0.2126478987494169,0.018855228618771785,0.3654721227285359,7.99999999999995,0.0754209144750862,-0.05190497561419088
103,9,1,sharedreward,single-echo,fmriprep,sr_decision_by_future_outcome_extra,Punish-Neutral,6.0,0.2631372040594059,0.5567998449569539,1.7999999999999725,1.578823224356424,1.6152425841032718,0.036419359746847686,0.12891255083455258,0.3226742156963255,5.29999999999996,0.5156502033382039,0.1285757247250319
103,9,1,sharedreward,single-echo,fmriprep,sr_decision_by_future_outcome_extra,Reward-Punish,6.0,-0.009401530003794194,0.3882803891809341,2.699999999999969,-0.056409180022764766,0.6610572011371726,0.7174663811599374,-0.11005732221578081,0.48211544946028484,7.99999999999995,-0.44022928886311774,-0.1804807003392228
103,9,1,sharedreward,single-echo,tedana,sr_decision_partner_extra,Computer-Stranger,6.0,-0.04328677708566493,0.1617152588663352,4.599999999999962,-0.25972066251398773,0.16676508576375476,0.4264857482777425,0.008701311938739733,0.1617152588663352,4.599999999999962,0.0348052477549585,-0.11167334845427564
103,9,1,sharedreward,single-echo,tedana,sr_outcome_primary,Reward-Neutral,6.0,0.049152188245912276,0.1996439419846587,2.8999999999999684,0.29491312947547155,0.3665687089415601,0.07165557946608844,0.006011145138179181,0.0788860677013271,6.599999999999955,0.024044580552716424,-0.01844018963540311
103,9,1,sharedreward,single-echo,tedana,sr_outcome_primary,Punish-Neutral,6.0,0.014409255039875984,0.38126637069656877,0.9999999999999752,0.08645553023925528,0.7369832328766621,0.6505277026374068,-0.09946417105136046,0.2222440362663543,7.399999999999952,-0.3978566842054369,-0.3186840477806973
103,9,1,sharedreward,single-echo,tedana,sr_outcome_primary,Reward-Punish,6.0,0.0347429332060363,0.3576780936684195,3.299999999999967,0.20845759923621632,0.9130868299570607,0.7046292307208444,0.10547531618953963,0.3278237279072947,5.799999999999958,0.42190126475815326,0.3002438581452942
103,9,1,sharedreward,single-echo,tedana,sr_decision_by_future_outcome_extra,Reward-Neutral,6.0,0.08572551523570372,0.2855473386709762,1.599999999999973,0.5143530914142187,0.5597923739225971,0.04543928250837842,0.01803647204741182,0.1096652512790455,4.199999999999964,0.07214588818964637,-0.06658682603678703
103,9,1,sharedreward,single-echo,tedana,sr_decision_by_future_outcome_extra,Punish-Neutral,6.0,0.15972657374146454,0.434772355068506,5.19999999999996,0.9583594424487805,1.0926629587677708,0.13430351631899023,0.18097250835600534,0.434772355068506,5.19999999999996,0.7238900334240124,0.18912405133333704
103,9,1,sharedreward,single-echo,tedana,sr_decision_by_future_outcome_extra,Reward-Punish,6.0,-0.07400105850576083,0.17249167222968442,3.3999999999999666,-0.4440063510345618,0.2253734935659043,0.669379844600466,-0.16293603630859352,0.30079853303949877,7.99999999999995,-0.651744145234366,-0.2557108773701241
103,9,2,sharedreward,multi-echo,fmriprep,sr_decision_partner_extra,Computer-Stranger,6.0,-0.2510305040786766,0.1886741583538577,5.999999999999957,-1.506183024472049,0.06401038765264482,1.5701934121246937,0.10128922538149322,0.3184444300870185,6.699999999999955,0.40515690152596784,0.18867415835386156
103,9,2,sharedreward,multi-echo,fmriprep,sr_outcome_primary,Reward-Neutral,6.0,-0.04637050499147403,0.16852367882910502,4.499999999999963,-0.2782230299488422,0.31753588267246224,0.5957589126213044,-0.09885993522763752,0.16852367882910502,4.499999999999963,-0.3954397409105451,-0.14494443787468905
103,9,2,sharedreward,multi-echo,fmriprep,sr_outcome_primary,Punish-Neutral,6.0,-0.11955790390365245,0.15151379508987264,0.0,-0.7173474234219096,0.10114423242586396,0.8184916558477735,-0.2158852258650997,-0.0865393714426127,4.199999999999964,-0.863540903460388,-0.1207302380771161
103,9,2,sharedreward,multi-echo,fmriprep,sr_outcome_primary,Reward-Punish,6.0,0.07318739891217842,0.2961222268058051,4.599999999999962,0.4391243934730674,0.4969164599874597,0.05779206651439227,0.1170252906374622,0.2961222268058051,4.599999999999962,0.46810116254984296,-0.02421419979757296
103,9,2,sharedreward,multi-echo,fmriprep,sr_decision_by_future_outcome_extra,Reward-Neutral,6.0,0.1192697310437499,0.729741384363591,0.0,0.7156183862624943,1.0212547108380001,0.3056363245755056,-0.07711395218053634,0.35162890825518206,7.99999999999995,-0.3084558087221415,-0.37357758160962734
103,9,2,sharedreward,multi-echo,fmriprep,sr_decision_by_future_outcome_extra,Punish-Neutral,6.0,-0.07060104699679111,0.39534299349935725,0.0,-0.4236062819807437,0.3242786592838351,0.7478849412645789,-0.10353302411388003,0.0812529065329364,7.99999999999995,-0.41413209645551496,-0.288299213971542
103,9,2,sharedreward,multi-echo,fmriprep,sr_decision_by_future_outcome_extra,Reward-Punish,6.0,0.18987077804054103,0.34733107371816113,0.1999999999999779,1.139224668243238,1.1514554261490992,0.012230757905860984,0.026419071933343693,0.2703760017222457,7.99999999999995,0.10567628773337345,-0.08527836763808533
103,9,2,sharedreward,multi-echo,tedana,sr_decision_partner_extra,Computer-Stranger,6.0,-0.08156980917600593,-0.006833891218622301,5.999999999999957,-0.4894188550560321,0.0,0.4894188550560321,0.008723037925766909,0.096415039353419,7.299999999999953,0.0348921517030672,-0.006833891218627047
103,9,2,sharedreward,multi-echo,tedana,sr_outcome_primary,Reward-Neutral,6.0,-0.0031464371245816013,0.1067923107462104,3.1999999999999673,-0.018878622747489474,0.1432136618910127,0.16209228463850217,-0.037704445032575,0.029803842255362742,4.0,-0.15081778013029812,-0.040878950032716424
103,9,2,sharedreward,multi-echo,tedana,sr_outcome_primary,Punish-Neutral,6.0,0.02019919947885902,0.26715884977666254,0.0,0.12119519687315326,0.33276859776556755,0.2115734008924143,-0.1011208899958416,-0.0015841332349078303,4.0,-0.40448355998336133,-0.1563819117838305
103,9,2,sharedreward,multi-echo,tedana,sr_outcome_primary,Reward-Punish,6.0,-0.023345636603440623,0.1184027687890635,5.899999999999958,-0.14007381962064275,0.1648417208024975,0.30491554042314023,0.06341644496326658,0.1184027687890635,5.899999999999958,0.25366577985306316,0.11550296175111409
103,9,2,sharedreward,multi-echo,tedana,sr_decision_by_future_outcome_extra,Reward-Neutral,6.0,0.024095456293682333,0.19441851252365952,0.0,0.14457273776209298,0.239755515286255,0.095182777524162,0.025375909913808985,0.09223426332434422,4.099999999999964,0.10150363965523468,-0.026839696942646287
103,9,2,sharedreward,multi-echo,tedana,sr_decision_by_future_outcome_extra,Punish-Neutral,6.0,0.08731888342047843,0.26093698413464395,4.199999999999964,0.5239133005228669,0.5726162546969198,0.048702954174052904,0.0898638562161171,0.26093698413464395,4.199999999999964,0.3594554248644639,-0.017767464268505017
103,9,2,sharedreward,multi-echo,tedana,sr_decision_by_future_outcome_extra,Reward-Punish,6.0,-0.0632234271267961,0.0808348003307547,0.1999999999999779,-0.3793405627607739,0.0748370722616798,0.4541776350224537,-0.06448794630230811,0.0339493951334039,6.7999999999999545,-0.25795178520922923,-0.00907223267414127
103,9,2,sharedreward,single-echo,fmriprep,sr_decision_partner_extra,Computer-Stranger,6.0,-0.2526523254655688,0.2803074872210143,5.999999999999957,-1.5159139527934022,0.08813363142416934,1.6040475842175717,0.13155322835680258,0.5235764759171875,7.399999999999952,0.5262129134272038,0.28030748722103693
103,9,2,sharedreward,single-echo,fmriprep,sr_outcome_primary,Reward-Neutral,6.0,-0.2001954724090139,0.5721542259630696,4.999999999999961,-1.2011728344540749,0.931680448504385,2.13285328295846,0.30768775827148914,0.5721542259630696,4.999999999999961,1.2307510330859412,0.4571089706085629
103,9,2,sharedreward,single-echo,fmriprep,sr_outcome_primary,Punish-Neutral,6.0,-0.6137309456786059,-0.3519401757946739,5.999999999999957,-3.6823856740716088,0.0,3.6823856740716088,-0.5480959443557666,-0.07520334776496018,6.499999999999956,-2.1923837774230392,-0.35194017579464565
103,9,2,sharedreward,single-echo,fmriprep,sr_outcome_primary,Reward-Punish,6.0,0.41353547326959195,1.3251948718510649,4.899999999999961,2.481212839617534,2.672012727994612,0.19079988837707845,0.8557837026272559,1.3251948718510649,4.899999999999961,3.423134810508981,0.8090491464032086
103,9,2,sharedreward,single-echo,fmriprep,sr_decision_by_future_outcome_extra,Reward-Neutral,6.0,0.25260068169078004,1.946377582766694,0.1999999999999779,1.5156040901446695,2.726784158308994,1.2111800681643243,-0.6165758117734454,0.3179780156256781,7.99999999999995,-2.466303247093751,-0.900739454740457
103,9,2,sharedreward,single-echo,fmriprep,sr_decision_by_future_outcome_extra,Punish-Neutral,6.0,-0.4154104843875189,1.0106444954241214,0.3999999999999772,-2.4924629063250956,1.2469108799229764,3.7393737862480716,-0.7258491850241882,-0.402361235834255,7.99999999999995,-2.9033967400967167,-0.6615093028591756
103,9,2,sharedreward,single-echo,fmriprep,sr_decision_by_future_outcome_extra,Reward-Punish,6.0,0.6680111660782989,1.1184732442716425,2.7999999999999687,4.008066996469765,4.052472039332202,0.04440504286243698,0.10927337325074263,0.7469865334643281,4.0,0.43709349300296507,-0.23923015188128138
103,9,2,sharedreward,single-echo,tedana,sr_decision_partner_extra,Computer-Stranger,6.0,-0.02647109182904267,0.24353114373762338,2.49999999999997,-0.15882655097425488,0.3749199996827028,0.5337465506569578,0.02407447413961945,0.27914696592954147,7.399999999999952,0.0962978965584766,-0.04649025415274264
103,9,2,sharedreward,single-echo,tedana,sr_outcome_primary,Reward-Neutral,6.0,-0.10632431663547684,0.1256120195057209,0.0,-0.6379458998128565,0.019093836182365497,0.657039735995222,-0.04191249602008507,0.05304753253402529,7.99999999999995,-0.1676499840803382,0.002899780719478245
103,9,2,sharedreward,single-echo,tedana,sr_outcome_primary,Punish-Neutral,6.0,-0.1348737511982444,0.4260640736413943,0.3999999999999772,-0.8092425071894607,0.49158837283559176,1.3008308800250525,-0.31104414336498115,0.06676813871174331,7.799999999999951,-1.244176573459909,-0.42212399170837805
103,9,2,sharedreward,single-echo,tedana,sr_outcome_primary,Reward-Punish,6.0,0.02854943456276756,0.6261075348994372,5.19999999999996,0.17129660737660415,1.0035236564839514,0.8322270491073475,0.26913164734489603,0.6261075348994372,5.19999999999996,1.0765265893795708,0.4250237724278563
103,9,2,sharedreward,single-echo,tedana,sr_decision_by_future_outcome_extra,Reward-Neutral,6.0,0.1839930441985805,0.5896933740241495,0.8999999999999755,1.1039582651914752,1.3342901811799739,0.230331915988499,-0.10623357555547393,0.17130508575516618,4.0,-0.42493430222189044,-0.3099515666524842
103,9,2,sharedreward,single-echo,tedana,sr_decision_by_future_outcome_extra,Punish-Neutral,6.0,0.19359451910264974,0.3639350385469067,4.299999999999963,1.1615671146158901,1.2047680169212511,0.04320090230536085,0.0304869947355967,0.3639350385469067,4.299999999999963,0.1219479789423853,-0.17892786453340775
103,9,2,sharedreward,single-echo,tedana,sr_decision_by_future_outcome_extra,Reward-Punish,6.0,-0.009601474904069306,0.32924805029784343,1.1999999999999744,-0.05760884942441542,0.5715933006629466,0.629202150087362,-0.13672057029107063,0.1837129735861457,7.99999999999995,-0.5468822811642757,-0.13102370211907646
103,10,1,mid,multi-echo,fmriprep,mid_anticipation_primary,Reward-Neutral,5.021750000000026,0.20619214613390935,0.31726609023120256,3.0999999999999677,1.0354454098479646,1.0354454098479646,0.0,0.01112572345783702,0.28215892390459146,4.0,0.04450289383134753,0.13902579023275172
103,10,1,mid,multi-echo,fmriprep,mid_feedback_extra,Positive-Negative,5.990000000000009,0.07332767545120297,0.2728309105435161,3.4999999999999662,0.4392327759527065,0.47464864082241476,0.03541586486970824,0.07109435504274694,0.2036813510065927,6.699999999999955,0.2843774201709842,0.07796835449810657
103,10,1,mid,multi-echo,tedana,mid_anticipation_primary,Reward-Neutral,5.021750000000026,0.04821276010846784,0.1771951278996063,3.0999999999999677,0.24211242807469963,0.32071409171401066,0.07860166363931105,0.023340301288163147,0.08152977766860012,4.0,0.09336120515265142,0.06825583077898828
103,10,1,mid,multi-echo,tedana,mid_feedback_extra,Positive-Negative,5.990000000000009,0.007262139234252704,0.1349025604783442,3.3999999999999666,0.04350021401317376,0.21157909201633007,0.1680788780031563,0.03074320862765909,0.1355755743039091,6.599999999999955,0.12297283451063483,0.06410046265404895
103,10,1,mid,single-echo,fmriprep,mid_anticipation_primary,Reward-Neutral,5.021750000000026,0.33606416199264233,0.44793187439770954,2.8999999999999684,1.6876302054865602,1.6876302054865602,0.0,0.043344860378289315,0.3843595124357597,4.0,0.1733794415131551,0.22413597984589925
103,10,1,mid,single-echo,fmriprep,mid_feedback_extra,Positive-Negative,5.990000000000009,0.18289159306200667,0.4277329482847933,3.4999999999999662,1.0955206424414217,1.102454702635063,0.006934060193641435,0.2710635925022666,0.5947887299540466,6.699999999999955,1.0842543700090528,0.2506794308852675
103,10,1,mid,single-echo,tedana,mid_anticipation_primary,Reward-Neutral,5.021750000000026,0.06879120752778635,0.2070282145441335,2.8999999999999684,0.34545224640266287,0.49968660207341975,0.15423435567075686,-0.014705578308366796,0.1166924369399755,6.299999999999956,-0.058822313233466456,0.07591248712328647
103,10,1,mid,single-echo,tedana,mid_feedback_extra,Positive-Negative,5.990000000000009,0.05058433104936983,0.2988275026924024,3.3999999999999666,0.30300014298572575,0.5525001551520232,0.2495000121662975,0.1087466482130848,0.3504903528919876,6.699999999999955,0.4349865928523338,0.17107312837991112
103,10,2,mid,multi-echo,fmriprep,mid_anticipation_primary,Reward-Neutral,5.021500000000032,0.23167331920023745,0.5392261723350527,0.0,1.1633475723639997,1.1633475723639997,0.0,0.18457467863179783,0.35537641045387214,4.0,0.7382987145271821,0.07239276281767806
103,10,2,mid,multi-echo,fmriprep,mid_feedback_extra,Positive-Negative,6.0,0.04644413392777772,0.2715229368391114,2.199999999999971,0.27866480356666434,0.39641556627633656,0.11775076270967229,-0.06788998736571235,0.07530434892034539,7.99999999999995,-0.271559949462846,-0.06433407150106152
103,10,2,mid,multi-echo,tedana,mid_anticipation_primary,Reward-Neutral,5.021500000000032,0.07398748195816807,0.16778344345825852,0.1999999999999779,0.37152814065294326,0.38183356380265127,0.010305423149707983,0.05393270252015127,0.120556374396807,4.0,0.21573081008060238,0.02307916557649081
103,10,2,mid,multi-echo,tedana,mid_feedback_extra,Positive-Negative,6.0,-0.1485790907162391,-0.060169235271106056,0.0,-0.8914745442974282,0.0,0.8914745442974282,-0.12995184595582102,0.10259715434742811,7.99999999999995,-0.5198073838232776,-0.24363419219412227
103,10,2,mid,single-echo,fmriprep,mid_anticipation_primary,Reward-Neutral,5.021500000000032,0.7140616167729491,1.2673902034692446,0.0,3.5856604086253867,3.5856604086253867,0.0,0.42877862842371817,0.7492976594880842,4.0,1.7151145136948514,0.25911544226819244
103,10,2,mid,single-echo,fmriprep,mid_feedback_extra,Positive-Negative,6.0,0.06463189981774699,0.33691511585451406,2.39999999999997,0.3877913989064792,0.5839236459354864,0.19613224702900708,-0.15494839762682325,0.05528522795844522,5.099999999999961,-0.6197935905072853,-0.19313881042740963
103,10,2,mid,single-echo,tedana,mid_anticipation_primary,Reward-Neutral,5.021500000000032,0.3357749417482996,0.4659727662309072,1.1999999999999744,1.686093869989097,1.686093869989097,0.0,0.15240656517545204,0.29083634646859363,4.0,0.6096262607018006,0.16200478514509845
103,10,2,mid,single-echo,tedana,mid_feedback_extra,Positive-Negative,6.0,-0.3661273004403858,-0.1464248812336454,0.0,-2.196763802642299,0.0,2.196763802642299,-0.3229279296484215,0.1828501830073169,7.99999999999995,-1.29171171859367,-0.6349925862839301
103,10,1,sharedreward,multi-echo,fmriprep,sr_decision_partner_extra,Computer-Stranger,6.0,0.03149042271632008,0.2771192079331216,5.099999999999961,0.18894253629791913,0.5495473237778379,0.36060478747991864,0.15103036030825004,0.2771192079331216,5.099999999999961,0.6041214412329926,0.1811668374124118
103,10,1,sharedreward,multi-echo,fmriprep,sr_outcome_primary,Reward-Neutral,6.0,0.058064620659404355,0.3997927790412422,3.799999999999965,0.34838772395642364,0.6495825468011518,0.3011948228447282,0.08678065195932042,0.3762375614604356,4.0,0.34712260783727733,0.024655910085731123
103,10,1,sharedreward,multi-echo,fmriprep,sr_outcome_primary,Punish-Neutral,6.0,0.08162284823517506,0.48224507184154397,3.6999999999999655,0.4897370894110469,0.6607720653478824,0.1710349759368355,0.03115056680949635,0.44072965264285047,4.0,0.12460226723798384,0.01793015062934085
103,10,1,sharedreward,multi-echo,fmriprep,sr_outcome_primary,Reward-Punish,6.0,-0.023558227575770703,0.2440672264939609,0.0999999999999783,-0.1413493654546232,0.1808264934721223,0.32217585892674555,0.05563008514982406,0.2077311837613767,7.399999999999952,0.22252034059929346,0.006725759456390274
103,10,1,sharedreward,multi-echo,fmriprep,sr_decision_by_future_outcome_extra,Reward-Neutral,6.0,0.018147094303493587,0.224133197970906,3.4999999999999662,0.10888256582096076,0.3158132653086275,0.20693069948766682,0.06315200264429378,0.16047049329470875,4.0,0.25260801057717197,0.059871277080385275
103,10,1,sharedreward,multi-echo,fmriprep,sr_decision_by_future_outcome_extra,Punish-Neutral,6.0,-0.10882705461384969,0.1316129176639613,5.999999999999957,-0.6529623276830935,0.041041061901743565,0.6940033895848371,0.07596270694092029,0.2365620314806777,6.7999999999999545,0.3038508277636774,0.13161291766397282
103,10,1,sharedreward,multi-echo,fmriprep,sr_decision_by_future_outcome_extra,Reward-Punish,6.0,0.1269741489173433,0.2708056936082549,3.4999999999999662,0.7618448935040543,0.7751286775400992,0.01328378403604493,-0.012810704296626516,0.2066434297241852,4.0,-0.051242817186505425,-0.07174164058358755
103,10,1,sharedreward,multi-echo,tedana,sr_decision_partner_extra,Computer-Stranger,6.0,0.04042471409234124,0.1311656177509697,2.49999999999997,0.24254828455404573,0.3472731964269065,0.10472491187286077,-0.023651734398988527,0.1083151632434361,4.699999999999962,-0.09460693759595293,-0.037474043754823744
103,10,1,sharedreward,multi-echo,tedana,sr_outcome_primary,Reward-Neutral,6.0,-0.06048401073062763,0.0716982942535762,0.0999999999999783,-0.3629040643837632,0.04143698146205105,0.4043410458458142,-0.03362949549047703,0.1131190204706173,7.499999999999952,-0.13451798196190645,-0.07498931961835095
103,10,1,sharedreward,multi-echo,tedana,sr_outcome_primary,Punish-Neutral,6.0,-0.009715038955707186,0.2088515853384966,3.6999999999999655,-0.058290233734242705,0.29573665192563053,0.3540268856598733,-0.034158889427810514,0.1777442602388129,4.0,-0.13663555771124036,-0.09443749432572958
103,10,1,sharedreward,multi-echo,tedana,sr_outcome_primary,Reward-Punish,6.0,-0.05076897177492043,0.1293176993075324,0.0,-0.3046138306495204,0.17344885875225496,0.4780626894017754,0.0005293939373334861,0.1742349443262705,7.499999999999952,0.002117575749333918,0.019448174707378637
103,10,1,sharedreward,multi-echo,tedana,sr_decision_by_future_outcome_extra,Reward-Neutral,6.0,0.045472775056941105,0.1484869023974357,2.699999999999969,0.27283665034164467,0.34124491486202074,0.06840826452037611,-0.017822748529260732,0.05330996917177687,4.0,-0.07129099411704204,0.013442246566544039
103,10,1,sharedreward,multi-echo,tedana,sr_decision_by_future_outcome_extra,Punish-Neutral,6.0,-0.07727249037538857,0.059945578854519406,5.999999999999957,-0.4636349422523281,0.015187009932324096,0.4788219521846521,-0.025955707823467213,0.0761456350326129,6.399999999999956,-0.10382283129386756,0.05994557885452181
103,10,1,sharedreward,multi-echo,tedana,sr_decision_by_future_outcome_extra,Reward-Punish,6.0,0.12274526543232965,0.24153661087291411,2.49999999999997,0.7364715925939727,0.7540723312282145,0.017600738634241754,0.00813295929420648,0.16949395856192215,4.0,0.03253183717682552,-0.04650333228797777
103,10,1,sharedreward,single-echo,fmriprep,sr_decision_partner_extra,Computer-Stranger,6.0,0.05408721847567333,0.7743312359249609,5.099999999999961,0.3245233108540377,1.2869961919192707,0.9624728810652328,0.4787191050756548,0.7743312359249609,5.099999999999961,1.9148764203025954,0.49723445126422244
103,10,1,sharedreward,single-echo,fmriprep,sr_outcome_primary,Reward-Neutral,6.0,0.21017634251877393,0.524573646044642,3.599999999999966,1.2610580551126347,1.5265658173842227,0.2655077622715878,0.23706104801829514,0.3933007653901456,5.699999999999958,0.9482441920731688,0.326741904349399
103,10,1,sharedreward,single-echo,fmriprep,sr_outcome_primary,Punish-Neutral,6.0,0.26921372894218754,0.5098515752651532,3.6999999999999655,1.6152823736531137,1.6430653547429557,0.02778298108984213,0.2711445512020135,0.4168758805294203,4.0,1.0845782048080403,0.26412743261482124
103,10,1,sharedreward,single-echo,fmriprep,sr_outcome_primary,Reward-Punish,6.0,-0.059037386423413524,0.17110192082335898,2.5999999999999694,-0.35422431854047864,0.20673292117674824,0.5609572397172269,-0.034083503183718285,0.111149556034201,5.699999999999958,-0.13633401273487145,0.06261447173457776
103,10,1,sharedreward,single-echo,fmriprep,sr_decision_by_future_outcome_extra,Reward-Neutral,6.0,0.15446184351324715,0.5179953064491118,2.699999999999969,0.9267710610794764,1.284537021512824,0.35776596043334763,0.23328328912289478,0.5707837627541226,6.699999999999955,0.9331331564915675,0.5048336244442942
103,10,1,sharedreward,single-echo,fmriprep,sr_decision_by_future_outcome_extra,Punish-Neutral,6.0,0.007890201245886895,0.5470902982682038,5.999999999999957,0.047341207475321036,0.9228028659790338,0.8754616585037127,0.33079006910227826,0.5572320937616098,6.299999999999956,1.3231602764090966,0.5470902982682032
103,10,1,sharedreward,single-echo,fmriprep,sr_decision_by_future_outcome_extra,Reward-Punish,6.0,0.14657164226736025,0.5208475689184895,1.3999999999999737,0.8794298536041553,1.2236911379952882,0.34426128439113296,-0.09750677997938352,0.089696747003986,6.7999999999999545,-0.39002711991752925,-0.0422566738239091
103,10,1,sharedreward,single-echo,tedana,sr_decision_partner_extra,Computer-Stranger,6.0,0.010249494970571255,0.35024464754413365,0.0,0.06149696982342709,0.6097080361534097,0.5482110663299825,0.12500576260446802,0.3261892494683666,5.3999999999999595,0.5000230504178659,0.19298305372934443
103,10,1,sharedreward,single-echo,tedana,sr_outcome_primary,Reward-Neutral,6.0,0.16613085411183118,0.8549415632284085,2.5999999999999694,0.9967851246709799,1.4988532498553082,0.5020681251843282,0.07878322256554536,0.21478146115864633,5.699999999999958,0.3151328902621775,0.17565339457718923
103,10,1,sharedreward,single-echo,tedana,sr_outcome_primary,Punish-Neutral,6.0,0.15915954721944334,0.5496812769922684,2.699999999999969,0.9549572833166533,1.1928946751278393,0.237937391811186,0.08798716873541722,0.3303120676681233,4.0,0.3519486749416645,-0.05036129515657851
103,10,1,sharedreward,single-echo,tedana,sr_outcome_primary,Reward-Punish,6.0,0.0069713068923878425,0.3723288521216646,2.2999999999999705,0.04182784135432676,0.6005606887254155,0.5587328473710887,-0.009203946169871859,0.26341199764840884,5.799999999999958,-0.03681578467948698,0.22601468973376773
103,10,1,sharedreward,single-echo,tedana,sr_decision_by_future_outcome_extra,Reward-Neutral,6.0,0.031177162668701255,0.6307657819727301,5.999999999999957,0.1870629760122062,0.7125107775805979,0.5254478015683915,0.19967188693114402,0.6426370294506193,6.099999999999957,0.7986875477245662,0.6307657819727353
103,10,1,sharedreward,single-echo,tedana,sr_decision_by_future_outcome_extra,Punish-Neutral,6.0,-0.03648369778542249,0.5881621113165516,5.999999999999957,-0.21890218671253342,0.6603066665749802,0.8792088532875133,0.20962634775485817,0.5881621113165516,5.999999999999957,0.8385053910194222,0.588162111316549
103,10,1,sharedreward,single-echo,tedana,sr_decision_by_future_outcome_extra,Reward-Punish,6.0,0.06766086045412376,0.44946462918328445,0.7999999999999758,0.40596516272473965,0.7231232933234704,0.31715813059873077,-0.009954460823714102,0.10276208551744181,6.7999999999999545,-0.039817843294855916,0.04260367065618623
103,10,2,sharedreward,multi-echo,fmriprep,sr_decision_partner_extra,Computer-Stranger,6.0,-0.04677087417905738,0.22736555741379486,0.0,-0.2806252450743423,0.26599587304326205,0.5466211181176043,-0.0320791575312902,0.2566744278500225,7.199999999999953,-0.12831663012515923,0.023227663830162087
103,10,2,sharedreward,multi-echo,fmriprep,sr_outcome_primary,Reward-Neutral,6.0,0.01908155714338424,0.15943922594996257,0.0,0.11448934286030464,0.3698024001842531,0.2553130573239484,0.05192543290930881,0.1322832920450854,5.799999999999958,0.20770173163723266,0.12703732890390823
103,10,2,sharedreward,multi-echo,fmriprep,sr_outcome_primary,Punish-Neutral,6.0,0.0022943682115708942,0.37670515295820517,0.9999999999999752,0.013766209269425268,0.4910939603804143,0.477327751110989,0.037672335446169325,0.2301665031862497,7.0999999999999535,0.1506893417846754,-0.019339058516867406
103,10,2,sharedreward,multi-echo,fmriprep,sr_outcome_primary,Reward-Punish,6.0,0.016787188931813343,0.34223429587499393,2.999999999999968,0.10072313359087934,0.6196465365654344,0.5189234029745552,0.014253097463139476,0.23573517908158878,5.599999999999959,0.057012389852557195,0.1463763874207756
103,10,2,sharedreward,multi-echo,fmriprep,sr_decision_by_future_outcome_extra,Reward-Neutral,6.0,0.07619290428177182,0.260251105966609,2.5999999999999694,0.4571574256906277,0.5415800235542211,0.08442259786359355,-0.023114073360913284,0.07477385877473504,4.0,-0.09245629344365199,-0.009047481135850457
103,10,2,sharedreward,multi-echo,fmriprep,sr_decision_by_future_outcome_extra,Punish-Neutral,6.0,0.045422378812806925,0.4199072517085187,2.8999999999999684,0.2725342728768396,0.7350380536902088,0.462503780813369,0.0025639493845712753,0.3616407476645417,6.099999999999957,0.010255797538284973,0.35306000770831
103,10,2,sharedreward,multi-echo,fmriprep,sr_decision_by_future_outcome_extra,Reward-Punish,6.0,0.030770525468964888,0.3036352069050919,1.299999999999974,0.18462315281378802,0.5615056733050832,0.3768825204912951,-0.025678022745484554,0.3210398390212771,7.99999999999995,-0.10271209098193694,-0.3621074888441604
103,10,2,sharedreward,multi-echo,tedana,sr_decision_partner_extra,Computer-Stranger,6.0,0.014951809707300529,0.17100434049551422,0.6999999999999762,0.08971085824380254,0.21490854030614115,0.12519768206233858,0.008028889099712397,0.1020446445232463,7.199999999999953,0.032115556398849186,-0.0042297285403781245
103,10,2,sharedreward,multi-echo,tedana,sr_outcome_primary,Reward-Neutral,6.0,-0.015136342245598433,0.1727919109805301,5.999999999999957,-0.09081805347358995,0.3653361309996022,0.4561541844731922,0.1560685178757363,0.21821753413937858,7.0999999999999535,0.6242740715029375,0.17279191098053281
103,10,2,sharedreward,multi-echo,tedana,sr_outcome_primary,Punish-Neutral,6.0,-0.144225975269618,0.0358902564222505,5.999999999999957,-0.8653558516177018,0.003466169901642383,0.8688220215193441,0.07966177852232224,0.306436429072413,7.299999999999953,0.31864711408928503,0.035890256422259376
103,10,2,sharedreward,multi-echo,tedana,sr_outcome_primary,Reward-Punish,6.0,0.12908963302401955,0.2797306021945341,3.1999999999999673,0.7745377981441117,0.8101391561303514,0.03560135798623959,0.07640673935341405,0.2156288634065104,4.0,0.3056269574136524,0.13690165455827344
103,10,2,sharedreward,multi-echo,tedana,sr_decision_by_future_outcome_extra,Reward-Neutral,6.0,0.02953127267587744,0.2311354888449725,2.49999999999997,0.1771876360552634,0.36196495526193895,0.18477731920667562,-0.07097891524288646,-0.0015379785918291922,7.99999999999995,-0.2839156609715423,-0.05070820016193485
103,10,2,sharedreward,multi-echo,tedana,sr_decision_by_future_outcome_extra,Punish-Neutral,6.0,-0.04186140752658944,0.14892412797914198,2.699999999999969,-0.25116844515953485,0.16342971496416897,0.4145981601237039,-0.17419221664819487,-0.056446977610544694,6.099999999999957,-0.6967688665927708,-0.06040067210240892
103,10,2,sharedreward,multi-echo,tedana,sr_decision_by_future_outcome_extra,Reward-Punish,6.0,0.07139268020246688,0.1472843787375569,2.0999999999999712,0.42835608121479823,0.42835608121479823,0.0,0.1032133014053084,0.2959889103992595,7.99999999999995,0.4128532056212285,0.009692471940474064
103,10,2,sharedreward,single-echo,fmriprep,sr_decision_partner_extra,Computer-Stranger,6.0,-0.10329847421577207,0.4175986351632972,0.0,-0.619790845294628,0.28792216777574825,0.9077130130703763,0.13137486125716133,0.6701285671835595,7.399999999999952,0.5254994450286388,0.19412283291003782
103,10,2,sharedreward,single-echo,fmriprep,sr_outcome_primary,Reward-Neutral,6.0,0.23968317013468496,0.8986556125056392,0.0,1.4380990208080995,1.6619153351539846,0.22381631434588517,0.010600226210995264,0.5882534865597391,4.0,0.04240090484398053,0.043882172591628486
103,10,2,sharedreward,single-echo,fmriprep,sr_outcome_primary,Punish-Neutral,6.0,0.4146946023691771,1.1010792353388812,0.9999999999999752,2.488167614215045,2.712888997052929,0.2247213828378843,0.14451872468715968,0.7515259944752504,4.0,0.5780748987486315,-0.04304813579208588
103,10,2,sharedreward,single-echo,fmriprep,sr_outcome_primary,Reward-Punish,6.0,-0.1750114322344921,0.3500035857034771,2.8999999999999684,-1.0500685934069451,0.5288528413754496,1.5789214347823948,-0.1339184984761644,0.3064566483390969,5.599999999999959,-0.535673993904651,0.08693030838371436
103,10,2,sharedreward,single-echo,fmriprep,sr_decision_by_future_outcome_extra,Reward-Neutral,6.0,0.2653318009471597,0.6870579323174543,3.4999999999999662,1.5919908056829468,1.8919836559875949,0.2999928503046484,0.2967177006557748,0.5449680038319484,7.99999999999995,1.1868708026230845,0.14384694240819865
103,10,2,sharedreward,single-echo,fmriprep,sr_decision_by_future_outcome_extra,Punish-Neutral,6.0,0.2182438555190335,0.9712668450459797,3.0999999999999677,1.3094631331141917,2.028957385530017,0.7194942524158252,0.4204881892164797,1.006537870186606,6.099999999999957,1.6819527568658978,0.9345336771949466
103,10,2,sharedreward,single-echo,fmriprep,sr_decision_by_future_outcome_extra,Reward-Punish,6.0,0.047087945428126166,0.67149206685162,1.599999999999973,0.282527672568755,1.1725598396650212,0.8900321670962661,-0.12377048856070486,0.5735583528217267,4.499999999999963,-0.49508195424281326,-0.790686734786748
103,10,2,sharedreward,single-echo,tedana,sr_decision_partner_extra,Computer-Stranger,6.0,0.11211948408002996,0.37208957509121965,0.5999999999999766,0.672716904480175,0.8795088341480349,0.20679192966785986,0.10940710658856563,0.2652291626677208,4.199999999999964,0.4376284263542571,0.0725693886248525
103,10,2,sharedreward,single-echo,tedana,sr_outcome_primary,Reward-Neutral,6.0,0.12686833203560555,0.4762530215413016,3.6999999999999655,0.761209992213628,0.9744942951886444,0.21328430297501627,0.1085691816659817,0.4417565020222375,4.0,0.4342767266639214,-0.017609029542971555
103,10,2,sharedreward,single-echo,tedana,sr_outcome_primary,Punish-Neutral,6.0,-0.10955463902004438,0.3467314447151359,0.0,-0.6573278341202616,0.2877686397981754,0.945096473918437,0.030463227785567815,0.4375152818120044,7.299999999999953,0.12185291114226975,-0.12038308459692489
103,10,2,sharedreward,single-echo,tedana,sr_outcome_primary,Reward-Punish,6.0,0.23642297105565,0.468496384270761,3.0999999999999677,1.41853782633389,1.41853782633389,0.0,0.07810595388041389,0.35769626314271463,4.0,0.31242381552165166,0.10277405505395333
103,10,2,sharedreward,single-echo,tedana,sr_decision_by_future_outcome_extra,Reward-Neutral,6.0,0.18631406143703458,0.5320627225447514,2.699999999999969,1.1178843686221995,1.3661972646681624,0.24831289604596304,0.18131564325560837,0.2500374332801503,4.0,0.7252625730224245,0.21159303689369507
103,10,2,sharedreward,single-echo,tedana,sr_decision_by_future_outcome_extra,Punish-Neutral,6.0,0.04072264481819646,0.4495555555289408,3.0999999999999677,0.244335868909177,0.6735050943625022,0.42916922545332525,-0.08978769898967953,0.14874178406565727,4.0,-0.3591507959587137,0.05526543990988346
103,10,2,sharedreward,single-echo,tedana,sr_decision_by_future_outcome_extra,Reward-Punish,6.0,0.1455914166188381,0.3559997418604277,2.0999999999999712,0.8735484997130224,1.0516528752580474,0.178104375545025,0.2711033422452879,0.5243799032487897,7.99999999999995,1.0844133689811382,0.1563275969838116
103,11,1,mid,multi-echo,fmriprep,mid_anticipation_primary,Reward-Neutral,5.021500000000003,0.04372553885844988,0.2183729963683395,3.0999999999999677,0.21956779337770624,0.38473293792999175,0.1651651445522855,-0.0833157649957411,0.04956217851799229,7.0999999999999535,-0.33326305998296024,-0.07722697937425142
103,11,1,mid,multi-echo,fmriprep,mid_feedback_extra,Positive-Negative,5.9879999999999995,0.063386361407618,0.3054449181054305,0.3999999999999772,0.37955753210881654,0.5801558708094926,0.20059833870067612,0.034590811561138565,0.2072224860582507,6.699999999999955,0.13836324624455254,0.08028285515718621
103,11,1,mid,multi-echo,tedana,mid_anticipation_primary,Reward-Neutral,5.021500000000003,0.060587706186982934,0.11092234227403269,0.5999999999999766,0.304241166617935,0.3042751024097217,3.393579178675868e-05,0.005648079585430887,0.041575126601224574,4.0,0.022592318341723268,0.025629093635297664
103,11,1,mid,multi-echo,tedana,mid_feedback_extra,Positive-Negative,5.9879999999999995,0.05477648332994555,0.1662337134734645,3.0999999999999677,0.3280015821797139,0.5269156637127541,0.1989140815330402,-0.05916537366210775,0.05894490499795039,4.0,-0.23666149464842806,-0.13021264322360204
103,11,1,mid,single-echo,fmriprep,mid_anticipation_primary,Reward-Neutral,5.021500000000003,-0.14925415944928702,0.21145387361155482,0.0,-0.7494797616745953,0.07359212614917751,0.8230718878237728,-0.16803535315497795,0.2711829079618116,7.199999999999953,-0.6721414126199035,-0.2579722636187616
103,11,1,mid,single-echo,fmriprep,mid_feedback_extra,Positive-Negative,5.9879999999999995,-0.019467311912368248,0.1909613031977116,0.2999999999999776,-0.11657026373126106,0.3109816714073592,0.42755193513862033,-0.15690655980641788,0.10081882256361879,4.499999999999963,-0.6276262392256637,-0.13800381885165436
103,11,1,mid,single-echo,tedana,mid_anticipation_primary,Reward-Neutral,5.021500000000003,-0.09237369224049703,0.11451713172383823,0.0,-0.46385449558565617,0.05126966401790442,0.5151241596035606,-0.13349648761972688,0.1496566982534646,7.699999999999951,-0.5339859504789009,-0.2308234745534261
103,11,1,mid,single-echo,tedana,mid_feedback_extra,Positive-Negative,5.9879999999999995,0.022623973357622666,0.28100975487034807,0.2999999999999776,0.1354723524654445,0.5585632967642441,0.4230909442987996,-0.11798248896216841,0.23123509203833797,4.0,-0.47192995584866776,-0.33193577330633095
103,11,2,mid,multi-echo,fmriprep,mid_anticipation_primary,Reward-Neutral,5.022000000000013,0.10208241026283543,0.3549498860722063,4.499999999999963,0.5126578643399609,0.7033823673204983,0.19072450298053742,0.06458429085927084,0.3549498860722063,4.499999999999963,0.25833716343708013,0.0011987340929845408
103,11,2,mid,multi-echo,fmriprep,mid_feedback_extra,Positive-Negative,5.9879999999999995,0.0601126418646949,0.2635388960029212,0.9999999999999752,0.35995449948579306,0.45093991125890726,0.0909854117731142,-0.06106505576720394,0.035456722735781,4.799999999999962,-0.24426022306881273,-0.03193951888227474
103,11,2,mid,multi-echo,tedana,mid_anticipation_primary,Reward-Neutral,5.022000000000013,0.006426305416958681,0.21465826242626612,3.899999999999965,0.03227290580396658,0.34531026634553674,0.31303736054157016,-0.020757458648326038,0.21204660309209344,4.0,-0.08302983459330313,-0.039566128652527593
103,11,2,mid,multi-echo,tedana,mid_feedback_extra,Positive-Negative,5.9879999999999995,0.05063613844366636,0.0873491242680671,0.8999999999999755,0.3032091970006741,0.30452382724190014,0.0013146302412259839,-0.030099766396727765,0.052413219675466194,4.799999999999962,-0.12039906558690956,-0.014306656027876624
103,11,2,mid,single-echo,fmriprep,mid_anticipation_primary,Reward-Neutral,5.022000000000013,0.20637092675748167,0.4388740116836213,4.699999999999962,1.0363947941760756,1.1984389611456496,0.16204416696957405,-0.06015818508018826,0.4388740116836213,4.699999999999962,-0.24063274032075005,-0.35059094460403617
103,11,2,mid,single-echo,fmriprep,mid_feedback_extra,Positive-Negative,5.9879999999999995,-0.05190754592261145,0.2302327760943905,0.8999999999999755,-0.31082238498459736,0.4072107883272165,0.7180331733118139,-0.08554142519989143,0.1861161377691462,5.19999999999996,-0.34216570079956143,0.11998387355160817
103,11,2,mid,single-echo,tedana,mid_anticipation_primary,Reward-Neutral,5.022000000000013,0.07617237286461288,0.2214712154051666,3.999999999999965,0.38253765652608684,0.4530986335985465,0.0705609770724597,-0.1011041688735224,0.22147121540516626,4.0,-0.40441667549408455,-0.19844851164182897
103,11,2,mid,single-echo,tedana,mid_feedback_extra,Positive-Negative,5.9879999999999995,-0.0705410933929377,0.13693515448275778,5.19999999999996,-0.4224000672369109,0.1653049088649407,0.5877049761018517,-0.04900597656991185,0.13693515448275778,5.19999999999996,-0.19602390627964494,0.049456705962875484
103,11,1,sharedreward,multi-echo,fmriprep,sr_decision_partner_extra,Computer-Stranger,6.0,-0.07693576486815494,0.37588486089409273,0.7999999999999758,-0.4616145892089264,0.5784735112140631,1.0400881004229894,-0.12234499140088334,0.0262157628354818,6.099999999999957,-0.48937996560352726,0.009337888969017896
103,11,1,sharedreward,multi-echo,fmriprep,sr_outcome_primary,Reward-Neutral,6.0,0.18279137853142022,0.3429607235892676,5.3999999999999595,1.0967482711885135,1.1937287446915503,0.09698047350303679,0.003490671494795018,0.3429607235892676,5.3999999999999595,0.0139626859791799,0.06353853831026397
103,11,1,sharedreward,multi-echo,fmriprep,sr_outcome_primary,Punish-Neutral,6.0,0.15351925718749174,0.4857229451731877,5.3999999999999595,0.9211155431249438,1.0470503098242396,0.12593476669929593,0.005094024548054879,0.4857229451731877,5.3999999999999595,0.020376098192219264,0.13395902984720418
103,11,1,sharedreward,multi-echo,fmriprep,sr_outcome_primary,Reward-Punish,6.0,0.02927212134392848,0.1390502057794265,2.39999999999997,0.17563272806356964,0.3074405379080369,0.13180780984446727,-0.0016033530532598688,0.1169743638506145,6.899999999999954,-0.006413412213039395,-0.07042049153694023
103,11,1,sharedreward,multi-echo,fmriprep,sr_decision_by_future_outcome_extra,Reward-Neutral,6.0,0.0830422041630454,0.7451201872878991,0.0,0.4982532249782689,1.0983731991833547,0.6001199742050857,0.056564973208013306,0.46376605580404673,6.399999999999956,0.22625989283205042,0.38284893998915825
103,11,1,sharedreward,multi-echo,fmriprep,sr_decision_by_future_outcome_extra,Punish-Neutral,6.0,0.18877049737536164,0.8486429125018653,1.1999999999999744,1.1326229842521618,1.5579229337607226,0.42529994950856087,0.05729339201247605,0.34233064391357515,6.299999999999956,0.22917356804990135,0.2871858595030828
103,11,1,sharedreward,multi-echo,fmriprep,sr_decision_by_future_outcome_extra,Reward-Punish,6.0,-0.10572829321231621,0.11183448881045725,0.0,-0.6343697592738927,0.0998110712769349,0.7341808305508276,-0.0007284188044627314,0.1427186575255617,6.599999999999955,-0.0029136752178508894,0.09566308048607554
103,11,1,sharedreward,multi-echo,tedana,sr_decision_partner_extra,Computer-Stranger,6.0,-0.03672735689316838,0.138561721819184,0.3999999999999772,-0.22036414135900873,0.14907990043627664,0.3694440417952854,-0.06944438896280133,1.979394150409923e-05,7.499999999999952,-0.2777775558512019,-0.09918332568984395
103,11,1,sharedreward,multi-echo,tedana,sr_outcome_primary,Reward-Neutral,6.0,0.03854246498661985,0.17384982926099812,3.0999999999999677,0.23125478991971746,0.3884541564097571,0.1571993664900397,-0.01939180769407327,0.09598483371912779,7.699999999999951,-0.07756723077629211,-0.08593438826289121
103,11,1,sharedreward,multi-echo,tedana,sr_outcome_primary,Punish-Neutral,6.0,-0.007637152494046894,0.20657477621381248,0.0,-0.045822914964281036,0.2878867725497444,0.33370968751402547,-0.08060815613999925,0.0424757841596769,7.0999999999999535,-0.322432624559993,-0.11474567008471782
103,11,1,sharedreward,multi-echo,tedana,sr_outcome_primary,Reward-Punish,6.0,0.04617961748066675,0.12401212102485691,4.699999999999962,0.2770777048839985,0.35388977071817085,0.0768120658341724,0.06121634844592598,0.12401212102485691,4.699999999999962,0.24486539378370087,0.02881128182182662
103,11,1,sharedreward,multi-echo,tedana,sr_decision_by_future_outcome_extra,Reward-Neutral,6.0,0.04669007581778714,0.2438411510137782,2.5999999999999694,0.28014045490672085,0.4148509525878007,0.13471049768107984,0.06889128147329351,0.1973481216018673,6.899999999999954,0.2755651258931706,0.09296091903364101
103,11,1,sharedreward,multi-echo,tedana,sr_decision_by_future_outcome_extra,Punish-Neutral,6.0,0.10688382256568758,0.20367410285895812,2.39999999999997,0.641302935394121,0.641302935394121,0.0,0.07229376020957524,0.1169209291941158,4.499999999999963,0.28917504083829737,0.07293842870910078
103,11,1,sharedreward,multi-echo,tedana,sr_decision_by_future_outcome_extra,Reward-Punish,6.0,-0.060193746747900456,0.0880873977124184,2.8999999999999684,-0.3611624804874002,0.07357809753304767,0.43474057802044774,-0.003402478736281733,0.1250909416570588,6.999999999999954,-0.013609914945126762,0.020022490324540225
103,11,1,sharedreward,single-echo,fmriprep,sr_decision_partner_extra,Computer-Stranger,6.0,-0.2139777235820022,0.928400974562788,1.1999999999999744,-1.2838663414920042,1.2486466969779153,2.53251303846992,-0.29556401190153,0.0464308556933148,6.399999999999956,-1.1822560476061053,-0.02605440980626453
103,11,1,sharedreward,single-echo,fmriprep,sr_outcome_primary,Reward-Neutral,6.0,0.5463312195650105,1.0414768434843953,5.3999999999999595,3.2779873173900396,3.398178062790246,0.1201907454002066,-0.3023988969880464,1.0414768434843953,5.3999999999999595,-1.2095955879521705,-0.09919588359298388
103,11,1,sharedreward,single-echo,fmriprep,sr_outcome_primary,Punish-Neutral,6.0,0.4446120108032927,1.665845385479456,5.19999999999996,2.667672064819737,3.296460390492616,0.628788325672879,-0.04076541813792111,1.665845385479456,5.19999999999996,-0.1630616725516824,0.044641578999394006
103,11,1,sharedreward,single-echo,fmriprep,sr_outcome_primary,Reward-Punish,6.0,0.10171920876171786,0.7412654845341178,1.899999999999972,0.6103152525703028,1.570917383156143,0.9606021305858401,-0.2616334788501253,0.1074325073156662,6.7999999999999545,-1.046533915400488,-0.1438374625923779
103,11,1,sharedreward,single-echo,fmriprep,sr_decision_by_future_outcome_extra,Reward-Neutral,6.0,0.24957030810666514,2.0972946288228673,0.0,1.4974218486399802,3.237875467406658,1.740453618766677,0.362127232372375,1.331569747751793,6.099999999999957,1.448508929489482,1.2053976419705987
103,11,1,sharedreward,single-echo,fmriprep,sr_decision_by_future_outcome_extra,Punish-Neutral,6.0,0.4522307470586168,2.095393806962618,1.1999999999999744,2.7133844823516817,3.684650308479881,0.9712658261281992,0.14127427307303814,0.7360923958612479,6.299999999999956,0.5650970922921456,0.5826775468211474
103,11,1,sharedreward,single-echo,fmriprep,sr_decision_by_future_outcome_extra,Reward-Punish,6.0,-0.2026604389519517,0.622720095149458,5.999999999999957,-1.2159626337117015,0.6493891916708358,1.8653518253825374,0.22085295929933685,0.622720095149458,5.999999999999957,0.8834118371973364,0.6227200951494514
103,11,1,sharedreward,single-echo,tedana,sr_decision_partner_extra,Computer-Stranger,6.0,-0.08614094744510027,0.24426681380499388,0.8999999999999755,-0.516845684670598,0.3501750265232317,0.8670207111938296,-0.14735071444592773,0.0016076113026932057,6.899999999999954,-0.5894028577837036,-0.1139773361739196
103,11,1,sharedreward,single-echo,tedana,sr_outcome_primary,Reward-Neutral,6.0,0.0007948561862425415,0.1584327256859114,3.0999999999999677,0.004769137117455215,0.3235332123570321,0.3187640752395769,0.0760298431343027,0.2570740206637656,7.599999999999952,0.304119372537207,-0.10545444282424263
103,11,1,sharedreward,single-echo,tedana,sr_outcome_primary,Punish-Neutral,6.0,-0.060727275228641575,0.1384154927455804,4.099999999999964,-0.36436365137184684,0.2148113557272125,0.5791750070990592,-0.06588122173162463,0.1384154927455804,4.099999999999964,-0.2635248869264952,-0.3023671273863973
103,11,1,sharedreward,single-echo,tedana,sr_outcome_primary,Reward-Punish,6.0,0.0615221314148841,0.19691268456214397,5.999999999999957,0.369132788489302,0.4045769776781146,0.03544418918881264,0.14191106486592736,0.2766551608108094,7.99999999999995,0.5676442594637023,0.19691268456215466
103,11,1,sharedreward,single-echo,tedana,sr_decision_by_future_outcome_extra,Reward-Neutral,6.0,0.08867037515546683,0.3108848182765062,0.6999999999999762,0.5320222509327972,0.8168142120204656,0.28479196108766847,-0.028071725848575767,0.09268390272844229,7.99999999999995,-0.11228690339430167,0.010090506370873949
103,11,1,sharedreward,single-echo,tedana,sr_decision_by_future_outcome_extra,Punish-Neutral,6.0,0.10926190543547816,0.3630672367357358,1.299999999999974,0.6555714326128643,0.9418609404745139,0.2862895078616494,-0.04914395270134109,0.10202808613865619,7.99999999999995,-0.1965758108053619,-0.05698151392088819
103,11,1,sharedreward,single-echo,tedana,sr_decision_by_future_outcome_extra,Reward-Punish,6.0,-0.02059153028001134,0.0797720832309356,5.799999999999958,-0.12354918168006716,0.07564154578593413,0.19919072746600128,0.02107222685276532,0.0797720832309356,5.799999999999958,0.08428890741106022,0.06707202029176214
103,11,2,sharedreward,multi-echo,fmriprep,sr_decision_partner_extra,Computer-Stranger,6.0,0.07532706487964565,0.19255132308774608,2.2999999999999705,0.4519623892778707,0.4902693182925531,0.03830692901468245,0.05212447912055143,0.112963894209713,5.899999999999958,0.20849791648220314,0.11059766716948938
103,11,2,sharedreward,multi-echo,fmriprep,sr_outcome_primary,Reward-Neutral,6.0,-0.0544520301476752,0.40297005022498106,0.0,-0.32671218088604886,0.5361751477810316,0.8628873286670805,-0.28030215211634,-0.1231910424186639,6.999999999999954,-1.121208608465346,-0.2283063973750481
103,11,2,sharedreward,multi-echo,fmriprep,sr_outcome_primary,Punish-Neutral,6.0,-0.12950746114875236,0.2308116425678249,0.0,-0.7770447668925087,0.22585889116554306,1.0029036580580517,-0.30833375900213805,-0.06117807003876011,6.999999999999954,-1.233335036008537,-0.3245055800749689
103,11,2,sharedreward,multi-echo,fmriprep,sr_outcome_primary,Reward-Punish,6.0,0.07505543100107714,0.1769345455475537,0.1999999999999779,0.4503325860064597,0.47305338325682583,0.02272079725036604,0.02803160688579804,0.1383112604866153,5.699999999999958,0.11212642754319077,0.0961991826999208
103,11,2,sharedreward,multi-echo,fmriprep,sr_decision_by_future_outcome_extra,Reward-Neutral,6.0,0.06772090636157183,0.3342199458642329,5.999999999999957,0.40632543816942807,0.9360400240940481,0.52971458592462,0.1605230572434989,0.34256742844610427,6.099999999999957,0.6420922289739877,0.3342199458642365
103,11,2,sharedreward,multi-echo,fmriprep,sr_decision_by_future_outcome_extra,Punish-Neutral,6.0,0.03620976499663446,0.208882968753444,5.3999999999999595,0.2172585899798052,0.5006734444366647,0.2834148544568595,0.08387782673826409,0.208882968753444,5.3999999999999595,0.3355113069530522,0.17548065409142508
103,11,2,sharedreward,multi-echo,fmriprep,sr_decision_by_future_outcome_extra,Reward-Punish,6.0,0.03151114136493737,0.2282872095680827,3.6999999999999655,0.18906684818962288,0.4628158053856959,0.27374895719607295,0.07664523050523481,0.20941887076584706,4.0,0.3065809220209354,0.1587392917728114
103,11,2,sharedreward,multi-echo,tedana,sr_decision_partner_extra,Computer-Stranger,6.0,0.07642579907337099,0.14656461774840351,2.199999999999971,0.45855479444022273,0.5021362808966324,0.0435814864564098,0.06530832835053922,0.1051037873337221,5.099999999999961,0.2612333134021536,0.03969516656496244
103,11,2,sharedreward,multi-echo,tedana,sr_outcome_primary,Reward-Neutral,6.0,-0.052695607835252865,0.0924870956567131,1.4999999999999734,-0.31617364701151496,0.1245869395362787,0.4407605865477937,-0.09174901141916045,0.0029681593564235,6.499999999999956,-0.36699604567663724,-0.015045681725210121
103,11,2,sharedreward,multi-echo,tedana,sr_outcome_primary,Punish-Neutral,6.0,-0.14426047737809256,-0.0327281449916118,2.39999999999997,-0.8655628642685492,0.0,0.8655628642685492,-0.13990233082843426,-0.012388420734132797,7.0999999999999535,-0.55960932331373,-0.16047987139408496
103,11,2,sharedreward,multi-echo,tedana,sr_outcome_primary,Reward-Punish,6.0,0.09156486954283968,0.2139829729528836,0.4999999999999769,0.5493892172570342,0.5774560105667125,0.02806679330967842,0.04815331940927378,0.1492533967652095,5.899999999999958,0.19261327763709274,0.14543418966887484
103,11,2,sharedreward,multi-echo,tedana,sr_decision_by_future_outcome_extra,Reward-Neutral,6.0,-0.00956654090521923,0.050162397482897206,5.19999999999996,-0.057399245431314964,0.09420639867960548,0.15160564411092045,-0.04132960392940336,0.050162397482897206,5.19999999999996,-0.16531841571761138,0.00279924825789895
103,11,2,sharedreward,multi-echo,tedana,sr_decision_by_future_outcome_extra,Punish-Neutral,6.0,-0.10587166785437586,-0.0021848740520646007,1.3999999999999737,-0.6352300071262507,0.0,0.6352300071262507,-0.11933617434706101,-0.0608992143047836,5.899999999999958,-0.4773446973882381,-0.06369898224641268
103,11,2,sharedreward,multi-echo,tedana,sr_decision_by_future_outcome_extra,Reward-Punish,6.0,0.09630512694915666,0.21829083313011483,3.899999999999965,0.5778307616949359,0.6432875179474404,0.06545675625250459,0.07800657041765764,0.21674475557926676,4.0,0.3120262816706267,0.06649823050431164
103,11,2,sharedreward,single-echo,fmriprep,sr_decision_partner_extra,Computer-Stranger,6.0,-0.017126975357697683,0.2323141039080571,1.3999999999999737,-0.10276185214618537,0.3342939704403439,0.43705582258652925,-0.11487698229489306,-0.0347913885062539,7.299999999999953,-0.4595079291795665,-0.17225977162785222
103,11,2,sharedreward,single-echo,fmriprep,sr_outcome_primary,Reward-Neutral,6.0,-0.08317655455295084,0.7476478967572089,2.199999999999971,-0.4990593273177015,1.9110689889936174,2.4101283163113187,-0.6757837582436268,0.1310246662194225,7.599999999999952,-2.7031350329744734,-0.9114758707388442
103,11,2,sharedreward,single-echo,fmriprep,sr_outcome_primary,Punish-Neutral,6.0,-0.24627299524632704,0.8426285350128344,0.0,-1.4776379714779517,1.0859613418219407,2.563599313299892,-0.7979837617108503,-0.22925677285906992,7.599999999999952,-3.1919350468433616,-0.9891857002851406
103,11,2,sharedreward,single-echo,fmriprep,sr_outcome_primary,Reward-Punish,6.0,0.16309644069337625,0.7214070233834222,2.199999999999971,0.9785786441602506,1.2680769326365748,0.2894982884763243,0.12220000346722361,0.4218363391404187,7.99999999999995,0.4888000138688884,0.07770982954629653
103,11,2,sharedreward,single-echo,fmriprep,sr_decision_by_future_outcome_extra,Reward-Neutral,6.0,0.42720561196108736,0.9011053754809919,5.999999999999957,2.563233671766506,2.8841161728066984,0.32088250104019284,0.4476681030104026,0.9090960559645349,6.099999999999957,1.7906724120415882,0.9011053754809953
103,11,2,sharedreward,single-echo,fmriprep,sr_decision_by_future_outcome_extra,Punish-Neutral,6.0,0.36843949365578615,0.6288931339747953,2.199999999999971,2.2106369619347013,2.377797996344508,0.16716103440980684,0.2060800896236295,0.5935934721856306,5.29999999999996,0.8243203584945078,0.5282362646803918
103,11,2,sharedreward,single-echo,fmriprep,sr_decision_by_future_outcome_extra,Reward-Punish,6.0,0.058766118305301145,0.37286911080058277,5.999999999999957,0.35259670983180436,0.6081272522438197,0.2555305424120152,0.24158801338677313,0.46285015466123325,6.199999999999957,0.9663520535470805,0.3728691108006035
103,11,2,sharedreward,single-echo,tedana,sr_decision_partner_extra,Computer-Stranger,6.0,0.10332532222034427,0.2562575845754604,1.0999999999999748,0.6199519333220612,0.6356609750825643,0.015709041760503056,0.11262947762511948,0.169606729980445,5.099999999999961,0.4505179105004723,0.0717074106734827
103,11,2,sharedreward,single-echo,tedana,sr_outcome_primary,Reward-Neutral,6.0,-0.11945816219909325,0.2111441170543974,1.7999999999999725,-0.7167489731945544,0.405614182366415,1.1223631555609694,-0.20222187394863753,0.4400794513287193,7.599999999999952,-0.80888749579454,-0.44095378667606233
103,11,2,sharedreward,single-echo,tedana,sr_outcome_primary,Punish-Neutral,6.0,-0.22206371681217485,0.1288377213410456,0.4999999999999769,-1.3323823008730395,0.09351348895000829,1.425895789823048,-0.3201070034228549,0.168533919764718,7.599999999999952,-1.2804280136914037,-0.5464378717648238
103,11,2,sharedreward,single-echo,tedana,sr_outcome_primary,Reward-Punish,6.0,0.10260555461308161,0.3735201096392674,1.9999999999999716,0.6156333276784853,0.7309993454595535,0.11536601778106814,0.11788512947421745,0.2989608933449986,7.199999999999953,0.4715405178968639,0.10548408508876157
103,11,2,sharedreward,single-echo,tedana,sr_decision_by_future_outcome_extra,Reward-Neutral,6.0,0.08740948522920523,0.2148774850641664,4.399999999999963,0.5244569113752277,0.6021287919341907,0.07767188055896301,0.050196695694661765,0.2148774850641664,4.399999999999963,0.20078678277864456,-0.0005407129068884149
103,11,2,sharedreward,single-echo,tedana,sr_decision_by_future_outcome_extra,Punish-Neutral,6.0,0.0017997796933779309,0.2880709965603618,1.3999999999999737,0.010798678160267508,0.3579459638973479,0.34714728573708037,-0.09938607488696326,0.0914006167587065,4.599999999999962,-0.3975442995478481,-0.15109271811950659
103,11,2,sharedreward,single-echo,tedana,sr_decision_by_future_outcome_extra,Reward-Punish,6.0,0.08560970553582731,0.21441007076639979,2.999999999999968,0.5136582332149602,0.6923058537598651,0.1786476205449049,0.14958277058162503,0.2063856658901266,5.19999999999996,0.5983310823264927,0.15055200521261816
104,1,1,mid,multi-echo,fmriprep,mid_anticipation_primary,Reward-Neutral,5.023000000000025,0.21136704857178723,0.2673944770041524,1.1999999999999744,1.0616966849760925,1.0616966849760925,0.0,0.044658376566194674,0.2035324822434853,4.0,0.17863350626477648,0.08844186192371127
104,1,1,mid,multi-echo,fmriprep,mid_feedback_extra,Positive-Negative,5.992999999999995,0.012714797624361346,0.26120646166666384,0.0,0.07619978216279748,0.38017347534080204,0.3039736931780045,-0.08017729748358485,0.000628434630612601,7.99999999999995,-0.3207091899343354,-0.11654167618776536
104,1,1,mid,multi-echo,tedana,mid_anticipation_primary,Reward-Neutral,5.023000000000025,0.15674993964803322,0.2089618333778749,3.0999999999999677,0.7873549468520746,0.7873549468520746,0.0,0.05122498176856662,0.17324798781268536,4.0,0.20489992707426394,0.10098581162947187
104,1,1,mid,multi-echo,tedana,mid_feedback_extra,Positive-Negative,5.992999999999995,-0.00012093102489062267,0.1473827772567941,0.3999999999999772,-0.0007247396321695011,0.26928640660139236,0.27001114623356187,-0.04141591525102503,0.0964213975417475,7.99999999999995,-0.16566366100409807,-0.07307574193718863
104,1,1,mid,single-echo,fmriprep,mid_anticipation_primary,Reward-Neutral,5.023000000000025,0.2446183233321955,0.3702102929717004,0.9999999999999752,1.228717838097624,1.228717838097624,0.0,0.04238834642747655,0.22269199500587109,4.0,0.16955338570990408,0.128362394551322
104,1,1,mid,single-echo,fmriprep,mid_feedback_extra,Positive-Negative,5.992999999999995,-0.15578810338268265,0.18406520686904784,0.0,-0.9336381035724164,0.26894697448737637,1.2025850780597929,-0.2336883171637273,0.023521805639963096,7.99999999999995,-0.9347532686548975,-0.20848408446921296
104,1,1,mid,single-echo,tedana,mid_anticipation_primary,Reward-Neutral,5.023000000000025,0.18659177730501447,0.30083312036834886,0.6999999999999762,0.9372504974030923,0.9372504974030923,0.0,0.07541692848489552,0.2100791260934827,5.899999999999958,0.3016677139395783,0.20295992487226247
104,1,1,mid,single-echo,tedana,mid_feedback_extra,Positive-Negative,5.992999999999995,-0.15494873354223287,0.0624648153646222,1.6999999999999726,-0.9286077601186008,0.0660585331032861,0.9946662932218868,-0.16016657890722324,0.13290823379518601,7.99999999999995,-0.640666315628885,-0.14056006795293755
104,1,2,mid,multi-echo,fmriprep,mid_anticipation_primary,Reward-Neutral,5.020999999999987,0.02457655734585814,0.0808900202503663,0.6999999999999762,0.1233988944335534,0.15971157066112995,0.036312676227576564,-0.024397115698285586,0.0670581631040532,7.99999999999995,-0.09758846279314114,-0.01650840575421327
104,1,2,mid,multi-echo,fmriprep,mid_feedback_extra,Positive-Negative,5.987000000000023,0.13068116511745126,0.2221633402877133,3.299999999999967,0.7823881355581838,0.7823881355581838,0.0,0.06907339725078449,0.1780670751729579,4.0,0.2762935890031345,0.022691813943530335
104,1,2,mid,multi-echo,tedana,mid_anticipation_primary,Reward-Neutral,5.020999999999987,-0.005726007535169378,0.0545137477548327,0.7999999999999758,-0.02875028383408537,0.05993970544504383,0.0886899892791292,0.006300489554464809,0.0546844169235517,7.99999999999995,0.025201958217858925,0.02534065441120767
104,1,2,mid,multi-echo,tedana,mid_feedback_extra,Positive-Negative,5.987000000000023,0.02778661804298874,0.1552923032766453,3.299999999999967,0.16635848222337424,0.3135579706674114,0.14719948844403719,-0.035330628532649365,0.09492961470964197,4.0,-0.1413225141305957,-0.11898457876702134
104,1,2,mid,single-echo,fmriprep,mid_anticipation_primary,Reward-Neutral,5.020999999999987,0.06735832149550373,0.20410039277249362,0.0,0.3382061322289234,0.34208989029199716,0.0038837580630737664,-0.0795091444560408,0.020044472537541002,4.699999999999962,-0.3180365778241593,-0.10070392028879147
104,1,2,mid,single-echo,fmriprep,mid_feedback_extra,Positive-Negative,5.987000000000023,0.22385610438101014,0.4646016078419485,2.8999999999999684,1.3402264969291129,1.3402264969291129,0.0,0.051233772866503505,0.3088270623362032,4.0,0.20493509146601147,0.04971895133748098
104,1,2,mid,single-echo,tedana,mid_anticipation_primary,Reward-Neutral,5.020999999999987,0.030682689260171307,0.15381351613626257,0.0,0.15405778277531973,0.1544693886426931,0.00041160586737336866,-0.02473450030667522,0.06051724777649439,4.699999999999962,-0.09893800122669964,-0.03111120744193918
104,1,2,mid,single-echo,tedana,mid_feedback_extra,Positive-Negative,5.987000000000023,0.09852027298243393,0.409369985448287,2.8999999999999684,0.5898408743458342,0.781866241331103,0.19202536698526873,-0.06944921456604718,0.22344451660302356,4.0,-0.27779685826418526,-0.13783522448000202
104,1,1,sharedreward,multi-echo,fmriprep,sr_decision_partner_extra,Computer-Stranger,6.0,0.041354625934140084,0.14507655793548402,1.299999999999974,0.24812775560483874,0.33879232135401727,0.09066456574917856,-0.027544298030640266,0.04278270733137447,4.0,-0.11017719212255969,-0.06648754376128686
104,1,1,sharedreward,multi-echo,fmriprep,sr_outcome_primary,Reward-Neutral,5.207999999999998,-0.007055983026191432,0.1455949999634981,0.1999999999999779,-0.03674755960040497,0.22828153134502674,0.26502909094543176,0.0784631185694832,0.261993395025099,7.99999999999995,0.3138524742779289,0.002429115204210623
104,1,1,sharedreward,multi-echo,fmriprep,sr_outcome_primary,Punish-Neutral,5.207999999999998,-0.056126801892316086,0.06924630864718889,4.299999999999963,-0.2923083842551821,0.08126796003754759,0.3735763442927297,-0.020465161171788922,0.1052817838635037,7.99999999999995,-0.08186064468715468,-0.10299015034642953
104,1,1,sharedreward,multi-echo,fmriprep,sr_outcome_primary,Reward-Punish,5.207999999999998,0.04907081886612467,0.184728304867268,1.299999999999974,0.2555608246547772,0.3557967301197806,0.10023590546500345,0.09892827974127213,0.1801869659402054,7.0999999999999535,0.3957131189650836,0.10541926555064016
104,1,1,sharedreward,multi-echo,fmriprep,sr_decision_by_future_outcome_extra,Reward-Neutral,6.0,0.03691074716097004,0.2147634584211588,4.399999999999963,0.22146448296581864,0.44616198495118653,0.22469750198536795,0.005215958734456222,0.2147634584211588,4.399999999999963,0.020863834937824628,-0.06562711810595141
104,1,1,sharedreward,multi-echo,fmriprep,sr_decision_by_future_outcome_extra,Punish-Neutral,6.0,-0.03874886278375606,0.22256695697561027,0.0,-0.23249317670253472,0.10976669060705961,0.3422598673095944,-0.08661709155221434,0.037076194120791,4.0,-0.346468366208853,-0.17673357881154453
104,1,1,sharedreward,multi-echo,fmriprep,sr_decision_by_future_outcome_extra,Reward-Punish,6.0,0.0756596099447261,0.1796610348305055,4.499999999999963,0.45395765966835344,0.514122954799181,0.06016529513082763,0.09183305028667056,0.1796610348305055,4.499999999999963,0.3673322011466777,0.11110646070559312
104,1,1,sharedreward,multi-echo,tedana,sr_decision_partner_extra,Computer-Stranger,6.0,0.00768165538592311,0.10480272041956319,1.1999999999999744,0.04608993231553833,0.16825068389706277,0.12216075158152442,-0.03866653216512506,0.02901558978220374,4.0,-0.15466612866049834,-0.07865293374881953
104,1,1,sharedreward,multi-echo,tedana,sr_outcome_primary,Reward-Neutral,5.207999999999998,-0.024140416017940515,0.1945210751134317,0.0999999999999783,-0.12572328662143417,0.2196560821094167,0.34537936873085084,-0.019590348542990237,0.147631577997126,7.99999999999995,-0.07836139417195997,-0.10851496319326417
104,1,1,sharedreward,multi-echo,tedana,sr_outcome_primary,Punish-Neutral,5.207999999999998,-0.09664306533702618,0.09006872048589742,0.0,-0.5033170842752323,0.057661695210773314,0.5609787794860054,-0.08950054293093085,0.0350365888785122,4.399999999999963,-0.35800217172371895,-0.15300678119656885
104,1,1,sharedreward,multi-echo,tedana,sr_outcome_primary,Reward-Punish,5.207999999999998,0.07250264931908562,0.1940956293195252,1.299999999999974,0.3775937976537978,0.4016094975874589,0.024015699933661087,0.06991019438794062,0.1745161211593334,7.799999999999951,0.279640777551759,0.04449181800330466
104,1,1,sharedreward,multi-echo,tedana,sr_decision_by_future_outcome_extra,Reward-Neutral,6.0,0.0649533784274814,0.27413087435872757,4.099999999999964,0.3897202705648857,0.536088805827053,0.1463685352621673,0.015991668704870957,0.27413087435872757,4.099999999999964,0.06396667481948304,-0.046946850279584736
104,1,1,sharedreward,multi-echo,tedana,sr_decision_by_future_outcome_extra,Punish-Neutral,6.0,0.005412904806251873,0.13385392758993084,0.0,0.03247742883751101,0.24841448121672977,0.21593705237921876,-0.11571166875973077,0.12555251730184314,4.0,-0.4628466750389173,-0.20818145861942788
104,1,1,sharedreward,multi-echo,tedana,sr_decision_by_future_outcome_extra,Reward-Punish,6.0,0.05954047362122954,0.1702646955745244,5.29999999999996,0.3572428417273747,0.4465023620146266,0.08925952028725193,0.13170333746460172,0.1702646955745244,5.29999999999996,0.5268133498584003,0.16123460833984316
104,1,1,sharedreward,single-echo,fmriprep,sr_decision_partner_extra,Computer-Stranger,6.0,0.0500191242396091,0.23150741125967,1.1999999999999744,0.3001147454376525,0.5055061735391304,0.2053914281014778,-0.09387633932399155,-0.017801141774079408,4.0,-0.3755053572959615,-0.04328539306712571
104,1,1,sharedreward,single-echo,fmriprep,sr_outcome_primary,Reward-Neutral,5.207999999999998,-0.023116934078088746,0.2944263725178329,0.5999999999999766,-0.12039299267868615,0.32998018394725503,0.4503731766259411,0.04637372044440755,0.1657777640788771,7.899999999999951,0.1854948817776279,-0.046704619439953104
104,1,1,sharedreward,single-echo,fmriprep,sr_outcome_primary,Punish-Neutral,5.207999999999998,-0.024894602064291706,0.3486261213757408,0.4999999999999769,-0.12965108755083116,0.3590534833514488,0.48870457090227987,-0.09944628336898972,0.1197069006804665,7.599999999999952,-0.39778513347595396,-0.26558772862999336
104,1,1,sharedreward,single-echo,fmriprep,sr_outcome_primary,Reward-Punish,5.207999999999998,0.0017776679862029556,0.27351545134132066,5.207999999999998,0.00925809487214499,0.20088915316659034,0.19163105829444532,0.14582000381339727,0.28396566000517,5.499999999999959,0.5832800152535819,0.21888310919004025
104,1,1,sharedreward,single-echo,fmriprep,sr_decision_by_future_outcome_extra,Reward-Neutral,6.0,-0.027702010165199114,0.19361921210571748,0.0,-0.1662120609911935,0.2994966146406099,0.4657086756318034,0.003668593024237446,0.1829796462412049,4.799999999999962,0.014674372096949603,-0.05368421305486414
104,1,1,sharedreward,single-echo,fmriprep,sr_decision_by_future_outcome_extra,Punish-Neutral,6.0,-0.0011847702817302666,0.2789552095122581,4.799999999999962,-0.0071086216903815495,0.4456264216451818,0.45273504333556336,0.046071068178327804,0.2789552095122581,4.799999999999962,0.1842842727133089,-0.04811220141703609
104,1,1,sharedreward,single-echo,fmriprep,sr_decision_by_future_outcome_extra,Reward-Punish,6.0,-0.02651723988346886,0.22732718099912008,1.0999999999999748,-0.15910343930081203,0.28999498392213097,0.44909842322294297,-0.042402475154090354,0.0549231352330408,7.99999999999995,-0.1696099006163593,-0.005572011637828052
104,1,1,sharedreward,single-echo,tedana,sr_decision_partner_extra,Computer-Stranger,6.0,0.0034551220114805562,0.148574381467327,1.1999999999999744,0.02073073206888319,0.24099529194110947,0.22026455987222632,-0.09694996911434207,0.009166341408804337,4.0,-0.38779987645736347,-0.07772663640831293
104,1,1,sharedreward,single-echo,tedana,sr_outcome_primary,Reward-Neutral,5.207999999999998,-0.053128949293356834,0.3311118277578082,0.4999999999999769,-0.2766955679198023,0.3505759882003326,0.6272715561201349,-0.08296858359416759,0.0158544393594241,7.99999999999995,-0.33187433437666625,-0.17961491483526823
104,1,1,sharedreward,single-echo,tedana,sr_outcome_primary,Punish-Neutral,5.207999999999998,-0.08530208526039837,0.3216656947211672,0.1999999999999779,-0.44425326003615456,0.3053561246505024,0.7496093846866569,-0.15754925701314595,-0.1049006388310857,7.499999999999952,-0.6301970280525759,-0.23681708654042083
104,1,1,sharedreward,single-echo,tedana,sr_outcome_primary,Reward-Punish,5.207999999999998,0.03217313596704154,0.1341572038669978,5.099999999999961,0.1675576921163523,0.22065294968074733,0.053095257564395024,0.07458067341897838,0.1341572038669978,5.099999999999961,0.2983226936759098,0.05720217170515258
104,1,1,sharedreward,single-echo,tedana,sr_decision_by_future_outcome_extra,Reward-Neutral,6.0,0.0500620019371231,0.2205432248612734,4.399999999999963,0.30037201162273647,0.4208921546845872,0.12052014306185062,-0.005681230379356563,0.2205432248612734,4.399999999999963,-0.022724921517425972,-0.049925601906852586
104,1,1,sharedreward,single-echo,tedana,sr_decision_by_future_outcome_extra,Punish-Neutral,6.0,0.05592342069152579,0.3110946970482384,4.399999999999963,0.33554052414915236,0.6020120206463084,0.266471496497156,-0.01797600881451089,0.3110946970482384,4.399999999999963,-0.07190403525804268,-0.11640530033380032
104,1,1,sharedreward,single-echo,tedana,sr_decision_by_future_outcome_extra,Reward-Punish,6.0,-0.005861418754402684,0.1874066319812574,1.0999999999999748,-0.035168512526415854,0.27023142794324606,0.3053999404696619,0.012294778435154322,0.0840086038865732,7.99999999999995,0.049179113740616676,0.06647969842694774
104,1,2,sharedreward,multi-echo,fmriprep,sr_decision_partner_extra,Computer-Stranger,6.0,-0.053010713761281525,0.2342563485455148,0.2999999999999776,-0.3180642825676869,0.28281324430812077,0.6008775268758076,-0.12184633601488297,0.013332914413362401,7.699999999999951,-0.4873853440595258,-0.14663099404544205
104,1,2,sharedreward,multi-echo,fmriprep,sr_outcome_primary,Reward-Neutral,5.210000000000036,0.08682785157455343,0.3066681842721,0.0,0.45237310670342656,0.5537081208156016,0.10133501411217506,0.09970381647234179,0.225839829866051,5.29999999999996,0.3988152658893622,0.1604141926290116
104,1,2,sharedreward,multi-echo,fmriprep,sr_outcome_primary,Punish-Neutral,5.210000000000036,0.12499455818074735,0.2789465316602363,5.210000000000036,0.6512216481216982,0.6642281940143917,0.013006545892693504,0.1437295393606064,0.2925466045957844,5.699999999999958,0.5749181574424185,0.2582148981128573
104,1,2,sharedreward,multi-echo,fmriprep,sr_outcome_primary,Reward-Punish,5.210000000000036,-0.03816670660619388,0.07839860716646928,0.0,-0.19884854141827152,0.026998814382976313,0.22584735580124785,-0.0440257228882646,0.018444128560912203,7.399999999999952,-0.1761028915530562,-0.09780070548384573
104,1,2,sharedreward,multi-echo,fmriprep,sr_decision_by_future_outcome_extra,Reward-Neutral,6.0,0.15837565791128375,0.3913630571348657,3.899999999999965,0.9502539474676958,0.9505616180344997,0.000307670566803939,0.1041412208074821,0.38784533743651095,4.0,0.41656488322992324,0.024286293435629686
104,1,2,sharedreward,multi-echo,fmriprep,sr_decision_by_future_outcome_extra,Punish-Neutral,6.0,0.12570077230052917,0.2752625554071877,3.799999999999965,0.7542046338031697,0.7650804368102424,0.010875803007072702,0.0948103115015537,0.25399549608563604,4.0,0.37924124600621006,0.07621420751554067
104,1,2,sharedreward,multi-echo,fmriprep,sr_decision_by_future_outcome_extra,Reward-Punish,6.0,0.03267488561075458,0.18438617382538658,0.0,0.1960493136645261,0.3214816417721742,0.1254323281076481,0.009330909305928408,0.1359940767415387,4.099999999999964,0.037323637223713166,-0.051927914079910986
104,1,2,sharedreward,multi-echo,tedana,sr_decision_partner_extra,Computer-Stranger,6.0,-0.0283886409146805,0.2482118095226768,0.5999999999999766,-0.1703318454880818,0.33690687499987104,0.5072387204879529,-0.07419636163414452,0.0727484709318137,7.599999999999952,-0.2967854465365744,-0.09321865877091987
104,1,2,sharedreward,multi-echo,tedana,sr_outcome_primary,Reward-Neutral,5.210000000000036,0.09684984202410289,0.26123411774221117,4.399999999999963,0.5045876769455796,0.5914075291389388,0.08681985219335914,0.054345851004225516,0.26123411774221117,4.399999999999963,0.21738340401689937,0.10577876431822177
104,1,2,sharedreward,multi-echo,tedana,sr_outcome_primary,Punish-Neutral,5.210000000000036,0.09814307205798137,0.2638837068555941,5.210000000000036,0.5113254054220865,0.5422068840394568,0.030881478617370253,0.1082482298577203,0.2812507175548833,5.699999999999958,0.4329929194308758,0.23984483512070684
104,1,2,sharedreward,multi-echo,tedana,sr_outcome_primary,Reward-Punish,5.210000000000036,-0.0012932300338784942,0.08500757863275074,0.0,-0.006737728476507002,0.07575340431205405,0.08249113278856106,-0.05390237885349478,0.030602745780591703,4.199999999999964,-0.21560951541397644,-0.1340660708024851
104,1,2,sharedreward,multi-echo,tedana,sr_decision_by_future_outcome_extra,Reward-Neutral,6.0,0.12297572254048009,0.3222722198119513,3.899999999999965,0.7378543352428752,0.7488762340134247,0.01102189877054942,0.10875535191100738,0.31947394221574715,4.0,0.43502140764402414,0.06641446732990373
104,1,2,sharedreward,multi-echo,tedana,sr_decision_by_future_outcome_extra,Punish-Neutral,6.0,0.07519066822142101,0.2012911602624127,3.799999999999965,0.45114400932852283,0.4598098610356532,0.008665851707130327,0.061062005925066005,0.1855361475900654,4.0,0.244248023700261,0.050756084966403665
104,1,2,sharedreward,multi-echo,tedana,sr_decision_by_future_outcome_extra,Reward-Punish,6.0,0.047785054319059085,0.1569647925452447,0.0,0.28671032591435247,0.35154803661202966,0.06483771069767721,0.04769334598594139,0.134910853677961,4.099999999999964,0.1907733839437632,0.015658382363500062
104,1,2,sharedreward,single-echo,fmriprep,sr_decision_partner_extra,Computer-Stranger,6.0,-0.05044610139098027,0.2971785217356261,0.2999999999999776,-0.30267660834587945,0.3137178655884446,0.6163944739343241,-0.12272890690363332,-0.023157404049959696,7.799999999999951,-0.4909156276145272,-0.1589701498170291
104,1,2,sharedreward,single-echo,fmriprep,sr_outcome_primary,Reward-Neutral,5.210000000000036,0.10709340532327108,0.518745923550786,0.0,0.5579566417342462,0.7769640931733677,0.21900745143912148,0.33501096521564305,0.5011085115633238,5.899999999999958,1.3400438608625556,0.48234459102459043
104,1,2,sharedreward,single-echo,fmriprep,sr_outcome_primary,Punish-Neutral,5.210000000000036,0.10087832723143,0.4766717973818006,5.210000000000036,0.525576084875754,0.7788106740787576,0.2532345892030036,0.3200099635345215,0.5407059036212134,5.799999999999958,1.28003985413807,0.5048921631179982
104,1,2,sharedreward,single-echo,fmriprep,sr_outcome_primary,Reward-Punish,5.210000000000036,0.0062150780918410736,0.047089683472434085,0.0999999999999783,0.03238055685849222,0.08534438903108191,0.05296383217258969,0.015001001681121614,0.1351469688337866,7.299999999999953,0.060004006724485706,-0.022547572093407808
104,1,2,sharedreward,single-echo,fmriprep,sr_decision_by_future_outcome_extra,Reward-Neutral,6.0,0.15654690078187425,0.5240051971111581,3.999999999999965,0.9392814046912389,1.1069607805015194,0.16767937581028058,0.13149541407860335,0.5240051971111541,4.0,0.5259816563144069,-0.13010504952689422
104,1,2,sharedreward,single-echo,fmriprep,sr_decision_by_future_outcome_extra,Punish-Neutral,6.0,0.11611913543658363,0.4334855478978884,3.899999999999965,0.6967148126194969,0.9258563807084544,0.2291415680889576,0.09985107594140451,0.42209862739627285,4.0,0.3994043037656131,-0.06203885778716807
104,1,2,sharedreward,single-echo,fmriprep,sr_decision_by_future_outcome_extra,Reward-Punish,6.0,0.04042776534529061,0.4187728440240649,0.2999999999999776,0.24256659207174194,0.6032047105193612,0.36063811844761934,0.03164433813719883,0.1265042778730025,7.499999999999952,0.12657735254879374,-0.06806619173972613
104,1,2,sharedreward,single-echo,tedana,sr_decision_partner_extra,Computer-Stranger,6.0,0.014992781057262585,0.3499514708642335,0.4999999999999769,0.08995668634357487,0.4397952893633731,0.3498386030197982,-0.01565204580104814,0.11478593665327419,7.699999999999951,-0.06260818320419179,-0.04919613338232669
104,1,2,sharedreward,single-echo,tedana,sr_outcome_primary,Reward-Neutral,5.210000000000036,0.1692942092185253,0.46972708270703695,5.210000000000036,0.882022830028523,0.9877654116858093,0.10574258165728631,0.2748340855471576,0.4928480975600617,5.499999999999959,1.0993363421886166,0.46702992992625025
104,1,2,sharedreward,single-echo,tedana,sr_outcome_primary,Punish-Neutral,5.210000000000036,0.13350268196662088,0.5053038841921369,5.210000000000036,0.6955489730460996,0.827802645373125,0.13225367232702526,0.26921419794370566,0.5778129530873962,5.699999999999958,1.0768567917748093,0.5271702382755793
104,1,2,sharedreward,single-echo,tedana,sr_outcome_primary,Reward-Punish,5.210000000000036,0.03579152725190443,0.09334580910265171,0.9999999999999752,0.18647385698242339,0.19683535007475222,0.010361493092328847,0.005619887603451877,0.08848030982966891,7.299999999999953,0.022479550413807226,-0.06014030834932903
104,1,2,sharedreward,single-echo,tedana,sr_decision_by_future_outcome_extra,Reward-Neutral,6.0,0.10012142761617997,0.39135922662731887,4.099999999999964,0.6007285656970756,0.8351262055450308,0.2343976398479552,0.1908363874420914,0.39135922662731887,4.099999999999964,0.7633455497683561,0.027157161510511306
104,1,2,sharedreward,single-echo,tedana,sr_decision_by_future_outcome_extra,Punish-Neutral,6.0,0.06685853492838452,0.33821781696906267,3.999999999999965,0.40115120957030426,0.6265535286358058,0.22540231906550157,0.11919651704331873,0.3382178169690599,4.0,0.47678606817326896,-0.012181948559453964
104,1,2,sharedreward,single-echo,tedana,sr_decision_by_future_outcome_extra,Reward-Punish,6.0,0.03326289268779549,0.3300693894926452,0.2999999999999776,0.19957735612677152,0.4752652794788429,0.2756879233520715,0.07163987039877268,0.14658434639384468,7.199999999999953,0.28655948159508715,0.039339110069965266
104,2,1,mid,multi-echo,fmriprep,mid_anticipation_primary,Reward-Neutral,5.022500000000008,0.07407885724607026,0.1633883383606434,2.39999999999997,0.37206106051838844,0.3962223960390956,0.02416133552070722,-0.09122712356101756,0.06718802060587878,4.0,-0.3649084942440657,-0.13067054980574008
104,2,1,mid,multi-echo,fmriprep,mid_feedback_extra,Positive-Negative,5.9909999999999854,0.06861845980396974,0.1335783421543311,5.699999999999958,0.41109319268558175,0.41109319268558175,0.0,0.09275921636082018,0.1335783421543311,5.699999999999958,0.37103686544327613,0.13316179711404166
104,2,1,mid,multi-echo,tedana,mid_anticipation_primary,Reward-Neutral,5.022500000000008,0.02922038461993089,0.0629288435641859,2.39999999999997,0.14675938175360312,0.17624504955405923,0.029485667800456097,-0.06865599764934928,0.057470011049164806,4.499999999999963,-0.2746239905973937,-0.12187486301869019
104,2,1,mid,multi-echo,tedana,mid_feedback_extra,Positive-Negative,5.9909999999999854,0.011748202401370832,0.14944012960176767,5.9909999999999854,0.07038348058661248,0.17335415022491563,0.10297066963830312,0.09341931411090708,0.149573750948282,5.999999999999957,0.37367725644362365,0.1495737509482817
104,2,1,mid,single-echo,fmriprep,mid_anticipation_primary,Reward-Neutral,5.022500000000008,0.034758542736250446,0.12425814002410471,1.899999999999972,0.17457478089281814,0.22351776773782805,0.0489429868450099,-0.09767029981748193,0.03508350685337587,4.0,-0.39068119926992284,-0.12573902711008614
104,2,1,mid,single-echo,fmriprep,mid_feedback_extra,Positive-Negative,5.9909999999999854,0.12377562893047621,0.24618370746119284,5.9909999999999854,0.7415397929224812,0.7657122266471843,0.02417243372470311,0.17395734643292846,0.2499477306690208,6.099999999999957,0.6958293857317052,0.24728196860169155
104,2,1,mid,single-echo,tedana,mid_anticipation_primary,Reward-Neutral,5.022500000000008,0.01146813792244236,0.046474981740718,1.299999999999974,0.057598722715466844,0.08949289046219125,0.031894167746724426,-0.07688948475644625,0.03494194907723942,4.0,-0.30755793902578116,-0.13749761185776063
104,2,1,mid,single-echo,tedana,mid_feedback_extra,Positive-Negative,5.9909999999999854,0.08899443093549866,0.2741421865641865,5.9909999999999854,0.5331656357345712,0.6353957394936934,0.10223010375912235,0.1887939923966974,0.2748946767519345,5.999999999999957,0.7551759695867801,0.27489467675193385
104,2,2,mid,multi-echo,fmriprep,mid_anticipation_primary,Reward-Neutral,5.0245000000000175,-0.11084498563789479,0.051428121546380344,0.0,-0.5569406303376043,0.015514948843107267,0.5724555791807117,-0.20640114382048674,-0.1318057302077873,4.999999999999961,-0.8256045752819368,-0.17952223472090637
104,2,2,mid,multi-echo,fmriprep,mid_feedback_extra,Positive-Negative,5.9950000000000045,-0.17185298740165864,-0.0110799705960745,4.199999999999964,-1.0302586594729444,0.0,1.0302586594729444,-0.07207818645664608,-0.0110799705960745,4.199999999999964,-0.28831274582658073,-0.11185096089587522
104,2,2,mid,multi-echo,tedana,mid_anticipation_primary,Reward-Neutral,5.0245000000000175,-0.07665272094700672,0.018312223089779815,0.0,-0.3851415963982366,0.0028650934885935736,0.3880066898868302,-0.07560385521644364,-0.009322820633631997,5.599999999999959,-0.3024154208657708,-0.01742972626770095
104,2,2,mid,multi-echo,tedana,mid_feedback_extra,Positive-Negative,5.9950000000000045,-0.07757783273405619,0.0554458995371689,3.899999999999965,-0.4650791072406672,0.046468237898720136,0.5115473451393874,0.010318199360685402,0.05527766653965486,4.0,0.041272797442741094,-0.016675524994947188
104,2,2,mid,single-echo,fmriprep,mid_anticipation_primary,Reward-Neutral,5.0245000000000175,-0.03701242854343601,0.2974831912422949,0.0,-0.18596894721649487,0.30710761043959045,0.4930765576560853,-0.3043228496771276,-0.2079865932531757,7.99999999999995,-1.2172913987084952,-0.37469505818434773
104,2,2,mid,single-echo,fmriprep,mid_feedback_extra,Positive-Negative,5.9950000000000045,-0.2656656497277099,0.0603794960659851,3.999999999999965,-1.592665570117622,0.042114504194195566,1.6347800743118177,-0.18908837511465695,0.060379496065984924,4.0,-0.7563535004586184,-0.32990732569301195
104,2,2,mid,single-echo,tedana,mid_anticipation_primary,Reward-Neutral,5.0245000000000175,0.014507744654784273,0.2474019261436806,0.0,0.07289416301796384,0.3156480939580572,0.2427539309400934,-0.1540176216072597,-0.08702702590006489,7.399999999999952,-0.6160704864290312,-0.2088754227905831
104,2,2,mid,single-echo,tedana,mid_feedback_extra,Positive-Negative,5.9950000000000045,-0.13270026917218816,0.1660606984715173,3.999999999999965,-0.7955381136872686,0.18415159951490162,0.97968971320217,-0.08037982346580513,0.16606069847151675,4.0,-0.32151929386321654,-0.22602906570664727
104,2,1,sharedreward,multi-echo,fmriprep,sr_decision_partner_extra,Computer-Stranger,6.0,-0.0324836188733091,0.0846128968732204,1.6999999999999726,-0.1949017132398532,0.07526373082580347,0.27016544406565673,0.012027652815101717,0.10669379247017549,7.799999999999951,0.04811061126040627,-0.007465389456076521
104,2,1,sharedreward,multi-echo,fmriprep,sr_outcome_primary,Reward-Neutral,5.218999999999994,-0.1090424188028284,0.0713428147378296,0.0,-0.5690923837319608,0.01653991658885153,0.5856323003208124,0.09122838305375125,0.292217933505411,7.99999999999995,0.36491353221500045,0.13102132923922608
104,2,1,sharedreward,multi-echo,fmriprep,sr_outcome_primary,Punish-Neutral,5.218999999999994,-0.10093936506683687,0.04547385327552456,0.0,-0.5268025462838211,0.013295743607959713,0.5400982898917807,0.011259996965770604,0.091356065746904,5.899999999999958,0.04503998786308185,0.09065432111953486
104,2,1,sharedreward,multi-echo,fmriprep,sr_outcome_primary,Reward-Punish,5.218999999999994,-0.008103053735991546,0.0375973337709309,1.7999999999999725,-0.042289837448139835,0.06880849455966367,0.1110983320078035,0.07996838608798063,0.2715664024600317,7.799999999999951,0.3198735443519185,0.0403670081196912
104,2,1,sharedreward,multi-echo,fmriprep,sr_decision_by_future_outcome_extra,Reward-Neutral,6.0,0.00917029367279808,0.1361168075360222,3.4999999999999662,0.05502176203678809,0.1876129641284136,0.1325912020916255,-0.09309865536220134,0.08617641502565573,4.0,-0.37239462144880076,-0.12947766621462145
104,2,1,sharedreward,multi-echo,fmriprep,sr_decision_by_future_outcome_extra,Punish-Neutral,6.0,-0.037412903177807905,0.0720745743145319,3.4999999999999662,-0.22447741906684582,0.06238876738999641,0.28686618645684225,-0.1101445149713041,0.008060874967901033,4.0,-0.4405780598852109,-0.1632356337687982
104,2,1,sharedreward,multi-echo,fmriprep,sr_decision_by_future_outcome_extra,Reward-Punish,6.0,0.04658319685060598,0.09399671932741199,4.399999999999963,0.2794991811036339,0.2881593089771596,0.008660127873525688,0.017045859609102747,0.09399671932741199,4.399999999999963,0.06818343843641014,0.03375796755417677
104,2,1,sharedreward,multi-echo,tedana,sr_decision_partner_extra,Computer-Stranger,6.0,-0.03786826854608331,0.0543703255255503,1.6999999999999726,-0.22720961127649825,0.0401620117089085,0.2673716229854068,0.0001982357194268545,0.0788827215527032,7.799999999999951,0.0007929428777074081,-0.016521955157279968
104,2,1,sharedreward,multi-echo,tedana,sr_outcome_primary,Reward-Neutral,5.218999999999994,-0.09556329232347968,0.07956835130887029,0.0,-0.4987448226362399,0.03837333256077084,0.5371181551970108,0.11509666987389175,0.2983233461863082,7.99999999999995,0.4603866794955613,0.1680974112164508
104,2,1,sharedreward,multi-echo,tedana,sr_outcome_primary,Punish-Neutral,5.218999999999994,-0.07434638395220224,0.07559753744622728,5.218999999999994,-0.388013777846543,0.02598741360702625,0.4140011914535692,0.058414065972628125,0.1465211466807718,6.099999999999957,0.23365626389050959,0.14411275156703723
104,2,1,sharedreward,multi-echo,tedana,sr_outcome_primary,Reward-Punish,5.218999999999994,-0.021216908371277474,0.0541196158343265,0.3999999999999772,-0.110731044789697,0.056702473764189756,0.16743351855388675,0.05668260390126363,0.23284404670668118,7.799999999999951,0.2267304156050517,0.023984659649413567
104,2,1,sharedreward,multi-echo,tedana,sr_decision_by_future_outcome_extra,Reward-Neutral,6.0,0.007157246570404387,0.1093172465631497,3.4999999999999662,0.04294347942242602,0.14618586752828341,0.1032423881058574,-0.07713536545371254,0.07315160227724377,4.0,-0.3085414618148463,-0.1022868616409618
104,2,1,sharedreward,multi-echo,tedana,sr_decision_by_future_outcome_extra,Punish-Neutral,6.0,-0.03859652399879048,0.057910199827319306,3.4999999999999662,-0.23157914399274124,0.056360179462737484,0.28793932345547874,-0.07971476720658727,-0.010196618007696598,7.799999999999951,-0.3188590688263451,-0.11807017535029762
104,2,1,sharedreward,multi-echo,tedana,sr_decision_by_future_outcome_extra,Reward-Punish,6.0,0.04575377056919486,0.1195397408330897,4.399999999999963,0.2745226234151672,0.2762457565470774,0.001723133131910149,0.0025794017528747203,0.1195397408330897,4.399999999999963,0.010317607011498753,0.015783313709335823
104,2,1,sharedreward,single-echo,fmriprep,sr_decision_partner_extra,Computer-Stranger,6.0,-0.08577138760105431,0.0204507565506142,5.999999999999957,-0.5146283256063222,0.002014464920318493,0.5166427905266407,0.009421627180342566,0.25802090439550157,7.99999999999995,0.03768650872136979,0.020450756550619065
104,2,1,sharedreward,single-echo,fmriprep,sr_outcome_primary,Reward-Neutral,5.218999999999994,-0.21994815027324216,-0.026505413959063404,5.19999999999996,-1.1479093962760496,0.0,1.1479093962760496,0.033351695660015314,0.22019607468283778,7.599999999999952,0.1334067826400596,0.003125585890221813
104,2,1,sharedreward,single-echo,fmriprep,sr_outcome_primary,Punish-Neutral,5.218999999999994,-0.20889420733935432,0.0714055978029132,5.19999999999996,-1.090218868104089,0.030269100279962012,1.120487968384051,-0.019535018993280084,0.0714055978029132,5.19999999999996,-0.07814007597311937,0.007379995656405987
104,2,1,sharedreward,single-echo,fmriprep,sr_outcome_primary,Reward-Punish,5.218999999999994,-0.011053942933887888,0.08046844940085769,0.0,-0.05769052817196082,0.09341980246147194,0.15111033063343274,0.052886714653295384,0.27673700457063966,7.599999999999952,0.2115468586131789,-0.004254409766184174
104,2,1,sharedreward,single-echo,fmriprep,sr_decision_by_future_outcome_extra,Reward-Neutral,6.0,-0.04340064006064753,0.07078304323523671,3.299999999999967,-0.26040384036388337,0.1554462910931601,0.4158501314570434,-0.22516657657938288,-0.01832104466426084,4.0,-0.9006663063175203,-0.27852006920477285
104,2,1,sharedreward,single-echo,fmriprep,sr_decision_by_future_outcome_extra,Punish-Neutral,6.0,-0.07899814866326339,0.13906553738373142,0.0,-0.473988891979577,0.19403883098449135,0.6680277229640684,-0.30439399889106683,-0.137843920524581,7.99999999999995,-1.2175759955642522,-0.3191451428347633
104,2,1,sharedreward,single-echo,fmriprep,sr_decision_by_future_outcome_extra,Reward-Punish,6.0,0.035597508602615874,0.18409297509225742,4.199999999999964,0.21358505161569372,0.34950815625141196,0.13592310463571833,0.07922742231168396,0.18409297509225742,4.199999999999964,0.3169096892467319,0.04062507362999049
104,2,1,sharedreward,single-echo,tedana,sr_decision_partner_extra,Computer-Stranger,6.0,-0.07659750473762693,0.0216350788582822,5.999999999999957,-0.45958502842575827,0.0019584111177000734,0.4615434395434584,0.006265222346124139,0.23219811748124292,7.99999999999995,0.025060889384496243,0.021635078858287794
104,2,1,sharedreward,single-echo,tedana,sr_outcome_primary,Reward-Neutral,5.218999999999994,-0.23344388136147334,-0.019992381732246416,5.218999999999994,-1.218343616825528,0.0,1.218343616825528,0.04304301910093665,0.214780919592472,7.599999999999952,0.17217207640374446,0.028691402522273157
104,2,1,sharedreward,single-echo,tedana,sr_outcome_primary,Punish-Neutral,5.218999999999994,-0.19980536238515947,0.0788779088153103,5.19999999999996,-1.0427841862881462,0.03712918405317207,1.0799133703413184,0.008857548821884423,0.0788779088153103,5.19999999999996,0.035430195287537256,0.036523853333218545
104,2,1,sharedreward,single-echo,tedana,sr_outcome_primary,Reward-Punish,5.218999999999994,-0.0336385189763138,0.1023841506068804,0.0,-0.17555943053738152,0.07639114490033441,0.25195057543771593,0.03418547027905223,0.22674445561351292,7.599999999999952,0.13674188111620722,-0.007832450810945395
104,2,1,sharedreward,single-echo,tedana,sr_decision_by_future_outcome_extra,Reward-Neutral,6.0,-0.05701654695163539,0.0804504377713216,2.39999999999997,-0.3420992817098099,0.1432964157026811,0.485395697412491,-0.24569951799768674,-0.051797874786973154,4.0,-0.9827980719907348,-0.2835820503531064
104,2,1,sharedreward,single-echo,tedana,sr_decision_by_future_outcome_extra,Punish-Neutral,6.0,-0.08409797514593412,0.10509857201797002,0.0,-0.5045878508756011,0.23263695843904691,0.7372248093146481,-0.2974077084759865,-0.1118870117600076,7.99999999999995,-1.1896308339039312,-0.28513593511588053
104,2,1,sharedreward,single-echo,tedana,sr_decision_by_future_outcome_extra,Reward-Punish,6.0,0.027081428194298728,0.2136350029427829,4.099999999999964,0.1624885691657912,0.32038761677778005,0.1578990476119888,0.051708190478299734,0.2136350029427829,4.099999999999964,0.20683276191319636,0.0015538847627741181
104,2,2,sharedreward,multi-echo,fmriprep,sr_decision_partner_extra,Computer-Stranger,6.0,-0.0011398916664490499,0.05952120729615751,5.799999999999958,-0.006839349998694251,0.11317033882240747,0.12000968882110172,0.08649866234597703,0.17315264926820148,7.199999999999953,0.3459946493839038,0.04956423242836918
104,2,2,sharedreward,multi-echo,fmriprep,sr_outcome_primary,Reward-Neutral,6.0,0.08435798572058607,0.2509354074461385,4.399999999999963,0.5061479143235128,0.5859026597182101,0.0797547453946974,0.07309920918565313,0.2509354074461385,4.399999999999963,0.2923968367426089,0.07289860648294787
104,2,2,sharedreward,multi-echo,fmriprep,sr_outcome_primary,Punish-Neutral,6.0,-0.06409709318193256,0.1111649768247253,5.29999999999996,-0.3845825590915926,0.14105429672273062,0.5256368558143232,-0.03185242301545202,0.1111649768247253,5.29999999999996,-0.1274096920618065,0.0018040330668092773
104,2,2,sharedreward,multi-echo,fmriprep,sr_outcome_primary,Reward-Punish,6.0,0.1484550789025186,0.2819302952393533,3.799999999999965,0.8907304734151054,0.8907304734151054,0.0,0.10495163220110516,0.2692368891557024,4.0,0.41980652880441544,0.07109457341613859
104,2,2,sharedreward,multi-echo,fmriprep,sr_decision_by_future_outcome_extra,Reward-Neutral,6.0,0.09056256012428837,0.2339960379107322,3.1999999999999673,0.5433753607457263,0.5973950927601932,0.05401973201446685,0.0558665286231273,0.2179722603783057,4.0,0.22346611449250642,-0.0004214649443014225
104,2,2,sharedreward,multi-echo,fmriprep,sr_decision_by_future_outcome_extra,Punish-Neutral,6.0,0.004447129905502842,0.2108327184844424,3.1999999999999673,0.026682779433016862,0.3568245904030276,0.3301418109700107,-0.10700127023167214,0.14705269944245122,4.0,-0.4280050809266832,-0.19687272935073366
104,2,2,sharedreward,multi-echo,fmriprep,sr_decision_by_future_outcome_extra,Reward-Punish,6.0,0.08611543021878554,0.1964512644064328,5.999999999999957,0.5166925813127096,0.5166925813127096,0.0,0.16286779885479943,0.2050250759321286,7.199999999999953,0.6514711954191896,0.19645126440643224
104,2,2,sharedreward,multi-echo,tedana,sr_decision_partner_extra,Computer-Stranger,6.0,0.004069182081697099,0.08335470592700694,0.0,0.02441509249018242,0.13642114236309918,0.1120060498729168,0.052649323467447204,0.1416937377297578,7.299999999999953,0.2105972938697862,0.016068314852994498
104,2,2,sharedreward,multi-echo,tedana,sr_outcome_primary,Reward-Neutral,6.0,0.04738887495818979,0.22128639510119857,4.299999999999963,0.2843332497491367,0.4794612578134792,0.1951280080643425,0.05454129456944083,0.22128639510119857,4.299999999999963,0.2181651782777606,0.04350416308733985
104,2,2,sharedreward,multi-echo,tedana,sr_outcome_primary,Punish-Neutral,6.0,-0.08956432581888353,0.11383352725208726,0.0,-0.5373859549132973,0.12068395293341744,0.6580699078467148,-0.01903748444716051,0.0859225734039266,5.3999999999999595,-0.0761499377886411,0.01376042539673088
104,2,2,sharedreward,multi-echo,tedana,sr_outcome_primary,Reward-Punish,6.0,0.13695320077707332,0.2875593165199769,3.799999999999965,0.8217192046624341,0.8217192046624341,0.0,0.07357877901660134,0.2808456791576096,4.0,0.2943151160664017,0.02974373769060897
104,2,2,sharedreward,multi-echo,tedana,sr_decision_by_future_outcome_extra,Reward-Neutral,6.0,0.10520570844215747,0.2327429979850194,3.899999999999965,0.6312342506529404,0.6555462366166716,0.02431198596373104,0.03022502206409516,0.23016614182541,4.0,0.12090008825637914,-0.0467004371680232
104,2,2,sharedreward,multi-echo,tedana,sr_decision_by_future_outcome_extra,Punish-Neutral,6.0,0.03480728802823311,0.2175709162281347,3.1999999999999673,0.20884372816939717,0.458335962497221,0.2494922343278238,-0.11553009597169432,0.18230812193598472,4.0,-0.4621203838867715,-0.21813538514556954
104,2,2,sharedreward,multi-echo,tedana,sr_decision_by_future_outcome_extra,Reward-Punish,6.0,0.07039842041392438,0.20884237300521225,0.0,0.4223905224835433,0.4223905224835433,0.0,0.14575511803578947,0.2204395047933184,7.199999999999953,0.5830204721431507,0.17143494797754635
104,2,2,sharedreward,single-echo,fmriprep,sr_decision_partner_extra,Computer-Stranger,6.0,0.04677403806192989,0.1294247972923234,3.299999999999967,0.2806442283715773,0.2858178760046003,0.005173647633023022,0.10934906907102304,0.23569644236398413,7.199999999999953,0.4373962762840867,0.09708449563495684
104,2,2,sharedreward,single-echo,fmriprep,sr_outcome_primary,Reward-Neutral,6.0,-0.029745291164201937,0.1429057295099467,5.999999999999957,-0.17847174698521034,0.11088952031178095,0.28936126729699135,0.11355791791351655,0.2803183911196971,6.899999999999954,0.45423167165406053,0.14290572950995284
104,2,2,sharedreward,single-echo,fmriprep,sr_outcome_primary,Punish-Neutral,6.0,-0.12996363929915755,0.03992339410200763,0.0,-0.7797818357949398,0.021436231798104576,0.8012180675930443,-0.09867990154952452,-0.020673954903367125,6.599999999999955,-0.3947196061980932,-0.03339822127588529
104,2,2,sharedreward,single-echo,fmriprep,sr_outcome_primary,Reward-Punish,6.0,0.1002183481349556,0.2285959053185358,3.6999999999999655,0.6013100888097294,0.6018339008845311,0.0005238120748017486,0.21223781946304107,0.3411061974279588,7.199999999999953,0.8489512778521537,0.17630395078583813
104,2,2,sharedreward,single-echo,fmriprep,sr_decision_by_future_outcome_extra,Reward-Neutral,6.0,0.0890102992803557,0.1554060929840707,3.6999999999999655,0.5340617956821304,0.5346439182852506,0.0005821226031200478,3.592148598132633e-05,0.1524148048444683,4.199999999999964,0.00014368594392530354,0.005171646906105571
104,2,2,sharedreward,single-echo,fmriprep,sr_decision_by_future_outcome_extra,Punish-Neutral,6.0,0.06696875645190559,0.1757619269343878,1.899999999999972,0.40181253871143063,0.4844645791878509,0.08265204047642027,-0.12820853707377053,0.07310726925770059,4.0,-0.5128341482950758,-0.16277457259249797
104,2,2,sharedreward,single-echo,fmriprep,sr_decision_by_future_outcome_extra,Reward-Punish,6.0,0.022041542828450146,0.1679462194986008,5.999999999999957,0.13224925697069995,0.23230826045464564,0.1000590034839457,0.12824445855975183,0.21152282847520099,6.699999999999955,0.512977834239001,0.16794621949860356
104,2,2,sharedreward,single-echo,tedana,sr_decision_partner_extra,Computer-Stranger,6.0,0.060158212295732205,0.1437190210406625,3.3999999999999666,0.3609492737743907,0.3609492737743907,0.0,0.1181736742209846,0.2466487914536839,7.199999999999953,0.4726946968839325,0.09758049329628782
104,2,2,sharedreward,single-echo,tedana,sr_outcome_primary,Reward-Neutral,6.0,-0.014813720129838859,0.1877807955415803,5.999999999999957,-0.08888232077903252,0.19555513388374535,0.2844374546627779,0.15396822567346033,0.3158957021858843,6.899999999999954,0.6158729026938337,0.18778079554158647
104,2,2,sharedreward,single-echo,tedana,sr_outcome_primary,Punish-Neutral,6.0,-0.13005442912218343,0.061243543882099,0.5999999999999766,-0.780326574733095,0.038549965731388934,0.818876540464484,-0.0815697927144163,0.009757553041648909,6.699999999999955,-0.32627917085766117,-0.017855598881684212
104,2,2,sharedreward,single-echo,tedana,sr_outcome_primary,Reward-Punish,6.0,0.11524070899234455,0.27033252947763253,3.6999999999999655,0.6914442539540624,0.707351819546925,0.015907565592862584,0.23553801838787664,0.3387314925643366,7.199999999999953,0.9421520735514948,0.2056363944232707
104,2,2,sharedreward,single-echo,tedana,sr_decision_by_future_outcome_extra,Reward-Neutral,6.0,0.07046674373804336,0.13498061314734555,0.0,0.42280046242825714,0.4252319667730869,0.002431504344829781,-0.002790177761585773,0.12943298053071,4.299999999999963,-0.011160711046342954,0.005517473603613862
104,2,2,sharedreward,single-echo,tedana,sr_decision_by_future_outcome_extra,Punish-Neutral,6.0,0.06328996018938823,0.1670928673595184,1.899999999999972,0.37973976113632674,0.4436221026776308,0.06388234154130404,-0.12428669614499165,0.058769338897497345,4.0,-0.4971467845799604,-0.14370290696400642
104,2,2,sharedreward,single-echo,tedana,sr_decision_by_future_outcome_extra,Reward-Punish,6.0,0.0071767835486551195,0.1492203805676163,5.999999999999957,0.04306070129193041,0.1706877058003669,0.12762700450843648,0.12149651838340589,0.2066639678778212,6.699999999999955,0.4859860735336175,0.14922038056762027
104,3,1,mid,multi-echo,fmriprep,mid_anticipation_primary,Reward-Neutral,5.021499999999989,0.053618667114837,0.1716023649014562,1.6999999999999726,0.26924613691715343,0.3772077373127707,0.10796160039561721,-0.014926709738217102,0.1035684041893595,7.699999999999951,-0.059706838952867665,-0.06969411764790824
104,3,1,mid,multi-echo,fmriprep,mid_feedback_extra,Positive-Negative,5.992999999999995,0.22976722783291134,0.3114623642669602,4.799999999999962,1.3769949964026365,1.3769949964026365,0.0,0.18308976906882063,0.3114623642669602,4.799999999999962,0.7323590762752734,0.20813249255646923
104,3,1,mid,multi-echo,tedana,mid_anticipation_primary,Reward-Neutral,5.021499999999989,0.06870846191455587,0.1721479831526376,1.7999999999999725,0.34501954150394154,0.35803571027331726,0.013016168769375686,-0.02984725751916527,0.0493798016511892,7.99999999999995,-0.11938903007665959,-0.0892269830461484
104,3,1,mid,multi-echo,tedana,mid_feedback_extra,Positive-Negative,5.992999999999995,0.099806129971458,0.21568870899377912,5.899999999999958,0.5981381369189473,0.6035718975542765,0.00543376063532915,0.150224948433386,0.21568870899377912,5.899999999999958,0.6008997937335365,0.20535267867909068
104,3,1,mid,single-echo,fmriprep,mid_anticipation_primary,Reward-Neutral,5.021499999999989,0.1059840955412874,0.28386983274359523,0.6999999999999762,0.5321991357605735,0.5818260986278997,0.04962696286732616,0.03698819394087293,0.3526233073762352,7.99999999999995,0.1479527757634899,-0.047377365803040306
104,3,1,mid,single-echo,fmriprep,mid_feedback_extra,Positive-Negative,5.992999999999995,0.3372582700700558,0.4397487474009999,3.599999999999966,2.021188812529843,2.021188812529843,0.0,0.23912618889659024,0.42136560474881635,4.0,0.9565047555863491,0.3088504311853952
104,3,1,mid,single-echo,tedana,mid_anticipation_primary,Reward-Neutral,5.021499999999989,0.12902471434551907,0.2564866795353402,0.6999999999999762,0.6478976030860226,0.6561667531328073,0.008269150046784503,0.008629172107484227,0.2788521464804436,7.99999999999995,0.03451668842993648,-0.08106620361564346
104,3,1,mid,single-echo,tedana,mid_feedback_extra,Positive-Negative,5.992999999999995,0.18959598609738443,0.3263602411262528,5.899999999999958,1.1362487446816238,1.1362487446816238,0.0,0.20409910784601495,0.3263602411262528,5.899999999999958,0.8163964313840497,0.316184385847172
104,3,2,mid,multi-echo,fmriprep,mid_anticipation_primary,Reward-Neutral,5.0267,-0.07874823346194373,0.0554362751255395,4.699999999999962,-0.39584374514315257,0.04263015159136975,0.4384738967345223,0.06120422110436388,0.09857972421885419,6.699999999999955,0.24481688441745247,0.06518803131099803
104,3,2,mid,multi-echo,fmriprep,mid_feedback_extra,Positive-Negative,5.98599999999999,0.013038646971715868,0.2672708991436537,5.98599999999999,0.07804934077269106,0.281727405995905,0.20367806522321394,0.14899183988560402,0.2907138839494529,6.299999999999956,0.5959673595424086,0.2701877338701174
104,3,2,mid,multi-echo,tedana,mid_anticipation_primary,Reward-Neutral,5.0267,-0.043011058464750666,0.024879962969490604,4.699999999999962,-0.2162036875847622,0.01702292613376676,0.23322661371852896,0.02977906639642468,0.0658134491634829,7.99999999999995,0.11911626558569724,0.016478181507873675
104,3,2,mid,multi-echo,tedana,mid_feedback_extra,Positive-Negative,5.98599999999999,-0.02225079341800672,0.21510856239431095,5.98599999999999,-0.133193249400188,0.15499040503717051,0.2881836544373585,0.058603163299544445,0.224798684854177,6.199999999999957,0.23441265319817486,0.21713611339742966
104,3,2,mid,single-echo,fmriprep,mid_anticipation_primary,Reward-Neutral,5.0267,-0.09570258239855167,0.0650698456235749,4.799999999999962,-0.4810681709427997,0.028916965396033004,0.5099851363388327,0.007542193129503506,0.0650698456235749,4.799999999999962,0.03016877251801365,-0.010934508929101762
104,3,2,mid,single-echo,fmriprep,mid_feedback_extra,Positive-Negative,5.98599999999999,-0.053841383701843416,0.20673514919108138,5.899999999999958,-0.32229452283923415,0.20893706974254492,0.531231592581779,0.08875311072285864,0.20673514919108138,5.899999999999958,0.35501244289143014,0.2062760689418387
104,3,2,mid,single-echo,tedana,mid_anticipation_primary,Reward-Neutral,5.0267,-3.497901807512458e-05,0.1094101859124436,1.4999999999999734,-0.00017582903015822874,0.16449562043767194,0.16467144946783016,0.02762250032172264,0.0769362153120153,7.799999999999951,0.11049000128688918,-0.0007835285567639759
104,3,2,mid,single-echo,tedana,mid_feedback_extra,Positive-Negative,5.98599999999999,-0.060671301435257396,0.1840853044333042,5.699999999999958,-0.36317841039145016,0.1499494717077432,0.5131278820991931,0.04208183089825989,0.1840853044333042,5.699999999999958,0.16832732359303748,0.17247314447627918
104,3,1,sharedreward,multi-echo,fmriprep,sr_decision_partner_extra,Computer-Stranger,6.0,0.07147151871469572,0.1578955494696258,5.499999999999959,0.4288291122881713,0.4321265183353182,0.0032974060471469345,0.08789957670583302,0.1578955494696258,5.499999999999959,0.3515983068233277,0.12615143437131413
104,3,1,sharedreward,multi-echo,fmriprep,sr_outcome_primary,Reward-Neutral,6.0,0.04655611064149627,0.1706934528576491,1.9999999999999716,0.27933666384897565,0.42224365048215917,0.14290698663318357,0.06252424739367797,0.1631339842177603,5.799999999999958,0.2500969895747088,0.14143213484293837
104,3,1,sharedreward,multi-echo,fmriprep,sr_outcome_primary,Punish-Neutral,6.0,0.03651148189932832,0.1819979768305407,1.3999999999999737,0.21906889139596836,0.3619123650666933,0.14284347367072486,-0.046290089084061355,0.04204431113203369,5.699999999999958,-0.18516035633624311,0.010687843850691364
104,3,1,sharedreward,multi-echo,fmriprep,sr_outcome_primary,Reward-Punish,6.0,0.010044628742167959,0.1307442909922431,5.999999999999957,0.06026777245300732,0.19106869556399758,0.13080092311099029,0.10881433647773933,0.1494336282422625,6.299999999999956,0.43525734591095194,0.13074429099224705
104,3,1,sharedreward,multi-echo,fmriprep,sr_decision_by_future_outcome_extra,Reward-Neutral,6.0,-0.14960429562983427,0.2060625131526366,5.999999999999957,-0.8976257737789992,0.12738237530231838,1.0250081490813177,0.06269620483811436,0.2193284176114012,6.199999999999957,0.25078481935245434,0.2060625131526404
104,3,1,sharedreward,multi-echo,fmriprep,sr_decision_by_future_outcome_extra,Punish-Neutral,6.0,-0.10148574955668159,0.1899324717676317,5.499999999999959,-0.6089144973400852,0.18702517090291837,0.7959396682430034,0.06249888076070578,0.1899324717676317,5.499999999999959,0.24999552304282002,0.1561951650690752
104,3,1,sharedreward,multi-echo,fmriprep,sr_decision_by_future_outcome_extra,Reward-Punish,6.0,-0.04811854607315271,0.049867348083559304,5.999999999999957,-0.2887112764389142,0.021403312960330108,0.3101145893992443,0.00019732407740859028,0.0986605518331826,6.7999999999999545,0.0007892963096343512,0.04986734808356522
104,3,1,sharedreward,multi-echo,tedana,sr_decision_partner_extra,Computer-Stranger,6.0,0.07096536598776879,0.118600686337215,1.9999999999999716,0.4257921959266097,0.42749077430717464,0.001698578380564905,0.07147098772242333,0.1145559728069506,5.599999999999959,0.28588395088968976,0.09538462434634333
104,3,1,sharedreward,multi-echo,tedana,sr_outcome_primary,Reward-Neutral,6.0,-0.0010571805127623719,0.1479481249972086,5.799999999999958,-0.006343083076574186,0.2514536635088087,0.25779674658538293,0.04420890160516384,0.1479481249972086,5.799999999999958,0.17683560642065316,0.12853284273337928
104,3,1,sharedreward,multi-echo,tedana,sr_outcome_primary,Punish-Neutral,6.0,0.03670742010514826,0.17165383651152968,2.0999999999999712,0.220244520630888,0.3535441535689348,0.13329963293804675,0.00362860205942049,0.08955295483475491,5.699999999999958,0.01451440823768178,0.057470925258817876
104,3,1,sharedreward,multi-echo,tedana,sr_outcome_primary,Reward-Punish,6.0,-0.03776460061791064,0.0710619174745578,5.999999999999957,-0.22658760370746225,0.05184306426322217,0.2784306679706844,0.04058029954574335,0.0879183566931085,6.299999999999956,0.16232119818297136,0.0710619174745614
104,3,1,sharedreward,multi-echo,tedana,sr_decision_by_future_outcome_extra,Reward-Neutral,6.0,-0.15904761487410132,0.1702751382831258,5.999999999999957,-0.9542856892446012,0.06900139631734127,1.0232870855619425,0.033383127364205005,0.2213821410046702,6.599999999999955,0.13353250945681835,0.17027513828313356
104,3,1,sharedreward,multi-echo,tedana,sr_decision_by_future_outcome_extra,Punish-Neutral,6.0,-0.08946202311604962,0.15423407926771218,5.799999999999958,-0.5367721386962939,0.14046592238862463,0.6772380610849186,0.0661566023372579,0.1661743171253739,6.499999999999956,0.2646264093490283,0.1489838147096448
104,3,1,sharedreward,multi-echo,tedana,sr_decision_by_future_outcome_extra,Reward-Punish,6.0,-0.0695855917580517,0.021291323573481798,5.999999999999957,-0.4175135505483073,0.0031892921998879385,0.42070284274819525,-0.0327734749730529,0.07019657463419329,6.7999999999999545,-0.13109389989220996,0.021291323573488768
104,3,1,sharedreward,single-echo,fmriprep,sr_decision_partner_extra,Computer-Stranger,6.0,0.12837772771425632,0.1870026108819396,0.0999999999999783,0.7702663662855325,0.7702663662855325,0.0,0.12526590031901635,0.1656414743680863,6.199999999999957,0.5010636012760592,0.15584408999304356
104,3,1,sharedreward,single-echo,fmriprep,sr_outcome_primary,Reward-Neutral,6.0,-0.012397097397599496,0.09119271464624129,5.899999999999958,-0.07438258438559645,0.10056896904814612,0.17495155343374258,0.05729718313711797,0.1658862424806698,7.199999999999953,0.22918873254846903,0.09111520402780947
104,3,1,sharedreward,single-echo,fmriprep,sr_outcome_primary,Punish-Neutral,6.0,0.016990482345770316,0.18331298516529118,0.9999999999999752,0.10194289407462118,0.2987835333047599,0.1968406392301387,-0.07485937741169878,-0.0299130135842825,5.3999999999999595,-0.2994375096467914,-0.037882778518305064
104,3,1,sharedreward,single-echo,fmriprep,sr_outcome_primary,Reward-Punish,6.0,-0.029387579743369818,0.1289979825461092,5.999999999999957,-0.17632547846021765,0.17177283795772944,0.3480983164179471,0.13215656054881672,0.2320169610406892,7.599999999999952,0.5286262421952603,0.12899798254611453
104,3,1,sharedreward,single-echo,fmriprep,sr_decision_by_future_outcome_extra,Reward-Neutral,6.0,-0.12924428998336313,0.13762253892895068,5.999999999999957,-0.7754657399001732,0.05909313206238294,0.8345588719625563,-0.006964876409890626,0.187808970006241,6.299999999999956,-0.027859505639562156,0.13762253892896004
104,3,1,sharedreward,single-echo,fmriprep,sr_decision_by_future_outcome_extra,Punish-Neutral,6.0,-0.03960629176479783,0.1906342723964562,5.499999999999959,-0.23763775058878528,0.24638496670066834,0.4840227172894536,0.058323899206412295,0.1906342723964562,5.499999999999959,0.23329559682564627,0.13565366523567607
104,3,1,sharedreward,single-echo,fmriprep,sr_decision_by_future_outcome_extra,Reward-Punish,6.0,-0.0896379982185653,0.07267404573828479,0.0,-0.537827989311388,0.017537057150957564,0.5553650464623455,-0.0652887756163029,0.0808190982569215,6.7999999999999545,-0.2611551024652084,0.001968873693283993
104,3,1,sharedreward,single-echo,tedana,sr_decision_partner_extra,Computer-Stranger,6.0,0.1475270304766451,0.2465461053199017,0.0999999999999783,0.8851621828598643,0.8851621828598643,0.0,0.11947029192316466,0.14847821342968331,6.199999999999957,0.4778811676926527,0.1343389824599046
104,3,1,sharedreward,single-echo,tedana,sr_outcome_primary,Reward-Neutral,6.0,-0.04315495412078115,0.0843069430865096,5.899999999999958,-0.25892972472468506,0.048579056051706024,0.30750878077639104,0.03854914592336116,0.13747042583639968,7.199999999999953,0.15419658369344272,0.08324012814451617
104,3,1,sharedreward,single-echo,tedana,sr_outcome_primary,Punish-Neutral,6.0,0.029663790093212735,0.1181493132671435,1.1999999999999744,0.17798274055927515,0.25676688603073555,0.0787841454714604,0.02585747843801739,0.094074159250887,5.499999999999959,0.10342991375206827,0.0814002239637973
104,3,1,sharedreward,single-echo,tedana,sr_outcome_primary,Reward-Punish,6.0,-0.07281874421399388,0.012292998028097099,3.4999999999999662,-0.43691246528396016,0.002341239270308082,0.4392537045542682,0.012691667485343772,0.10469101330916919,7.199999999999953,0.05076666994137446,0.0018399041807188833
104,3,1,sharedreward,single-echo,tedana,sr_decision_by_future_outcome_extra,Reward-Neutral,6.0,-0.1425413822131019,0.118821697209419,5.999999999999957,-0.8552482932786053,0.03070700120461372,0.885955294483219,-0.012844292484621135,0.20428089352468992,6.499999999999956,-0.0513771699384839,0.11882169720943232
104,3,1,sharedreward,single-echo,tedana,sr_decision_by_future_outcome_extra,Punish-Neutral,6.0,-0.05044311155505571,0.1309195456639625,5.499999999999959,-0.3026586693303321,0.16561813575755652,0.4682768050878887,0.052695194592091044,0.1309195456639625,5.499999999999959,0.21078077836836157,0.11248459882381981
104,3,1,sharedreward,single-echo,tedana,sr_decision_by_future_outcome_extra,Reward-Punish,6.0,-0.09209827065804618,0.0119213711329147,3.0999999999999677,-0.5525896239482732,0.004736636785663379,0.5573262607339365,-0.06553948707671217,0.08751648406192729,6.7999999999999545,-0.2621579483068454,0.006337098385612506
104,3,2,sharedreward,multi-echo,fmriprep,sr_decision_partner_extra,Computer-Stranger,6.0,0.021652988873587034,0.08083562619676629,2.699999999999969,0.1299179332415213,0.16571388081207622,0.03579594757055488,0.014665605569645643,0.0823579267268101,6.699999999999955,0.058662422278581844,0.023904745438609317
104,3,2,sharedreward,multi-echo,fmriprep,sr_outcome_primary,Reward-Neutral,6.0,0.1760575491092769,0.3014906831579509,0.7999999999999758,1.056345294655654,1.0566138914386058,0.00026859678295179407,-0.018252780961754603,0.19703494037743954,4.0,-0.07301112384701751,-0.005371935659040157
104,3,2,sharedreward,multi-echo,fmriprep,sr_outcome_primary,Punish-Neutral,6.0,0.1838187803297775,0.2688807241017282,3.1999999999999673,1.1029126819786572,1.1029126819786572,0.0,0.09402385005044211,0.25605435348799505,4.0,0.3760954002017638,0.09354867951130025
104,3,2,sharedreward,multi-echo,fmriprep,sr_outcome_primary,Reward-Punish,6.0,-0.007761231220500633,0.1861188615528274,0.3999999999999772,-0.046567387323003466,0.24868779182252873,0.29525517914553223,-0.11227663101219675,-0.05901941311055554,4.0,-0.4491065240487814,-0.09892061517034041
104,3,2,sharedreward,multi-echo,fmriprep,sr_decision_by_future_outcome_extra,Reward-Neutral,6.0,0.09987735936310821,0.2656321524434119,4.899999999999961,0.599264156178645,0.6306070085387321,0.03134285236008703,0.2452476204966861,0.3295783974751449,7.99999999999995,0.9809904819867322,0.2308000012525098
104,3,2,sharedreward,multi-echo,fmriprep,sr_decision_by_future_outcome_extra,Punish-Neutral,6.0,0.059907322306837756,0.1622822480735313,5.999999999999957,0.35944393384102397,0.3642611078687229,0.0048171740276989035,0.20717170247728472,0.397066801578968,7.99999999999995,0.8286868099091286,0.16228224807353778
104,3,2,sharedreward,multi-echo,fmriprep,sr_decision_by_future_outcome_extra,Reward-Punish,6.0,0.03997003705627043,0.1400768006167762,4.699999999999962,0.23982022233762088,0.3074185012940413,0.06759827895642041,0.03807591801940138,0.1400768006167762,4.699999999999962,0.15230367207760362,0.06851775317897202
104,3,2,sharedreward,multi-echo,tedana,sr_decision_partner_extra,Computer-Stranger,6.0,0.024782445832672504,0.10951597628107002,2.699999999999969,0.14869467499603398,0.19583236961923928,0.0471376946232053,-0.0035566258443949323,0.048642854926026206,6.699999999999955,-0.014226503377579552,-0.006790861567126859
104,3,2,sharedreward,multi-echo,tedana,sr_outcome_primary,Reward-Neutral,6.0,0.15121438495848835,0.306080257941697,0.7999999999999758,0.9072863097509237,0.9196947668689035,0.012408457117979842,-0.04968195590931652,0.1546390477291984,4.0,-0.1987278236372636,-0.041384201700071205
104,3,2,sharedreward,multi-echo,tedana,sr_outcome_primary,Punish-Neutral,6.0,0.17500241371672234,0.24159344774580288,3.1999999999999673,1.0500144823003266,1.0500144823003266,0.0,0.07460525259386698,0.21767502892635573,4.0,0.2984210103754642,0.07642240914339976
104,3,2,sharedreward,multi-echo,tedana,sr_outcome_primary,Reward-Punish,6.0,-0.023788028758233968,0.16763805388929148,0.1999999999999779,-0.1427281725494028,0.19041844709714562,0.3331466196465484,-0.12428720850318349,-0.06303598119715734,4.0,-0.4971488340127278,-0.11780661084347097
104,3,2,sharedreward,multi-echo,tedana,sr_decision_by_future_outcome_extra,Reward-Neutral,6.0,0.09575628451349383,0.2709194154442313,4.899999999999961,0.5745377070809589,0.642422221067758,0.06788451398679934,0.225007038408116,0.2791998578627018,7.399999999999952,0.9000281536324528,0.18882433410383326
104,3,2,sharedreward,multi-echo,tedana,sr_decision_by_future_outcome_extra,Punish-Neutral,6.0,0.0848897663965014,0.1525831181239719,4.199999999999964,0.5093385983790049,0.5093385983790049,0.0,0.2039555512675311,0.3691036334935844,7.99999999999995,0.8158222050701143,0.13976171736618193
104,3,2,sharedreward,multi-echo,tedana,sr_decision_by_future_outcome_extra,Reward-Punish,6.0,0.010866518116992418,0.1285656256633571,4.699999999999962,0.06519910870195404,0.21506199507505244,0.14986288637309841,0.021051487140584912,0.1285656256633571,4.699999999999962,0.08420594856233861,0.04906261673765136
104,3,2,sharedreward,single-echo,fmriprep,sr_decision_partner_extra,Computer-Stranger,6.0,-0.05456131593927666,0.1366937932636955,0.0,-0.32736789563565766,0.05405157058428972,0.3814194662199474,-0.13542847368787664,-0.06319691917287618,4.0,-0.5417138947514998,-0.17440512151737572
104,3,2,sharedreward,single-echo,fmriprep,sr_outcome_primary,Reward-Neutral,6.0,0.2426928414780173,0.4831681585231244,2.999999999999968,1.4561570488680935,1.4561570488680935,0.0,0.10644102899823973,0.3063238301519229,4.0,0.42576411599295366,0.11939447924008767
104,3,2,sharedreward,single-echo,fmriprep,sr_outcome_primary,Punish-Neutral,6.0,0.22272574739028111,0.44635646499368287,3.1999999999999673,1.3363544843416773,1.3367604063058538,0.00040592196417675857,0.1490035379875179,0.37264533550107387,4.0,0.5960141519500641,-0.008118439283537964
104,3,2,sharedreward,single-echo,fmriprep,sr_outcome_primary,Reward-Punish,6.0,0.01996709408773624,0.1275129185236202,5.999999999999957,0.11980256452641658,0.2829841543345653,0.16318158980814873,-0.042562508989278144,0.1409420452595695,6.199999999999957,-0.17025003595711047,0.12751291852362565
104,3,2,sharedreward,single-echo,fmriprep,sr_decision_by_future_outcome_extra,Reward-Neutral,6.0,0.041066311355741146,0.19993431440749732,5.999999999999957,0.2463978681344451,0.5878153693717403,0.3414175012372951,0.26718982817008863,0.47072271463212767,7.499999999999952,1.0687593126803412,0.19993431440750695
104,3,2,sharedreward,single-echo,fmriprep,sr_decision_by_future_outcome_extra,Punish-Neutral,6.0,0.012675615380005889,0.21480986153188503,4.099999999999964,0.0760536922800348,0.43024486078644025,0.3541911685064055,0.23937891948299916,0.6477078840814214,7.99999999999995,0.9575156779319848,0.01838962402947443
104,3,2,sharedreward,single-echo,fmriprep,sr_decision_by_future_outcome_extra,Reward-Punish,6.0,0.028390695975735247,0.1829925601132474,5.899999999999958,0.17034417585441028,0.25541371377434885,0.08506953791993857,0.027810908687089443,0.1829925601132474,5.899999999999958,0.11124363474835638,0.1815446903780325
104,3,2,sharedreward,single-echo,tedana,sr_decision_partner_extra,Computer-Stranger,6.0,-0.0541903669653809,0.15541192514621463,0.0,-0.3251422017922831,0.06524456311952484,0.39038676491180796,-0.15832868533743602,-0.06868263341867883,4.0,-0.6333147413497362,-0.2156200128827014
104,3,2,sharedreward,single-echo,tedana,sr_outcome_primary,Reward-Neutral,6.0,0.21353915590922082,0.4625600121168498,2.999999999999968,1.2812349354553159,1.2812349354553159,0.0,0.0737674030854184,0.27246314151469825,4.0,0.29506961234166995,0.07322089427988596
104,3,2,sharedreward,single-echo,tedana,sr_outcome_primary,Punish-Neutral,6.0,0.20198147585019524,0.4073786565756508,3.1999999999999673,1.2118888551011628,1.2143556063821241,0.0024667512809612813,0.13681472531410355,0.3277858060439848,4.0,0.5472589012564074,-0.014636035166078877
104,3,2,sharedreward,single-echo,tedana,sr_outcome_primary,Reward-Punish,6.0,0.011557680059025657,0.1182809878321467,0.0,0.06934608035415345,0.24508611132310715,0.1757400309689537,-0.06304732222868514,0.09801001690043329,6.099999999999957,-0.25218928891473746,0.08785692944596483
104,3,2,sharedreward,single-echo,tedana,sr_decision_by_future_outcome_extra,Reward-Neutral,6.0,0.028457826368628553,0.2426403729450718,4.099999999999964,0.1707469582117701,0.6429279939817222,0.4721810357699521,0.2385512309749405,0.41336303824643583,7.499999999999952,0.9542049238997501,0.1441637285154829
104,3,2,sharedreward,single-echo,tedana,sr_decision_by_future_outcome_extra,Punish-Neutral,6.0,0.02566966672016737,0.26404153057815527,4.099999999999964,0.15401800032100313,0.5290431047986951,0.375025104477692,0.22082793365658923,0.6168779012504138,7.99999999999995,0.8833117346263459,-0.02543846330409914
104,3,2,sharedreward,single-echo,tedana,sr_decision_by_future_outcome_extra,Reward-Punish,6.0,0.0027881596484611885,0.17205353621110642,5.899999999999958,0.01672895789076701,0.16054397745709087,0.14381501956632387,0.01772329731835126,0.17205353621110642,5.899999999999958,0.07089318927340416,0.16960219181958203
104,4,1,mid,multi-echo,fmriprep,mid_anticipation_primary,Reward-Neutral,5.022500000000008,-0.15365255752564955,0.1317761845975588,0.7999999999999758,-0.7717199701725761,0.16544317831798794,0.937163148490564,-0.1587683961863069,0.054042126056159004,7.99999999999995,-0.6350735847452197,-0.13134306398554257
104,4,1,mid,multi-echo,fmriprep,mid_feedback_extra,Positive-Negative,5.992999999999981,-0.15928005418141986,0.05775563524440785,5.992999999999981,-0.9545653647092461,0.02474256300035102,0.9793079277095972,0.06634255897049625,0.3144909483368663,7.199999999999953,0.2653702358819817,0.060158475476906656
104,4,1,mid,multi-echo,tedana,mid_anticipation_primary,Reward-Neutral,5.022500000000008,-0.11792988829904437,0.18288382061971392,0.0,-0.5923028639819513,0.15509939684423163,0.7474022608261828,-0.14726450803354765,-0.0125388349047458,7.99999999999995,-0.5890580321341833,-0.13864117249780744
104,4,1,mid,multi-echo,tedana,mid_feedback_extra,Positive-Negative,5.992999999999981,-0.10586244366441921,0.0432513157663366,2.5999999999999694,-0.6344336248808623,0.02940540365687189,0.6638390285377342,0.07800565872427362,0.429690827397621,7.799999999999951,0.3120226348970906,-0.0015684416184207858
104,4,1,mid,single-echo,fmriprep,mid_anticipation_primary,Reward-Neutral,5.022500000000008,-0.26793287841636965,0.0454206690033441,0.8999999999999755,-1.3456928818462186,0.0190262043475856,1.364719086193804,-0.06786932292146482,0.2126891975000092,7.99999999999995,-0.2714772916858559,-0.026676032265339412
104,4,1,mid,single-echo,fmriprep,mid_feedback_extra,Positive-Negative,5.992999999999981,-0.22515933074175992,0.04174888543230875,5.992999999999981,-1.349379869135363,0.0030845351983303307,1.352464404333693,0.023309588327948265,0.2726554014535233,6.999999999999954,0.0932383533117919,0.04399958329062414
104,4,1,mid,single-echo,tedana,mid_anticipation_primary,Reward-Neutral,5.022500000000008,-0.20854516303426734,0.13206798766204664,5.022500000000008,-1.0474180813396095,0.056297633467817916,1.1037157148074273,-0.04115679326397322,0.1365658010080107,5.29999999999996,-0.16462717305589084,-0.029820206092960207
104,4,1,mid,single-echo,tedana,mid_feedback_extra,Positive-Negative,5.992999999999981,-0.13525382369323521,0.022837325233932,5.899999999999958,-0.810576165393556,0.011801642990716697,0.8223778083842728,0.08768540295114367,0.4854377386598433,7.99999999999995,0.3507416118045703,0.019805312626602248
104,4,2,mid,multi-echo,fmriprep,mid_anticipation_primary,Reward-Neutral,5.024000000000001,0.06842314320076903,0.31389811183190963,0.0,0.34375787144066366,0.45304855689039397,0.10929068544973025,-0.09181229981883562,-0.0012103277675012958,6.7999999999999545,-0.36724919927533795,-0.12246840292613814
104,4,2,mid,multi-echo,fmriprep,mid_feedback_extra,Positive-Negative,5.994,0.16122524340659855,0.24594933156883808,4.299999999999963,0.9663841089791516,0.9698633390322748,0.0034792300531232374,0.1942319794347319,0.24594933156883808,4.299999999999963,0.7769279177389179,0.18889737737891768
104,4,2,mid,multi-echo,tedana,mid_anticipation_primary,Reward-Neutral,5.024000000000001,-0.018043013950409276,0.13917828047461975,0.0,-0.09064810208685621,0.08494055241175048,0.17558865449860667,0.061476552068757455,0.1557307946503336,7.399999999999952,0.24590620827502677,0.046974301648235905
104,4,2,mid,multi-echo,tedana,mid_feedback_extra,Positive-Negative,5.994,0.127401813636356,0.18083816388071258,1.1999999999999744,0.7636464709363178,0.7636464709363178,0.0,0.07250329423497547,0.14874531796799542,4.0,0.29001317693989825,0.09198227689610997
104,4,2,mid,single-echo,fmriprep,mid_anticipation_primary,Reward-Neutral,5.024000000000001,0.15103443609534192,0.3302602001134156,0.2999999999999776,0.758797006942998,0.9525357804144929,0.19373877347149485,-0.1544972212743658,0.04787631686452791,4.0,-0.6179888850974555,-0.2277206209914678
104,4,2,mid,single-echo,fmriprep,mid_feedback_extra,Positive-Negative,5.994,0.22921726607132914,0.4315427216733966,5.599999999999959,1.3739282928315468,1.3867025289175545,0.012774236086007813,0.3639040788008452,0.44317042592153044,6.499999999999956,1.4556163152033625,0.4201781245113264
104,4,2,mid,single-echo,tedana,mid_anticipation_primary,Reward-Neutral,5.024000000000001,0.019483683577440482,0.12122510585779189,3.3999999999999666,0.09788602629306101,0.1755563464766764,0.07767032018361543,0.08837373670067196,0.2579445533709397,7.399999999999952,0.35349494680268345,0.06146284773095697
104,4,2,mid,single-echo,tedana,mid_feedback_extra,Positive-Negative,5.994,0.13061875759752947,0.2792944822756076,1.1999999999999744,0.7829288330395916,0.7829288330395916,0.0,0.10493712889669438,0.2038675529320917,6.299999999999956,0.4197485155867723,0.1923891367281423
104,4,1,sharedreward,multi-echo,fmriprep,sr_decision_partner_extra,Computer-Stranger,6.0,-0.05194439335651282,0.27200492346026417,3.799999999999965,-0.31166636013907467,0.40995561025384397,0.7216219703929188,0.0618757796435823,0.26160069254788565,4.0,0.2475031185743261,-0.05381127205059541
104,4,1,sharedreward,multi-echo,fmriprep,sr_outcome_primary,Reward-Neutral,5.207999999999998,0.012627368109381419,0.3333646568008498,0.0999999999999783,0.06576333311365841,0.4204254551913881,0.3546621220777297,0.07439887945108743,0.2218429320563905,5.499999999999959,0.297595517804346,0.1814963199275525
104,4,1,sharedreward,multi-echo,fmriprep,sr_outcome_primary,Punish-Neutral,5.207999999999998,0.05428186093422966,0.3146371364115761,0.0,0.282699931745468,0.32170826698574045,0.03900833524027249,-0.009696959378954213,0.1548868290843668,5.3999999999999595,-0.03878783751581637,0.055877074050760867
104,4,1,sharedreward,multi-echo,fmriprep,sr_outcome_primary,Reward-Punish,5.207999999999998,-0.041654492824848226,0.1736985723486652,1.0999999999999748,-0.2169365986318095,0.23594546250472195,0.45288206113653146,0.08409583883004164,0.19392078040573,6.299999999999956,0.3363833553201624,0.12561924587679166
104,4,1,sharedreward,multi-echo,fmriprep,sr_decision_by_future_outcome_extra,Reward-Neutral,6.0,-0.02367386180440996,0.4311209769159696,3.799999999999965,-0.14204317082645876,0.6309435194285171,0.7729866902549757,0.029051749494266206,0.40955987450456566,4.0,0.11620699797706338,-0.049436031806927364
104,4,1,sharedreward,multi-echo,fmriprep,sr_decision_by_future_outcome_extra,Punish-Neutral,6.0,0.0947949159639825,0.5024796336265519,3.3999999999999666,0.5687694957838909,0.7843399770918881,0.21557048130799714,0.0889290906406495,0.3366854491177393,4.0,0.35571636256259354,0.01876783667609333
104,4,1,sharedreward,multi-echo,fmriprep,sr_decision_by_future_outcome_extra,Reward-Punish,6.0,-0.11846877776839247,0.14703571127205278,4.499999999999963,-0.7108126666103498,0.14290809363306883,0.8537207602434187,-0.059877341146383295,0.14703571127205278,4.499999999999963,-0.2395093645855302,-0.0682038684830207
104,4,1,sharedreward,multi-echo,tedana,sr_decision_partner_extra,Computer-Stranger,6.0,-0.016955926444735113,0.2111355863466801,3.599999999999966,-0.10173555866840996,0.30456027886039594,0.4062958375288058,0.040310895279907694,0.15904908246163746,4.0,0.16124358111962878,0.006308652653069072
104,4,1,sharedreward,multi-echo,tedana,sr_outcome_primary,Reward-Neutral,5.207999999999998,-0.004034078164821357,0.22106252698169404,5.207999999999998,-0.02100947908238962,0.1742917910135828,0.19530127009597242,0.1129301279639517,0.32196650999764376,5.999999999999957,0.4517205118558012,0.3219665099976432
104,4,1,sharedreward,multi-echo,tedana,sr_outcome_primary,Punish-Neutral,5.207999999999998,-0.0667420847998725,0.20641778922785586,5.207999999999998,-0.34759277763773583,0.09567612161253024,0.4432688992502661,0.017704109588832933,0.3126857244617801,5.799999999999958,0.07081643835533086,0.2610558697568998
104,4,1,sharedreward,multi-echo,tedana,sr_outcome_primary,Reward-Punish,5.207999999999998,0.06270800663505115,0.2101786114181837,0.3999999999999772,0.3265832985553463,0.42646856343802914,0.09988526488268284,0.09522601837511875,0.1850753097128769,7.0999999999999535,0.3809040735004703,0.06091064024074342
104,4,1,sharedreward,multi-echo,tedana,sr_decision_by_future_outcome_extra,Reward-Neutral,6.0,0.03818847797969219,0.2929151717481409,3.6999999999999655,0.2291308678781515,0.44055729629840745,0.21142642842025586,-0.030455962441756378,0.2373084706315862,4.0,-0.121823849767024,-0.09902328584638262
104,4,1,sharedreward,multi-echo,tedana,sr_decision_by_future_outcome_extra,Punish-Neutral,6.0,0.05467506403696087,0.263309885227026,3.0999999999999677,0.32805038422176286,0.6065279702217607,0.27847758599999795,-0.09671451714011535,0.07937650376900655,4.0,-0.38685806856045657,-0.2024285178039131
104,4,1,sharedreward,multi-echo,tedana,sr_decision_by_future_outcome_extra,Reward-Punish,6.0,-0.016486586057268677,0.1875120706674614,4.399999999999963,-0.09891951634361136,0.312122324724355,0.4110418410679665,0.06625855469835895,0.1875120706674614,4.399999999999963,0.26503421879343253,0.1034052319575305
104,4,1,sharedreward,single-echo,fmriprep,sr_decision_partner_extra,Computer-Stranger,6.0,-0.009617066086761916,0.28141726527563743,3.6999999999999655,-0.05770239652057108,0.5157847545764455,0.5734871510970165,0.008395093778691399,0.2688040276262893,4.299999999999963,0.03358037511476518,-0.2032330033938529
104,4,1,sharedreward,single-echo,fmriprep,sr_outcome_primary,Reward-Neutral,5.207999999999998,0.1553724116797825,0.6619149612657184,0.0999999999999783,0.809179520028307,1.1047861354362338,0.2956066154079265,0.08215630381390553,0.2247407163278685,5.3999999999999595,0.328625215255618,0.18618752122095883
104,4,1,sharedreward,single-echo,fmriprep,sr_outcome_primary,Punish-Neutral,5.207999999999998,-0.013797117601112189,0.6299406705836017,0.0,-0.07185538846659226,0.38840405894797947,0.46025944741457164,-0.1689187116136985,0.03471345005221871,5.3999999999999595,-0.6756748464547856,-0.19932598807247492
104,4,1,sharedreward,single-echo,fmriprep,sr_outcome_primary,Reward-Punish,5.207999999999998,0.16916952928089468,0.514620087427559,1.1999999999999744,0.8810349084948993,0.998645168073833,0.11761025957893365,0.251075015427604,0.4674946623781759,6.299999999999956,1.0043000617104036,0.38551350929343375
104,4,1,sharedreward,single-echo,fmriprep,sr_decision_by_future_outcome_extra,Reward-Neutral,6.0,0.08542869941808086,0.5966537179544598,3.799999999999965,0.5125721965084815,1.2574155250713142,0.7448433285628328,0.2455415149896039,0.5923990675989201,4.199999999999964,0.9821660599584033,0.3020833384463913
104,4,1,sharedreward,single-echo,fmriprep,sr_decision_by_future_outcome_extra,Punish-Neutral,6.0,0.26987901259723224,0.8137952131488911,3.3999999999999666,1.6192740755833819,1.6285643627938504,0.009290287210468493,0.09315548607840718,0.5985347347309237,4.0,0.3726219443136241,0.07157749231179868
104,4,1,sharedreward,single-echo,fmriprep,sr_decision_by_future_outcome_extra,Reward-Punish,6.0,-0.1844503131791513,0.2836645557264517,5.699999999999958,-1.1067018790749,0.44471376974715987,1.55141564882206,0.15238602891119674,0.2836645557264517,5.699999999999958,0.6095441156447794,0.23050584613459263
104,4,1,sharedreward,single-echo,tedana,sr_decision_partner_extra,Computer-Stranger,6.0,0.04790822733973085,0.3990013365678124,2.7999999999999687,0.28744936403838306,0.6038806248776059,0.31643126083922285,0.028752649457491886,0.1993078040648221,6.999999999999954,0.11501059782996612,-0.03202759359918431
104,4,1,sharedreward,single-echo,tedana,sr_outcome_primary,Reward-Neutral,5.207999999999998,0.12311055719316825,0.40212925704227787,5.207999999999998,0.64115978186202,0.7019720880137249,0.060812306151704916,0.18803164387121293,0.5356953982598969,5.999999999999957,0.7521265754848424,0.535695398259892
104,4,1,sharedreward,single-echo,tedana,sr_outcome_primary,Punish-Neutral,5.207999999999998,-0.09668297455183081,0.3349267504952079,5.207999999999998,-0.5035249314659347,0.1230099256503743,0.6265348571163092,-0.022902674908445844,0.4438886150003051,5.699999999999958,-0.09161069963378224,0.31217154684923093
104,4,1,sharedreward,single-echo,tedana,sr_outcome_primary,Reward-Punish,5.207999999999998,0.2197935317449991,0.476483887020667,1.0999999999999748,1.144684713327955,1.1622503705098342,0.01756565718187933,0.21093431877965876,0.3394500284807986,6.7999999999999545,0.8437372751186246,0.22352385141066117
104,4,1,sharedreward,single-echo,tedana,sr_decision_by_future_outcome_extra,Reward-Neutral,6.0,0.105776426943139,0.41471749396599716,3.799999999999965,0.6346585616588295,0.8091550844156377,0.17449652275680816,0.11807633087823041,0.3997137765486465,4.0,0.47230532351291576,0.06826192187398697
104,4,1,sharedreward,single-echo,tedana,sr_decision_by_future_outcome_extra,Punish-Neutral,6.0,0.1180725300804909,0.3030189615976615,2.2999999999999705,0.7084351804829404,0.9765559352514002,0.2681207547684598,-0.1370395020979027,0.131316731437439,4.0,-0.548158008391604,-0.2584233691358167
104,4,1,sharedreward,single-echo,tedana,sr_decision_by_future_outcome_extra,Reward-Punish,6.0,-0.0122961031373519,0.3954635343145416,4.499999999999963,-0.07377661882411088,0.7615724577622067,0.8353490765863175,0.2551158329761331,0.3954635343145416,4.499999999999963,1.0204633319045198,0.32668529100980365
104,4,2,sharedreward,multi-echo,fmriprep,sr_decision_partner_extra,Computer-Stranger,6.0,0.10037789473978877,0.19353059171459,2.5999999999999694,0.6022673684387283,0.6334215043902179,0.03115413595148959,0.049524701843673906,0.195952704776865,7.99999999999995,0.19809880737469315,-0.050392134938274956
104,4,2,sharedreward,multi-echo,fmriprep,sr_outcome_primary,Reward-Neutral,6.0,0.10320306939103771,0.2186092202156756,5.499999999999959,0.6192184163462219,0.7773567388680552,0.15813832252183335,0.0418585539314262,0.2186092202156756,5.499999999999959,0.16743421572570272,0.14393927088028335
104,4,2,sharedreward,multi-echo,fmriprep,sr_outcome_primary,Punish-Neutral,6.0,0.08028020157579724,0.2251859279274146,3.999999999999965,0.48168120945478005,0.6128643376432964,0.13118312818851638,-0.06801195107368894,0.2251859279274145,4.0,-0.2720478042947524,-0.07307385340075077
104,4,2,sharedreward,multi-echo,fmriprep,sr_outcome_primary,Reward-Punish,6.0,0.022922867815240482,0.21701312428103559,5.999999999999957,0.13753720689144192,0.2535500718282227,0.1160128649367808,0.10987050500511514,0.21701312428103559,5.999999999999957,0.4394820200204551,0.21701312428103411
104,4,2,sharedreward,multi-echo,fmriprep,sr_decision_by_future_outcome_extra,Reward-Neutral,6.0,0.16148160545021525,0.37578487108744996,2.5999999999999694,0.9688896327012847,1.1049079657105252,0.13601833300924018,0.06716310522756719,0.2093741693978908,6.599999999999955,0.2686524209102654,0.16277143073103997
104,4,2,sharedreward,multi-echo,fmriprep,sr_decision_by_future_outcome_extra,Punish-Neutral,6.0,0.1747403633243628,0.5569129850906169,1.4999999999999734,1.0484421799461694,1.2991679066753379,0.25072572672916854,0.07559634495355574,0.3138792256987162,6.899999999999954,0.3023853798142192,0.14450495917829723
104,4,2,sharedreward,multi-echo,fmriprep,sr_decision_by_future_outcome_extra,Reward-Punish,6.0,-0.013258757874147514,0.0797951568651091,5.19999999999996,-0.07955254724488452,0.20026883086653396,0.2798213781114185,-0.008433239725988546,0.0797951568651091,5.19999999999996,-0.033732958903953766,0.018266471552742795
104,4,2,sharedreward,multi-echo,tedana,sr_decision_partner_extra,Computer-Stranger,6.0,0.04832921656200742,0.11860782968737911,2.699999999999969,0.28997529937204247,0.32828953109367387,0.03831423172163144,0.034602903146865364,0.19699368575384302,7.99999999999995,0.13841161258745974,-0.0629042078355938
104,4,2,sharedreward,multi-echo,tedana,sr_outcome_primary,Reward-Neutral,6.0,-0.09049333943958261,0.0296606851318721,2.49999999999997,-0.5429600366374918,0.020582266626728487,0.5635423032642204,-0.06258252192987111,-0.002268720084056,5.899999999999958,-0.25033008771948134,-0.004127962648889074
104,4,2,sharedreward,multi-echo,tedana,sr_outcome_primary,Punish-Neutral,6.0,-0.018665502219949184,0.11229125755680469,2.699999999999969,-0.11199301331969432,0.2649328256438722,0.3769258389635666,-0.06553964945941333,0.09133713813401438,4.0,-0.26215859783765005,-0.06981505645384861
104,4,2,sharedreward,multi-echo,tedana,sr_outcome_primary,Reward-Punish,6.0,-0.07182783721963344,0.0667725713758328,5.899999999999958,-0.43096702331779757,0.0300436222452037,0.4610106455630013,0.002957127529542208,0.0706268037478269,7.99999999999995,0.011828510118168685,0.06568709380495953
104,4,2,sharedreward,multi-echo,tedana,sr_decision_by_future_outcome_extra,Reward-Neutral,6.0,-0.025597057933209696,0.2695514527553045,1.1999999999999744,-0.1535823475992571,0.4858069664845186,0.6393893140837755,-0.1456884730315966,0.0388392055659717,6.699999999999955,-0.5827538921263792,-0.1116577583157463
104,4,2,sharedreward,multi-echo,tedana,sr_decision_by_future_outcome_extra,Punish-Neutral,6.0,-0.024567054674102806,0.3189354388808564,1.1999999999999744,-0.14740232804461578,0.5070994798560993,0.654501807900715,-0.04741643005613667,0.2322507857763195,6.899999999999954,-0.1896657202245443,0.02159281705938771
104,4,2,sharedreward,multi-echo,tedana,sr_decision_by_future_outcome_extra,Reward-Punish,6.0,-0.0010300032591068911,0.1112882859109508,3.0999999999999677,-0.0061800195546413035,0.15885527386818216,0.16503529342282344,-0.09827204297545997,0.06412716809712993,4.0,-0.393088171901835,-0.133250575375134
104,4,2,sharedreward,single-echo,fmriprep,sr_decision_partner_extra,Computer-Stranger,6.0,0.15891166009151816,0.274297129120081,3.6999999999999655,0.9534699605491023,0.969332461732256,0.015862501183153722,0.14695743225324254,0.2602278340078188,4.899999999999961,0.5878297290129628,0.13937574721130688
104,4,2,sharedreward,single-echo,fmriprep,sr_outcome_primary,Reward-Neutral,6.0,0.13867177825063806,0.46754893121894087,5.599999999999959,0.8320306695038224,1.1051401351104102,0.2731094656065875,0.24442179492851906,0.46754893121894087,5.599999999999959,0.977687179714064,0.4467819738321332
104,4,2,sharedreward,single-echo,fmriprep,sr_outcome_primary,Punish-Neutral,6.0,0.04243887272152862,0.33268526316709524,4.199999999999964,0.2546332363291699,0.6698182672422078,0.4151850309130379,-0.02012281663964932,0.33268526316709524,4.199999999999964,-0.08049126655859629,0.08094181662841138
104,4,2,sharedreward,single-echo,fmriprep,sr_outcome_primary,Reward-Punish,6.0,0.09623290552910946,0.3658401572037116,5.999999999999957,0.5773974331746526,0.7148750002695695,0.13747756709491693,0.2645446115681684,0.5039622391699166,7.599999999999952,1.0581784462726604,0.3658401572037218
104,4,2,sharedreward,single-echo,fmriprep,sr_decision_by_future_outcome_extra,Reward-Neutral,6.0,0.21851373184744197,0.5003669456854334,2.699999999999969,1.3110823910846425,1.4704197550322664,0.15933736394762402,0.10799652355843367,0.3418569411567976,6.099999999999957,0.4319860942337293,0.3289087986212473
104,4,2,sharedreward,single-echo,fmriprep,sr_decision_by_future_outcome_extra,Punish-Neutral,6.0,0.23723837063674055,0.5963432166133279,1.0999999999999748,1.4234302238204333,1.6795700765107844,0.2561398526903509,0.041733716039999806,0.2353714877992954,7.599999999999952,0.16693486415999714,0.07744002683887198
104,4,2,sharedreward,single-echo,fmriprep,sr_decision_by_future_outcome_extra,Reward-Punish,6.0,-0.018724638789298607,0.2577980769843982,5.899999999999958,-0.11234783273579084,0.2720239965802628,0.38437182931605357,0.06626280751843387,0.2577980769843982,5.899999999999958,0.2650512300737322,0.2514687717823753
104,4,2,sharedreward,single-echo,tedana,sr_decision_partner_extra,Computer-Stranger,6.0,0.09620074148390939,0.22525758587110242,3.4999999999999662,0.5772044489034522,0.6557775933671277,0.07857314446367544,0.13891946676491473,0.20020415373748585,4.0,0.555677867059652,0.15329746672224503
104,4,2,sharedreward,single-echo,tedana,sr_outcome_primary,Reward-Neutral,6.0,-0.21398290713939616,0.1575942750512877,5.999999999999957,-1.2838974428363679,0.048459370708498054,1.332356813544866,0.027568258593853992,0.22112422678638022,6.499999999999956,0.1102730343754146,0.15759427505129753
104,4,2,sharedreward,single-echo,tedana,sr_outcome_primary,Punish-Neutral,6.0,-0.13857144370624838,0.10320854960359,3.999999999999965,-0.8314286622374844,0.1721547742676261,1.0035834365051106,-0.028460740185052104,0.10320854960358979,4.0,-0.113842960740207,0.09155113831613042
104,4,2,sharedreward,single-echo,tedana,sr_outcome_primary,Reward-Punish,6.0,-0.0754114634331478,0.0660431367351553,5.999999999999957,-0.45246878059888357,0.02101072461515345,0.47347950521403703,0.05602899877890611,0.293757322982205,7.699999999999951,0.22411599511562166,0.0660431367351671
104,4,2,sharedreward,single-echo,tedana,sr_decision_by_future_outcome_extra,Reward-Neutral,6.0,-0.12889407139899034,0.2298432595882493,0.7999999999999758,-0.7733644283939366,0.2927800671882711,1.0661444955822077,-0.283886114438484,0.015408092562076897,6.599999999999955,-1.1355444577539218,-0.16006794797040236
104,4,2,sharedreward,single-echo,tedana,sr_decision_by_future_outcome_extra,Punish-Neutral,6.0,-0.11284877416121278,0.27420471260768897,0.9999999999999752,-0.6770926449672718,0.3803354370274969,1.0574280819947686,-0.19101876159003212,0.09288115331983302,6.999999999999954,-0.7640750463601189,-0.15101415145640726
104,4,2,sharedreward,single-echo,tedana,sr_decision_by_future_outcome_extra,Reward-Punish,6.0,-0.016045297237777548,0.09983868140839369,3.0999999999999677,-0.0962717834266646,0.10883001039676996,0.20510179382343457,-0.09286735284845186,0.03648536958337545,4.0,-0.37146941139380285,-0.00905379651399511
104,5,1,mid,multi-echo,fmriprep,mid_anticipation_primary,Reward-Neutral,5.02205,0.0008328150472309063,0.1875474472159404,5.02205,0.004182438807945973,0.17553046831588712,0.17134802950794117,0.16272227856805346,0.3419278490110318,6.099999999999957,0.6508891142722057,0.3402167703184896
104,5,1,mid,multi-echo,fmriprep,mid_feedback_extra,Positive-Negative,5.990000000000009,0.23525029204635006,0.5089041426575808,1.9999999999999716,1.409149249357639,1.492257586025737,0.08310833666809797,0.25095747770063626,0.3269263463752007,7.199999999999953,1.0038299108025326,0.20502978766303212
104,5,1,mid,multi-echo,tedana,mid_anticipation_primary,Reward-Neutral,5.02205,0.003985098730215357,0.1925047038270899,2.2999999999999705,0.020013365078078035,0.27832376456825736,0.2583103994901793,-0.0753172594879944,0.0015594943795610022,6.299999999999956,-0.3012690379519739,-0.013736671209203985
104,5,1,mid,multi-echo,tedana,mid_feedback_extra,Positive-Negative,5.990000000000009,0.07202404603364687,0.30562836735656984,4.999999999999961,0.4314240357415454,0.5226831537829878,0.09125911804144235,0.18341386438169718,0.30562836735656984,4.999999999999961,0.7336554575267796,0.15701521463880103
104,5,1,mid,single-echo,fmriprep,mid_anticipation_primary,Reward-Neutral,5.02205,-0.010652342073555227,0.33685681357750136,5.02205,-0.05349659451049803,0.2930457978003014,0.34654239231079936,0.3398162083429678,0.5920420562353195,6.399999999999956,1.3592648333718542,0.5659570331448743
104,5,1,mid,single-echo,fmriprep,mid_feedback_extra,Positive-Negative,5.990000000000009,0.23911934620113323,0.7666614505084569,1.9999999999999716,1.4323248837447902,1.6089752829162398,0.17665039917144953,0.29520780708547867,0.46000994646470467,7.199999999999953,1.1808312283419,0.25270841027096874
104,5,1,mid,single-echo,tedana,mid_anticipation_primary,Reward-Neutral,5.02205,-0.012858073618167334,0.31874912294852387,2.7999999999999687,-0.06457388861411727,0.44739365723202484,0.5119675458461421,-0.07607805881292114,0.1307744578585561,6.7999999999999545,-0.3043122352516808,-0.02709736408652992
104,5,1,mid,single-echo,tedana,mid_feedback_extra,Positive-Negative,5.990000000000009,-0.0047739986551761015,0.3429563547124081,5.19999999999996,-0.028596251944504894,0.5195162983946273,0.5481125503391322,0.16246761214943897,0.3429563547124081,5.19999999999996,0.6498704485977478,0.13154397818729135
104,5,2,mid,multi-echo,fmriprep,mid_anticipation_primary,Reward-Neutral,5.026650000000002,-0.17876895168830592,-0.017407213648283,1.599999999999973,-0.8986089510040233,0.0,0.8986089510040233,-0.059910931298551774,0.1091264238621576,7.899999999999951,-0.23964372519420413,-0.1298914713734547
104,5,2,mid,multi-echo,fmriprep,mid_feedback_extra,Positive-Negative,5.9923,0.01926146886498869,0.204714896526188,0.4999999999999769,0.11542049987967172,0.27768304578708686,0.16226254590741512,0.14632133039633735,0.3676196242097362,7.99999999999995,0.5852853215853421,0.10143601931556892
104,5,2,mid,multi-echo,tedana,mid_anticipation_primary,Reward-Neutral,5.026650000000002,-0.14267416222867801,-0.022583165461852406,4.799999999999962,-0.7171730775667846,0.0,0.7171730775667846,-0.05031576003072115,0.0680230587136386,7.899999999999951,-0.2012630401228821,-0.12085753438181097
104,5,2,mid,multi-echo,tedana,mid_feedback_extra,Positive-Negative,5.9923,0.05661005846866217,0.1797254368613734,0.4999999999999769,0.3392244533617643,0.4172748032420893,0.07805034988032505,0.19000396663319144,0.35646244791472104,7.99999999999995,0.7600158665327563,0.15185153317028305
104,5,2,mid,single-echo,fmriprep,mid_anticipation_primary,Reward-Neutral,5.026650000000002,-0.23536359617233796,-0.076368501916475,1.599999999999973,-1.183090420699683,0.0,1.183090420699683,-0.18448979718373562,0.1475606769782019,7.99999999999995,-0.7379591887349333,-0.37683630648422295
104,5,2,mid,single-echo,fmriprep,mid_feedback_extra,Positive-Negative,5.9923,-0.0784258534886996,0.2869685594682012,0.4999999999999769,-0.4699512418603346,0.27028920932478945,0.7402404511851242,0.14216978116764567,0.5140592866853269,7.599999999999952,0.5686791246705756,0.059263331521278946
104,5,2,mid,single-echo,tedana,mid_anticipation_primary,Reward-Neutral,5.026650000000002,-0.18769347153278707,-0.09410173486439091,1.599999999999973,-0.9434693886802845,0.0,0.9434693886802845,-0.1982442237912461,0.08721192850218809,7.899999999999951,-0.7929768951649745,-0.40639259397615296
104,5,2,mid,single-echo,tedana,mid_feedback_extra,Positive-Negative,5.9923,-0.01378245413792085,0.25627061956844277,0.4999999999999769,-0.08258859993066311,0.297003140033676,0.37959173996433915,0.24850937081064264,0.5634175886044506,7.599999999999952,0.9940374832425583,0.18447956485364944
104,5,1,sharedreward,multi-echo,fmriprep,sr_decision_partner_extra,Computer-Stranger,6.0,-0.015148800106070785,0.0690377251180644,0.6999999999999762,-0.09089280063642406,0.10381499512180567,0.1947077957582297,-0.06612819957873252,-0.012095244171153501,7.99999999999995,-0.2645127983149268,-0.09625351655324535
104,5,1,sharedreward,multi-echo,fmriprep,sr_outcome_primary,Reward-Neutral,6.0,-0.07177712160189008,0.0867519462730976,5.999999999999957,-0.4306627296113374,0.17204296114910125,0.6027056907604387,0.08384891882852574,0.1285067878892211,6.499999999999956,0.3353956753140988,0.08675194627310102
104,5,1,sharedreward,multi-echo,fmriprep,sr_outcome_primary,Punish-Neutral,6.0,-0.09877133488500865,0.17288036515113558,5.999999999999957,-0.5926280093100477,0.22420561613556664,0.8168336254456143,0.10652961050809696,0.1757672868793962,6.099999999999957,0.4261184420323826,0.1728803651511368
104,5,1,sharedreward,multi-echo,fmriprep,sr_outcome_primary,Reward-Punish,6.0,0.02699421328311859,0.1349581370934809,2.699999999999969,0.16196527969871038,0.2701931611278526,0.10822788142914222,-0.02268069167957124,0.0743231931675186,7.699999999999951,-0.09072276671828383,-0.08612841887803581
104,5,1,sharedreward,multi-echo,fmriprep,sr_decision_by_future_outcome_extra,Reward-Neutral,6.0,-0.17698521116104837,0.09758656558458977,0.0,-1.0619112669662827,0.021971478814585145,1.0838827457808677,-0.18982514590920543,0.042318866605766496,7.99999999999995,-0.7593005836368123,-0.2525013484180417
104,5,1,sharedreward,multi-echo,fmriprep,sr_decision_by_future_outcome_extra,Punish-Neutral,6.0,-0.19056327242925936,0.1180199104323076,0.0,-1.143379634575548,0.0332109760502922,1.1765906106258404,-0.2601904381744634,-0.0363171234711312,7.99999999999995,-1.0407617526978408,-0.3064842119321975
104,5,1,sharedreward,multi-echo,fmriprep,sr_decision_by_future_outcome_extra,Reward-Punish,6.0,0.013578061268211036,0.09875104344194502,5.099999999999961,0.08146836760926564,0.15421111779398516,0.07274275018471954,0.07036529226525798,0.1065164701173431,7.399999999999952,0.2814611690610284,0.053982863514155675
104,5,1,sharedreward,multi-echo,tedana,sr_decision_partner_extra,Computer-Stranger,6.0,0.00923488972413563,0.1387730676741712,0.3999999999999772,0.05540933834481339,0.2689020136866088,0.21349267534179542,-0.05739016395251034,0.030797357883882,7.99999999999995,-0.2295606558100385,-0.07517711837396063
104,5,1,sharedreward,multi-echo,tedana,sr_outcome_primary,Reward-Neutral,6.0,-0.14012558041477935,-0.011570087858121499,3.999999999999965,-0.8407534824886701,0.0,0.8407534824886701,-0.022837129316319843,0.029454612688799703,7.499999999999952,-0.09134851726527823,-0.057403684913568134
104,5,1,sharedreward,multi-echo,tedana,sr_outcome_primary,Punish-Neutral,6.0,-0.11464738857279116,0.044960540601622204,5.999999999999957,-0.6878843314367421,0.025566302058273906,0.713450633495016,0.01266582218469047,0.0658480045416795,6.399999999999956,0.05066328873876125,0.044960540601624494
104,5,1,sharedreward,multi-echo,tedana,sr_outcome_primary,Reward-Punish,6.0,-0.02547819184198815,0.0665066522069638,3.0999999999999677,-0.1528691510519278,0.07697533421829976,0.22984448527022755,-0.035502951501010314,0.0701841979389788,7.99999999999995,-0.14201180600403948,-0.10236422551519261
104,5,1,sharedreward,multi-echo,tedana,sr_decision_by_future_outcome_extra,Reward-Neutral,6.0,-0.184647715169646,-3.13712211622613e-05,0.0,-1.1078862910178682,0.0,1.1078862910178682,-0.23691278733026055,-0.0308075114917636,7.99999999999995,-0.9476511493210305,-0.33339037103157565
104,5,1,sharedreward,multi-echo,tedana,sr_decision_by_future_outcome_extra,Punish-Neutral,6.0,-0.12014128476024581,0.11419213568499693,0.0,-0.7208477085614697,0.04364349038533355,0.7644911989468033,-0.2209525684157053,-0.0914347127309866,7.99999999999995,-0.8838102736628102,-0.2767246481956897
104,5,1,sharedreward,multi-echo,tedana,sr_decision_by_future_outcome_extra,Reward-Punish,6.0,-0.06450643040940021,-0.010753704271511295,3.999999999999965,-0.3870385824563985,0.0,0.3870385824563985,-0.015960218914555308,0.060627201239222994,7.99999999999995,-0.06384087565822044,-0.056665722835885945
104,5,1,sharedreward,single-echo,fmriprep,sr_decision_partner_extra,Computer-Stranger,6.0,-0.03211783491830264,0.1066580071310326,0.0999999999999783,-0.19270700950981448,0.18471845910078935,0.37742546861060383,-0.10769336632131815,0.030297165235217,7.99999999999995,-0.4307734652852673,-0.15482866740031842
104,5,1,sharedreward,single-echo,fmriprep,sr_outcome_primary,Reward-Neutral,6.0,-0.11131572917787348,0.07949417618516769,3.1999999999999673,-0.6678943750672361,0.12150215106139386,0.78939652612863,0.000997234334183169,0.054298393509748494,6.199999999999957,0.003988937336732627,0.04626445738103359
104,5,1,sharedreward,single-echo,fmriprep,sr_outcome_primary,Punish-Neutral,6.0,-0.1665888376205055,0.21983773608957707,5.999999999999957,-0.9995330257230259,0.08766364736114751,1.0871966730841736,0.07712431844349343,0.25926626322219404,6.399999999999956,0.3084972737739699,0.21983773608958565
104,5,1,sharedreward,single-echo,fmriprep,sr_outcome_primary,Reward-Punish,6.0,0.05527310844263202,0.18389080864009819,3.1999999999999673,0.3316386506557898,0.4781578893138557,0.146519238658066,-0.07612708410931027,0.12367519898949954,4.0,-0.3045083364372373,-0.17357327870855208
104,5,1,sharedreward,single-echo,fmriprep,sr_decision_by_future_outcome_extra,Reward-Neutral,6.0,-0.27726351784310027,0.08669596343521152,0.0,-1.66358110705859,0.01158322431358402,1.675164331372174,-0.24548103789027348,0.0876268414638807,7.499999999999952,-0.9819241515610817,-0.264743347485728
104,5,1,sharedreward,single-echo,fmriprep,sr_decision_by_future_outcome_extra,Punish-Neutral,6.0,-0.2537263524065427,0.2510673808410871,0.0,-1.5223581144392453,0.06726517742966075,1.589623291868906,-0.33976226240122953,-0.1529817072367169,7.199999999999953,-1.3590490496049012,-0.3451326124700048
104,5,1,sharedreward,single-echo,fmriprep,sr_decision_by_future_outcome_extra,Reward-Punish,6.0,-0.02353716543655758,0.0814924784718259,5.899999999999958,-0.14122299261934448,0.07714865132773177,0.21837164394707628,0.09428122451095605,0.24958685622530508,7.699999999999951,0.37712489804381955,0.08038926498427681
104,5,1,sharedreward,single-echo,tedana,sr_decision_partner_extra,Computer-Stranger,6.0,-8.556099756066302e-05,0.1470718344976745,2.39999999999997,-0.0005133659853639744,0.31524206833565155,0.31575543432101555,-0.0698527374229623,0.11436964727568949,7.99999999999995,-0.2794109496918457,-0.12340899155549656
104,5,1,sharedreward,single-echo,tedana,sr_outcome_primary,Reward-Neutral,6.0,-0.1365911170799837,0.045116039352884996,3.1999999999999673,-0.8195467024798964,0.03801154808241004,0.8575582505623065,-0.11169766131256534,-0.0053694980455949465,4.0,-0.4467906452502558,-0.11939168076049034
104,5,1,sharedreward,single-echo,tedana,sr_outcome_primary,Punish-Neutral,6.0,-0.08653104829568124,0.07022713175134751,5.999999999999957,-0.5191862897740838,0.03177038494427202,0.5509566747183557,-0.029417737215444138,0.1187458018783701,6.399999999999956,-0.1176709488617751,0.07022713175135566
104,5,1,sharedreward,single-echo,tedana,sr_outcome_primary,Reward-Punish,6.0,-0.050060068784302476,0.0942336301948165,3.599999999999966,-0.3003604127058127,0.14676738764112598,0.44712780034693866,-0.0822799240971212,0.08245175133097046,4.0,-0.3291196963884807,-0.18961881251184598
104,5,1,sharedreward,single-echo,tedana,sr_decision_by_future_outcome_extra,Reward-Neutral,6.0,-0.30743948897449086,-0.09653826755513291,0.0,-1.844636933846932,0.0,1.844636933846932,-0.2501048195257274,0.0431002018944543,7.99999999999995,-1.000419278102897,-0.2906739760185009
104,5,1,sharedreward,single-echo,tedana,sr_decision_by_future_outcome_extra,Punish-Neutral,6.0,-0.17598223617757894,0.10354229000579672,0.0,-1.0558934170654661,0.013185944161412413,1.0690793612268785,-0.18835540715791493,-0.1315276906708349,7.99999999999995,-0.7534216286316504,-0.15753922755363278
104,5,1,sharedreward,single-echo,tedana,sr_decision_by_future_outcome_extra,Reward-Punish,6.0,-0.13145725279691195,-0.0595609355986257,0.8999999999999755,-0.788743516781466,0.0,0.788743516781466,-0.06174941236781245,0.18287418930081678,7.799999999999951,-0.24699764947124672,-0.13313474846486814
104,5,2,sharedreward,multi-echo,fmriprep,sr_decision_partner_extra,Computer-Stranger,6.0,0.029476489801891034,0.16637020101690891,2.2999999999999705,0.17685893881134496,0.30152316518687766,0.12466422637553273,-0.08238921620663764,0.0467104308061078,4.999999999999961,-0.32955686482654645,-0.03869740151320721
104,5,2,sharedreward,multi-echo,fmriprep,sr_outcome_primary,Reward-Neutral,6.0,-0.08545047791200205,0.09536540411058919,1.7999999999999725,-0.5127028674720087,0.10786230968728756,0.6205651771592963,-0.19514762436873287,-0.1142064240814083,5.099999999999961,-0.7805904974749218,-0.15269628594274562
104,5,2,sharedreward,multi-echo,fmriprep,sr_outcome_primary,Punish-Neutral,6.0,-0.003813251128022592,0.17008691839382978,4.799999999999962,-0.02287950676813539,0.24667887021555862,0.269558376983694,-0.036133184204019474,0.17008691839382978,4.799999999999962,-0.1445327368160761,-0.10352432897326946
104,5,2,sharedreward,multi-echo,fmriprep,sr_outcome_primary,Reward-Punish,6.0,-0.08163722678397944,0.079377770301168,1.1999999999999744,-0.4898233607038732,0.07030114759246937,0.5601245082963426,-0.15901444016471336,-0.021125686686761395,6.399999999999956,-0.6360577606588456,-0.04917195696947617
104,5,2,sharedreward,multi-echo,fmriprep,sr_decision_by_future_outcome_extra,Reward-Neutral,6.0,0.055244022142827295,0.2930488639405257,0.0,0.3314641328569614,0.5577299708315675,0.22626583797460595,-0.03341663932226508,0.0995618799160712,5.499999999999959,-0.13366655728905866,0.02616940850466352
104,5,2,sharedreward,multi-echo,fmriprep,sr_decision_by_future_outcome_extra,Punish-Neutral,6.0,0.013024236789488377,0.30361880898577565,0.0,0.0781454207369297,0.24605037064792054,0.1679049499109908,-0.007470158784907125,0.1765797960702189,7.799999999999951,-0.029880635139628128,-0.09494488953132257
104,5,2,sharedreward,multi-echo,fmriprep,sr_decision_by_future_outcome_extra,Reward-Punish,6.0,0.042219785353338916,0.19033520976011908,5.499999999999959,0.2533187121200317,0.40947995629348755,0.15616124417345578,-0.025946480537357954,0.19033520976011908,5.499999999999959,-0.10378592214943053,0.12111429803598608
104,5,2,sharedreward,multi-echo,tedana,sr_decision_partner_extra,Computer-Stranger,6.0,0.058406021270758196,0.1424955403400712,2.2999999999999705,0.3504361276245467,0.37843245386211377,0.02799632623756704,0.010573263752147222,0.1136448828785591,5.699999999999958,0.04229305500858836,0.09447478955606803
104,5,2,sharedreward,multi-echo,tedana,sr_outcome_primary,Reward-Neutral,6.0,-0.046774411283423765,0.080534042210507,1.899999999999972,-0.2806464677005406,0.08330876947245111,0.3639552371729917,-0.05689184343742615,0.0194829715889792,6.899999999999954,-0.22756737374970176,-0.08567339733185472
104,5,2,sharedreward,multi-echo,tedana,sr_outcome_primary,Punish-Neutral,6.0,0.0375143849744948,0.1590689432770407,1.7999999999999725,0.22508630984696723,0.30849057505897065,0.08340426521200348,0.04184563300709065,0.12361013480273511,4.599999999999962,0.1673825320283605,0.02482281394693171
104,5,2,sharedreward,multi-echo,tedana,sr_outcome_primary,Reward-Punish,6.0,-0.08428879625791855,0.00041913052208848945,0.0,-0.5057327775475077,2.0956526104419924e-05,0.5057537340736121,-0.0987374764445168,0.012487856756410107,7.899999999999951,-0.3949499057780623,-0.11049621127878644
104,5,2,sharedreward,multi-echo,tedana,sr_decision_by_future_outcome_extra,Reward-Neutral,6.0,0.010215646989852318,0.15866234578541238,5.499999999999959,0.06129388193911347,0.321323364582319,0.2600294826432056,0.00944172175961143,0.15866234578541238,5.499999999999959,0.037766887038445246,0.06382544274156737
104,5,2,sharedreward,multi-echo,tedana,sr_decision_by_future_outcome_extra,Punish-Neutral,6.0,0.05214557383482532,0.30773788044808653,0.0,0.3128734430089497,0.3718471580069709,0.05897371499802121,0.05091830133990141,0.1745712961297178,7.799999999999951,0.20367320535960312,-0.026392564983807022
104,5,2,sharedreward,multi-echo,tedana,sr_decision_by_future_outcome_extra,Reward-Punish,6.0,-0.041929926844973,0.1658004368937358,5.499999999999959,-0.2515795610698362,0.16383135122018141,0.4154109122900176,-0.04147657958028998,0.1658004368937358,5.499999999999959,-0.16590631832115788,0.09021800772537439
104,5,2,sharedreward,single-echo,fmriprep,sr_decision_partner_extra,Computer-Stranger,6.0,0.03903734607229197,0.21273976703284958,2.2999999999999705,0.23422407643375015,0.5771367320381917,0.3429126556044415,-0.07179948155025796,0.2119579659662843,4.999999999999961,-0.2871979262010283,0.003763271039543708
104,5,2,sharedreward,single-echo,fmriprep,sr_outcome_primary,Reward-Neutral,6.0,-0.0784805240726208,0.043806863505985304,5.699999999999958,-0.4708831444357214,0.04049904456659955,0.5113821890023209,-0.18852346943795978,0.043806863505985304,5.699999999999958,-0.7540938777518298,0.024687718872908965
104,5,2,sharedreward,single-echo,fmriprep,sr_outcome_primary,Punish-Neutral,6.0,-0.04894633882170731,0.3270780791265543,4.899999999999961,-0.2936780329302418,0.37824109524764654,0.6719191281778883,0.06064464586030739,0.3270780791265543,4.899999999999961,0.24257858344122654,-0.03512488910552697
104,5,2,sharedreward,single-echo,fmriprep,sr_outcome_primary,Reward-Punish,6.0,-0.029534185250913475,0.2839151619346651,1.299999999999974,-0.1772051115054796,0.5215662318428099,0.6987713433482896,-0.2491681152982672,0.0698390686606407,6.299999999999956,-0.9966724611930564,0.05981260797843593
104,5,2,sharedreward,single-echo,fmriprep,sr_decision_by_future_outcome_extra,Reward-Neutral,6.0,0.0033142512861681355,0.39173959406683156,0.0999999999999783,0.01988550771700867,0.7542948962884306,0.7344093885714218,-0.03946202094348039,0.1136692230522459,6.999999999999954,-0.1578480837739196,0.028990909712769235
104,5,2,sharedreward,single-echo,fmriprep,sr_decision_by_future_outcome_extra,Punish-Neutral,6.0,-0.051549600170383694,0.3712033552808816,0.0999999999999783,-0.3092976010223,0.6719438380502225,0.9812414390725226,-0.18183738864936402,0.4085153664026539,7.799999999999951,-0.7273495545974471,-0.41168210393305915
104,5,2,sharedreward,single-echo,fmriprep,sr_decision_by_future_outcome_extra,Reward-Punish,6.0,0.054863851456551836,0.5309353705435798,5.499999999999959,0.32918310873930867,0.7670021208296632,0.4378190120903547,0.14237536770588363,0.5309353705435798,5.499999999999959,0.5695014708235274,0.4406730136458284
104,5,2,sharedreward,single-echo,tedana,sr_decision_partner_extra,Computer-Stranger,6.0,0.07694629619567182,0.2240113621831526,5.699999999999958,0.4616777771740277,0.5977414666218919,0.13606368944786415,0.03705785603233057,0.2240113621831526,5.699999999999958,0.14823142412932044,0.16870515820384624
104,5,2,sharedreward,single-echo,tedana,sr_outcome_primary,Reward-Neutral,6.0,-0.014855898817416164,0.07941335297236021,2.2999999999999705,-0.08913539290449635,0.12217668097819055,0.21131207388268688,0.00027959786494401954,0.1541626771752214,6.7999999999999545,0.0011183914597760643,0.06994928405884197
104,5,2,sharedreward,single-echo,tedana,sr_outcome_primary,Punish-Neutral,6.0,0.04983853589860679,0.21703073266334688,4.799999999999962,0.2990312153916386,0.44125854869979614,0.1422273333081575,0.1662078742811131,0.30045915181876953,6.899999999999954,0.6648314971244442,0.14076232991092472
104,5,2,sharedreward,single-echo,tedana,sr_outcome_primary,Reward-Punish,6.0,-0.06469443471602294,0.06888999922703229,1.299999999999974,-0.3881666082961349,0.10859881292711215,0.4967654212232471,-0.16592827641616908,-0.05978733202138842,5.699999999999958,-0.6637131056646681,-0.07081304585208276
104,5,2,sharedreward,single-echo,tedana,sr_decision_by_future_outcome_extra,Reward-Neutral,6.0,-0.04486959706812552,0.1668581629379303,1.599999999999973,-0.2692175824087512,0.3702409148151557,0.6394584972239068,0.04065573988522444,0.158328100646966,5.699999999999958,0.16262295954089573,0.14109028457559442
104,5,2,sharedreward,single-echo,tedana,sr_decision_by_future_outcome_extra,Punish-Neutral,6.0,0.033577894052809684,0.41236584653908903,0.2999999999999776,0.2014673643168567,0.7300059447835583,0.5285385804667017,-0.03691852985390429,0.3756307236052515,7.799999999999951,-0.14767411941561534,-0.20337363326626898
104,5,2,sharedreward,single-echo,tedana,sr_decision_by_future_outcome_extra,Reward-Punish,6.0,-0.07844749112093521,0.45847277769927947,5.499999999999959,-0.47068494672560796,0.47617594447406586,0.9468608911996738,0.07757426973912873,0.45847277769927947,5.499999999999959,0.31029707895651104,0.34446391784186337
104,6,1,mid,multi-echo,fmriprep,mid_anticipation_primary,Reward-Neutral,5.021500000000032,0.13544051315331235,0.2470760175633973,1.599999999999973,0.6801145367993623,0.7131040946054406,0.03298955780607823,-0.08634578393646151,0.048246550732328454,4.0,-0.3453831357458418,-0.10588637051154859
104,6,1,mid,multi-echo,fmriprep,mid_feedback_extra,Positive-Negative,5.992000000000019,-0.1988417485549213,-0.0675626973074941,2.0999999999999712,-1.191459757341092,0.0,1.191459757341092,-0.16721590371477,0.0210905658544997,7.399999999999952,-0.6688636148590716,-0.2869090343309258
104,6,1,mid,multi-echo,tedana,mid_anticipation_primary,Reward-Neutral,5.021500000000032,0.10774443568017117,0.239137645071761,1.599999999999973,0.5410386837679829,0.5417696372342071,0.0007309534662242463,-0.0001958625385790256,0.058723809412811495,4.799999999999962,-0.0007834501543160927,-0.017079823908609446
104,6,1,mid,multi-echo,tedana,mid_feedback_extra,Positive-Negative,5.992000000000019,-0.07015059926362958,0.031086508494722498,2.0999999999999712,-0.4203423907876698,0.017970834014685994,0.4383132248023558,-0.1246267914306369,-0.017909795164668,7.99999999999995,-0.4985071657225414,-0.21996663219422885
104,6,1,mid,single-echo,fmriprep,mid_anticipation_primary,Reward-Neutral,5.021500000000032,0.21256804291848294,0.3739356781754286,3.1999999999999673,1.0674104275151688,1.112274101739995,0.04486367422482623,-0.11434617508551098,0.19605402188892476,4.0,-0.45738470034203826,-0.22576540106199824
104,6,1,mid,single-echo,fmriprep,mid_feedback_extra,Positive-Negative,5.992000000000019,-0.3430043099637425,-0.1672892247831635,2.0999999999999712,-2.0552818253027514,0.0,2.0552818253027514,-0.19156931160626706,0.0492864546840875,7.299999999999953,-0.7662772464250587,-0.3494378357323521
104,6,1,mid,single-echo,tedana,mid_anticipation_primary,Reward-Neutral,5.021500000000032,0.19118870137950084,0.2991193553217746,1.599999999999973,0.9600540639771695,0.9600540639771695,0.0,0.06323049713863667,0.1740060069113384,4.399999999999963,0.2529219885545435,-0.045960716497259954
104,6,1,mid,single-echo,tedana,mid_feedback_extra,Positive-Negative,5.992000000000019,-0.05918058694331089,0.0696976286244585,2.0999999999999712,-0.35461007696431995,0.04605433900180736,0.4006644159661273,-0.06336062321553848,0.02090689593871821,4.399999999999963,-0.25344249286215076,-0.1956923577605255
104,6,2,mid,multi-echo,fmriprep,mid_anticipation_primary,Reward-Neutral,5.025500000000015,0.05027166859728766,0.1262818875671965,1.6999999999999726,0.2526402705356699,0.2654707232776276,0.0128304527419577,0.0005081067721649753,0.07031478505344439,5.099999999999961,0.002032427088659876,0.0008629493168341893
104,6,2,mid,multi-echo,fmriprep,mid_feedback_extra,Positive-Negative,5.99199999999999,-0.041881394241599826,0.0656192749322387,3.6999999999999655,-0.25095331429566575,0.07963252589687198,0.3305858401925377,-0.05927370447707336,0.05488815852873382,4.0,-0.2370948179082905,-0.12168263922557772
104,6,2,mid,multi-echo,tedana,mid_anticipation_primary,Reward-Neutral,5.025500000000015,-0.023421995888743913,0.0656017913834167,1.7999999999999725,-0.11770724033888288,0.06706544916110131,0.18477268949998418,-0.02629717900604185,0.0244724145586751,5.19999999999996,-0.1051887160241661,-0.01974912330456627
104,6,2,mid,multi-echo,tedana,mid_feedback_extra,Positive-Negative,5.99199999999999,0.03075723082499337,0.1693764459213023,3.899999999999965,0.18429732710335997,0.2804732594117535,0.09617593230839354,0.061744858030290804,0.1676484484212914,4.0,0.24697943212116014,0.028933285011756838
104,6,2,mid,single-echo,fmriprep,mid_anticipation_primary,Reward-Neutral,5.025500000000015,0.0074775770474153035,0.1636419812322185,2.199999999999971,0.03757856345178572,0.23427123556338939,0.19669267211160366,0.05557557913024913,0.1806742871662399,5.699999999999958,0.22230231652099375,0.1592146990861763
104,6,2,mid,single-echo,fmriprep,mid_feedback_extra,Positive-Negative,5.99199999999999,-0.04730939048938258,0.31197902744287287,0.0999999999999783,-0.28347786781238,0.2730268862081161,0.5565047540204962,-0.12499063849836956,0.029524888402383716,4.0,-0.499962553993472,-0.18281681788183352
104,6,2,mid,single-echo,tedana,mid_anticipation_primary,Reward-Neutral,5.025500000000015,-0.07976714320642563,0.091903898049936,2.0999999999999712,-0.4008697781838932,0.06924932654092977,0.47011910472482293,0.025822930100890987,0.1518909292826259,5.799999999999958,0.10329172040356266,0.14078143278377164
104,6,2,mid,single-echo,tedana,mid_feedback_extra,Positive-Negative,5.99199999999999,0.07836183557415775,0.23669508905247852,3.6999999999999655,0.4695441187603525,0.5672192561339878,0.0976751373736353,0.08563902402854412,0.21183043829968684,4.0,0.3425560961141722,0.07504617106591911
104,6,1,sharedreward,multi-echo,fmriprep,sr_decision_partner_extra,Computer-Stranger,6.0,-0.20217314343218634,0.017161555040213806,3.899999999999965,-1.2130388605931095,0.01206002001819821,1.2250988806113077,-0.14807214338848051,0.0161804282694287,4.299999999999963,-0.5922885735539147,-0.35081159233011805
104,6,1,sharedreward,multi-echo,fmriprep,sr_outcome_primary,Reward-Neutral,6.0,0.2623963071509249,0.6176529695638434,4.599999999999962,1.5743778429055382,1.5743778429055382,0.0,0.4760293801590056,0.6176529695638434,4.599999999999962,1.9041175206359986,0.33273831070822546
104,6,1,sharedreward,multi-echo,fmriprep,sr_outcome_primary,Punish-Neutral,6.0,0.15103767396793244,0.300634606513334,5.099999999999961,0.9062260438075882,0.9140537902338335,0.007827746426245275,0.32215816081593096,0.4128822035284319,7.499999999999952,1.2886326432637079,0.28152162757236704
104,6,1,sharedreward,multi-echo,fmriprep,sr_outcome_primary,Reward-Punish,6.0,0.1113586331829925,0.3218441272590883,4.599999999999962,0.6681517990979502,0.7454787322994201,0.07732693320146986,0.15387121934307454,0.3218441272590883,4.599999999999962,0.6154848773722905,0.051216683135858455
104,6,1,sharedreward,multi-echo,fmriprep,sr_decision_by_future_outcome_extra,Reward-Neutral,6.0,-0.17143307291133178,0.27033079508871377,5.999999999999957,-1.0285984374679833,0.17352273163387,1.2021211691018532,0.14904811944251398,0.32492818482788866,6.499999999999956,0.5961924777700485,0.2703307950887247
104,6,1,sharedreward,multi-echo,fmriprep,sr_decision_by_future_outcome_extra,Punish-Neutral,6.0,-0.047017511358607454,0.2738953705810164,0.0,-0.2821050681516427,0.3135989783361538,0.5957040464877965,0.058709612923496586,0.21529628942819262,4.999999999999961,0.23483845169398343,0.0030723782799576475
104,6,1,sharedreward,multi-echo,fmriprep,sr_decision_by_future_outcome_extra,Reward-Punish,6.0,-0.12441556155272429,0.2672584168087529,5.999999999999957,-0.7464933693163405,0.12780198977864982,0.8742953590949902,0.0903385065190174,0.36671285954536686,6.499999999999956,0.3613540260760651,0.2672584168087671
104,6,1,sharedreward,multi-echo,tedana,sr_decision_partner_extra,Computer-Stranger,6.0,-0.04790000445563303,0.0674952718315186,0.4999999999999769,-0.2874000267337961,0.07819808049645136,0.36559810723024744,-0.0899375043446916,-0.028290015406821703,5.799999999999958,-0.3597500173787619,-0.04451267072987747
104,6,1,sharedreward,multi-echo,tedana,sr_outcome_primary,Reward-Neutral,6.0,0.07198549499001017,0.1827735571723263,4.499999999999963,0.4319129699400579,0.4792797934376903,0.04736682349763238,0.14936832013008192,0.2639353157297013,7.99999999999995,0.5974732805203202,0.10080184846811983
104,6,1,sharedreward,multi-echo,tedana,sr_outcome_primary,Punish-Neutral,6.0,0.07542669451170549,0.1809297120067917,3.599999999999966,0.4525601670702297,0.4666749347410399,0.014114767670810054,0.07757769789872382,0.22993247997341662,7.99999999999995,0.3103107915948914,-0.007860906982721889
104,6,1,sharedreward,multi-echo,tedana,sr_outcome_primary,Reward-Punish,6.0,-0.0034411995216953413,0.1086627554508428,5.999999999999957,-0.0206471971301719,0.14405776540867496,0.16470496253884684,0.07179062223135808,0.1176024359275083,6.599999999999955,0.2871624889254288,0.10866275545084172
104,6,1,sharedreward,multi-echo,tedana,sr_decision_by_future_outcome_extra,Reward-Neutral,6.0,-0.10049616763896861,0.1225215278386527,5.999999999999957,-0.6029770058338074,0.03983427884621785,0.6428112846800252,0.02892135716335553,0.16172787950840078,6.299999999999956,0.11568542865342067,0.12252152783866087
104,6,1,sharedreward,multi-echo,tedana,sr_decision_by_future_outcome_extra,Punish-Neutral,6.0,-0.011281060834517433,0.09475220382953539,5.999999999999957,-0.06768636500710412,0.11825664536462721,0.18594301037173133,0.04129866883291126,0.1213813944044235,6.299999999999956,0.16519467533164298,0.0947522038295399
104,6,1,sharedreward,multi-echo,tedana,sr_decision_by_future_outcome_extra,Reward-Punish,6.0,-0.08921510680445116,0.027769324009117302,5.999999999999957,-0.5352906408267032,0.003076313720376054,0.5383669545470793,-0.012377311669555729,0.04155774699282,6.199999999999957,-0.0495092466782223,0.027769324009120966
104,6,1,sharedreward,single-echo,fmriprep,sr_decision_partner_extra,Computer-Stranger,6.0,-0.370845767955394,0.08852152680129399,0.1999999999999779,-2.225074607732348,0.03208256935527613,2.2571571770876244,-0.17380101243162507,0.04772829418779081,7.499999999999952,-0.6952040497264916,-0.46410759983604905
104,6,1,sharedreward,single-echo,fmriprep,sr_outcome_primary,Reward-Neutral,6.0,0.4942847300066218,1.0893090645970571,4.599999999999962,2.9657083800397097,2.968614002404045,0.0029056223643352083,0.8599375263077882,1.0893090645970571,4.599999999999962,3.43975010523111,0.6839179071962754
104,6,1,sharedreward,single-echo,fmriprep,sr_outcome_primary,Punish-Neutral,6.0,0.27988992580466754,0.48317548699685114,5.099999999999961,1.6793395548279932,1.6793395548279932,0.0,0.5338413813227472,0.715895469355511,7.399999999999952,2.135365525290962,0.44761108801163696
104,6,1,sharedreward,single-echo,fmriprep,sr_outcome_primary,Reward-Punish,6.0,0.21439480420195434,0.6173585946544689,4.399999999999963,1.286368825211717,1.4018266637718173,0.11545783856010054,0.3260961449850411,0.6173585946544689,4.399999999999963,1.3043845799401481,0.23630681918463853
104,6,1,sharedreward,single-echo,fmriprep,sr_decision_by_future_outcome_extra,Reward-Neutral,6.0,-0.18229060726425902,0.4622891083384248,5.999999999999957,-1.0937436435855463,0.4100371351418419,1.5037807787273885,0.31229879255707865,0.532441618375841,6.499999999999956,1.249195170228299,0.46228910833843756
104,6,1,sharedreward,single-echo,fmriprep,sr_decision_by_future_outcome_extra,Punish-Neutral,6.0,-0.06464734332454232,0.5043233319418693,4.999999999999961,-0.38788405994725117,0.6559929262358719,1.0438769861831232,0.1626380057002143,0.5043233319418693,4.999999999999961,0.6505520228008491,0.0861826636754638
104,6,1,sharedreward,single-echo,fmriprep,sr_decision_by_future_outcome_extra,Reward-Punish,6.0,-0.11764326393971675,0.37610644466294774,5.999999999999957,-0.7058595836382955,0.2831974662453057,0.9890570498836012,0.14966078685686435,0.58351805236883,6.599999999999955,0.59864314742745,0.3761064446629738
104,6,1,sharedreward,single-echo,tedana,sr_decision_partner_extra,Computer-Stranger,6.0,-0.1154259163386484,0.1401955590707919,0.4999999999999769,-0.6925554980318855,0.14816844415208585,0.8407239421839714,-0.13693677851108282,-0.0612037909623791,5.999999999999957,-0.5477471140443245,-0.061203790962379115
104,6,1,sharedreward,single-echo,tedana,sr_outcome_primary,Reward-Neutral,6.0,0.16405213869077992,0.285520320815711,4.499999999999963,0.9843128321446726,1.0910591367980191,0.10674630465334639,0.26949703251822765,0.3059904227114485,7.99999999999995,1.0779881300728973,0.25414642194272863
104,6,1,sharedreward,single-echo,tedana,sr_outcome_primary,Punish-Neutral,6.0,0.17048708604108992,0.33956725091713813,3.4999999999999662,1.0229225162465323,1.0684222739497944,0.04549975770326187,0.09109971178584635,0.3559252234755607,7.99999999999995,0.36439884714338083,-0.0906942845766689
104,6,1,sharedreward,single-echo,tedana,sr_outcome_primary,Reward-Punish,6.0,-0.006434947350310044,0.35642408232378797,5.799999999999958,-0.03860968410185999,0.40960833753059733,0.4482180216324573,0.1783973207323813,0.35642408232378797,5.799999999999958,0.7135892829295163,0.3448407065193975
104,6,1,sharedreward,single-echo,tedana,sr_decision_by_future_outcome_extra,Reward-Neutral,6.0,-0.10516688018674956,0.2632864530800085,5.999999999999957,-0.6310012811204929,0.15925306405121858,0.7902543451717116,0.11928206098082793,0.29506623216374,6.299999999999956,0.4771282439233058,0.2632864530800173
104,6,1,sharedreward,single-echo,tedana,sr_decision_by_future_outcome_extra,Punish-Neutral,6.0,0.00975159989143525,0.2753158345969494,5.999999999999957,0.05850959934861109,0.2978851343172781,0.23937553496866698,0.18340190071664558,0.2805529983053326,6.199999999999957,0.7336076028665732,0.27531583459695114
104,6,1,sharedreward,single-echo,tedana,sr_decision_by_future_outcome_extra,Reward-Punish,6.0,-0.11491848007818481,-0.012029381516940905,5.999999999999957,-0.6895108804691039,0.0,0.6895108804691039,-0.06411983973581764,0.0181400127078988,6.399999999999956,-0.2564793589432674,-0.012029381516933835
104,6,2,sharedreward,multi-echo,fmriprep,sr_decision_partner_extra,Computer-Stranger,6.0,0.03182036390688615,0.16084296247271612,1.599999999999973,0.19092218344131553,0.40596176849173043,0.21503958505041493,-0.10462849146093703,-0.008484361477607364,4.0,-0.4185139658437429,-0.18134570528884134
104,6,2,sharedreward,multi-echo,fmriprep,sr_outcome_primary,Reward-Neutral,5.203000000000003,-0.024686625761318644,0.09138040180002771,0.8999999999999755,-0.12844451383614097,0.1128588452376054,0.24130335907374634,0.008259841743563331,0.1089913168677189,7.399999999999952,0.033039366974252915,-0.06471608831462061
104,6,2,sharedreward,multi-echo,fmriprep,sr_outcome_primary,Punish-Neutral,5.203000000000003,-0.02393936460991499,0.09855841330434109,0.1999999999999779,-0.12455651406538777,0.1275505253444562,0.25210703940984397,0.05714656241846372,0.1039060032928614,6.299999999999956,0.22858624967385205,0.09319493233177449
104,6,2,sharedreward,multi-echo,fmriprep,sr_outcome_primary,Reward-Punish,5.203000000000003,-0.0007472611514036544,0.0770808482244574,4.099999999999964,-0.003887999770753216,0.10574005382054782,0.10962805359130104,-0.048886720674900394,0.0770808482244574,4.099999999999964,-0.19554688269959913,-0.1579110206463951
104,6,2,sharedreward,multi-echo,fmriprep,sr_decision_by_future_outcome_extra,Reward-Neutral,6.0,0.03652100417660232,0.1735968350814924,1.4999999999999734,0.21912602505961237,0.4006102295905531,0.1814842045309407,-0.0400388256725525,0.1366344459382936,4.899999999999961,-0.160155302690208,-0.08701609738662298
104,6,2,sharedreward,multi-echo,fmriprep,sr_decision_by_future_outcome_extra,Punish-Neutral,6.0,0.08628848347400413,0.1952920024105105,1.599999999999973,0.5177309008440211,0.5406390423144716,0.022908141470450474,-0.01630748327269879,0.16616670795757701,4.899999999999961,-0.06522993309079436,-0.006059289033456311
104,6,2,sharedreward,multi-echo,fmriprep,sr_decision_by_future_outcome_extra,Reward-Punish,6.0,-0.04976747929740179,0.07071634041746952,0.0,-0.2986048757844086,0.02981880050645143,0.32842367629086,-0.023731342399853705,0.0589236629837242,7.599999999999952,-0.09492536959941364,-0.08095680835316667
104,6,2,sharedreward,multi-echo,tedana,sr_decision_partner_extra,Computer-Stranger,6.0,0.0616134361750075,0.1472186729831517,1.599999999999973,0.3696806170500424,0.4228025061221274,0.05312188907208498,-0.01027391086446165,0.04265511027088044,4.0,-0.04109564345784609,-0.051240289789148664
104,6,2,sharedreward,multi-echo,tedana,sr_outcome_primary,Reward-Neutral,5.203000000000003,-0.023179487489259548,0.0847820348182009,0.6999999999999762,-0.1206028734066175,0.10050154214173157,0.2211044155483491,-0.006269215587608419,0.0334562328227855,6.899999999999954,-0.025076862350433365,0.0106533922571218
104,6,2,sharedreward,multi-echo,tedana,sr_outcome_primary,Punish-Neutral,5.203000000000003,0.012131295332837935,0.0748990599612815,0.3999999999999772,0.06311912961675581,0.14355510130368526,0.08043597168692943,0.022455837309345705,0.082293216205512,5.699999999999958,0.08982334923738171,0.07735715179573062
104,6,2,sharedreward,multi-echo,tedana,sr_outcome_primary,Reward-Punish,5.203000000000003,-0.035310782822097486,0.01588764465210451,0.7999999999999758,-0.18372200302337333,0.013477967757202823,0.19719997078057616,-0.028725052896954126,0.032205587104236696,7.199999999999953,-0.11490021158781508,-0.06670375953860883
104,6,2,sharedreward,multi-echo,tedana,sr_decision_by_future_outcome_extra,Reward-Neutral,6.0,0.017304869959667846,0.1129015544556784,0.4999999999999769,0.10382921975800634,0.29221661547283184,0.18838739571482552,-0.032899608512895286,0.1091342732059639,4.999999999999961,-0.1315984340515795,-0.02496973029646405
104,6,2,sharedreward,multi-echo,tedana,sr_decision_by_future_outcome_extra,Punish-Neutral,6.0,0.06263219518542071,0.1268197474531792,4.999999999999961,0.3757931711125216,0.3795921451247545,0.003798974012232916,0.01262327454557884,0.1268197474531792,4.999999999999961,0.05049309818231473,0.023780866011100053
104,6,2,sharedreward,multi-echo,tedana,sr_decision_by_future_outcome_extra,Reward-Punish,6.0,-0.04532732522575285,0.0246518554238029,0.1999999999999779,-0.2719639513545152,0.020251114768181405,0.29221506612269654,-0.045522883058474135,-0.010735177289814803,7.99999999999995,-0.18209153223389427,-0.0487505963075641
104,6,2,sharedreward,single-echo,fmriprep,sr_decision_partner_extra,Computer-Stranger,6.0,-0.02227057058497153,0.2084174346433713,1.7999999999999725,-0.13362342350982823,0.5161729478321684,0.6497963713419966,-0.2861326670691251,-0.0752206666736952,7.99999999999995,-1.1445306682764862,-0.45901058818379703
104,6,2,sharedreward,single-echo,fmriprep,sr_outcome_primary,Reward-Neutral,5.203000000000003,-0.02535319760783751,0.0873125046106147,0.7999999999999758,-0.13191268715357865,0.10349288299100963,0.23540557014458824,-0.03168319389709428,0.034940132010951405,4.699999999999962,-0.12673277558837553,-0.0691316135991717
104,6,2,sharedreward,single-echo,fmriprep,sr_outcome_primary,Punish-Neutral,5.203000000000003,-0.020874713919925025,0.2548662263101516,5.203000000000003,-0.10861113652536997,0.17897423805758816,0.2875853745829581,0.12318862110441751,0.2649176566602754,5.3999999999999595,0.49275448441766395,0.21651611751473
104,6,2,sharedreward,single-echo,fmriprep,sr_outcome_primary,Reward-Punish,5.203000000000003,-0.004478483687912484,0.0968923779443894,1.4999999999999734,-0.023301550628208666,0.14215331159987415,0.1654548622280828,-0.1548718150015118,0.028329098902683585,4.0,-0.6194872600060395,-0.2856477311139017
104,6,2,sharedreward,single-echo,fmriprep,sr_decision_by_future_outcome_extra,Reward-Neutral,6.0,0.06399970781311688,0.2897246552724298,1.4999999999999734,0.3839982468786986,0.5709531564197252,0.18695490954102664,-0.05908330479847315,0.1061672525039324,4.899999999999961,-0.23633321919388967,-0.14017245153434588
104,6,2,sharedreward,single-echo,fmriprep,sr_decision_by_future_outcome_extra,Punish-Neutral,6.0,0.11704839790816941,0.3833319927443764,1.599999999999973,0.7022903874490115,0.7905982471791718,0.08830785973016032,-0.07789456997628103,0.08028147422140021,4.899999999999961,-0.3115782799051202,-0.11841107216303615
104,6,2,sharedreward,single-echo,fmriprep,sr_decision_by_future_outcome_extra,Reward-Punish,6.0,-0.053048690095052545,0.06667373100353026,0.0,-0.318292140570313,0.05855522199441926,0.3768473625647322,0.018811265177807863,0.0569537003643987,4.599999999999962,0.07524506071123052,-0.021761379371309723
104,6,2,sharedreward,single-echo,tedana,sr_decision_partner_extra,Computer-Stranger,6.0,0.03765161902126093,0.1699445882371742,0.6999999999999762,0.22590971412756394,0.47547098278039446,0.24956126865283046,-0.0833696729681645,0.0594503751988885,7.899999999999951,-0.33347869187265383,-0.17709784261657713
104,6,2,sharedreward,single-echo,tedana,sr_outcome_primary,Reward-Neutral,5.203000000000003,-0.04303370010596493,0.11927927346247069,0.4999999999999769,-0.2239043416513357,0.11407420260198595,0.33797854425332163,-0.021338745209617642,0.1003735278473076,6.199999999999957,-0.08535498083846951,0.08637119143003781
104,6,2,sharedreward,single-echo,tedana,sr_outcome_primary,Punish-Neutral,5.203000000000003,-0.009032670815539963,0.15445724007660655,5.203000000000003,-0.04699698625325446,0.13369815712136504,0.1806951433746195,0.03846650200517813,0.1936208168694687,5.599999999999959,0.1538660080207106,0.16053034918828993
104,6,2,sharedreward,single-echo,tedana,sr_outcome_primary,Reward-Punish,5.203000000000003,-0.03400102929042497,0.051952909314290405,0.6999999999999762,-0.17690735539808122,0.04436194689181082,0.22126930228989206,-0.05980524721479576,0.0220812337860187,6.7999999999999545,-0.23922098885918008,-0.07415915775825212
104,6,2,sharedreward,single-echo,tedana,sr_decision_by_future_outcome_extra,Reward-Neutral,6.0,0.0391506441927283,0.20271016690404342,0.2999999999999776,0.2349038651563681,0.371404634639409,0.13650076948304088,-0.05186722360952021,0.0992929725643553,4.899999999999961,-0.20746889443807826,-0.03927551734661898
104,6,2,sharedreward,single-echo,tedana,sr_decision_by_future_outcome_extra,Punish-Neutral,6.0,0.11388475565537187,0.28193466572324133,0.2999999999999776,0.6833085339322263,0.6989771069451451,0.015668573012918702,-0.03561660805816079,0.08207819203566313,4.0,-0.14246643223264138,-0.06858521254082668
104,6,2,sharedreward,single-echo,tedana,sr_decision_by_future_outcome_extra,Reward-Punish,6.0,-0.07473411146264357,0.0574921808406542,5.799999999999958,-0.4484046687758582,0.05684142242310751,0.5052460911989658,-0.016250615551359412,0.0574921808406542,5.799999999999958,-0.06500246220543685,0.029309695194207706
104,7,1,mid,multi-echo,fmriprep,mid_anticipation_primary,Reward-Neutral,5.0224999999999795,-0.10364562532498725,0.26671691452920143,5.0224999999999795,-0.5205601531947464,0.10994924442561772,0.6305093976203641,0.1722486622509504,0.3044432023945523,5.599999999999959,0.688994649003793,0.2865530221028454
104,7,1,mid,multi-echo,fmriprep,mid_feedback_extra,Positive-Negative,5.9909999999999854,0.006032979156834812,0.2265237977157378,0.3999999999999772,0.03614357812859727,0.5006669894870246,0.4645234113584273,0.24171583738462102,0.4136444713766891,7.0999999999999535,0.9668633495384721,0.14140124279911837
104,7,1,mid,multi-echo,tedana,mid_anticipation_primary,Reward-Neutral,5.0224999999999795,-0.13437302290428815,0.1644513911505816,5.0224999999999795,-0.6748885075367845,0.03936464279466746,0.7142531503314521,0.050052011685013525,0.23151160116245367,5.599999999999959,0.2002080467400516,0.19147102048467118
104,7,1,mid,multi-echo,tedana,mid_feedback_extra,Positive-Negative,5.9909999999999854,-0.007726691665296627,0.2473456631606004,0.2999999999999776,-0.04629060976679198,0.22287385112193547,0.2691644608887275,0.06435478807277027,0.2094711804042364,7.599999999999952,0.25741915229107787,0.03644785860124592
104,7,1,mid,single-echo,fmriprep,mid_anticipation_primary,Reward-Neutral,5.0224999999999795,-0.2020133337795749,0.2957900391542948,4.899999999999961,-1.0146119689079107,0.12926637892879062,1.1438783478367016,0.15045300692941496,0.2957900391542948,4.899999999999961,0.6018120277176524,0.2036109996510174
104,7,1,mid,single-echo,fmriprep,mid_feedback_extra,Positive-Negative,5.9909999999999854,-0.031094465695482517,0.2932052318119564,0.3999999999999772,-0.1862869439816353,0.5291122076014878,0.7153991515831231,0.2844335114423474,0.5890997543896486,7.0999999999999535,1.1377340457693754,0.0929481612872991
104,7,1,mid,single-echo,tedana,mid_anticipation_primary,Reward-Neutral,5.0224999999999795,-0.2214380680144075,0.16494107518181614,5.0224999999999795,-1.112172696602357,0.04571317230341343,1.1578858689057703,-0.0001883133792963439,0.1885606035666776,5.29999999999996,-0.0007532535171853663,0.12429297858057617
104,7,1,mid,single-echo,tedana,mid_feedback_extra,Positive-Negative,5.9909999999999854,-0.02060200411921951,0.35129116015443,0.2999999999999776,-0.12342660667824377,0.33690581966853117,0.46033242634677485,0.028495696204679934,0.19356612287964461,7.599999999999952,0.11398278481871832,-0.006615656681746929
104,7,2,mid,multi-echo,fmriprep,mid_anticipation_primary,Reward-Neutral,5.022499999999994,-0.0009884850648045635,0.13740020992870872,0.0,-0.004964666237980914,0.12005896509816352,0.12502363133614444,-0.06435360023029364,-0.006317355462207401,7.99999999999995,-0.25741440092117135,-0.05163492679808077
104,7,2,mid,multi-echo,fmriprep,mid_feedback_extra,Positive-Negative,5.994,-0.006769026108641058,0.08425963718265239,5.994,-0.0405735424951945,0.07705773501540641,0.11763127751060092,0.03568370330800227,0.09449513389654729,6.499999999999956,0.1427348132320073,0.08428037320659093
104,7,2,mid,multi-echo,tedana,mid_anticipation_primary,Reward-Neutral,5.022499999999994,0.04954491022930326,0.15132100756183223,0.0,0.24883931162667533,0.24953142517534987,0.0006921135486745275,-0.0297263023103857,0.023731786436594553,4.0,-0.11890520924154131,-0.040803823984190316
104,7,2,mid,multi-echo,tedana,mid_feedback_extra,Positive-Negative,5.994,0.022642470811904257,0.08065327461847391,5.699999999999958,0.13571897004655412,0.15798465489237976,0.02226568484582564,0.03032926781464224,0.08065327461847391,5.699999999999958,0.12131707125856744,0.06795847547390622
104,7,2,mid,single-echo,fmriprep,mid_anticipation_primary,Reward-Neutral,5.022499999999994,-0.019728644038171525,0.13133408828903745,0.0,-0.09908711468171637,0.06298094964099693,0.16206806432271328,0.01476039506803529,0.18641028710929652,7.99999999999995,0.059041580272140425,-0.04165653356026925
104,7,2,mid,single-echo,fmriprep,mid_feedback_extra,Positive-Negative,5.994,0.05847449962135802,0.2230865160542595,5.994,0.35049615073041995,0.3620227444760072,0.011526593745587257,0.132178347823064,0.2413717171687049,6.399999999999956,0.5287133912922495,0.22313888743272195
104,7,2,mid,single-echo,tedana,mid_anticipation_primary,Reward-Neutral,5.022499999999994,0.07550646067535151,0.2081537098127175,3.899999999999965,0.3792311987419525,0.43576985527129486,0.05653865652934233,0.017659930095041257,0.20281520254534682,4.0,0.07063972038016415,-0.08860924107104776
104,7,2,mid,single-echo,tedana,mid_feedback_extra,Positive-Negative,5.994,0.07700079033768636,0.2042984161330153,5.29999999999996,0.46154273728409206,0.4617089417817432,0.00016620449765118828,0.11046136782350403,0.2042984161330153,5.29999999999996,0.44184547129401064,0.17969870228919566
104,7,1,sharedreward,multi-echo,fmriprep,sr_decision_partner_extra,Computer-Stranger,6.0,0.059646905552954835,0.2066362846655364,5.599999999999959,0.3578814333177265,0.47201544711210763,0.11413401379438115,0.11504226008668751,0.2066362846655364,5.599999999999959,0.46016904034674433,0.17690305089738373
104,7,1,sharedreward,multi-echo,fmriprep,sr_outcome_primary,Reward-Neutral,5.608850000000004,0.040155900094722426,0.42196185596636115,5.499999999999959,0.22522842024628403,0.6203310086659406,0.39510258841965656,0.2758402955179118,0.42196185596636115,5.499999999999959,1.1033611820716334,0.363114440250558
104,7,1,sharedreward,multi-echo,fmriprep,sr_outcome_primary,Punish-Neutral,5.608850000000004,-0.010340022702293731,0.10237558639933542,5.3999999999999595,-0.05799563633376023,0.13638465926330287,0.1943802955970631,0.026609866303772454,0.10237558639933542,5.3999999999999595,0.1064394652150885,0.07625899333684387
104,7,1,sharedreward,multi-echo,fmriprep,sr_outcome_primary,Reward-Punish,5.608850000000004,0.05049592279701616,0.3231440847170481,5.599999999999959,0.2832240565800443,0.4887746103940684,0.2055505538140241,0.2492304292141393,0.3231440847170481,5.599999999999959,0.9969217168565447,0.2868554469137142
104,7,1,sharedreward,multi-echo,fmriprep,sr_decision_by_future_outcome_extra,Reward-Neutral,6.0,0.04440945560904744,0.3661783515586517,0.5999999999999766,0.26645673365428274,0.6887213940505819,0.42226466039629923,-0.09051593036745278,0.13325805620847028,7.99999999999995,-0.36206372146980664,-0.08119476974367651
104,7,1,sharedreward,multi-echo,fmriprep,sr_decision_by_future_outcome_extra,Punish-Neutral,6.0,-0.0007704206191599654,0.26294311883651367,0.5999999999999766,-0.00462252371495976,0.35397299864965737,0.3585955223646171,-0.06897680707366252,0.0672293924114346,6.699999999999955,-0.27590722829464664,-0.028108730506802793
104,7,1,sharedreward,multi-echo,fmriprep,sr_decision_by_future_outcome_extra,Reward-Punish,6.0,0.045179876228207405,0.1638818156000985,2.199999999999971,0.2710792573692425,0.3758533275133641,0.10477407014412157,-0.02153912329379026,0.1625730499336035,7.99999999999995,-0.08615649317515997,-0.053086039236873724
104,7,1,sharedreward,multi-echo,tedana,sr_decision_partner_extra,Computer-Stranger,6.0,-0.0005949978417038291,0.1320666164264446,5.19999999999996,-0.0035699870502229492,0.2146925492852888,0.21826253633551174,0.016562849156771132,0.1320666164264446,5.19999999999996,0.06625139662708371,0.049046766729449354
104,7,1,sharedreward,multi-echo,tedana,sr_outcome_primary,Reward-Neutral,5.608850000000004,-0.05620248560910046,0.14200845720881933,5.608850000000004,-0.31523131140860333,0.22685102732988013,0.5420823387384834,0.14049147957949307,0.2507496148695473,7.99999999999995,0.5619659183179653,0.12990276001762313
104,7,1,sharedreward,multi-echo,tedana,sr_outcome_primary,Punish-Neutral,5.608850000000004,-0.15306494319670913,-0.048115178279661996,5.608850000000004,-0.8585183066488625,0.0,0.8585183066488625,-0.02152168332920571,0.07295954116522409,7.99999999999995,-0.08608673331682178,0.006087441586070676
104,7,1,sharedreward,multi-echo,tedana,sr_outcome_primary,Reward-Punish,5.608850000000004,0.09686245758760864,0.24149654978463153,4.799999999999962,0.5432869952402591,0.5808620622677242,0.037575067027465006,0.1620131629086988,0.24149654978463153,4.799999999999962,0.6480526516347871,0.12381531843155245
104,7,1,sharedreward,multi-echo,tedana,sr_decision_by_future_outcome_extra,Reward-Neutral,6.0,0.0006291103107113025,0.2068222322197268,0.6999999999999762,0.003774661864267788,0.40303407949096537,0.3992594176266976,-0.15609337776549262,0.053353426178893194,7.99999999999995,-0.6243735110619627,-0.2124642387106671
104,7,1,sharedreward,multi-echo,tedana,sr_decision_by_future_outcome_extra,Punish-Neutral,6.0,-0.05099121628855857,0.1255348783474971,0.0999999999999783,-0.30594729773134927,0.18885371057215175,0.4948010083035011,-0.2167795943945645,-0.13809485470134855,4.0,-0.8671183775782473,-0.21473088611240254
104,7,1,sharedreward,multi-echo,tedana,sr_decision_by_future_outcome_extra,Reward-Punish,6.0,0.051620326599269864,0.0967032952569997,0.8999999999999755,0.309721959595617,0.31238636092069294,0.0026644013250758597,0.0606862166290719,0.1960380248506957,7.99999999999995,0.24274486651628457,0.0022666474017354154
104,7,1,sharedreward,single-echo,fmriprep,sr_decision_partner_extra,Computer-Stranger,6.0,0.02704011491095867,0.2025764623559429,2.2999999999999705,0.16224068946575088,0.38725069669914236,0.22501000723339154,0.10660686666395765,0.1626228579468959,5.499999999999959,0.42642746665582526,0.10710892727693862
104,7,1,sharedreward,single-echo,fmriprep,sr_outcome_primary,Reward-Neutral,5.608850000000004,0.0547439242285676,0.5677919585144235,5.608850000000004,0.3070504594094016,0.7091834565258994,0.40213299711649786,0.38075702465774114,0.5766058723044589,5.799999999999958,1.5230280986309457,0.5379140306104548
104,7,1,sharedreward,single-echo,fmriprep,sr_outcome_primary,Punish-Neutral,5.608850000000004,0.016159853407514756,0.10991607450778085,5.599999999999959,0.0906381937847392,0.213467080536925,0.12282888675218581,0.026391223695962803,0.10991607450778085,5.599999999999959,0.1055648947838499,0.09753248607053963
104,7,1,sharedreward,single-echo,fmriprep,sr_outcome_primary,Reward-Punish,5.608850000000004,0.03858407082105285,0.4579097316163265,5.608850000000004,0.21641226562466243,0.591748587136591,0.3753363215119286,0.35436580096177833,0.4667568347185671,5.799999999999958,1.4174632038470958,0.44038154453991524
104,7,1,sharedreward,single-echo,fmriprep,sr_decision_by_future_outcome_extra,Reward-Neutral,6.0,0.13881990898886226,0.5663097388284931,0.0,0.8329194539331676,1.2548409960504643,0.4219215421172969,-0.16846197307378638,0.09958102898785451,4.0,-0.6738478922951372,-0.2541050633216525
104,7,1,sharedreward,single-echo,fmriprep,sr_decision_by_future_outcome_extra,Punish-Neutral,6.0,0.06700016889372351,0.4018815925669515,0.8999999999999755,0.4020010133623382,0.7120844655764524,0.3100834522141143,-0.0409798487732923,0.1362474065869783,4.0,-0.16391939509316716,-0.06269103154107153
104,7,1,sharedreward,single-echo,fmriprep,sr_decision_by_future_outcome_extra,Reward-Punish,6.0,0.07181974009513872,0.2676238836489993,2.2999999999999705,0.4309184405708293,0.6073030835712111,0.17638464300038179,-0.12748212430049408,0.13891447992988581,7.99999999999995,-0.50992849720197,-0.19141403178058097
104,7,1,sharedreward,single-echo,tedana,sr_decision_partner_extra,Computer-Stranger,6.0,-0.05074405290823807,0.058650913913436506,4.899999999999961,-0.30446431744942626,0.05846175383865893,0.36292607128808524,-0.04326175009580839,0.058650913913436506,4.899999999999961,-0.1730470003832314,-0.07735657542705585
104,7,1,sharedreward,single-echo,tedana,sr_outcome_primary,Reward-Neutral,5.608850000000004,-0.033855506175316276,0.1937601697628574,4.699999999999962,-0.18989045581142283,0.2814961724017109,0.4713866282131337,0.1970845298190346,0.2954513114869911,7.99999999999995,0.7883381192761286,0.19052976091499488
104,7,1,sharedreward,single-echo,tedana,sr_outcome_primary,Punish-Neutral,5.608850000000004,-0.18088906854237233,-0.024938803079828,3.599999999999966,-1.0145796520938857,0.0,1.0145796520938857,-0.045817091557901896,0.1910710724086852,7.99999999999995,-0.1832683662316053,-0.04814060716500532
104,7,1,sharedreward,single-echo,tedana,sr_outcome_primary,Reward-Punish,5.608850000000004,0.14703356236705603,0.39020160161728557,4.799999999999962,0.8246891962824628,0.8419360620972537,0.017246865814790877,0.24290162137693647,0.39020160161728557,4.799999999999962,0.9716064855077338,0.2386703680800002
104,7,1,sharedreward,single-echo,tedana,sr_decision_by_future_outcome_extra,Reward-Neutral,6.0,0.10487738334194395,0.3244377187437037,0.0,0.6292643000516592,1.0027483134621369,0.37348401341047754,-0.22249682861910955,0.159102103092564,4.0,-0.8899873144764271,-0.39458513877742146
104,7,1,sharedreward,single-echo,tedana,sr_decision_by_future_outcome_extra,Punish-Neutral,6.0,0.0008075871409303111,0.2561401823513765,0.9999999999999752,0.004845522845581832,0.5099689004109781,0.5051233775653963,-0.2575750023862967,-0.05090357853380337,4.0,-1.030300009545174,-0.3265715785014164
104,7,1,sharedreward,single-echo,tedana,sr_decision_by_future_outcome_extra,Reward-Punish,6.0,0.10406979620101368,0.2734762659586356,3.599999999999966,0.6244187772060776,0.642888963851491,0.018470186645413365,0.03507817376718713,0.2311389954915422,7.99999999999995,0.14031269506874677,-0.06801356027600511
104,7,2,sharedreward,multi-echo,fmriprep,sr_decision_partner_extra,Computer-Stranger,6.0,-0.017213465439044184,0.08227193571808761,3.0999999999999677,-0.10328079263426436,0.10808058550077412,0.21136137813503852,-0.007721214849610814,0.0326228226867434,6.899999999999954,-0.03088485939844287,-0.02463272740369741
104,7,2,sharedreward,multi-echo,fmriprep,sr_outcome_primary,Reward-Neutral,6.0,-0.04395400367898364,0.0831405043710982,4.699999999999962,-0.26372402207389994,0.0639078870989967,0.32763190917289664,-0.03045757656763229,0.0831405043710982,4.699999999999962,-0.12183030627052764,-0.11323393972478422
104,7,2,sharedreward,multi-echo,fmriprep,sr_outcome_primary,Punish-Neutral,6.0,-0.12773560061599726,-0.010924451925935802,5.999999999999957,-0.7664136036959781,0.0,0.7664136036959781,0.03899267640050373,0.1930608490688998,7.399999999999952,0.15597070560201298,-0.010924451925927744
104,7,2,sharedreward,multi-echo,fmriprep,sr_outcome_primary,Reward-Punish,6.0,0.08378159693701362,0.19776789277419504,0.0,0.5026895816220781,0.5231547298158594,0.020465148193781264,-0.06945025296813602,0.13539227480655208,4.699999999999962,-0.27780101187254064,-0.10230948779885649
104,7,2,sharedreward,multi-echo,fmriprep,sr_decision_by_future_outcome_extra,Reward-Neutral,6.0,0.11804269037634256,0.2897307137062381,2.7999999999999687,0.7082561422580503,0.7895708114636597,0.08131466920560937,-0.05602704410216447,0.11733410499819168,4.0,-0.2241081764086551,-0.10474312765294957
104,7,2,sharedreward,multi-echo,fmriprep,sr_decision_by_future_outcome_extra,Punish-Neutral,6.0,-0.01789198293471955,0.15651060338297748,2.7999999999999687,-0.10735189760831652,0.25465430749426193,0.3620062051025785,-0.20707352135975948,-0.09527894013391791,4.0,-0.8282940854390276,-0.19156141963813156
104,7,2,sharedreward,multi-echo,fmriprep,sr_decision_by_future_outcome_extra,Reward-Punish,6.0,0.13593467331106213,0.2126130451321096,3.999999999999965,0.815608039866367,0.815608039866367,0.0,0.151046477257595,0.21261304513210957,4.0,0.6041859090303725,0.08681829198518197
104,7,2,sharedreward,multi-echo,tedana,sr_decision_partner_extra,Computer-Stranger,6.0,0.00778029055311235,0.0892359503411544,5.3999999999999595,0.046681743318673766,0.19641836062618898,0.1497366173075152,0.054603669264528934,0.0892359503411544,5.3999999999999595,0.21841467705811302,0.0666248112467906
104,7,2,sharedreward,multi-echo,tedana,sr_outcome_primary,Reward-Neutral,6.0,0.04126201456075881,0.2227524878528406,4.699999999999962,0.24757208736455108,0.47258310377420576,0.2250110164096547,0.19204186583490934,0.23309699838645678,7.899999999999951,0.7681674633396278,0.16023449498829223
104,7,2,sharedreward,multi-echo,tedana,sr_outcome_primary,Punish-Neutral,6.0,-0.05759605440419514,0.11875798717395089,5.999999999999957,-0.3455763264251684,0.13391038755823503,0.4794867139834034,0.15051259772636957,0.2872035658344767,7.399999999999952,0.6020503909054709,0.11875798717395719
104,7,2,sharedreward,multi-echo,tedana,sr_outcome_primary,Reward-Punish,6.0,0.09885806896495397,0.1596745556922265,4.899999999999961,0.5931484137897196,0.5931484137897196,0.0,0.04152926810853975,0.1596745556922265,4.899999999999961,0.16611707243415694,0.04147650781433505
104,7,2,sharedreward,multi-echo,tedana,sr_decision_by_future_outcome_extra,Reward-Neutral,6.0,0.02360467055089409,0.1685813384045041,2.7999999999999687,0.14162802330536353,0.3032902284088976,0.16166220510353402,-0.0458105640949808,0.1546723732521931,7.99999999999995,-0.18324225637992092,-0.11776174178601811
104,7,2,sharedreward,multi-echo,tedana,sr_decision_by_future_outcome_extra,Punish-Neutral,6.0,-0.007769439946366211,0.16475167666013799,2.39999999999997,-0.04661663967819693,0.31639280997593267,0.3630094496541296,-0.16778702520665764,-0.0475269193386781,7.99999999999995,-0.6711481008266222,-0.1747240399267026
104,7,2,sharedreward,multi-echo,tedana,sr_decision_by_future_outcome_extra,Reward-Punish,6.0,0.031374110497260306,0.1220544135912285,4.499999999999963,0.18824466298356052,0.2690922158782377,0.08084755289467717,0.12197646111167683,0.2150099291342114,7.599999999999952,0.48790584444670126,0.05696229814068448
104,7,2,sharedreward,single-echo,fmriprep,sr_decision_partner_extra,Computer-Stranger,6.0,-0.10482491109577444,-0.008446181646940701,2.7999999999999687,-0.6289494665746421,0.0,0.6289494665746421,-0.10341085630082374,-0.0251168418371299,7.699999999999951,-0.4136434252032898,-0.1370168951629374
104,7,2,sharedreward,single-echo,fmriprep,sr_outcome_primary,Reward-Neutral,6.0,-0.08394684355344682,0.1759333613610322,4.799999999999962,-0.5036810613206774,0.1466041780033499,0.6502852393240273,-0.014866164768896774,0.1759333613610322,4.799999999999962,-0.05946465907558635,-0.13746744843934303
104,7,2,sharedreward,single-echo,fmriprep,sr_outcome_primary,Punish-Neutral,6.0,-0.19017622575283108,-0.053061288081601,4.199999999999964,-1.1410573545169784,0.0,1.1410573545169784,0.019693543760572748,0.1899538927570404,7.499999999999952,0.07877417504229,-0.05891974021633334
104,7,2,sharedreward,single-echo,fmriprep,sr_outcome_primary,Reward-Punish,6.0,0.10622938219938428,0.353116537672267,0.0,0.6373762931963012,0.685519770304337,0.04814347710803583,-0.03455970852946952,0.2634616674071739,4.899999999999961,-0.13823883411787635,-0.07854770822300967
104,7,2,sharedreward,single-echo,fmriprep,sr_decision_by_future_outcome_extra,Reward-Neutral,6.0,0.071977437974797,0.2706218980045072,0.0,0.4318646278487789,0.6562240665674708,0.22435943871869193,-0.1524384044870833,3.307806111150048e-05,4.0,-0.6097536179483256,-0.2225418854175749
104,7,2,sharedreward,single-echo,fmriprep,sr_decision_by_future_outcome_extra,Punish-Neutral,6.0,-0.20128725890734483,0.08934517256172032,0.0,-1.2077235534440605,0.014950911042692493,1.222674464486753,-0.3424055205234885,-0.2003735770180615,7.99999999999995,-1.3696220820939369,-0.32286189049105773
104,7,2,sharedreward,single-echo,fmriprep,sr_decision_by_future_outcome_extra,Reward-Punish,6.0,0.27326469688214183,0.3611557279329855,4.599999999999962,1.6395881812928395,1.6395881812928395,0.0,0.18996711603640512,0.3611557279329855,4.599999999999962,0.759868464145611,0.10032000507348289
104,7,2,sharedreward,single-echo,tedana,sr_decision_partner_extra,Computer-Stranger,6.0,-0.046992550774694754,0.051388428473693695,5.29999999999996,-0.28195530464816654,0.03063361932714222,0.3125889239753088,-0.01929918781675613,0.051388428473693695,5.29999999999996,-0.07719675126702356,-0.015019238474984013
104,7,2,sharedreward,single-echo,tedana,sr_outcome_primary,Reward-Neutral,6.0,0.06002377530549316,0.402221843279802,4.999999999999961,0.3601426518329564,0.7899977149674096,0.42985506313445326,0.32222555398086755,0.4234201938929162,7.899999999999951,1.2889022159234542,0.27814547821039776
104,7,2,sharedreward,single-echo,tedana,sr_outcome_primary,Punish-Neutral,6.0,-0.05507634310849501,0.1548438540355924,4.099999999999964,-0.3304580586509677,0.2934529883037622,0.62391104695473,0.1895991836350684,0.3288328204316427,7.399999999999952,0.7583967345402641,0.13906036550585257
104,7,2,sharedreward,single-echo,tedana,sr_outcome_primary,Reward-Punish,6.0,0.11510011841398818,0.3145532413852788,4.999999999999961,0.6906007104839241,0.6906007104839241,0.0,0.13262637034579913,0.3145532413852788,4.999999999999961,0.53050548138319,0.13908511270454518
104,7,2,sharedreward,single-echo,tedana,sr_decision_by_future_outcome_extra,Reward-Neutral,6.0,-0.040986758186890876,0.11309143284621502,0.0,-0.2459205491213435,0.14111305933615714,0.3870336084575006,-0.09881674801466649,0.2178225926873843,7.99999999999995,-0.395266992058661,-0.19363658646407764
104,7,2,sharedreward,single-echo,tedana,sr_decision_by_future_outcome_extra,Punish-Neutral,6.0,-0.14734737701425984,0.0528862841351141,2.2999999999999705,-0.8840842620855528,0.043727886913652016,0.9278121489992048,-0.2297681627041069,0.0436369460807461,7.99999999999995,-0.9190726508164162,-0.2457704372970849
104,7,2,sharedreward,single-echo,tedana,sr_decision_by_future_outcome_extra,Reward-Punish,6.0,0.10636061882736897,0.24676669979375981,4.899999999999961,0.6381637129642093,0.6381637129642093,0.0,0.13095141468944044,0.24676669979375981,4.899999999999961,0.5238056587577552,0.052133850833007235
104,8,1,mid,multi-echo,fmriprep,mid_anticipation_primary,Reward-Neutral,5.024299999999986,0.051690477479540864,0.17584596549956588,0.2999999999999776,0.25970846600045644,0.31847798901267876,0.058769523012222324,0.017159476349057293,0.0685134744583072,7.699999999999951,0.06863790539622833,0.04055774538050859
104,8,1,mid,multi-echo,fmriprep,mid_feedback_extra,Positive-Negative,5.990000000000009,0.061633350011737524,0.2133593395424364,2.39999999999997,0.3691837665703083,0.4433834790478198,0.0741997124775115,0.058320646496928454,0.1444847527533912,5.899999999999958,0.2332825859877109,0.14292281205118587
104,8,1,mid,multi-echo,tedana,mid_anticipation_primary,Reward-Neutral,5.024299999999986,0.07345598451817727,0.1891298659226174,0.2999999999999776,0.369064903014677,0.48679948112930577,0.11773457811462874,-0.04965799599210426,0.010353337015861,7.99999999999995,-0.19863198396841458,-0.027291417426069796
104,8,1,mid,multi-echo,tedana,mid_feedback_extra,Positive-Negative,5.990000000000009,0.08968054620844516,0.1977622117461993,2.0999999999999712,0.5371864717885874,0.5568430064507518,0.019656534662164517,0.09790213930529827,0.16455963781772331,6.899999999999954,0.3916085572211882,0.14196588090038764
104,8,1,mid,single-echo,fmriprep,mid_anticipation_primary,Reward-Neutral,5.024299999999986,0.08297173658574099,0.29112474550083944,0.2999999999999776,0.41687489612773726,0.46384943007494345,0.04697453394720619,0.05043142166339162,0.156035005709246,7.99999999999995,0.201725686653564,0.053192346117622316
104,8,1,mid,single-echo,fmriprep,mid_feedback_extra,Positive-Negative,5.990000000000009,0.05310217689696858,0.21783687244821,2.2999999999999705,0.31808203961284226,0.4195019603213076,0.10141992070846532,0.022572594460729737,0.1371815646038286,5.799999999999958,0.09029037784291782,0.12987150418025384
104,8,1,mid,single-echo,tedana,mid_anticipation_primary,Reward-Neutral,5.024299999999986,0.13714653084640294,0.3125985914531449,0.2999999999999776,0.6890653149315803,0.7504779925859969,0.061412677654416686,-0.029551441166748918,0.0465046956393273,7.99999999999995,-0.1182057646669942,-0.02954343541574713
104,8,1,mid,single-echo,tedana,mid_feedback_extra,Positive-Negative,5.990000000000009,0.10937612051125134,0.23930978848061457,1.899999999999972,0.6551629618623965,0.6744147952660412,0.019251833403644846,0.0737807604372453,0.15564391900711572,4.899999999999961,0.2951230417489775,0.10950498874461154
104,8,2,mid,multi-echo,fmriprep,mid_anticipation_primary,Reward-Neutral,5.024050000000008,0.09676608644058304,0.2332535568719551,1.7999999999999725,0.48615765658181204,0.5490320864806905,0.06287442989887854,-0.020539166349792817,0.12076995917781219,7.799999999999951,-0.08215666539917024,-0.1298409923879118
104,8,2,mid,multi-echo,fmriprep,mid_feedback_extra,Positive-Negative,5.992999999999995,0.12548996720106037,0.2820704270401046,3.899999999999965,0.7520613734359541,0.7677693253060164,0.015707951870062204,0.0384757115447465,0.2805992043798697,4.499999999999963,0.1539028461789841,-0.09313654319305055
104,8,2,mid,multi-echo,tedana,mid_anticipation_primary,Reward-Neutral,5.024050000000008,0.07631315987379006,0.1352896543497107,2.8999999999999684,0.3834011308639156,0.4010840767639309,0.017682945900015252,0.030098188086605082,0.1542499681200202,7.899999999999951,0.12039275234641883,-0.02609973002895179
104,8,2,mid,multi-echo,tedana,mid_feedback_extra,Positive-Negative,5.992999999999995,0.09533483020619603,0.21777031721788753,1.599999999999973,0.5713416374257323,0.5801381427909276,0.008796505365195259,0.0743678736728295,0.17867154609782898,4.799999999999962,0.2974714946913143,0.030968729045923026
104,8,2,mid,single-echo,fmriprep,mid_anticipation_primary,Reward-Neutral,5.024050000000008,0.13038627895053062,0.3253986283008506,1.899999999999972,0.6550671847614143,0.7971320355731603,0.14206485081174586,-0.051733586399454703,0.16638480513471415,4.0,-0.20693434559781623,-0.24756482619462675
104,8,2,mid,single-echo,fmriprep,mid_feedback_extra,Positive-Negative,5.992999999999995,0.10227092351051437,0.28455305996336533,3.799999999999965,0.612909644598512,0.6347349262359013,0.021825281637389338,-0.017508809937515513,0.244825642442805,4.0,-0.07003523975006118,-0.10590151660526326
104,8,2,mid,single-echo,tedana,mid_anticipation_primary,Reward-Neutral,5.024050000000008,0.12098375293636093,0.27229426162906323,2.8999999999999684,0.6078284239399251,0.6611357073815335,0.05330728344160841,0.0450430875665464,0.22622976247541607,4.0,0.18017235026618336,-0.058384521101809216
104,8,2,mid,single-echo,tedana,mid_feedback_extra,Positive-Negative,5.992999999999995,0.060088499689810074,0.2463241272541421,1.6999999999999726,0.36011037864103146,0.46136307020166467,0.10125269156063324,0.02790165107069988,0.1113424010774692,5.599999999999959,0.11160660428279813,0.08645546460659133
104,8,1,sharedreward,multi-echo,fmriprep,sr_decision_partner_extra,Computer-Stranger,6.0,-0.1407997331625655,0.0378160170170831,5.999999999999957,-0.844798398975387,0.012470821584905784,0.8572692205602928,-0.05011761610052711,0.0451364209024739,6.299999999999956,-0.20047046440210595,0.03781601701708462
104,8,1,sharedreward,multi-echo,fmriprep,sr_outcome_primary,Reward-Neutral,5.2122199999999985,-0.21492570953902895,-0.06688586260595986,5.2122199999999985,-1.1202400817735172,0.0,1.1202400817735172,-0.09926815845534305,0.013270300967503798,6.299999999999956,-0.39707263382136726,0.0020155359392057272
104,8,1,sharedreward,multi-echo,fmriprep,sr_outcome_primary,Punish-Neutral,5.2122199999999985,-0.06328376921266371,0.14989983746045,4.699999999999962,-0.32984892756562995,0.11429664329779836,0.44414557086342843,-0.01012783523129714,0.14989983746045,4.699999999999962,-0.04051134092518805,-0.04299034919462857
104,8,1,sharedreward,multi-echo,fmriprep,sr_outcome_primary,Reward-Punish,5.2122199999999985,-0.15164194032636527,-0.006517453769216055,0.0,-0.7903911542078874,0.0,0.7903911542078874,-0.08914032322404591,0.09336725839779769,6.299999999999956,-0.3565612928961792,0.0450058851338343
104,8,1,sharedreward,multi-echo,fmriprep,sr_decision_by_future_outcome_extra,Reward-Neutral,6.0,-0.24939190778183581,-0.06525370506601681,0.0999999999999783,-1.4963514466910042,0.0,1.4963514466910042,-0.23394541630201296,-0.1534123344200781,5.699999999999958,-0.9357816652080402,-0.16278287412961803
104,8,1,sharedreward,multi-echo,fmriprep,sr_decision_by_future_outcome_extra,Punish-Neutral,6.0,-0.23797019270561318,-0.0738778063111253,5.699999999999958,-1.427821156233669,0.0,1.427821156233669,-0.12871913734113316,-0.055945098777076596,7.99999999999995,-0.5148765493645262,-0.08709332338156342
104,8,1,sharedreward,multi-echo,fmriprep,sr_decision_by_future_outcome_extra,Reward-Punish,6.0,-0.011421715076222602,0.18195278062571765,0.0,-0.06853029045733512,0.1575017876137298,0.22603207807106493,-0.1052262789608798,-0.058852391972322705,6.499999999999956,-0.420905115843514,-0.07568955074805458
104,8,1,sharedreward,multi-echo,tedana,sr_decision_partner_extra,Computer-Stranger,6.0,-0.08142217802495323,0.0119468269322759,5.699999999999958,-0.4885330681497159,0.0024074706648470816,0.49094053881456295,-0.041959963392010184,0.0119468269322759,5.699999999999958,-0.16783985356803865,-0.009897827848160486
104,8,1,sharedreward,multi-echo,tedana,sr_outcome_primary,Reward-Neutral,5.2122199999999985,-0.06745181504676312,0.024291738157675987,5.2122199999999985,-0.35157369942303957,0.011584697574445406,0.3631583969974849,0.017230637427890605,0.055732981446261806,6.499999999999956,0.06892254971156156,0.0347393550370141
104,8,1,sharedreward,multi-echo,tedana,sr_outcome_primary,Punish-Neutral,5.2122199999999985,-0.043760558890377374,0.0851666441578415,4.699999999999962,-0.2280896602596027,0.05473350139477328,0.282823161654376,-0.014081094498258293,0.0851666441578415,4.699999999999962,-0.05632437799303247,-0.048785761208592994
104,8,1,sharedreward,multi-echo,tedana,sr_outcome_primary,Reward-Punish,5.2122199999999985,-0.02369125615638574,0.04876862805866854,0.0,-0.12348403916343684,0.02357114991795975,0.1470551890813966,0.0313117319261489,0.1259054042112383,6.299999999999956,0.12524692770459406,0.0835251162456071
104,8,1,sharedreward,multi-echo,tedana,sr_decision_by_future_outcome_extra,Reward-Neutral,6.0,-0.11442761614406272,-0.010408257119300799,5.699999999999958,-0.6865656968643714,0.0,0.6865656968643714,-0.08320834534556097,-0.010408257119300799,5.699999999999958,-0.3328333813822397,-0.03913734220680736
104,8,1,sharedreward,multi-echo,tedana,sr_decision_by_future_outcome_extra,Punish-Neutral,6.0,-0.14472101458716666,-0.017393565044752198,5.699999999999958,-0.8683260875229938,0.0,0.8683260875229938,-0.07661717744871535,-0.017393565044752198,5.699999999999958,-0.3064687097948576,-0.04611330315648358
104,8,1,sharedreward,multi-echo,tedana,sr_decision_by_future_outcome_extra,Reward-Punish,6.0,0.03029339844310392,0.15371970973887425,0.0,0.18176039065862223,0.20470311459226956,0.022942723933647324,-0.00659116789684562,0.0091255231913814,6.299999999999956,-0.026364671587382153,0.006975960949676218
104,8,1,sharedreward,single-echo,fmriprep,sr_decision_partner_extra,Computer-Stranger,6.0,-0.16384069516580066,0.13832980303388032,5.999999999999957,-0.983044170994797,0.05863066259989814,1.0416748335946953,0.01760013894412738,0.18366595721020862,6.499999999999956,0.07040055577650865,0.13832980303388454
104,8,1,sharedreward,single-echo,fmriprep,sr_outcome_primary,Reward-Neutral,5.2122199999999985,-0.3547220708707344,-0.16459474241482072,5.2122199999999985,-1.8488894722338585,0.0,1.8488894722338585,-0.20927734123231956,-0.07024824485221359,6.299999999999956,-0.8371093649292678,-0.09580924707285272
104,8,1,sharedreward,single-echo,fmriprep,sr_outcome_primary,Punish-Neutral,5.2122199999999985,-0.13635172368719717,0.0906332673197325,4.699999999999962,-0.7106951812368827,0.028650733108300894,0.7393459143451836,-0.09214362226393591,0.0906332673197325,4.699999999999962,-0.36857448905573903,-0.17943327996647257
104,8,1,sharedreward,single-echo,fmriprep,sr_outcome_primary,Reward-Punish,5.2122199999999985,-0.21837034718353718,0.057089991176121506,0.0,-1.1381942909969758,0.015388453142504342,1.1535827441394801,-0.11713371896838363,0.1411943920383203,6.299999999999956,-0.4685348758735287,0.08362403289361985
104,8,1,sharedreward,single-echo,fmriprep,sr_decision_by_future_outcome_extra,Reward-Neutral,6.0,-0.44944037088255206,-0.166819234344232,0.0,-2.6966422252952933,0.0,2.6966422252952933,-0.4481532169702686,-0.3379125530415883,6.299999999999956,-1.7926128678810522,-0.35499523420831736
104,8,1,sharedreward,single-echo,fmriprep,sr_decision_by_future_outcome_extra,Punish-Neutral,6.0,-0.4099199178367533,-0.1759456319675725,5.699999999999958,-2.4595195070205023,0.0,2.4595195070205023,-0.25926181855335145,-0.14123816839685488,7.99999999999995,-1.037047274213393,-0.17843459186037383
104,8,1,sharedreward,single-echo,fmriprep,sr_decision_by_future_outcome_extra,Reward-Punish,6.0,-0.03952045304579887,0.33480755494283504,0.0,-0.23712271827479153,0.26227682495775784,0.49939954323254937,-0.1888913984169172,-0.13173299066098887,4.0,-0.7555655936676594,-0.17656064234794352
104,8,1,sharedreward,single-echo,tedana,sr_decision_partner_extra,Computer-Stranger,6.0,-0.07460088896001218,0.1122759533974267,5.699999999999958,-0.44760533376006995,0.07568917027706039,0.5232945040371303,0.03227665609188414,0.1122759533974267,5.699999999999958,0.12910662436753495,0.07660117736392709
104,8,1,sharedreward,single-echo,tedana,sr_outcome_primary,Reward-Neutral,5.2122199999999985,-0.032028782069961764,0.1049271924418354,4.699999999999962,-0.16694105848069604,0.08429627555476306,0.2512373340354591,0.05815767941865971,0.1049271924418354,4.699999999999962,0.23263071767463595,0.05012093486494658
104,8,1,sharedreward,single-echo,tedana,sr_outcome_primary,Punish-Neutral,5.2122199999999985,-0.014180696222218979,0.0952276805840844,1.4999999999999734,-0.07391290846337419,0.10603949294190619,0.17995240140528035,0.008737405116518186,0.08449119114284581,4.699999999999962,0.034949620466072306,-0.07101684907280967
104,8,1,sharedreward,single-echo,tedana,sr_outcome_primary,Reward-Punish,5.2122199999999985,-0.017848085847742775,0.10489601452453427,0.0,-0.09302815001732183,0.09664483445382206,0.1896729844711439,0.04942027430214151,0.1514638010173965,6.299999999999956,0.19768109720856358,0.12113778393775623
104,8,1,sharedreward,single-echo,tedana,sr_decision_by_future_outcome_extra,Reward-Neutral,6.0,-0.17711495854700432,-0.0747045492267909,5.699999999999958,-1.0626897512820184,0.0,1.0626897512820184,-0.12033425594847466,0.0571010370562932,7.99999999999995,-0.48133702379389265,-0.08338274462577867
104,8,1,sharedreward,single-echo,tedana,sr_decision_by_future_outcome_extra,Punish-Neutral,6.0,-0.19714668282241213,0.030511846196044603,5.699999999999958,-1.1828800969344644,0.007776962254345642,1.1906570591888102,-0.07390819817883462,0.030511846196044603,5.699999999999958,-0.2956327927153348,0.007159213047343346
104,8,1,sharedreward,single-echo,tedana,sr_decision_by_future_outcome_extra,Reward-Punish,6.0,0.020031724275407774,0.289225606989241,0.0,0.12019034565244578,0.32727212107043385,0.20708177541798806,-0.046426057769640046,0.12447148632883161,7.99999999999995,-0.18570423107855788,-0.09054195767312202
104,8,2,sharedreward,multi-echo,fmriprep,sr_decision_partner_extra,Computer-Stranger,6.0,0.019584263751935695,0.2073174279905041,2.999999999999968,0.11750558251161335,0.3762909700959433,0.25878538758433,-0.05004389757037532,0.049599294796525396,4.0,-0.20017559028149878,-0.08193194885388612
104,8,2,sharedreward,multi-echo,fmriprep,sr_outcome_primary,Reward-Neutral,6.0,-0.04197361302093536,0.0573621231970322,1.6999999999999726,-0.25184167812561037,0.04315992102358261,0.29500159914919294,-0.1256075143372955,-0.016173682872056117,4.199999999999964,-0.5024300573491758,-0.13932519471415383
104,8,2,sharedreward,multi-echo,fmriprep,sr_outcome_primary,Punish-Neutral,6.0,-0.09142047708719386,0.0217521413960319,1.899999999999972,-0.5485228625231593,0.011361102227934197,0.5598839647510936,-0.03229558386910217,0.11745745507441749,7.299999999999953,-0.12918233547640706,-0.020498500170169038
104,8,2,sharedreward,multi-echo,fmriprep,sr_outcome_primary,Reward-Punish,6.0,0.04944686406625851,0.1451821396651684,0.9999999999999752,0.296681184397549,0.39485769928057934,0.09817651488303042,-0.09331193046819336,0.1398225802797898,4.0,-0.3732477218727688,-0.1188266945439848
104,8,2,sharedreward,multi-echo,fmriprep,sr_decision_by_future_outcome_extra,Reward-Neutral,6.0,0.039753836372698255,0.1355871051899746,1.7999999999999725,0.23852301823618785,0.29295483761180513,0.0544318193756173,0.006101661870729135,0.1054274415927563,4.999999999999961,0.02440664748291624,-0.03279423307422541
104,8,2,sharedreward,multi-echo,fmriprep,sr_decision_by_future_outcome_extra,Punish-Neutral,6.0,-0.005434901720125446,0.15428267206996849,1.899999999999972,-0.032609410320752444,0.1561312847532563,0.18874069507400879,-0.07903223488689436,0.027413599060562288,4.0,-0.3161289395475735,-0.09807130553828888
104,8,2,sharedreward,multi-echo,fmriprep,sr_decision_by_future_outcome_extra,Reward-Punish,6.0,0.045188738092823706,0.0989264527963444,5.499999999999959,0.2711324285569403,0.29315662873188175,0.02202420017494139,0.08513389675762348,0.1358531886335343,7.599999999999952,0.3405355870304897,0.06527707246406347
104,8,2,sharedreward,multi-echo,tedana,sr_decision_partner_extra,Computer-Stranger,6.0,0.0347836689874681,0.12043275249064989,3.3999999999999666,0.20870201392480708,0.289099851249425,0.08039783732461799,-0.02326799784018288,0.09719258460061066,4.0,-0.09307199136073037,-0.06529234616048275
104,8,2,sharedreward,multi-echo,tedana,sr_outcome_primary,Reward-Neutral,6.0,-0.09015960159538952,-0.031386638523440785,0.0,-0.5409576095723333,0.0,0.5409576095723333,-0.1845325453942476,-0.10423676844127519,4.299999999999963,-0.7381301815769812,-0.1742799675601799
104,8,2,sharedreward,multi-echo,tedana,sr_outcome_primary,Punish-Neutral,6.0,-0.10247811768463405,-0.03700491128933425,0.0,-0.6148687061078,0.0,0.6148687061078,-0.09637339764959252,-0.0427772610774097,6.499999999999956,-0.3854935905983653,-0.08424778798186579
104,8,2,sharedreward,multi-echo,tedana,sr_outcome_primary,Reward-Punish,6.0,0.012318516089244553,0.06970278950476119,0.9999999999999752,0.07391109653546679,0.12841970349376208,0.05450860695829528,-0.08815914774465507,0.025970877039096438,4.0,-0.3526365909786159,-0.0900321795783141
104,8,2,sharedreward,multi-echo,tedana,sr_decision_by_future_outcome_extra,Reward-Neutral,6.0,-0.01441613054960389,0.044200358870466694,1.0999999999999748,-0.08649678329762273,0.05223267325183057,0.13872945654945334,-0.07513029902074492,-0.0109310830056422,4.699999999999962,-0.30052119608297595,-0.09001993497546872
104,8,2,sharedreward,multi-echo,tedana,sr_decision_by_future_outcome_extra,Punish-Neutral,6.0,-0.0799681164596585,-0.027226651997652403,3.999999999999965,-0.47980869875794757,0.0,0.47980869875794757,-0.09859907894381231,-0.027226651997654446,4.0,-0.39439631577524437,-0.15137204059503895
104,8,2,sharedreward,multi-echo,tedana,sr_decision_by_future_outcome_extra,Reward-Punish,6.0,0.06555198591005462,0.1088085595039246,1.0999999999999748,0.39331191546032496,0.39331191546032496,0.0,0.023468779923067402,0.0914274081738407,5.499999999999959,0.09387511969226844,0.061352105619570246
104,8,2,sharedreward,single-echo,fmriprep,sr_decision_partner_extra,Computer-Stranger,6.0,-0.046702051375397804,0.2385821380693605,2.49999999999997,-0.28021230825238486,0.34961137302107814,0.6298236812734629,-0.07696917179321477,0.1482783071264224,7.199999999999953,-0.30787668717285527,-0.1222791315433214
104,8,2,sharedreward,single-echo,fmriprep,sr_outcome_primary,Reward-Neutral,6.0,-0.16643405347229576,0.04014242748798651,1.6999999999999726,-0.9986043208337674,0.006653674594612303,1.0052579954283796,-0.25525092845579783,-0.06449893360963438,4.299999999999963,-1.0210037138231787,-0.2949457262219854
104,8,2,sharedreward,single-echo,fmriprep,sr_outcome_primary,Punish-Neutral,6.0,-0.15913038929385057,0.1378384803376698,1.899999999999972,-0.9547823357630966,0.11244458359271796,1.0672269193558144,-0.07572582068817896,0.1675166649292117,7.399999999999952,-0.30290328275271206,-0.08369968201729391
104,8,2,sharedreward,single-echo,fmriprep,sr_outcome_primary,Reward-Punish,6.0,-0.007303664178445175,0.20678328063142337,3.999999999999965,-0.04382198507067074,0.3428561566689681,0.38667814173963894,-0.1795251077676189,0.2067832806314227,4.0,-0.7181004310704667,-0.21124604420469148
104,8,2,sharedreward,single-echo,fmriprep,sr_decision_by_future_outcome_extra,Reward-Neutral,6.0,-0.08369420726504409,0.0949785960471804,1.1999999999999744,-0.5021652435902609,0.08391280679243857,0.5860780503826996,-0.13602900931493608,0.014279864925902996,4.999999999999961,-0.5441160372597376,-0.13813290188028288
104,8,2,sharedreward,single-echo,fmriprep,sr_decision_by_future_outcome_extra,Punish-Neutral,6.0,-0.17076276900081117,0.0200039937049111,5.099999999999961,-1.0245766140048598,0.006089220971740438,1.0306658349766002,-0.12767876064082775,0.0200039937049111,5.099999999999961,-0.5107150425633047,-0.053575843976264366
104,8,2,sharedreward,single-echo,fmriprep,sr_decision_by_future_outcome_extra,Reward-Punish,6.0,0.08706856173576709,0.2403333476792415,0.9999999999999752,0.5224113704145988,0.56028679704599,0.03787542663139119,-0.008350248674108328,0.08615665560898281,7.99999999999995,-0.033400994696432894,-0.0845570579040185
104,8,2,sharedreward,single-echo,tedana,sr_decision_partner_extra,Computer-Stranger,6.0,-0.003549447362080393,0.1018643257385684,1.899999999999972,-0.021296684172482205,0.20254424856609124,0.22384093273857342,-0.04397871696150849,0.040470003406296,4.0,-0.17591486784603177,-0.11548058518839424
104,8,2,sharedreward,single-echo,tedana,sr_outcome_primary,Reward-Neutral,6.0,-0.13446827792624572,0.03128957881036509,1.7999999999999725,-0.8068096675574685,0.010713574990664202,0.8175232425481328,-0.2653598491044866,-0.0831657163656696,4.699999999999962,-1.0614393964179334,-0.24626704630701074
104,8,2,sharedreward,single-echo,tedana,sr_outcome_primary,Punish-Neutral,6.0,-0.09484159779948385,0.1259621604080817,1.899999999999972,-0.5690495867968991,0.10469697631022144,0.6737465631071204,-0.11535336418683276,-0.05770794904390159,6.999999999999954,-0.4614134567473253,-0.11249400336774656
104,8,2,sharedreward,single-echo,tedana,sr_outcome_primary,Reward-Punish,6.0,-0.039626680126761876,0.05448780076544919,4.399999999999963,-0.23776008076056956,0.06329092021624137,0.30105100097681087,-0.1500064849176539,0.05448780076544919,4.399999999999963,-0.6000259396706081,-0.13377304293926415
104,8,2,sharedreward,single-echo,tedana,sr_decision_by_future_outcome_extra,Reward-Neutral,6.0,-0.10880121006370065,0.010170176600754602,1.0999999999999748,-0.6528072603821993,0.0013884686961742748,0.6541957290783735,-0.15100640698867074,-0.018901443134861102,4.999999999999961,-0.6040256279546754,-0.11521147597556324
104,8,2,sharedreward,single-echo,tedana,sr_decision_by_future_outcome_extra,Punish-Neutral,6.0,-0.18609745313767745,0.0009663314237508998,4.999999999999961,-1.1165847188260567,9.663314237508963e-05,1.1166813519684318,-0.07046950171551021,0.0009663314237508998,4.999999999999961,-0.28187800686203734,-0.045634980370494946
104,8,2,sharedreward,single-echo,tedana,sr_decision_by_future_outcome_extra,Reward-Punish,6.0,0.07729624307397673,0.2047310850596994,0.9999999999999752,0.46377745844385704,0.49737395083111746,0.03359649238726037,-0.08053690527316049,0.004359116738861852,4.0,-0.32214762109263795,-0.06957649560506829
104,9,1,mid,multi-echo,fmriprep,mid_anticipation_primary,Reward-Neutral,5.022499999999994,-0.04095050759463493,0.3043953642420335,4.899999999999961,-0.20567392439405366,0.41874956150477843,0.624423485898832,0.17700077515751164,0.3043953642420335,4.899999999999961,0.7080031006300378,0.15861868343201702
104,9,1,mid,multi-echo,fmriprep,mid_feedback_extra,Positive-Negative,5.989000000000004,0.30329091112228845,0.6703181458473851,0.6999999999999762,1.8164092667113867,1.8495976172495858,0.03318835053819906,-0.05035322513972656,0.4053282910181074,4.0,-0.20141290055890373,-0.13879905042091156
104,9,1,mid,multi-echo,tedana,mid_anticipation_primary,Reward-Neutral,5.022499999999994,-0.0374345576205443,0.0618749760857297,3.3999999999999666,-0.1880150656491835,0.09994012274613581,0.2879551883953193,0.0760448662709829,0.11065548328385551,7.299999999999953,0.30417946508392785,0.08953246376055132
104,9,1,mid,multi-echo,tedana,mid_feedback_extra,Positive-Negative,5.989000000000004,0.034846876888265446,0.2168841751780381,0.6999999999999762,0.2086979456838219,0.3502156747845092,0.14151772910068733,0.00515730885510219,0.10530348314985778,4.0,0.020629235420408502,-0.036312536256764
104,9,1,mid,single-echo,fmriprep,mid_anticipation_primary,Reward-Neutral,5.022499999999994,-0.10245205342792463,0.4817321966401193,4.899999999999961,-0.5145654383417508,0.5568941875362833,1.071459625878034,0.19904200305342903,0.4817321966401193,4.899999999999961,0.7961680122137063,0.2249349258178254
104,9,1,mid,single-echo,fmriprep,mid_feedback_extra,Positive-Negative,5.989000000000004,0.37293809827798535,0.7988515664193327,0.6999999999999762,2.233526270586856,2.2663745300548737,0.03284825946801817,-0.05889658611625359,0.5256042248559119,4.0,-0.23558634446501142,-0.15248308142361747
104,9,1,mid,single-echo,tedana,mid_anticipation_primary,Reward-Neutral,5.022499999999994,-0.09074677108707788,0.17806816146657128,5.022499999999994,-0.4557756577848481,0.11622020518357025,0.5719958629684183,0.08967584750273729,0.2065908876955388,5.3999999999999595,0.3587033900109447,0.1840627343847128
104,9,1,mid,single-echo,tedana,mid_feedback_extra,Positive-Negative,5.989000000000004,0.06011351227533805,0.2377003763919721,3.899999999999965,0.36001982501699986,0.48780686744653473,0.12778704242953484,0.04426141042624819,0.22827820654987485,4.0,0.17704564170499057,-0.016027224660073097
104,9,2,mid,multi-echo,fmriprep,mid_anticipation_primary,Reward-Neutral,5.022000000000006,0.10944459567012424,0.25080339878428093,4.599999999999962,0.5496307594553645,0.5619777198000296,0.012346960344665085,-0.009982966091962014,0.25080339878428093,4.599999999999962,-0.039931864367847555,-0.18256052633591735
104,9,2,mid,multi-echo,fmriprep,mid_feedback_extra,Positive-Negative,5.99199999999999,-0.030487648608923553,0.327709974761704,0.2999999999999776,-0.18268199046466962,0.30073798105104954,0.48341997151571914,0.0905044566893976,0.2821838219389074,6.899999999999954,0.3620178267575859,0.1686095410142347
104,9,2,mid,multi-echo,tedana,mid_anticipation_primary,Reward-Neutral,5.022000000000006,-0.051017068342660524,0.0788225055739569,4.599999999999962,-0.25620771721684144,0.05082740661663981,0.3070351238334813,-0.0944946571017634,0.0788225055739569,4.599999999999962,-0.3779786284070489,-0.1907739792566468
104,9,2,mid,multi-echo,tedana,mid_feedback_extra,Positive-Negative,5.99199999999999,-0.06227342138791966,0.2138585049048605,0.2999999999999776,-0.37314234095641396,0.1540325011306801,0.5271748420870939,-0.014054952791811803,0.1007022884590965,7.99999999999995,-0.05621981116724651,0.027544340300896097
104,9,2,mid,single-echo,fmriprep,mid_anticipation_primary,Reward-Neutral,5.022000000000006,0.21627011581339314,0.4601424860855949,4.599999999999962,1.0861085216148616,1.1380358729231548,0.05192735130829333,0.08558818404825715,0.4601424860855949,4.599999999999962,0.3423527361930243,-0.13103150044474413
104,9,2,mid,single-echo,fmriprep,mid_feedback_extra,Positive-Negative,5.99199999999999,-0.10889769289974628,0.6433932230328149,0.0999999999999783,-0.6525149758552786,0.479411931322884,1.1319269071781626,0.059488876204401284,0.3954775806548423,6.999999999999954,0.23795550481760216,0.13643231322261906
104,9,2,mid,single-echo,tedana,mid_anticipation_primary,Reward-Neutral,5.022000000000006,-0.046801717771764985,0.1423541759421241,4.699999999999962,-0.235038226649804,0.13660606523139304,0.3716442918811971,-0.08006119571910729,0.1423541759421241,4.699999999999962,-0.32024478287642516,-0.19928455949758367
104,9,2,mid,single-echo,tedana,mid_feedback_extra,Positive-Negative,5.99199999999999,-0.1647808579664465,0.38327985962192956,0.0999999999999783,-0.987366900934946,0.24162096163239394,1.2289878625673396,-0.061152246637822406,0.16437754249401648,6.999999999999954,-0.24460898655128657,-0.019155258090155846
104,9,1,sharedreward,multi-echo,fmriprep,sr_decision_partner_extra,Computer-Stranger,6.0,-0.04569566548750004,0.1132844276743136,3.0999999999999677,-0.2741739929249983,0.13146860531212637,0.4056425982371246,-0.0725605001466013,0.036930715284885604,6.199999999999957,-0.2902420005864016,0.028247152771617687
104,9,1,sharedreward,multi-echo,fmriprep,sr_outcome_primary,Reward-Neutral,6.0,-0.07700294796820105,0.21165154010461978,0.0999999999999783,-0.462017687809203,0.09490995722220254,0.5569276450314056,-0.04074633683264602,0.12127220677843231,7.0999999999999535,-0.16298534733058206,-0.04028742382804225
104,9,1,sharedreward,multi-echo,fmriprep,sr_outcome_primary,Punish-Neutral,6.0,-0.0012650820281063383,0.1684318683467843,4.799999999999962,-0.007590492168637976,0.4444838447051909,0.4520743368738289,0.030712750283068007,0.1684318683467843,4.799999999999962,0.1228510011322705,-0.035814008107316865
104,9,1,sharedreward,multi-echo,fmriprep,sr_outcome_primary,Reward-Punish,6.0,-0.0757378659400947,0.31814114946063876,0.6999999999999762,-0.454427195640565,0.3940396765977602,0.8484668722383252,-0.07145908711571403,0.2161098427188402,6.999999999999954,-0.28583634846285255,-0.004473415720725383
104,9,1,sharedreward,multi-echo,fmriprep,sr_decision_by_future_outcome_extra,Reward-Neutral,6.0,-9.240812393138996e-05,0.5172604106148575,3.6999999999999655,-0.0005544487435883358,0.7608093159387974,0.7613637646823859,-0.0890861885360841,0.5118795446194847,4.0,-0.356344754144332,-0.33652207639977966
104,9,1,sharedreward,multi-echo,fmriprep,sr_decision_by_future_outcome_extra,Punish-Neutral,6.0,0.0007195862535671203,0.3364567434971641,3.3999999999999666,0.004317517521402692,0.5593790631062538,0.555061545584851,-0.09581947516153358,0.23856938882307038,4.0,-0.38327790064612954,-0.3834025598992629
104,9,1,sharedreward,multi-echo,fmriprep,sr_decision_by_future_outcome_extra,Reward-Punish,6.0,-0.0008119943774985053,0.2733101557964169,3.999999999999965,-0.004871966264990997,0.48680804384252446,0.4916800101075155,0.006733286625449445,0.2733101557964142,4.0,0.026933146501797442,0.04688048349948321
104,9,1,sharedreward,multi-echo,tedana,sr_decision_partner_extra,Computer-Stranger,6.0,0.037606985166759636,0.1289283276689765,2.49999999999997,0.22564191100055622,0.2952517491108639,0.06960983811030763,-0.07187315248908901,0.024581214377667897,4.0,-0.2874926099563525,-0.06335082265726627
104,9,1,sharedreward,multi-echo,tedana,sr_outcome_primary,Reward-Neutral,6.0,0.031940482514353566,0.3089355169353344,0.0999999999999783,0.19164289508612004,0.3227533860669829,0.13111049098086291,-0.043256702406852775,0.016193864343219802,6.999999999999954,-0.17302680962740893,-0.039102963852619424
104,9,1,sharedreward,multi-echo,tedana,sr_outcome_primary,Punish-Neutral,6.0,0.02227001764919758,0.09288808109052471,3.0999999999999677,0.13362010589518453,0.2009449186076717,0.06732481271248714,0.022428436881722198,0.081341551653414,7.299999999999953,0.08971374752688768,-0.03594152973338243
104,9,1,sharedreward,multi-echo,tedana,sr_outcome_primary,Reward-Punish,6.0,0.009670464865155982,0.22747322712126428,0.1999999999999779,0.05802278919093548,0.2899760293267182,0.2319532401357827,-0.06568513928857497,0.0194768519418274,6.399999999999956,-0.2627405571542966,-0.003161434119236985
104,9,1,sharedreward,multi-echo,tedana,sr_decision_by_future_outcome_extra,Reward-Neutral,6.0,0.13813007577890088,0.3330365497803778,3.3999999999999666,0.8287804546733994,0.8287804546733994,0.0,0.10563262438112066,0.2933344263929061,4.0,0.42253049752447736,0.06441149789698222
104,9,1,sharedreward,multi-echo,tedana,sr_decision_by_future_outcome_extra,Punish-Neutral,6.0,0.016915890827429444,0.140296204292862,2.49999999999997,0.10149534496457593,0.2664775110195104,0.16498216605493451,0.022822103823780644,0.1095168616549434,7.99999999999995,0.09128841529512144,0.03310692448634621
104,9,1,sharedreward,multi-echo,tedana,sr_decision_by_future_outcome_extra,Reward-Punish,6.0,0.12121418495147147,0.27720593033547447,4.099999999999964,0.7272851097088237,0.7441193612638045,0.01683425155498087,0.08281052055734,0.27720593033547447,4.099999999999964,0.3312420822293559,0.03130457341063602
104,9,1,sharedreward,single-echo,fmriprep,sr_decision_partner_extra,Computer-Stranger,6.0,-0.061927550781817546,0.2049969160939918,3.0999999999999677,-0.37156530469090265,0.26934244571116034,0.6409077504020629,-0.046324208924125025,0.0692208134994369,6.399999999999956,-0.1852968356964978,0.04471859413117718
104,9,1,sharedreward,single-echo,fmriprep,sr_outcome_primary,Reward-Neutral,6.0,-0.15495077263784449,0.384092641270224,0.0999999999999783,-0.9297046358270603,0.1975781217467685,1.1272827575738287,-0.10506867030109265,0.20782706604104678,7.0999999999999535,-0.4202746812043654,-0.13534374169056404
104,9,1,sharedreward,single-echo,fmriprep,sr_outcome_primary,Punish-Neutral,6.0,-0.05682146522109422,0.13815760446342013,4.799999999999962,-0.3409287913265629,0.17792048392337867,0.5188492752499416,-0.004727612109640919,0.13815760446342013,4.799999999999962,-0.01891044843856344,-0.16265243740949892
104,9,1,sharedreward,single-echo,fmriprep,sr_outcome_primary,Reward-Punish,6.0,-0.09812930741675026,0.42257867468954347,0.6999999999999762,-0.5887758445004974,0.5338113457243779,1.1225871902248752,-0.10034105819145174,0.28338284371176836,6.899999999999954,-0.40136423276580196,0.027308695718934874
104,9,1,sharedreward,single-echo,fmriprep,sr_decision_by_future_outcome_extra,Reward-Neutral,6.0,0.10357146532131536,0.9385447242992262,3.4999999999999662,0.6214287919278878,1.4583715177589964,0.8369427258311086,-0.13423618911442403,0.851408112274141,4.0,-0.5369447564576895,-0.4296179794108872
104,9,1,sharedreward,single-echo,fmriprep,sr_decision_by_future_outcome_extra,Punish-Neutral,6.0,0.06745552603031232,0.5394878978130588,3.3999999999999666,0.40473315618187106,0.9912282466244737,0.5864950904426027,-0.15449253018767747,0.38069209609992866,4.0,-0.6179701207507022,-0.5187583494370053
104,9,1,sharedreward,single-echo,fmriprep,sr_decision_by_future_outcome_extra,Reward-Punish,6.0,0.03611593929100307,0.4707160161742197,3.999999999999965,0.21669563574601688,0.8680986209640061,0.6514029852179892,0.020256341073253456,0.47071601617421244,4.0,0.08102536429301281,0.08914037002611812
104,9,1,sharedreward,single-echo,tedana,sr_decision_partner_extra,Computer-Stranger,6.0,0.061632999629931594,0.23527015308441168,2.5999999999999694,0.36979799777958694,0.5025587107925724,0.1327607130129855,-0.019357950969114114,0.09501116883436664,4.0,-0.0774318038764555,-0.0601633282577779
104,9,1,sharedreward,single-echo,tedana,sr_outcome_primary,Reward-Neutral,6.0,-0.010608322359842933,0.4768976208264802,0.0999999999999783,-0.06364993415905715,0.5638206775273288,0.6274706116863858,-0.07983137679730089,0.0940804315581317,6.999999999999954,-0.31932550718919955,-0.046052975928281364
104,9,1,sharedreward,single-echo,tedana,sr_outcome_primary,Punish-Neutral,6.0,-0.058543820666279243,0.0681493645440074,0.8999999999999755,-0.35126292399767295,0.07929386727733853,0.4305567912750115,-0.0032414056839137925,0.2297989099472832,7.299999999999953,-0.012965622735655009,-0.11246453880701297
104,9,1,sharedreward,single-echo,tedana,sr_outcome_primary,Reward-Punish,6.0,0.04793549830643632,0.4268234815559327,0.0999999999999783,0.2876129898386159,0.5301054508909574,0.2424924610523416,-0.0765899711133871,0.08294992089596949,6.299999999999956,-0.30635988445354456,0.06641156287873161
104,9,1,sharedreward,single-echo,tedana,sr_decision_by_future_outcome_extra,Reward-Neutral,6.0,0.260832384551106,0.6429825285444853,3.3999999999999666,1.564994307306625,1.564994307306625,0.0,0.09621739425597493,0.4650021519419761,4.0,0.38486957702389496,0.11903070736725693
104,9,1,sharedreward,single-echo,tedana,sr_decision_by_future_outcome_extra,Punish-Neutral,6.0,0.040826736324318894,0.3053580027634073,2.5999999999999694,0.24496041794591164,0.4873921358692763,0.2424317179233647,-0.04716489766655609,0.038314102936051,6.199999999999957,-0.188659590666222,0.032320710128801146
104,9,1,sharedreward,single-echo,tedana,sr_decision_by_future_outcome_extra,Reward-Punish,6.0,0.2200056482267872,0.4953166344812818,3.999999999999965,1.3200338893607138,1.3230952341458102,0.0030613447850964676,0.14338229192253105,0.4953166344812805,4.0,0.5735291676901171,0.0867099972384558
104,9,2,sharedreward,multi-echo,fmriprep,sr_decision_partner_extra,Computer-Stranger,6.0,-0.16047573384447006,0.11618864745259519,5.999999999999957,-0.9628544030668135,0.035059142415500524,0.997913545482314,0.12909561052406054,0.3866674568911501,7.699999999999951,0.5163824420962357,0.11618864745259905
104,9,2,sharedreward,multi-echo,fmriprep,sr_outcome_primary,Reward-Neutral,6.0,0.001175269878747555,0.4338994925211122,5.499999999999959,0.007051619272485279,0.6267337550430491,0.6196821357705637,0.15238882600324283,0.4338994925211122,5.499999999999959,0.6095553040129638,0.34845012374827566
104,9,2,sharedreward,multi-echo,fmriprep,sr_outcome_primary,Punish-Neutral,6.0,0.1276383780601711,0.3386414683041364,1.0999999999999748,0.7658302683610211,0.8213654360956965,0.05553516773467543,0.17478971826464113,0.3490013029306287,7.599999999999952,0.6991588730585558,0.14500021185499803
104,9,2,sharedreward,multi-echo,fmriprep,sr_outcome_primary,Reward-Punish,6.0,-0.12646310818142353,0.2700242229433705,5.599999999999959,-0.7587786490885358,0.3971584819174373,1.155937131005973,-0.022400892261398263,0.2700242229433705,5.599999999999959,-0.08960356904559194,0.20344991189327766
104,9,2,sharedreward,multi-echo,fmriprep,sr_decision_by_future_outcome_extra,Reward-Neutral,6.0,0.06383740604676535,0.3673869375692207,1.899999999999972,0.3830244362805894,0.6289140394956864,0.24588960321509704,-0.09624699844362081,0.05010634749364519,4.199999999999964,-0.38498799377447845,-0.23309495740099015
104,9,2,sharedreward,multi-echo,fmriprep,sr_decision_by_future_outcome_extra,Punish-Neutral,6.0,0.14622862859318428,0.4063840671690627,4.699999999999962,0.8773717715590995,1.0815408800178417,0.20416910845874253,0.15381692414905376,0.4063840671690627,4.699999999999962,0.6152676965962074,0.19532054789245115
104,9,2,sharedreward,multi-echo,fmriprep,sr_decision_by_future_outcome_extra,Reward-Punish,6.0,-0.08239122254641895,0.27364279894847743,0.1999999999999779,-0.49434733527851016,0.4745238340143272,0.9688711692928373,-0.2500639225926746,0.1678727798301419,7.899999999999951,-1.000255690370686,-0.42841550529344125
104,9,2,sharedreward,multi-echo,tedana,sr_decision_partner_extra,Computer-Stranger,6.0,0.007013875215419758,0.0885865797817662,3.3999999999999666,0.04208325129251825,0.14802802843327306,0.10594477714075481,0.07651519434188758,0.20679765894206442,7.299999999999953,0.3060607773675465,0.053907458157823385
104,9,2,sharedreward,multi-echo,tedana,sr_outcome_primary,Reward-Neutral,6.0,-0.05158667207588163,0.0318873600569546,3.4999999999999662,-0.3095200324552876,0.026745360986053887,0.33626539344134143,-0.02640964847276371,0.019623704446229094,4.0,-0.10563859389105353,-0.012494138771928176
104,9,2,sharedreward,multi-echo,tedana,sr_outcome_primary,Punish-Neutral,6.0,0.04333907375830763,0.1413281605474163,2.49999999999997,0.2600344425498439,0.2791119086753483,0.01907746612550433,0.012360544637745717,0.0453102394194971,4.0,0.04944217855098225,0.0073040931882724916
104,9,2,sharedreward,multi-echo,tedana,sr_outcome_primary,Reward-Punish,6.0,-0.09492574583418925,0.0006946835415462989,5.599999999999959,-0.5695544750051315,6.946835415462965e-05,0.5696239433592861,-0.03877019311050942,0.0006946835415462989,5.599999999999959,-0.15508077244203577,-0.019798231960200665
104,9,2,sharedreward,multi-echo,tedana,sr_decision_by_future_outcome_extra,Reward-Neutral,6.0,0.019539547228639084,0.1690029329294635,1.599999999999973,0.11723728337183367,0.39200331493712903,0.27476603156529533,-0.0819935363626517,0.016527240675369897,6.699999999999955,-0.32797414545060277,-0.0968462484681774
104,9,2,sharedreward,multi-echo,tedana,sr_decision_by_future_outcome_extra,Punish-Neutral,6.0,0.09023053376431461,0.2782078002131256,1.4999999999999734,0.5413832025858838,0.6235044053104283,0.08212120272454455,0.024971740330151312,0.12065805164924351,6.699999999999955,0.09988696132060401,-0.0011492298734024407
104,9,2,sharedreward,multi-echo,tedana,sr_decision_by_future_outcome_extra,Reward-Punish,6.0,-0.0706909865356755,0.005644318945390653,0.0,-0.42414591921405,0.0010508214784291203,0.42519674069247915,-0.10696527669280301,-0.0840517924883383,5.699999999999958,-0.4278611067712067,-0.09569701859477495
104,9,2,sharedreward,single-echo,fmriprep,sr_decision_partner_extra,Computer-Stranger,6.0,-0.09475194805570532,0.3013867930388026,5.999999999999957,-0.5685116883342278,0.3852357443040715,0.9537474326382993,0.2923031064659018,0.5230743286539375,7.0999999999999535,1.1692124258635928,0.3013867930388002
104,9,2,sharedreward,single-echo,fmriprep,sr_outcome_primary,Reward-Neutral,6.0,0.01093665687459067,0.8112354494699932,5.599999999999959,0.06561994124754356,1.0235046724986854,0.9578847312511416,0.28371670816442324,0.8112354494699932,5.599999999999959,1.1348668326576787,0.7371278522286561
104,9,2,sharedreward,single-echo,fmriprep,sr_outcome_primary,Punish-Neutral,6.0,0.2254086777638511,0.5469626630838483,5.999999999999957,1.352452066583097,1.3545031769476996,0.0020511103646025717,0.463527995460451,0.5955239012870553,7.599999999999952,1.8541119818417808,0.5469626630838563
104,9,2,sharedreward,single-echo,fmriprep,sr_outcome_primary,Reward-Punish,6.0,-0.21447202088926032,0.29847790401878926,5.599999999999959,-1.2868321253355528,0.2683614215615027,1.5551935468970557,-0.17981128729602777,0.29847790401878926,5.599999999999959,-0.7192451491841021,0.19016518914479966
104,9,2,sharedreward,single-echo,fmriprep,sr_decision_by_future_outcome_extra,Reward-Neutral,6.0,0.0792902401391843,0.5241346169289325,1.899999999999972,0.4757414408351024,1.0881916436020163,0.6124502027669138,-0.2191154164615305,0.1554038051512059,7.99999999999995,-0.8764616658461111,-0.49425291644581787
104,9,2,sharedreward,single-echo,fmriprep,sr_decision_by_future_outcome_extra,Punish-Neutral,6.0,0.15257238467569303,0.4175246945296106,1.899999999999972,0.9154343080541517,1.1860821910633013,0.2706478830091496,0.14805669650451134,0.40951418081160407,4.399999999999963,0.592226786018038,0.1413605170542533
104,9,2,sharedreward,single-echo,fmriprep,sr_decision_by_future_outcome_extra,Reward-Punish,6.0,-0.07328214453650875,0.5851746915927105,0.1999999999999779,-0.4396928672190493,0.8866725531263477,1.3263654203453976,-0.3671721129660418,0.1609994764131135,7.899999999999951,-1.468688451864149,-0.635613433500071
104,9,2,sharedreward,single-echo,tedana,sr_decision_partner_extra,Computer-Stranger,6.0,0.11559784792039192,0.3019957094679898,3.6999999999999655,0.6935870875223465,0.7618082545839925,0.06822116706164584,0.20921671725207136,0.3131261701647584,6.899999999999954,0.836866869008275,0.18216585734141114
104,9,2,sharedreward,single-echo,tedana,sr_outcome_primary,Reward-Neutral,6.0,-0.04360572506871329,0.2275134663229724,5.999999999999957,-0.2616343504122779,0.17015206698193425,0.4317864173942122,0.06993227562496211,0.244007106934584,6.099999999999957,0.27972910249984495,0.22751346632297942
104,9,2,sharedreward,single-echo,tedana,sr_outcome_primary,Punish-Neutral,6.0,0.0927890107315258,0.2516937863594052,5.999999999999957,0.5567340643891509,0.6445330019539408,0.08779893756479007,0.1597629282874579,0.2695819521164917,6.099999999999957,0.6390517131498236,0.2516937863594128
104,9,2,sharedreward,single-echo,tedana,sr_outcome_primary,Reward-Punish,6.0,-0.13639473580023911,0.007418153060796795,5.599999999999959,-0.8183684148014289,0.0010087729249387157,0.8193771877263675,-0.08983065266249576,0.007418153060796795,5.599999999999959,-0.3593226106499786,-0.024180320036433393
104,9,2,sharedreward,single-echo,tedana,sr_decision_by_future_outcome_extra,Reward-Neutral,6.0,0.09924750351374324,0.363927011265978,0.2999999999999776,0.5954850210824553,1.0590176000932623,0.46353257901080713,-0.12619654958687584,0.05417248598157823,4.0,-0.504786198347497,-0.21136797513154706
104,9,2,sharedreward,single-echo,tedana,sr_decision_by_future_outcome_extra,Punish-Neutral,6.0,0.13441354787801615,0.3582409002593998,1.3999999999999737,0.8064812872680912,1.0448374605347721,0.23835617326668096,0.03320625179149092,0.2354756991871941,7.499999999999952,0.13282500716596202,-0.058699444521593744
104,9,2,sharedreward,single-echo,tedana,sr_decision_by_future_outcome_extra,Reward-Punish,6.0,-0.03516604436427292,0.17891917512842095,0.0,-0.21099626618563602,0.1502556977232249,0.361251963908861,-0.15940280137836674,-0.09823660183021236,4.0,-0.6376112055134591,-0.15266853060995333
104,10,1,mid,multi-echo,fmriprep,mid_anticipation_primary,Reward-Neutral,5.022999999999996,0.001291447668352574,0.0938817024841001,4.699999999999962,0.006486941638134975,0.1861266429604425,0.17963970132230753,0.03480218671314486,0.0938817024841001,4.699999999999962,0.13920874685257772,0.010536501277460862
104,10,1,mid,multi-echo,fmriprep,mid_feedback_extra,Positive-Negative,5.992000000000019,-0.0904809208080026,0.0786603718538762,2.49999999999997,-0.5421616774815533,0.05545294469550642,0.5976146221770597,-0.0946450146554726,0.17176972136321061,7.99999999999995,-0.3785800586218857,-0.07338439789360642
104,10,1,mid,multi-echo,tedana,mid_anticipation_primary,Reward-Neutral,5.022999999999996,-0.06357166673453649,0.0805362950319938,2.2999999999999705,-0.3193204820075765,0.08149069813875653,0.40081118014633305,-0.13553718004473692,-0.0948412631394607,5.099999999999961,-0.5421487201789409,-0.15207068801466625
104,10,1,mid,multi-echo,tedana,mid_feedback_extra,Positive-Negative,5.992000000000019,-0.05217044893552231,0.12342941639801872,2.49999999999997,-0.31260533002165064,0.1352395428058253,0.4478448728274759,0.0010665675555419616,0.2436693368667602,7.99999999999995,0.004266270222167794,0.0340695486748184
104,10,1,mid,single-echo,fmriprep,mid_anticipation_primary,Reward-Neutral,5.022999999999996,0.015301210229213803,0.1776603026653563,2.39999999999997,0.07685797898134088,0.3458651481370912,0.2690071691557503,0.08493300209499996,0.16545722585893513,5.19999999999996,0.3397320083799956,0.10502130087224175
104,10,1,mid,single-echo,fmriprep,mid_feedback_extra,Positive-Negative,5.992000000000019,-0.08248364247035393,0.1717740718747777,2.2999999999999705,-0.49424198568236233,0.21239796714239192,0.7066399528247542,-0.09557706358452785,0.3089083262094513,7.99999999999995,-0.3823082543381066,-0.06821266402312991
104,10,1,mid,single-echo,tedana,mid_anticipation_primary,Reward-Neutral,5.022999999999996,-0.10267681232904881,0.175875971758881,2.2999999999999705,-0.5157456283288118,0.17812730435694882,0.6938729326857607,-0.18213104408326847,-0.09169542236642349,5.29999999999996,-0.7285241763330648,-0.1702381307824814
104,10,1,mid,single-echo,tedana,mid_feedback_extra,Positive-Negative,5.992000000000019,-0.01917338561301982,0.2492063116185203,2.2999999999999705,-0.11488692659321512,0.39270465062933063,0.5075915772225457,0.05106841458030111,0.397229784348131,7.99999999999995,0.2042736583212019,0.11655949591595391
104,10,2,mid,multi-echo,fmriprep,mid_anticipation_primary,Reward-Neutral,5.02200000000002,-0.03541469200441803,0.1287813028237111,5.02200000000002,-0.17785258324618805,0.07445964420416713,0.2523122274503552,0.1566109259706051,0.2593605958698846,6.599999999999955,0.6264437038824127,0.19447488022790815
104,10,2,mid,multi-echo,fmriprep,mid_feedback_extra,Positive-Negative,6.0,0.024608571115043266,0.1735197640238594,0.8999999999999755,0.14765142669025855,0.4085483535320627,0.2608969268418041,0.11741970650518817,0.1726229530410413,7.899999999999951,0.46967882602074684,0.0908203077825181
104,10,2,mid,multi-echo,tedana,mid_anticipation_primary,Reward-Neutral,5.02200000000002,0.02426548532390065,0.08822106779302365,0.0,0.12186126729662954,0.13984740670304147,0.017986139406411937,0.0604234826919103,0.1626740171218177,6.199999999999957,0.2416939307676382,0.14069390911136545
104,10,2,mid,multi-echo,tedana,mid_feedback_extra,Positive-Negative,6.0,-0.01317911996194211,0.084930526172075,0.7999999999999758,-0.0790747197716521,0.10511154211025847,0.18418626188191056,-0.0228704321092481,0.0372502041365655,7.99999999999995,-0.09148172843699126,0.006105349098142178
104,10,2,mid,single-echo,fmriprep,mid_anticipation_primary,Reward-Neutral,5.02200000000002,-0.08936217503564982,0.11182394471916672,5.02200000000002,-0.44877684302903514,0.05161292502386156,0.5003897680528967,0.13702520438740082,0.25554269017646825,6.399999999999956,0.5481008175495965,0.19884248026970772
104,10,2,mid,single-echo,fmriprep,mid_feedback_extra,Positive-Negative,6.0,-0.054383353800673995,0.1443436791537813,0.8999999999999755,-0.32630012280404164,0.29945175402174135,0.625751876825783,0.15021283314539077,0.27248664953753876,7.899999999999951,0.6008513325815557,0.09733060000864352
104,10,2,mid,single-echo,tedana,mid_anticipation_primary,Reward-Neutral,5.02200000000002,0.011771206655983968,0.153068404090068,2.7999999999999687,0.05911499982635172,0.18356950016488843,0.12445450033853672,0.01777946094749374,0.14576525775672022,6.199999999999957,0.07111784378997407,0.12480140113333917
104,10,2,mid,single-echo,tedana,mid_feedback_extra,Positive-Negative,6.0,-0.053547436612185646,0.13989676311191648,0.0,-0.3212846196731116,0.10938116793313611,0.43066578760624774,-0.00021459057224719908,0.10452578296515949,7.99999999999995,-0.0008583622889887857,0.028935740685395603
104,10,1,sharedreward,multi-echo,fmriprep,sr_decision_partner_extra,Computer-Stranger,6.0,-0.06387419220913985,0.1254940835182649,5.999999999999957,-0.3832451532548364,0.20272115357559498,0.5859663068304313,0.12458373963110518,0.23871718947057388,6.7999999999999545,0.4983349585244145,0.12549408351827668
104,10,1,sharedreward,multi-echo,fmriprep,sr_outcome_primary,Reward-Neutral,6.0,0.04859553577286972,0.2837494582635969,0.1999999999999779,0.29157321463721625,0.4287790166130537,0.1372058019758374,-0.0892819263868024,0.1414778996830512,4.599999999999962,-0.35712770554720513,-0.11559153479199781
104,10,1,sharedreward,multi-echo,fmriprep,sr_outcome_primary,Punish-Neutral,6.0,0.12912798422080246,0.27557646012923487,5.699999999999958,0.7747679053248093,0.7747679053248093,0.0,0.039409505789911335,0.27557646012923487,5.699999999999958,0.15763802315964337,0.1718552819721008
104,10,1,sharedreward,multi-echo,fmriprep,sr_outcome_primary,Reward-Punish,6.0,-0.08053244844793275,0.10413158264973721,0.1999999999999779,-0.4831946906875931,0.09176234332301893,0.574957034010612,-0.12869143217671375,0.03372399392002825,4.0,-0.5147657287068486,-0.2874468167640986
104,10,1,sharedreward,multi-echo,fmriprep,sr_decision_by_future_outcome_extra,Reward-Neutral,6.0,0.11175776045556031,0.39164628345979025,3.6999999999999655,0.6705465627333571,0.8055476257461737,0.13500106301281664,0.11201882480158461,0.3572697665257859,4.0,0.4480752992063329,-0.03847269109341524
104,10,1,sharedreward,multi-echo,fmriprep,sr_decision_by_future_outcome_extra,Punish-Neutral,6.0,0.04078562981816597,0.4058671410549911,4.299999999999963,0.24471377890899407,0.6813552101738372,0.4366414312648431,0.1585284017570575,0.4058671410549911,4.299999999999963,0.6341136070282222,-0.012602968339464539
104,10,1,sharedreward,multi-echo,fmriprep,sr_decision_by_future_outcome_extra,Reward-Punish,6.0,0.07097213063739435,0.3335469082362585,0.3999999999999772,0.4258327838243631,0.5521674544903132,0.12633467066595014,-0.0465095769554729,0.0030360724077324007,6.599999999999955,-0.1860383078218893,-0.0258697227539507
104,10,1,sharedreward,multi-echo,tedana,sr_decision_partner_extra,Computer-Stranger,6.0,-0.08205476653602979,0.0701290579505083,5.999999999999957,-0.4923285992161753,0.035189840774958285,0.5275184399911336,0.054172508781954835,0.11530474531943159,6.699999999999955,0.21669003512781665,0.0701290579505127
104,10,1,sharedreward,multi-echo,tedana,sr_outcome_primary,Reward-Neutral,6.0,-0.03889020189137366,0.0715065175910187,4.599999999999962,-0.23334121134824032,0.05826006987751048,0.29160128122575085,-0.11770064799136401,0.0715065175910187,4.599999999999962,-0.4708025919654502,-0.19349581903518207
104,10,1,sharedreward,multi-echo,tedana,sr_outcome_primary,Punish-Neutral,6.0,0.012956488723820964,0.0795611365855267,4.499999999999963,0.07773893234292523,0.15626977173793768,0.07853083939501244,0.008275591577099764,0.0795611365855267,4.499999999999963,0.03310236630839865,-0.025291860934597628
104,10,1,sharedreward,multi-echo,tedana,sr_outcome_primary,Reward-Punish,6.0,-0.051846690615194625,0.06312513941885331,0.1999999999999779,-0.31108014369116554,0.03142657405104819,0.34250671774221375,-0.12597623956846377,-0.0073563832960995,4.699999999999962,-0.5039049582738488,-0.16820395810058444
104,10,1,sharedreward,multi-echo,tedana,sr_decision_by_future_outcome_extra,Reward-Neutral,6.0,-0.0011700918846229455,0.10301299927954762,0.0,-0.0070205513077376235,0.14249095216686958,0.14951150347460718,-0.03953605481745268,0.032467565993788604,7.99999999999995,-0.15814421926980876,-0.0378013134840425
104,10,1,sharedreward,multi-echo,tedana,sr_decision_by_future_outcome_extra,Punish-Neutral,6.0,-0.04807322970179148,0.0866342121082138,2.0999999999999712,-0.28843937821074683,0.06699089123785648,0.35543026944860334,-0.022148324241089864,0.070459768779532,7.99999999999995,-0.08859329696435836,-0.013708971476136542
104,10,1,sharedreward,multi-echo,tedana,sr_decision_by_future_outcome_extra,Reward-Punish,6.0,0.04690313781716853,0.2420460704215358,0.0,0.2814188269030092,0.30366475704904544,0.022245930146036267,-0.01738773057636282,0.03692359261032776,4.0,-0.06955092230545042,-0.02409234200790596
104,10,1,sharedreward,single-echo,fmriprep,sr_decision_partner_extra,Computer-Stranger,6.0,-0.09707235022587007,0.17526465785696038,4.199999999999964,-0.5824341013552163,0.24424774407050143,0.8266818454257178,0.08535026079428525,0.200425540828241,6.699999999999955,0.34140104317713676,0.06545352178059141
104,10,1,sharedreward,single-echo,fmriprep,sr_outcome_primary,Reward-Neutral,6.0,-0.01772556265918797,0.4417751745723284,0.0999999999999783,-0.10635337595512706,0.4139384484638846,0.5202918244190117,-0.1447112253734659,0.0094150575675514,4.599999999999962,-0.5788449014938564,-0.16876978523976463
104,10,1,sharedreward,single-echo,fmriprep,sr_outcome_primary,Punish-Neutral,6.0,0.13621863907496773,0.4354339098248958,5.699999999999958,0.8173118344498005,0.8938638315073052,0.07655199705750479,0.05793673665917573,0.4354339098248958,5.699999999999958,0.23174694663670004,0.28507042570314006
104,10,1,sharedreward,single-echo,fmriprep,sr_outcome_primary,Reward-Punish,6.0,-0.15394420173415568,0.2451447876773436,0.2999999999999776,-0.9236652104049276,0.18490809475099612,1.1085733051559237,-0.2026479620326416,0.026931730249367597,7.599999999999952,-0.8105918481305563,-0.45384021094290466
104,10,1,sharedreward,single-echo,fmriprep,sr_decision_by_future_outcome_extra,Reward-Neutral,6.0,0.1910753253116657,0.623402176538681,3.599999999999966,1.146451951869986,1.3097601969824726,0.16330824511248646,0.14324713171247266,0.5582999189603668,4.0,0.5729885268498836,0.041971592143925034
104,10,1,sharedreward,single-echo,fmriprep,sr_decision_by_future_outcome_extra,Punish-Neutral,6.0,0.06748734055854373,0.4994206700320041,4.299999999999963,0.4049240433512595,0.9109978088621749,0.5060737655109153,0.22883876304683248,0.4994206700320041,4.299999999999963,0.9153550521873185,0.14832471180711604
104,10,1,sharedreward,single-echo,fmriprep,sr_decision_by_future_outcome_extra,Reward-Punish,6.0,0.12358798475312197,0.383617729064752,0.3999999999999772,0.7415279085187265,0.9036757870621915,0.16214787854346496,-0.08559163133435978,0.12590161166952024,4.0,-0.34236652533743483,-0.10635311966319101
104,10,1,sharedreward,single-echo,tedana,sr_decision_partner_extra,Computer-Stranger,6.0,-0.13718900770108627,0.009942791696405301,4.199999999999964,-0.8231340462065119,0.0035079078665387056,0.8266419540730506,-0.024389601750488002,0.0262664620475873,6.599999999999955,-0.0975584070019508,-0.023568654877320742
104,10,1,sharedreward,single-echo,tedana,sr_outcome_primary,Reward-Neutral,6.0,-0.07843444472432938,-0.0073819815123453,4.699999999999962,-0.470606668345973,0.0,0.470606668345973,-0.13469657491699913,-0.0073819815123453,4.699999999999962,-0.5387862996679899,-0.23560453542242335
104,10,1,sharedreward,single-echo,tedana,sr_outcome_primary,Punish-Neutral,6.0,0.02272383270699724,0.1328103038757345,5.499999999999959,0.13634299624198248,0.3035167790959344,0.16717378285395187,0.04233022474434692,0.1540592744216897,7.99999999999995,0.16932089897738556,0.019872896039375563
104,10,1,sharedreward,single-echo,tedana,sr_outcome_primary,Reward-Punish,6.0,-0.10115827743132663,0.1747895302415754,0.2999999999999776,-0.6069496645879555,0.1115510546151453,0.7185007192031008,-0.17702679966134607,-0.0989737831418202,4.499999999999963,-0.7081071986453755,-0.2554774314617989
104,10,1,sharedreward,single-echo,tedana,sr_decision_by_future_outcome_extra,Reward-Neutral,6.0,0.05160318550702534,0.20248526096161984,0.0,0.30961911304214984,0.4087315819297145,0.0991124688875646,-0.015025842272225202,0.1065390951273297,6.299999999999956,-0.06010336908890006,0.09142227628814727
104,10,1,sharedreward,single-echo,tedana,sr_decision_by_future_outcome_extra,Punish-Neutral,6.0,-0.05570794280509399,0.2076664592480895,5.999999999999957,-0.33424765683056157,0.17835776734476674,0.5126054241753284,0.020591754985681037,0.2479549535634434,6.299999999999956,0.08236701994272312,0.20766645924810004
104,10,1,sharedreward,single-echo,tedana,sr_decision_by_future_outcome_extra,Reward-Punish,6.0,0.10731112831211935,0.2831184675397923,0.0,0.6438667698727115,0.6851952528015585,0.041328482928846944,-0.035617597257906246,0.18728724723960477,4.0,-0.1424703890316232,-0.11624418295995276
104,10,2,sharedreward,multi-echo,fmriprep,sr_decision_partner_extra,Computer-Stranger,6.0,-0.15526876467778913,0.049456125772117006,5.999999999999957,-0.9316125880667282,0.004490430910890244,0.9361030189776185,-0.11086783581970452,0.1614452197743035,6.599999999999955,-0.4434713432788126,0.04945612577212751
104,10,2,sharedreward,multi-echo,fmriprep,sr_outcome_primary,Reward-Neutral,5.216000000000008,0.033282230670525756,0.3387017048561411,4.099999999999964,0.1736001151774626,0.5615737088844253,0.38797359370696266,-0.00034003024752519105,0.3617198059262796,7.899999999999951,-0.0013601209901007473,-0.4459599663456416
104,10,2,sharedreward,multi-echo,fmriprep,sr_outcome_primary,Punish-Neutral,5.216000000000008,0.008185741236577355,0.3131534478696848,1.4999999999999734,0.04269682628998755,0.3611937438716697,0.3184969175816821,-0.10489970991658792,0.21880714258680778,7.799999999999951,-0.4195988396663465,-0.43377442366228636
104,10,2,sharedreward,multi-echo,fmriprep,sr_outcome_primary,Reward-Punish,5.216000000000008,0.025096489433948398,0.2783562594120952,4.599999999999962,0.13090328888747504,0.4853106289837124,0.3544073400962373,0.10455967966906274,0.2783562594120952,4.599999999999962,0.41823871867624574,-0.012185542683355324
104,10,2,sharedreward,multi-echo,fmriprep,sr_decision_by_future_outcome_extra,Reward-Neutral,6.0,-0.11031112314378566,0.04799073971563451,2.39999999999997,-0.6618667388627093,0.03594359029137367,0.697810329154083,-0.04012698823784712,0.25834823838294657,7.899999999999951,-0.16050795295138648,-0.09902004098154323
104,10,2,sharedreward,multi-echo,fmriprep,sr_decision_by_future_outcome_extra,Punish-Neutral,6.0,-0.09735325410405728,0.1578493652578467,3.299999999999967,-0.5841195246243395,0.12185174890958378,0.7059712735339233,0.012226446172038904,0.1644059495554568,6.999999999999954,0.048905784688155006,-0.016092363488547177
104,10,2,sharedreward,multi-echo,fmriprep,sr_decision_by_future_outcome_extra,Reward-Punish,6.0,-0.012957869039728372,0.2995225428345381,1.7999999999999725,-0.07774721423836968,0.39348746210360913,0.4712346763419788,-0.052353434409886025,0.1513974164327841,7.99999999999995,-0.2094137376395415,-0.08292767749299605
104,10,2,sharedreward,multi-echo,tedana,sr_decision_partner_extra,Computer-Stranger,6.0,-0.16463696791469704,0.06624464572668609,5.999999999999957,-0.9878218074881752,0.008214833055394735,0.9960366405435699,-0.06685458649999285,0.1678639132657446,6.599999999999955,-0.26741834599996805,0.06624464572669483
104,10,2,sharedreward,multi-echo,tedana,sr_outcome_primary,Reward-Neutral,5.216000000000008,0.004971679205298479,0.2289467680498152,3.999999999999965,0.02593227873483691,0.3916266096042393,0.36569433086940234,0.014327682200913181,0.3494147727572692,7.299999999999953,0.05731072880365201,-0.3093739962738074
104,10,2,sharedreward,multi-echo,tedana,sr_outcome_primary,Punish-Neutral,5.216000000000008,0.010689462955549288,0.253577437992885,1.7999999999999725,0.05575623877614517,0.3189775289299744,0.26322129015382917,-0.06425242760654268,0.26624994945171215,7.299999999999953,-0.2570097104261675,-0.3570398439617151
104,10,2,sharedreward,multi-echo,tedana,sr_outcome_primary,Reward-Punish,5.216000000000008,-0.005717783750250807,0.170350913897807,3.599999999999966,-0.02982396004130826,0.3488230237716015,0.3786469838129098,0.07858010980745583,0.16255729230202307,4.0,0.31432043922981945,0.04766584768790775
104,10,2,sharedreward,multi-echo,tedana,sr_decision_by_future_outcome_extra,Reward-Neutral,6.0,-0.13608557292201956,0.011415421393415101,2.49999999999997,-0.8165134375321116,0.0031746069803577494,0.8196880445124693,-0.06146813777367131,0.154962407591544,7.99999999999995,-0.24587255109468217,-0.09545478000012499
104,10,2,sharedreward,multi-echo,tedana,sr_decision_by_future_outcome_extra,Punish-Neutral,6.0,-0.08070361171256148,0.1545847356215865,3.299999999999967,-0.4842216702753654,0.13437265235279883,0.6185943226281643,0.003973118814900533,0.11475038533404881,6.999999999999954,0.015892475259601933,-0.014119022400066515
104,10,2,sharedreward,multi-echo,tedana,sr_decision_by_future_outcome_extra,Reward-Punish,6.0,-0.055381961209458104,0.2163328254633884,1.7999999999999725,-0.33229176725674625,0.22493166985987312,0.5572234371166195,-0.06544125658857185,0.0848953695386685,7.99999999999995,-0.2617650263542841,-0.08133575760005848
104,10,2,sharedreward,single-echo,fmriprep,sr_decision_partner_extra,Computer-Stranger,6.0,-0.25909209688837354,0.0887314662064752,5.999999999999957,-1.55455258133023,0.00836485132263386,1.562917432652864,-0.13012879949251055,0.2889047534170296,6.599999999999955,-0.5205151979700358,0.08873146620649387
104,10,2,sharedreward,single-echo,fmriprep,sr_outcome_primary,Reward-Neutral,5.216000000000008,0.020235943012866364,0.454159944114507,4.099999999999964,0.10555067875511112,0.660969036314246,0.5554183575591349,-0.10517269250904801,0.5320796175007445,7.99999999999995,-0.4206907700361868,-0.815100001330117
104,10,2,sharedreward,single-echo,fmriprep,sr_outcome_primary,Punish-Neutral,5.216000000000008,-0.01593208181030607,0.2929979938506105,1.599999999999973,-0.08310173872255659,0.39801229230132745,0.48111403102388406,-0.26090599077451915,0.28557096020743516,7.99999999999995,-1.0436239630980637,-0.8165204407703182
104,10,2,sharedreward,single-echo,fmriprep,sr_outcome_primary,Reward-Punish,5.216000000000008,0.03616802482317243,0.31066444320719,4.599999999999962,0.1886524174776677,0.5222200907338522,0.33356767325618447,0.15573329826547117,0.31066444320719,4.599999999999962,0.6229331930618769,0.001420439440201243
104,10,2,sharedreward,single-echo,fmriprep,sr_decision_by_future_outcome_extra,Reward-Neutral,6.0,-0.08735403444573944,0.2384950843625258,2.39999999999997,-0.5241242066744329,0.31937844096973506,0.8435026476441682,-0.08659127731476464,0.3782790240292015,7.799999999999951,-0.3463651092590542,-0.2602583663951439
104,10,2,sharedreward,single-echo,fmriprep,sr_decision_by_future_outcome_extra,Punish-Neutral,6.0,-0.13125792350089102,0.29457732258551084,3.299999999999967,-0.7875475410053405,0.24931406318330035,1.0368616041886412,-0.017396319452728997,0.2976194266367438,7.699999999999951,-0.06958527781091513,-0.16390501926511286
104,10,2,sharedreward,single-echo,fmriprep,sr_decision_by_future_outcome_extra,Reward-Punish,6.0,0.043903889055151614,0.498558475449792,1.7999999999999725,0.2634233343309078,0.7243927266942649,0.46096939236335716,-0.06919495786203564,0.1502071938640339,7.99999999999995,-0.2767798314481391,-0.09635334713003102
104,10,2,sharedreward,single-echo,tedana,sr_decision_partner_extra,Computer-Stranger,6.0,-0.25591783231254217,0.12959603537551911,5.999999999999957,-1.5355069938752421,0.019006231621526537,1.5545132254967686,-0.048155035234108676,0.307457428298341,6.599999999999955,-0.19262014093643232,0.12959603537553435
104,10,2,sharedreward,single-echo,tedana,sr_outcome_primary,Reward-Neutral,5.216000000000008,-0.018938390628786994,0.3230910845275398,3.999999999999965,-0.09878264551975312,0.42510813301994366,0.5238907785396967,-0.0791803009571669,0.4633469769442419,7.899999999999951,-0.31672120382866364,-0.6347776561271666
104,10,2,sharedreward,single-echo,tedana,sr_outcome_primary,Punish-Neutral,5.216000000000008,-0.023135430047146358,0.2270544581355265,1.7999999999999725,-0.1206744031259156,0.3131895403448632,0.4338639434707788,-0.2158802975170294,0.30405925737869555,7.99999999999995,-0.8635211900681068,-0.736529827769271
104,10,2,sharedreward,single-echo,tedana,sr_outcome_primary,Reward-Punish,5.216000000000008,0.0041970394183593685,0.1785513251110451,3.599999999999966,0.0218917576061625,0.35970833472646213,0.33781657712029967,0.13669999655986248,0.23205487408358433,7.199999999999953,0.5467999862394431,0.10175217164210437
104,10,2,sharedreward,single-echo,tedana,sr_decision_by_future_outcome_extra,Reward-Neutral,6.0,-0.12907608395623238,0.175358905626129,2.49999999999997,-0.7744565037373887,0.19472231392620426,0.9691788176635929,-0.12944346847311028,0.2542723541667302,7.99999999999995,-0.5177738738924347,-0.2673320076560423
104,10,2,sharedreward,single-echo,tedana,sr_decision_by_future_outcome_extra,Punish-Neutral,6.0,-0.12473242114154343,0.2579461722213574,3.299999999999967,-0.7483945268492552,0.21791054989964218,0.9663050767488973,-0.04483860988408038,0.23773813070053618,7.699999999999951,-0.1793544395363193,-0.17724755487908048
104,10,2,sharedreward,single-echo,tedana,sr_decision_by_future_outcome_extra,Reward-Punish,6.0,-0.004343662814688943,0.42732638446974947,1.7999999999999725,-0.02606197688813347,0.5293155468685908,0.5553775237567243,-0.08460485858902987,0.0668321230342139,7.99999999999995,-0.33841943435611527,-0.09008445277696185
104,11,1,mid,multi-echo,fmriprep,mid_anticipation_primary,Reward-Neutral,5.025499999999994,-0.08716871749500481,0.0760146182861148,1.899999999999972,-0.43806638977114615,0.04986777630223489,0.487934166073381,0.003180379302345031,0.22775698774157038,7.399999999999952,0.012721517209379966,-0.02358262636328186
104,11,1,mid,multi-echo,fmriprep,mid_feedback_extra,Positive-Negative,5.986999999999966,0.023881033024982096,0.2956598590381883,1.299999999999974,0.142975744720567,0.4149065036358322,0.2719307589152652,0.18210863540092884,0.5121830009038038,7.299999999999953,0.7284345416037062,0.03758539589330678
104,11,1,mid,multi-echo,tedana,mid_anticipation_primary,Reward-Neutral,5.025499999999994,-0.10087611314349756,0.0195573528793817,1.299999999999974,-0.5069529066026464,0.01689016466620698,0.5238430712688533,-0.02264666059958445,0.1056554025834893,7.399999999999952,-0.09058664239833668,0.022291884023299267
104,11,1,mid,multi-echo,tedana,mid_feedback_extra,Positive-Negative,5.986999999999966,0.0526392623090151,0.1805105039446958,1.1999999999999744,0.3151512634440716,0.37577375286727677,0.060622489423205174,0.06107456716336635,0.1251223861349386,7.599999999999952,0.24429826865346238,0.015301634851856776
104,11,1,mid,single-echo,fmriprep,mid_anticipation_primary,Reward-Neutral,5.025499999999994,-0.05768858927201569,0.13229061467078196,0.0,-0.2899140053865145,0.07370493000508885,0.3636189353916034,0.1772790532808862,0.6112726095420538,7.799999999999951,0.709116213123536,0.11515215739888972
104,11,1,mid,single-echo,fmriprep,mid_feedback_extra,Positive-Negative,5.986999999999966,0.07036363533138174,0.7025667640364933,1.299999999999974,0.4212670847289801,1.0999165995244802,0.6786495147954998,0.1394415757053175,0.6709162465442133,7.399999999999952,0.5577663028212632,0.031221000364894315
104,11,1,mid,single-echo,tedana,mid_anticipation_primary,Reward-Neutral,5.025499999999994,-0.2555992091013024,0.1465870707272799,0.0,-1.2845138253385937,0.07090923702865917,1.355423062367253,-0.1703046074454142,0.1520493752595764,7.899999999999951,-0.6812184297816484,-0.2351134489792556
104,11,1,mid,single-echo,tedana,mid_feedback_extra,Positive-Negative,5.986999999999966,0.23541342950248978,0.5298532123447097,1.899999999999972,1.4094202024313984,1.4094202024313984,0.0,0.046062127117801964,0.10173831906437349,5.3999999999999595,0.18424850847120555,0.09854647607773281
104,11,2,mid,multi-echo,fmriprep,mid_anticipation_primary,Reward-Neutral,5.021699999999996,-0.15650268889092708,0.41310915755917144,1.4999999999999734,-0.7859095528035678,0.657951690269326,1.443861243072894,-0.23976546294244241,0.0639610316259745,5.699999999999958,-0.9590618517697578,0.010471783785831228
104,11,2,mid,multi-echo,fmriprep,mid_feedback_extra,Positive-Negative,5.992000000000019,0.005459480087339521,0.40458409429034004,1.9999999999999716,0.03271320468333851,0.6172628060565007,0.5845496013731623,0.0007457553436243612,0.5573045244108502,7.99999999999995,0.0029830213744974077,-0.11751248151946628
104,11,2,mid,multi-echo,tedana,mid_anticipation_primary,Reward-Neutral,5.021699999999996,-0.34417182595872176,0.1906972510637553,0.0,-1.7283276584169116,0.053183599940302057,1.7815112583572137,-0.28304496265488294,-0.0329337558904993,6.199999999999957,-1.1321798506195178,-0.05417785134740739
104,11,2,mid,multi-echo,tedana,mid_feedback_extra,Positive-Negative,5.992000000000019,-0.07723449871198894,0.11097066209211195,0.0,-0.4627891162822392,0.08359842907532694,0.5463875453575662,-0.3290704496708764,-0.035497379046408754,4.0,-1.3162817986834892,-0.4388955295723527
104,11,2,mid,single-echo,fmriprep,mid_anticipation_primary,Reward-Neutral,5.021699999999996,-0.30753934543434097,0.0993772564742547,1.299999999999974,-1.5443703309676287,0.04599630115762801,1.5903666321252565,-0.23493091571521488,0.2247345758022356,7.99999999999995,-0.9397236628608479,-0.41760251997845693
104,11,2,mid,single-echo,fmriprep,mid_feedback_extra,Positive-Negative,5.992000000000019,-0.010678090274959905,0.5876611397700617,4.599999999999962,-0.06398311692755995,0.8423818008443148,0.9063649177718749,0.3975049661374241,1.187360325593722,7.99999999999995,1.5900198645496766,0.012751455301857775
104,11,2,mid,single-echo,tedana,mid_anticipation_primary,Reward-Neutral,5.021699999999996,-0.48740005079543436,-0.051206440715655,1.0999999999999748,-2.4475768350794307,0.0,2.4475768350794307,-0.608963205633992,-0.1598829020831827,7.399999999999952,-2.4358528225359377,-0.8245071375227041
104,11,2,mid,single-echo,tedana,mid_feedback_extra,Positive-Negative,5.992000000000019,-0.3705520277972872,0.3057102762869026,4.299999999999963,-2.2203477505613516,0.2855137965803427,2.5058615471416945,-0.2875747840037528,0.3057102762869026,4.299999999999963,-1.150299136014997,-0.7696971687892809
104,11,1,sharedreward,multi-echo,fmriprep,sr_decision_partner_extra,Computer-Stranger,6.0,0.050375313130629595,0.3689919567560742,0.5999999999999766,0.3022518787837754,0.5067505678944046,0.20449868911062916,0.023093602988536393,0.1599710243641239,7.99999999999995,0.09237441195414442,0.004844025349606368
104,11,1,sharedreward,multi-echo,fmriprep,sr_outcome_primary,Reward-Neutral,6.0,0.13343221220683357,0.3959050687900932,2.5999999999999694,0.8005932732409957,0.8403088645979025,0.03971559135690676,0.06392479805500306,0.248034952326772,7.99999999999995,0.2556991922200091,0.19288275251542616
104,11,1,sharedreward,multi-echo,fmriprep,sr_outcome_primary,Punish-Neutral,6.0,0.23910851894184534,0.4543474821592667,0.0,1.4346511136510618,1.4346511136510618,0.0,0.1679522548977288,0.3405097516742207,5.499999999999959,0.6718090195909069,0.26986999140543205
104,11,1,sharedreward,multi-echo,fmriprep,sr_outcome_primary,Reward-Punish,6.0,-0.10567630673501176,0.1329808777611556,2.7999999999999687,-0.6340578404100661,0.16972596708466486,0.803783807494731,-0.10402745684272575,0.060931125816136605,6.899999999999954,-0.41610982737089786,-0.07698723889000587
104,11,1,sharedreward,multi-echo,fmriprep,sr_decision_by_future_outcome_extra,Reward-Neutral,6.0,0.14569763518685366,0.3738855357549126,0.9999999999999752,0.8741858111211158,0.8741858111211158,0.0,0.22132541520433915,0.3833461550977213,6.7999999999999545,0.8853016608173456,0.31541703830187784
104,11,1,sharedreward,multi-echo,fmriprep,sr_decision_by_future_outcome_extra,Punish-Neutral,6.0,0.31991559093511246,0.4255433694653753,1.0999999999999748,1.9194935456106612,1.9194935456106612,0.0,0.25210586378200184,0.3812490534017239,4.0,1.008423455127995,0.18173773123075837
104,11,1,sharedreward,multi-echo,fmriprep,sr_decision_by_future_outcome_extra,Reward-Punish,6.0,-0.17421795574825874,0.1336793070711107,5.999999999999957,-1.045307734489545,0.026082932682856292,1.071390667172401,-0.030780448577662683,0.24379189754859232,6.7999999999999545,-0.12312179431064921,0.13367930707111947
104,11,1,sharedreward,multi-echo,tedana,sr_decision_partner_extra,Computer-Stranger,6.0,-0.05350750622614133,0.1311101578296828,0.5999999999999766,-0.3210450373568457,0.1086894206629414,0.42973445801978716,-0.04584128710768513,0.0184379786248656,7.99999999999995,-0.18336514843073826,-0.06921444349299208
104,11,1,sharedreward,multi-echo,tedana,sr_outcome_primary,Reward-Neutral,6.0,0.012530938991296255,0.2664868926961439,1.299999999999974,0.075185633947777,0.43890964879868255,0.3637240148509056,-0.05157014301541731,0.1684274763917348,7.99999999999995,-0.2062805720616667,-0.03865536585606826
104,11,1,sharedreward,multi-echo,tedana,sr_outcome_primary,Punish-Neutral,6.0,0.038911915394199866,0.3289564020577447,0.4999999999999769,0.23347149236519754,0.4292433389650927,0.1957718465998951,-0.015191723813371683,0.1397852269480765,7.99999999999995,-0.06076689525348598,-0.09204062503557568
104,11,1,sharedreward,multi-echo,tedana,sr_outcome_primary,Reward-Punish,6.0,-0.02638097640290363,0.1797807493533795,2.199999999999971,-0.15828585841742066,0.3300155049808989,0.48830136339831953,-0.03637841920204563,0.094218360483591,6.699999999999955,-0.14551367680818073,0.05338525917950741
104,11,1,sharedreward,multi-echo,tedana,sr_decision_by_future_outcome_extra,Reward-Neutral,6.0,0.08968779409461021,0.38310916984553467,0.9999999999999752,0.5381267645676574,0.7304392070407496,0.19231244247309243,0.07954900076114903,0.21472501353499937,5.899999999999958,0.31819600304459217,0.2043490824983379
104,11,1,sharedreward,multi-echo,tedana,sr_decision_by_future_outcome_extra,Punish-Neutral,6.0,0.18652412558100284,0.2808335803220197,4.599999999999962,1.119144753486009,1.119144753486009,0.0,0.09406002083091007,0.2808335803220197,4.599999999999962,0.3762400833236356,0.09167779337745731
104,11,1,sharedreward,multi-echo,tedana,sr_decision_by_future_outcome_extra,Reward-Punish,6.0,-0.09683633148639263,0.1390860064492263,0.4999999999999769,-0.5810179889183517,0.19551672974106343,0.7765347186594153,-0.014511020069761044,0.2277015831783552,6.699999999999955,-0.05804408027904345,0.11267128912088058
104,11,1,sharedreward,single-echo,fmriprep,sr_decision_partner_extra,Computer-Stranger,6.0,-0.1187608838675918,0.1487136062685341,5.999999999999957,-0.7125653032055458,0.09986951038026412,0.8124348135858099,0.2601428168547283,0.7958802991671816,7.899999999999951,1.0405712674189003,0.14871360626855576
104,11,1,sharedreward,single-echo,fmriprep,sr_outcome_primary,Reward-Neutral,6.0,0.07931241414776234,0.7775034635360915,0.0999999999999783,0.4758744848865707,1.0606170308109775,0.5847425459244067,0.09287269262388735,0.6577995871958744,7.99999999999995,0.3714907704955448,0.3861139102492545
104,11,1,sharedreward,single-echo,fmriprep,sr_outcome_primary,Punish-Neutral,6.0,0.24073193254836198,1.1929189211241698,0.0,1.4443915952901616,2.0285536862804543,0.5841620909902927,0.2007858629900954,0.727636647585663,5.799999999999958,0.8031434519603716,0.6418418071599732
104,11,1,sharedreward,single-echo,fmriprep,sr_outcome_primary,Reward-Punish,6.0,-0.16141951840059968,0.08726191163266211,3.6999999999999655,-0.9685171104035911,0.06710758267367536,1.0356246930772666,-0.10791317036620805,0.10582314602994869,7.299999999999953,-0.4316526814648268,-0.2557278969107187
104,11,1,sharedreward,single-echo,fmriprep,sr_decision_by_future_outcome_extra,Reward-Neutral,6.0,0.27026502270372127,0.5222792080907643,5.099999999999961,1.6215901362223162,1.7278422127687516,0.10625207654643538,0.3637137840852758,0.5222792080907643,5.099999999999961,1.4548551363410853,0.27312835066018015
104,11,1,sharedreward,single-echo,fmriprep,sr_decision_by_future_outcome_extra,Punish-Neutral,6.0,0.4412261570791302,1.0734402726107537,4.299999999999963,2.6473569424747625,2.79386078571245,0.1465038432376871,0.39837489968674705,1.0734402726107537,4.299999999999963,1.5934995987469684,-0.1118867466011482
104,11,1,sharedreward,single-echo,fmriprep,sr_decision_by_future_outcome_extra,Reward-Punish,6.0,-0.170961134375409,0.3850150972613233,5.999999999999957,-1.0257668062524468,0.14815274965603273,1.1739195559084794,-0.034661115601471185,0.41473799030170927,6.299999999999956,-0.13864446240588302,0.3850150972613283
104,11,1,sharedreward,single-echo,tedana,sr_decision_partner_extra,Computer-Stranger,6.0,-0.3597343395039307,-0.0802169853558806,5.3999999999999595,-2.158406037023569,0.0,2.158406037023569,-0.013483196081399335,0.3659064162325449,7.99999999999995,-0.053932784325596665,-0.16014821595817527
104,11,1,sharedreward,single-echo,tedana,sr_outcome_primary,Reward-Neutral,6.0,-0.13393813162273446,0.780181713042642,1.0999999999999748,-0.8036287897364011,0.964221932842147,1.767850722578548,-0.20319734368374345,0.5717034657947421,7.99999999999995,-0.8127893747349637,-0.24139106609018426
104,11,1,sharedreward,single-echo,tedana,sr_outcome_primary,Punish-Neutral,6.0,0.24336489842267653,0.9853256012905058,0.4999999999999769,1.4601893905360488,1.719460196358033,0.25927080582198425,0.07407091863669515,0.48462842416748764,7.99999999999995,0.29628367454677695,0.1162960362927731
104,11,1,sharedreward,single-echo,tedana,sr_outcome_primary,Reward-Punish,6.0,-0.37730303004541094,-0.026218567182731897,1.1999999999999744,-2.2638181802724495,0.0,2.2638181802724495,-0.2772682623204386,0.08707504162725449,7.99999999999995,-1.1090730492817407,-0.35768710238295737
104,11,1,sharedreward,single-echo,tedana,sr_decision_by_future_outcome_extra,Reward-Neutral,6.0,0.21485625754491733,0.7777907006864019,0.4999999999999769,1.2891375452694949,1.6895695069965802,0.40043196172708534,0.0898760365395388,0.41947309303001845,5.3999999999999595,0.3595041461581507,0.07007448858036369
104,11,1,sharedreward,single-echo,tedana,sr_decision_by_future_outcome_extra,Punish-Neutral,6.0,0.4627579160709202,1.013242689645611,4.499999999999963,2.7765474964255015,2.8079457042405545,0.03139820781505303,0.44506162815264083,1.013242689645611,4.499999999999963,1.7802465126105411,0.047175796074144086
104,11,1,sharedreward,single-echo,tedana,sr_decision_by_future_outcome_extra,Reward-Punish,6.0,-0.24790165852600285,0.13922813414549728,0.4999999999999769,-1.4874099511560066,0.11376600962017665,1.6011759607761828,-0.3551855916131021,0.025378835467110117,6.199999999999957,-1.4207423664523906,0.022898692506219613
104,11,2,sharedreward,multi-echo,fmriprep,sr_decision_partner_extra,Computer-Stranger,6.0,-0.07450438433831234,0.126880074105243,3.4999999999999662,-0.4470263060298709,0.17698323678206868,0.6240095428119397,-0.1613826124967938,0.022983266458964174,4.0,-0.6455304499871672,-0.20135784212977034
104,11,2,sharedreward,multi-echo,fmriprep,sr_outcome_primary,Reward-Neutral,6.0,0.23361110849159256,0.487057362375307,0.4999999999999769,1.4016666509495455,1.546046497066599,0.14437984611705335,0.005158941652563492,0.22915662044263282,7.99999999999995,0.020635766610253712,-0.08108533452695928
104,11,2,sharedreward,multi-echo,fmriprep,sr_outcome_primary,Punish-Neutral,6.0,0.32989327851049854,0.6197370312218019,1.899999999999972,1.9793596710629773,1.9793596710629773,0.0,0.21914541519715391,0.3711901451720644,6.7999999999999545,0.8765816607886048,0.23807145596045048
104,11,2,sharedreward,multi-echo,fmriprep,sr_outcome_primary,Reward-Punish,6.0,-0.09628217001890597,0.20303974231386648,0.0999999999999783,-0.5776930201134317,0.13364940207801923,0.711342422191451,-0.21398647354459044,-0.0753110210106108,4.199999999999964,-0.8559458941783511,-0.31915679048740975
104,11,2,sharedreward,multi-echo,fmriprep,sr_decision_by_future_outcome_extra,Reward-Neutral,6.0,0.26083172645458363,0.5891763060557704,5.099999999999961,1.5649903587274907,1.5886082421648902,0.023617883437399387,0.34729151793927904,0.5891763060557704,5.099999999999961,1.3891660717570988,0.36888960486866673
104,11,2,sharedreward,multi-echo,fmriprep,sr_decision_by_future_outcome_extra,Punish-Neutral,6.0,0.16051508005277132,0.6236784889705056,5.999999999999957,0.9630904803166211,1.1206407611309899,0.15755028081436911,0.4851294338634762,0.6239409725109065,6.099999999999957,1.9405177354538805,0.6236784889705057
104,11,2,sharedreward,multi-echo,fmriprep,sr_decision_by_future_outcome_extra,Reward-Punish,6.0,0.10031664640181236,0.2582215585103278,0.1999999999999779,0.6018998784108699,0.6682144324658168,0.06631455405494693,-0.13783791592419717,0.0953870565035074,4.599999999999962,-0.5513516636967818,-0.25478888410183903
104,11,2,sharedreward,multi-echo,tedana,sr_decision_partner_extra,Computer-Stranger,6.0,-0.02017421057306702,0.0579059661549999,3.3999999999999666,-0.12104526343840125,0.07240746792881106,0.1934527313672123,-0.028387933548342015,0.01763616428514979,4.0,-0.11355173419336664,-0.021282486634154312
104,11,2,sharedreward,multi-echo,tedana,sr_outcome_primary,Reward-Neutral,6.0,-0.04981323789040475,0.13891173283324942,3.599999999999966,-0.2988794273424264,0.13594847379161268,0.4348279011340391,-0.26414823323344144,0.07135662452071492,4.0,-1.0565929329337527,-0.3119574789930063
104,11,2,sharedreward,multi-echo,tedana,sr_outcome_primary,Punish-Neutral,6.0,-0.0628909800304099,0.1360802164136964,2.0999999999999712,-0.3773458801824567,0.22583707720475177,0.6031829573872084,-0.21864056926928388,0.01984691376551634,4.0,-0.8745622770771246,-0.26527995073581523
104,11,2,sharedreward,multi-echo,tedana,sr_outcome_primary,Reward-Punish,6.0,0.013077742140005122,0.24375179697049418,0.1999999999999779,0.07846645284003018,0.28198945057063485,0.20352299773060464,-0.04550766396415755,0.05150971075519859,4.0,-0.18203065585662792,-0.04667752825719103
104,11,2,sharedreward,multi-echo,tedana,sr_decision_by_future_outcome_extra,Reward-Neutral,6.0,-0.07453637701187311,0.1076037544178754,1.1999999999999744,-0.44721826207123555,0.13230831350722988,0.5795265755784653,-0.03883822338212551,0.026342764290700198,7.99999999999995,-0.1553528935285001,-0.02025998818798593
104,11,2,sharedreward,multi-echo,tedana,sr_decision_by_future_outcome_extra,Punish-Neutral,6.0,-0.12798328787203925,0.1669496388395671,1.0999999999999748,-0.7678997272322301,0.2174408201535748,0.985340547385805,-0.043779416701608745,0.1190830349711873,6.299999999999956,-0.17511766680643281,0.0925903431097619
104,11,2,sharedreward,multi-echo,tedana,sr_decision_by_future_outcome_extra,Reward-Punish,6.0,0.05344691086016615,0.1916232918149484,4.299999999999963,0.3206814651609946,0.4140135669887303,0.09333210182773574,0.004941193319483237,0.1916232918149484,4.299999999999963,0.0197647732779327,-0.11285033129774782
104,11,2,sharedreward,single-echo,fmriprep,sr_decision_partner_extra,Computer-Stranger,6.0,-0.3559012849013698,0.1757731208285269,0.1999999999999779,-2.1354077094082036,0.1141566776702357,2.2495643870784385,-0.329050021513405,0.0805220170823084,6.199999999999957,-1.3162000860536036,0.017797505535969496
104,11,2,sharedreward,single-echo,fmriprep,sr_outcome_primary,Reward-Neutral,6.0,0.4773610607419002,1.7191313402844146,0.0,2.864166364451381,3.4660414416475174,0.6018750771961362,0.2131306172354119,0.9418785450025076,7.99999999999995,0.8525224689416371,0.07400445494182531
104,11,2,sharedreward,single-echo,fmriprep,sr_outcome_primary,Punish-Neutral,6.0,0.7506694281162475,1.689010356006065,0.9999999999999752,4.504016568697453,4.573539665682743,0.06952309698529002,0.7853662828400447,1.7736121562276823,7.0999999999999535,3.14146513136014,0.5998842189876997
104,11,2,sharedreward,single-echo,fmriprep,sr_outcome_primary,Reward-Punish,6.0,-0.27330836737434716,0.37735117518872613,0.0,-1.6398502042460714,0.1966535173682329,1.8365037216143043,-0.5722356656046329,-0.3660707927889474,5.3999999999999595,-2.288942662418503,-0.5258797640458744
104,11,2,sharedreward,single-echo,fmriprep,sr_decision_by_future_outcome_extra,Reward-Neutral,6.0,0.7604362843204149,1.7537967680197142,4.999999999999961,4.562617705922457,4.59950687606612,0.03688917014366381,1.0248499823027881,1.7537967680197142,4.999999999999961,4.099399929211102,1.1802510769649854
104,11,2,sharedreward,single-echo,fmriprep,sr_decision_by_future_outcome_extra,Punish-Neutral,6.0,0.7312195710928554,1.7697710058915324,4.299999999999963,4.387317426557101,4.796953175869698,0.40963574931259705,1.2931020671861306,1.7697710058915324,4.299999999999963,5.172408268744459,1.5692800888835188
104,11,2,sharedreward,single-echo,fmriprep,sr_decision_by_future_outcome_extra,Reward-Punish,6.0,0.029216713227559515,0.29584752371021433,1.599999999999973,0.17530027936535583,0.518121180566882,0.34282090120152614,-0.2682520848833428,0.07905025814671601,4.899999999999961,-1.0730083395333578,-0.3890290119185334
104,11,2,sharedreward,single-echo,tedana,sr_decision_partner_extra,Computer-Stranger,6.0,-0.053292294107899096,0.21813949708714592,0.4999999999999769,-0.3197537646473923,0.3919672956315212,0.7117210602789134,-0.17714744617350894,0.09899859756253129,6.499999999999956,-0.708589784694027,0.05794554483558403
104,11,2,sharedreward,single-echo,tedana,sr_outcome_primary,Reward-Neutral,6.0,-0.21450982568048488,0.3712628016446277,0.7999999999999758,-1.2870589540829,0.41078632068910387,1.697845274772004,-0.496453669287474,-0.028977472981801863,4.0,-1.9858146771498713,-0.6520192659198105
104,11,2,sharedreward,single-echo,tedana,sr_outcome_primary,Punish-Neutral,6.0,-0.1553727335822008,0.2984098914530063,1.3999999999999737,-0.9322364014931982,0.3514901847792007,1.2837265862723988,-0.2519421702371374,0.10418338363729832,6.999999999999954,-1.007768680948537,-0.3883602042119354
104,11,2,sharedreward,single-echo,tedana,sr_outcome_primary,Reward-Punish,6.0,-0.0591370920982841,0.4537816424439238,0.2999999999999776,-0.3548225525897021,0.4646989842053991,0.8195215367951012,-0.2445114990503366,0.03497912151970879,4.0,-0.9780459962013341,-0.26365906170787506
104,11,2,sharedreward,single-echo,tedana,sr_decision_by_future_outcome_extra,Reward-Neutral,6.0,-0.1560705105382024,0.2549880845005334,5.699999999999958,-0.9364230632292077,0.4299514576559913,1.3663745208851992,0.00783704252090258,0.2549880845005334,5.699999999999958,0.03134817008360993,0.21982613095081444
104,11,2,sharedreward,single-echo,tedana,sr_decision_by_future_outcome_extra,Punish-Neutral,6.0,-0.1805439816966457,0.3341103849885815,0.0999999999999783,-1.0832638901798666,0.4337225423804001,1.5169864325602667,-0.01270062882215865,0.19202357289509647,5.999999999999957,-0.05080251528863397,0.19202357289509006
104,11,2,sharedreward,single-echo,tedana,sr_decision_by_future_outcome_extra,Reward-Punish,6.0,0.024473471158443314,0.16531264941646331,1.7999999999999725,0.14684082695065884,0.3348256041934648,0.187984777242806,0.020537671343061233,0.1391483688239725,4.899999999999961,0.0821506853722439,0.027802558055724357
104,12,1,mid,multi-echo,fmriprep,mid_anticipation_primary,Reward-Neutral,5.022000000000006,-0.0716586463928438,0.07951896809028568,5.022000000000006,-0.359869722184862,0.01429451754378739,0.37416423972864943,-0.0158189177641983,0.2089063811456695,5.699999999999958,-0.06327567105679241,0.14780933994243683
104,12,1,mid,multi-echo,fmriprep,mid_feedback_extra,Positive-Negative,5.986999999999966,0.06024594098025204,0.2551034348103764,4.099999999999964,0.36069244864876693,0.5607441786575836,0.20005173000881665,0.12056996622683998,0.2551034348103764,4.099999999999964,0.4822798649073539,0.09942166632434224
104,12,1,mid,multi-echo,tedana,mid_anticipation_primary,Reward-Neutral,5.022000000000006,-0.005165730830164176,0.1207291966619592,5.022000000000006,-0.02594230022908452,0.12957653099498015,0.15551883122406468,0.025982470215269535,0.2408805552309779,5.699999999999958,0.10392988086107685,0.1904808029522929
104,12,1,mid,multi-echo,tedana,mid_feedback_extra,Positive-Negative,5.986999999999966,0.07217941646675197,0.225954725101885,3.999999999999965,0.4321381663864416,0.5291983031426133,0.0970601367561718,0.07904369990050053,0.2259547251018849,4.0,0.3161747996019982,0.054715689361907516
104,12,1,mid,single-echo,fmriprep,mid_anticipation_primary,Reward-Neutral,5.022000000000006,-0.16441334679157987,0.13561989110389672,5.022000000000006,-0.8256838275873151,0.02557350427279843,0.8512573318601135,-0.03854716301391463,0.3182817212474753,5.699999999999958,-0.1541886520556566,0.23320347548904974
104,12,1,mid,single-echo,fmriprep,mid_feedback_extra,Positive-Negative,5.986999999999966,0.07046313996814481,0.3781804232796373,4.399999999999963,0.4218628189892806,0.7441409428088863,0.32227812381960586,0.14460559067923534,0.3781804232796373,4.399999999999963,0.5784223627169341,0.06851801031710275
104,12,1,mid,single-echo,tedana,mid_anticipation_primary,Reward-Neutral,5.022000000000006,-0.03488553942525172,0.24028318375933172,5.022000000000006,-0.17519517899361434,0.11920648261080218,0.2944016616044165,0.0661325656671766,0.4037429168121929,5.699999999999958,0.2645302626687031,0.33860357223944143
104,12,1,mid,single-echo,tedana,mid_feedback_extra,Positive-Negative,5.986999999999966,0.09087773094816659,0.328456783708511,4.399999999999963,0.5440849751866703,0.7218506877679023,0.17776571258123183,0.11077737867387506,0.328456783708511,4.399999999999963,0.44310951469549476,0.03615964327891961
104,12,2,mid,multi-echo,fmriprep,mid_anticipation_primary,Reward-Neutral,5.0267,0.03179825354619345,0.3500283618170617,3.899999999999965,0.15984028110065063,0.5034029182157457,0.34356263711509494,-0.06974133877739244,0.34318066307257133,4.0,-0.2789653551095663,-0.1219855376562573
104,12,2,mid,multi-echo,fmriprep,mid_feedback_extra,Positive-Negative,5.986999999999966,0.20919820432368252,0.5196417548206209,2.49999999999997,1.2524696492858802,1.2666025087006447,0.014132859414764429,0.06358394671285011,0.16287837917645331,6.499999999999956,0.2543357868513973,0.1434202200886414
104,12,2,mid,multi-echo,tedana,mid_anticipation_primary,Reward-Neutral,5.0267,-0.034567559794900206,0.07063993584486741,4.499999999999963,-0.17376075282102485,0.07697923074354293,0.2507399835645678,-0.03154319212021791,0.07063993584486741,4.499999999999963,-0.12617276848087006,-0.04076166741534927
104,12,2,mid,multi-echo,tedana,mid_feedback_extra,Positive-Negative,5.986999999999966,0.04580831282827409,0.15724676040076468,3.4999999999999662,0.27425436890287547,0.30510329970210137,0.030848930799225883,0.03929812451691156,0.09285601642859899,4.0,0.1571924980676443,0.0669671864558611
104,12,2,mid,single-echo,fmriprep,mid_anticipation_primary,Reward-Neutral,5.0267,-0.01650728437963656,0.5562643910069377,3.999999999999965,-0.08297716639111909,0.7807872511188004,0.8637644175099197,-0.04483386067619413,0.5562643910069354,4.0,-0.1793354427047743,-0.18134671827397486
104,12,2,mid,single-echo,fmriprep,mid_feedback_extra,Positive-Negative,5.986999999999966,0.31514893817502754,0.8163405329528064,2.2999999999999705,1.8867966928538793,1.9083538161666767,0.021557123312797175,0.04724131810778414,0.1911042443159254,5.799999999999958,0.1889652724311342,0.1627214014475421
104,12,2,mid,single-echo,tedana,mid_anticipation_primary,Reward-Neutral,5.0267,-0.06382388758075364,0.1595644107044812,4.399999999999963,-0.3208235357021743,0.1698104258040461,0.4906339615062204,0.006551348312799607,0.1595644107044812,4.399999999999963,0.0262053932511981,-0.040319843233547176
104,12,2,mid,single-echo,tedana,mid_feedback_extra,Positive-Negative,5.986999999999966,0.05199083270441327,0.1508296972080749,3.4999999999999662,0.3112691154013205,0.37495967930509405,0.06369056390377353,0.03537217741933895,0.10917770816942658,4.0,0.14148870967735405,0.05974577689715795
104,12,1,sharedreward,multi-echo,fmriprep,sr_decision_partner_extra,Computer-Stranger,6.0,0.11427225679858098,0.3723631294830123,2.699999999999969,0.685633540791481,0.7807578597421106,0.09512431895062967,0.09767568688865305,0.1447791037984591,7.99999999999995,0.3907027475546073,0.11700243134462933
104,12,1,sharedreward,multi-echo,fmriprep,sr_outcome_primary,Reward-Neutral,6.0,0.13199120901552658,0.23773337780369333,4.699999999999962,0.7919472540931539,0.7919472540931539,0.0,0.08697333574510663,0.23773337780369333,4.699999999999962,0.3478933429804222,0.059291339535341964
104,12,1,sharedreward,multi-echo,fmriprep,sr_outcome_primary,Punish-Neutral,6.0,0.2876946472033268,0.421073965580723,4.099999999999964,1.7261678832199487,1.7261678832199487,0.0,0.3022356016849872,0.421073965580723,4.099999999999964,1.2089424067399337,0.3445679779053558
104,12,1,sharedreward,multi-echo,fmriprep,sr_outcome_primary,Reward-Punish,6.0,-0.15570343818780025,0.11251543340156867,0.0,-0.9342206291267948,0.023226073883581107,0.9574467030103759,-0.21526226593988051,-0.11127888465029839,4.899999999999961,-0.8610490637595114,-0.2852766383700138
104,12,1,sharedreward,multi-echo,fmriprep,sr_decision_by_future_outcome_extra,Reward-Neutral,6.0,0.13947421664257426,0.211593985260088,3.1999999999999673,0.8368452998554395,0.8374655787440461,0.0006202788886065262,0.0973823183659463,0.2699741297684908,7.99999999999995,0.38952927346378036,0.0026098272539691937
104,12,1,sharedreward,multi-echo,fmriprep,sr_decision_by_future_outcome_extra,Punish-Neutral,6.0,0.17125894421200613,0.2625934960564642,2.0999999999999712,1.0275536652720294,1.0275536652720294,0.0,0.19148681844245363,0.4311816816997441,7.99999999999995,0.765947273769805,0.12455400188698962
104,12,1,sharedreward,multi-echo,fmriprep,sr_decision_by_future_outcome_extra,Reward-Punish,6.0,-0.03178472756943191,0.040562985995967804,3.6999999999999655,-0.1907083654165901,0.04673142429139441,0.23743978970798446,-0.09410450007650731,0.021086725158754527,4.0,-0.37641800030602457,-0.12194417463302043
104,12,1,sharedreward,multi-echo,tedana,sr_decision_partner_extra,Computer-Stranger,6.0,-0.07839374827551811,-0.020446056008468605,5.699999999999958,-0.47036248965310534,0.0,0.47036248965310534,-0.05321835748523749,-0.020446056008468605,5.699999999999958,-0.21287342994094732,-0.027830144433915793
104,12,1,sharedreward,multi-echo,tedana,sr_outcome_primary,Reward-Neutral,6.0,0.043805615280823273,0.11951101631268525,0.0,0.26283369168493775,0.2742774838357807,0.011443792150842845,0.016560125603965848,0.06018967282653523,4.0,0.06624050241586257,-0.002390691324030116
104,12,1,sharedreward,multi-echo,tedana,sr_outcome_primary,Punish-Neutral,6.0,0.141539196892207,0.2648187530975445,3.6999999999999655,0.849235181353236,0.8724569152598682,0.023221733906632215,0.17745601089317348,0.25914944897707026,4.099999999999964,0.709824043572685,0.1509748066121588
104,12,1,sharedreward,multi-echo,tedana,sr_outcome_primary,Reward-Punish,6.0,-0.09773358161138371,0.1775487924729272,0.0,-0.5864014896682981,0.10239914251665955,0.6888006321849576,-0.1608958852892076,-0.047366354103217406,7.99999999999995,-0.6435835411568224,-0.15336549793618892
104,12,1,sharedreward,multi-echo,tedana,sr_decision_by_future_outcome_extra,Reward-Neutral,6.0,0.06815700512936412,0.19899317037860298,1.9999999999999716,0.4089420307761818,0.44770472832199637,0.03876269754581463,0.010519161586388444,0.1249379416249895,7.899999999999951,0.042076646345553255,-0.044320069920054134
104,12,1,sharedreward,multi-echo,tedana,sr_decision_by_future_outcome_extra,Punish-Neutral,6.0,-0.05041718719533096,0.0408651883114503,2.49999999999997,-0.30250312317198363,0.039991401554483254,0.3424945247264669,0.03271889091673073,0.2953805370773432,7.99999999999995,0.1308755636669213,0.014891603610778285
104,12,1,sharedreward,multi-echo,tedana,sr_decision_by_future_outcome_extra,Reward-Punish,6.0,0.11857419232469509,0.24792124979535013,1.3999999999999737,0.7114451539481654,0.7282059611678398,0.016760807219674264,-0.022199729330342286,0.1466225998899056,4.199999999999964,-0.08879891732136803,-0.05921167353083242
104,12,1,sharedreward,single-echo,fmriprep,sr_decision_partner_extra,Computer-Stranger,6.0,0.24698207590617774,0.7409468002341322,2.699999999999969,1.4818924554370558,1.6180144916462675,0.13612203620921168,0.17944974773259253,0.283104518480561,7.99999999999995,0.7177989909303613,0.21864374590456248
104,12,1,sharedreward,single-echo,fmriprep,sr_outcome_primary,Reward-Neutral,6.0,0.24243816071834526,0.5459984101030695,0.2999999999999776,1.4546289643100612,1.4546289643100612,0.0,0.18393218956459165,0.3303591956942378,4.699999999999962,0.7357287582583575,0.06816235645335818
104,12,1,sharedreward,single-echo,fmriprep,sr_outcome_primary,Punish-Neutral,6.0,0.41632739186068984,0.6519384137656787,0.8999999999999755,2.4979643511641214,2.4979643511641214,0.0,0.5158772187921976,0.6137076525067041,5.899999999999958,2.0635088751687647,0.6066054035448182
104,12,1,sharedreward,single-echo,fmriprep,sr_outcome_primary,Reward-Punish,6.0,-0.17388923114234453,0.2170678865060683,0.0,-1.0433353868540598,0.0636080949148475,1.1069434817689074,-0.33194502922760594,-0.13197254582110482,4.699999999999962,-1.3277801169104073,-0.53844304709146
104,12,1,sharedreward,single-echo,fmriprep,sr_decision_by_future_outcome_extra,Reward-Neutral,6.0,0.2546787420569801,0.48487244004216523,3.899999999999965,1.5280724523418696,1.5280724523418696,0.0,0.2242295394250307,0.481378929474636,4.0,0.8969181577001117,0.046975261687936046
104,12,1,sharedreward,single-echo,fmriprep,sr_decision_by_future_outcome_extra,Punish-Neutral,6.0,0.2854456123411026,0.45959650117872863,4.199999999999964,1.7126736740466033,1.7126736740466033,0.0,0.34201783501354394,0.45959650117872863,4.199999999999964,1.3680713400541586,0.24320911830274008
104,12,1,sharedreward,single-echo,fmriprep,sr_decision_by_future_outcome_extra,Reward-Punish,6.0,-0.030766870284122505,0.08746557464936022,0.6999999999999762,-0.18460122170473373,0.11996197484301883,0.30456319654775255,-0.11778829558851316,0.04042663837420105,4.0,-0.47115318235404674,-0.19623385661480403
104,12,1,sharedreward,single-echo,tedana,sr_decision_partner_extra,Computer-Stranger,6.0,-0.10453692500181053,-0.018021856650971398,2.699999999999969,-0.6272215500108587,0.0,0.6272215500108587,-0.0902079560141369,-0.018459093658202,7.99999999999995,-0.3608318240565431,-0.06389295116345027
104,12,1,sharedreward,single-echo,tedana,sr_outcome_primary,Reward-Neutral,6.0,0.08174454030660615,0.2885661209421144,0.4999999999999769,0.4904672418396334,0.5953293369635547,0.1048620951239215,0.03606525567839993,0.2624082637825418,7.599999999999952,0.14426102271359792,-0.08582238854458414
104,12,1,sharedreward,single-echo,tedana,sr_outcome_primary,Punish-Neutral,6.0,0.2001315032593439,0.2683548018615696,1.1999999999999744,1.2007890195560549,1.2007890195560549,0.0,0.29052205547608895,0.4093018139043356,7.399999999999952,1.1620882219043414,0.23612322160524235
104,12,1,sharedreward,single-echo,tedana,sr_outcome_primary,Reward-Punish,6.0,-0.11838696295273778,0.22970476138140475,0.0,-0.7103217777164216,0.11005552602568407,0.8203773037421057,-0.25445679979768904,-0.0862760190640987,7.99999999999995,-1.0178271991907435,-0.32194561014982653
104,12,1,sharedreward,single-echo,tedana,sr_decision_by_future_outcome_extra,Reward-Neutral,6.0,0.10929961245491006,0.1836988634103002,3.1999999999999673,0.6557976747294557,0.6850212233108133,0.02922354858135765,0.06228570985139612,0.17448935822950756,4.0,0.24914283940558138,-0.019485776900267968
104,12,1,sharedreward,single-echo,tedana,sr_decision_by_future_outcome_extra,Punish-Neutral,6.0,-0.05267415346549269,0.10378120416238021,2.999999999999968,-0.3160449207929539,0.17625643568184707,0.4923013564748009,0.09379998757080293,0.24037418974347619,7.99999999999995,0.3751999502832071,0.08556963152293164
104,12,1,sharedreward,single-echo,tedana,sr_decision_by_future_outcome_extra,Reward-Punish,6.0,0.16197376592040272,0.3926572131089864,1.299999999999974,0.9718425955224095,1.0223475634094625,0.05050496788705312,-0.03151427771940681,0.1580517081798709,4.199999999999964,-0.1260571108776257,-0.1050554084231996
104,12,2,sharedreward,multi-echo,fmriprep,sr_decision_partner_extra,Computer-Stranger,6.0,0.062418360895236724,0.272141716591741,3.6999999999999655,0.3745101653714177,0.6177649384572619,0.2432547730858443,0.12925545490676343,0.2679251373948244,4.0,0.5170218196270473,0.07460459862456273
104,12,2,sharedreward,multi-echo,fmriprep,sr_outcome_primary,Reward-Neutral,5.224999999999966,0.00488390325968291,0.0968983147542138,3.799999999999965,0.025518394531843038,0.12272898630233146,0.09721059177048845,-0.07387231090846136,0.13566001644929682,7.99999999999995,-0.29548924363384177,-0.2255151812789754
104,12,2,sharedreward,multi-echo,fmriprep,sr_outcome_primary,Punish-Neutral,5.224999999999966,0.12803789812368915,0.1919083947137215,3.0999999999999677,0.6689980176962714,0.6705323883010975,0.0015343706048261015,-0.11029469331314497,0.16190224639407036,4.0,-0.4411787732525744,-0.26373720145655893
104,12,2,sharedreward,multi-echo,fmriprep,sr_outcome_primary,Reward-Punish,5.224999999999966,-0.12315399486400624,-0.06298615892212311,3.799999999999965,-0.6434796231644284,0.0,0.6434796231644284,0.0364223824046836,0.21153621364632103,7.99999999999995,0.1456895296187326,0.038222020177583534
104,12,2,sharedreward,multi-echo,fmriprep,sr_decision_by_future_outcome_extra,Reward-Neutral,6.0,-0.0999645517357828,0.033581180845062696,0.3999999999999772,-0.5997873104146925,0.0190304316224898,0.6188177420371822,-0.022024642093348555,0.005136650753677301,6.199999999999957,-0.08809856837339312,-0.009108689584606467
104,12,2,sharedreward,multi-echo,fmriprep,sr_decision_by_future_outcome_extra,Punish-Neutral,6.0,-0.06011680511606557,0.10849184835625772,0.0,-0.36070083069639086,0.12355117784731455,0.4842520085437054,0.058458507845115325,0.2630095608529879,7.99999999999995,0.23383403138045838,-0.02896886172360497
104,12,2,sharedreward,multi-echo,fmriprep,sr_decision_by_future_outcome_extra,Reward-Punish,6.0,-0.03984774661971723,0.06693876906832891,1.4999999999999734,-0.2390864797183017,0.043008819594848445,0.28209529931315014,-0.08048314993846388,0.025301101431770202,6.199999999999957,-0.3219325997538515,0.019860172138998503
104,12,2,sharedreward,multi-echo,tedana,sr_decision_partner_extra,Computer-Stranger,6.0,0.04851350138967699,0.1737399680972716,3.1999999999999673,0.2910810083380599,0.33419418731116457,0.04311317897310469,0.04178240781823418,0.21165834601915678,7.99999999999995,0.16712963127293465,0.007918646531951153
104,12,2,sharedreward,multi-echo,tedana,sr_outcome_primary,Reward-Neutral,5.224999999999966,-0.07810764491822923,0.02741892399050841,0.9999999999999752,-0.40811244469774505,0.009781477150943208,0.4178939218486883,-0.13776163008237416,-0.021880432682392897,7.99999999999995,-0.5510465203294898,-0.2085220261285131
104,12,2,sharedreward,multi-echo,tedana,sr_outcome_primary,Punish-Neutral,5.224999999999966,-0.040763817235150435,0.0751277440443404,1.0999999999999748,-0.21299094505365965,0.06554640927657011,0.2785373543302298,-0.1477299417939786,-0.0661629735696192,7.99999999999995,-0.5909197671759071,-0.20957002448435916
104,12,2,sharedreward,multi-echo,tedana,sr_outcome_primary,Reward-Punish,5.224999999999966,-0.0373438276830788,0.0123036363771502,4.499999999999963,-0.19512149964408546,0.004567235092165824,0.19968873473625126,0.009968311711604465,0.0442825408872263,7.99999999999995,0.03987324684641737,0.0010479983558460669
104,12,2,sharedreward,multi-echo,tedana,sr_decision_by_future_outcome_extra,Reward-Neutral,6.0,-0.033867018477937265,0.0298025752696722,1.599999999999973,-0.20320211086762213,0.030131152094918595,0.2333332629625407,-0.1311435266529953,-0.03301161546070169,6.099999999999957,-0.5245741066119747,-0.035736121657115136
104,12,2,sharedreward,multi-echo,tedana,sr_decision_by_future_outcome_extra,Punish-Neutral,6.0,-0.028853889838875667,0.0983563183252029,0.0,-0.17312333903325278,0.05750619905959338,0.23062953809284614,-0.10770130377421724,-0.020763447037836495,4.799999999999962,-0.4308052150968636,-0.09011967502672191
104,12,2,sharedreward,multi-echo,tedana,sr_decision_by_future_outcome_extra,Reward-Punish,6.0,-0.005013128639061592,0.0612376258139692,1.899999999999972,-0.03007877183436934,0.11511916428675184,0.14519793612112122,-0.023442222878778063,0.0601996846702009,6.099999999999957,-0.09376889151511109,0.054383553369606784
104,12,2,sharedreward,single-echo,fmriprep,sr_decision_partner_extra,Computer-Stranger,6.0,0.028325302491555505,0.3443694946193455,3.999999999999965,0.16995181494933181,0.7146087974497847,0.5446569825004528,0.05972033918195834,0.3443694946193411,4.0,0.2388813567278304,-0.04187775983139459
104,12,2,sharedreward,single-echo,fmriprep,sr_outcome_primary,Reward-Neutral,5.224999999999966,-0.0197168285087093,0.2097481253914123,3.799999999999965,-0.10302042895800542,0.2544568338716852,0.35747726282969067,-0.028438672801800582,0.1936739997599529,7.99999999999995,-0.11375469120720091,-0.1747722905260741
104,12,2,sharedreward,single-echo,fmriprep,sr_outcome_primary,Punish-Neutral,5.224999999999966,0.2102790940816775,0.34788675890973547,3.4999999999999662,1.0987082665767578,1.0987082665767578,0.0,-0.062411525271183405,0.34532469864857607,4.099999999999964,-0.2496461010847305,-0.2680841997962623
104,12,2,sharedreward,single-echo,fmriprep,sr_outcome_primary,Reward-Punish,5.224999999999966,-0.22999592259038681,-0.12401475252995228,3.799999999999965,-1.2017286955347632,0.0,1.2017286955347632,0.03397285246938283,0.2861684467216027,7.99999999999995,0.13589140987752962,0.0933119092701882
104,12,2,sharedreward,single-echo,fmriprep,sr_decision_by_future_outcome_extra,Reward-Neutral,6.0,-0.20617609179082377,0.012707240015748772,0.0,-1.2370565507449338,0.0013331174742429632,1.2383896682191766,-0.1188227674589717,0.0537380976330463,7.99999999999995,-0.47529106983588093,-0.23758420829680957
104,12,2,sharedreward,single-echo,fmriprep,sr_decision_by_future_outcome_extra,Punish-Neutral,6.0,-0.09453173117618377,0.18310981220925668,0.0,-0.5671903870570986,0.18735392967857523,0.7545443167356738,0.053438509977180346,0.4570981689306722,7.99999999999995,0.21375403990871872,-0.1616724257866153
104,12,2,sharedreward,single-echo,fmriprep,sr_decision_by_future_outcome_extra,Reward-Punish,6.0,-0.11164436061464,0.0470170765557465,1.4999999999999734,-0.6698661636878352,0.017236992573041184,0.6871031562608765,-0.17226127743615208,-0.0361451658974793,6.299999999999956,-0.6890451097445998,-0.07591178251019423
104,12,2,sharedreward,single-echo,tedana,sr_decision_partner_extra,Computer-Stranger,6.0,0.05034906292963584,0.2689982309301512,3.299999999999967,0.3020943775778129,0.4266118424493388,0.12451746487152592,-0.030314080393250165,0.1898683252209396,7.99999999999995,-0.12125632157299915,-0.11194704036280839
104,12,2,sharedreward,single-echo,tedana,sr_outcome_primary,Reward-Neutral,5.224999999999966,-0.12356422619760155,0.0616713608166856,0.5999999999999766,-0.6456230818824639,0.041376296844573335,0.6869993787270373,-0.13735515581817126,-0.0440832658061707,7.99999999999995,-0.5494206232726782,-0.16819418733172203
104,12,2,sharedreward,single-echo,tedana,sr_outcome_primary,Punish-Neutral,5.224999999999966,-0.06503160598708914,0.0597360975969005,0.7999999999999758,-0.33979014128253854,0.047180111569872715,0.38697025285241127,-0.1229072981522077,-0.0530952474892548,7.99999999999995,-0.4916291926088247,-0.1827813887102356
104,12,2,sharedreward,single-echo,tedana,sr_outcome_primary,Reward-Punish,5.224999999999966,-0.05853262021051242,0.059121057979095074,0.0,-0.3058329405999254,0.017254598274361856,0.32308753887428726,-0.014447857665963553,0.014587201378517198,5.999999999999957,-0.05779143066385349,0.014587201378513605
104,12,2,sharedreward,single-echo,tedana,sr_decision_by_future_outcome_extra,Reward-Neutral,6.0,-0.06952817264849218,0.030838013827579096,2.8999999999999684,-0.4171690358909501,0.008922255639010258,0.4260912915299603,-0.24137122466954203,-0.03386602535083369,4.0,-0.9654848986781561,-0.24114454672317395
104,12,2,sharedreward,single-echo,tedana,sr_decision_by_future_outcome_extra,Punish-Neutral,6.0,-0.04333838488194354,0.1718682033514516,0.0,-0.2600303092916594,0.09736149708740267,0.3573918063790621,-0.20672063873679372,-0.02804499551308883,4.0,-0.8268825549471646,-0.3088231716454685
104,12,2,sharedreward,single-echo,tedana,sr_decision_by_future_outcome_extra,Reward-Punish,6.0,-0.026189787766548636,0.0676786249222896,5.999999999999957,-0.1571387265992907,0.07450913534358503,0.23164786194287568,-0.03465058593274834,0.0816177617201029,6.199999999999957,-0.13860234373099165,0.06767862492229457
105,1,1,mid,multi-echo,fmriprep,mid_anticipation_primary,Reward-Neutral,5.0198,0.02299199162825758,0.0842267011170301,1.599999999999973,0.1154151995755274,0.17232736576253113,0.05691216618700372,-0.09583913818173337,0.09460832137101322,7.99999999999995,-0.3833565527269287,-0.22249315357305194
105,1,1,mid,multi-echo,fmriprep,mid_feedback_extra,Positive-Negative,5.994,0.0173900489230629,0.09754327169124499,4.499999999999963,0.104235953244839,0.18674515098496797,0.08250919774012899,-0.020052263022314883,0.09754327169124499,4.499999999999963,-0.08020905208925853,0.006518778829620999
105,1,1,mid,multi-echo,tedana,mid_anticipation_primary,Reward-Neutral,5.0198,0.04010152897132115,0.12071143068371809,3.6999999999999655,0.20130165513023793,0.2711635404465884,0.06986188531635056,0.01892552160879101,0.1837473832728187,7.799999999999951,0.0757020864351631,-0.09631443059862348
105,1,1,mid,multi-echo,tedana,mid_feedback_extra,Positive-Negative,5.994,0.03417141233436321,0.0801222664546445,5.599999999999959,0.20482344553217305,0.25194535288840886,0.04712190735623578,-0.03390512501535054,0.0801222664546445,5.599999999999959,-0.13562050006140047,0.03898665691231281
105,1,1,mid,single-echo,fmriprep,mid_anticipation_primary,Reward-Neutral,5.0198,-0.11667946296248834,0.04033138254472163,1.4999999999999734,-0.585707568179099,0.026449276444928404,0.6121568446240273,-0.2635011485464222,0.2508633349415691,7.699999999999951,-1.0540045941856757,-0.5136355145520108
105,1,1,mid,single-echo,fmriprep,mid_feedback_extra,Positive-Negative,5.994,0.30814769780906826,0.6477260380559366,4.399999999999963,1.847037300667555,1.8729829645077942,0.02594566384023929,0.2486169324014175,0.6477260380559366,4.399999999999963,0.9944677296056577,0.29023674378658376
105,1,1,mid,single-echo,tedana,mid_anticipation_primary,Reward-Neutral,5.0198,-0.14052835222301133,0.045535890970302195,3.599999999999966,-0.7054242224890723,0.02241584400078199,0.7278400664898543,-0.0939166040591966,0.465083267802536,7.699999999999951,-0.37566641623678176,-0.3452496103607425
105,1,1,mid,single-echo,tedana,mid_feedback_extra,Positive-Negative,5.994,0.2624559219158466,0.4613800575835659,1.299999999999974,1.5731607959635845,1.5731607959635845,0.0,0.08497528636975768,0.3422956475734624,5.29999999999996,0.3399011454790265,0.23214520675547
105,1,2,mid,multi-echo,fmriprep,mid_anticipation_primary,Reward-Neutral,5.0190000000000055,0.2922179977059757,0.4369020835638668,2.199999999999971,1.4666421304862935,1.4685365794295766,0.0018944489432830363,0.12286508592683382,0.3513524096227756,4.099999999999964,0.49146034370732916,0.10471223459960514
105,1,2,mid,multi-echo,fmriprep,mid_feedback_extra,Positive-Negative,5.992999999999995,0.02547251015888022,0.10760133299192111,5.29999999999996,0.15265675338216902,0.23335734932634275,0.08070059594417373,0.024924756796314274,0.1082354206604324,7.99999999999995,0.09969902718525586,0.013593655960350453
105,1,2,mid,multi-echo,tedana,mid_anticipation_primary,Reward-Neutral,5.0190000000000055,0.19403389748433075,0.3343590460024159,2.0999999999999712,0.9738561314738571,0.9788406570023646,0.0049845255285073395,0.07300902744362739,0.2156589761237525,4.199999999999964,0.29203610977450595,0.02717959321034466
105,1,2,mid,multi-echo,tedana,mid_feedback_extra,Positive-Negative,5.992999999999995,-0.02748782046376252,0.055943303439991494,5.29999999999996,-0.16473450803932865,0.07008201352131194,0.23481652156064053,0.0020673249125054915,0.055943303439991494,5.29999999999996,0.008269299650021864,0.008144415989176732
105,1,2,mid,single-echo,fmriprep,mid_anticipation_primary,Reward-Neutral,5.0190000000000055,0.5325031263218218,0.8115722069597386,2.199999999999971,2.672633191009227,2.672633191009227,0.0,0.22287548072213406,0.5178970531184567,4.0,0.8915019228885251,0.15176656319215684
105,1,2,mid,single-echo,fmriprep,mid_feedback_extra,Positive-Negative,5.992999999999995,0.13553162577378722,0.39913865827057704,1.6999999999999726,0.8122410332623061,0.9839246807052687,0.17168364744296266,-0.165446436358311,0.16419208607202632,4.0,-0.6617857454332358,-0.2606721892592072
105,1,2,mid,single-echo,tedana,mid_anticipation_primary,Reward-Neutral,5.0190000000000055,0.3267346702182069,0.6393732939919259,1.899999999999972,1.639881309825182,1.642033700022661,0.002152390197478952,0.07813306360342023,0.23790355556901524,4.0,0.31253225441367705,0.011949092454214943
105,1,2,mid,single-echo,tedana,mid_feedback_extra,Positive-Negative,5.992999999999995,0.028179614504144673,0.2188597624250841,1.899999999999972,0.1688804297233389,0.4945574857212555,0.32567705599791663,-0.15163505403137345,0.09772942922682833,4.0,-0.6065402161254863,-0.21497925748596194
105,1,1,sharedreward,multi-echo,fmriprep,sr_decision_partner_extra,Computer-Stranger,6.0,0.16566192769710192,0.2052958341368615,5.29999999999996,0.9939715661826044,0.9939715661826044,0.0,0.14364477241350332,0.2052958341368615,5.29999999999996,0.5745790896540062,0.15521013293856234
105,1,1,sharedreward,multi-echo,fmriprep,sr_outcome_primary,Reward-Neutral,5.222000000000037,-0.016292876060307705,0.1505135079094085,2.199999999999971,-0.08508139878692743,0.16405679916162763,0.24913819794855505,-0.051514853726336254,0.13965056633885692,7.99999999999995,-0.20605941490534246,-0.13152611212768672
105,1,1,sharedreward,multi-echo,fmriprep,sr_outcome_primary,Punish-Neutral,5.222000000000037,-0.11328734100630045,0.0677799930919383,2.199999999999971,-0.5915864947349051,0.03851470171117145,0.6301011964460764,-0.08214089825465558,0.030694283365296598,7.99999999999995,-0.3285635930186182,-0.07324290844380345
105,1,1,sharedreward,multi-echo,fmriprep,sr_outcome_primary,Reward-Punish,5.222000000000037,0.09699446494599276,0.2012841366452196,0.5999999999999766,0.5065050959479778,0.5068495723590327,0.00034447641105502647,0.030626044528319317,0.1396617977033599,7.599999999999952,0.12250417811327574,-0.05828320368388326
105,1,1,sharedreward,multi-echo,fmriprep,sr_decision_by_future_outcome_extra,Reward-Neutral,6.0,0.030269353422940994,0.1266133231239488,1.6999999999999726,0.18161612053764467,0.3072963331375881,0.12568021259994347,0.020726066873356288,0.1781550129660012,6.7999999999999545,0.08290426749342412,0.06006345917621856
105,1,1,sharedreward,multi-echo,fmriprep,sr_decision_by_future_outcome_extra,Punish-Neutral,6.0,-0.05431336570999676,0.11985290906490896,0.0,-0.3258801942599782,0.1011790428941395,0.4270592371541178,-0.11425481056057152,0.012438000975118501,6.7999999999999545,-0.4570192422422804,-0.07315707714478234
105,1,1,sharedreward,multi-echo,fmriprep,sr_decision_by_future_outcome_extra,Reward-Punish,6.0,0.08458271913293776,0.1672949729051318,5.29999999999996,0.5074963147976229,0.5214619936039133,0.013965678806290361,0.1349808774339278,0.1681025371586463,6.699999999999955,0.5399235097357046,0.1332205363210009
105,1,1,sharedreward,multi-echo,tedana,sr_decision_partner_extra,Computer-Stranger,6.0,0.12574812897193402,0.1602272685105116,5.29999999999996,0.7544887738315987,0.7544887738315987,0.0,0.07736797230123184,0.1602272685105116,5.29999999999996,0.3094718892049235,0.11467313625342838
105,1,1,sharedreward,multi-echo,tedana,sr_outcome_primary,Reward-Neutral,5.222000000000037,-0.035272758086574,0.0677253874285466,2.199999999999971,-0.18419434272809074,0.04644097399572581,0.23063531672381657,-0.014342793428220613,0.1727850122911363,7.99999999999995,-0.05737117371288174,-0.07489385416645535
105,1,1,sharedreward,multi-echo,tedana,sr_outcome_primary,Punish-Neutral,5.222000000000037,-0.0909554966830627,0.07493910479878119,2.2999999999999705,-0.4749696036789568,0.0451455455094769,0.5201151491884337,-0.056085101233687186,0.02041165275720841,7.99999999999995,-0.22434040493474594,-0.03151954747933893
105,1,1,sharedreward,multi-echo,tedana,sr_outcome_primary,Reward-Punish,5.222000000000037,0.05568273859648871,0.1749325856623806,0.7999999999999758,0.2907752609508661,0.30510005110774147,0.01432479015687542,0.04174230780546657,0.1717365722208428,7.699999999999951,0.1669692312218642,-0.0433743066871164
105,1,1,sharedreward,multi-echo,tedana,sr_decision_by_future_outcome_extra,Reward-Neutral,6.0,-0.0708406766392907,-0.005733496487322801,2.49999999999997,-0.4250440598357412,0.0,0.4250440598357412,-0.03194929420534228,0.0649899708460112,6.7999999999999545,-0.12779717682136754,-0.025599077087111212
105,1,1,sharedreward,multi-echo,tedana,sr_decision_by_future_outcome_extra,Punish-Neutral,6.0,-0.10713802580362773,0.026025218252597702,2.699999999999969,-0.6428281548217618,0.01447808421022783,0.6573062390319897,-0.09594249286634335,0.058643133468903,6.7999999999999545,-0.3837699714653686,-0.0508633987638483
105,1,1,sharedreward,multi-echo,tedana,sr_decision_by_future_outcome_extra,Reward-Punish,6.0,0.03629734916433704,0.1550555947189656,4.899999999999961,0.21778409498602067,0.27170586056441537,0.053921765578394766,0.06399319866100107,0.1550555947189656,4.899999999999961,0.25597279464400113,0.02526432167673709
105,1,1,sharedreward,single-echo,fmriprep,sr_decision_partner_extra,Computer-Stranger,6.0,0.3160357675385571,0.5057083267484811,0.0,1.8962146052313291,1.8962146052313291,0.0,0.32328762160931723,0.4003014716270607,6.299999999999956,1.293150486437253,0.3748067820537099
105,1,1,sharedreward,single-echo,fmriprep,sr_outcome_primary,Reward-Neutral,5.222000000000037,0.08611623292205745,0.2931793136361879,4.699999999999962,0.44969896831898715,0.6743394210164861,0.2246404526974991,0.07880407230463697,0.2931793136361879,4.699999999999962,0.31521628921854394,0.09576983068659391
105,1,1,sharedreward,single-echo,fmriprep,sr_outcome_primary,Punish-Neutral,5.222000000000037,-0.008384056708820057,0.1480769705526685,2.2999999999999705,-0.04378154413345865,0.17516016460596856,0.21894170873942725,0.05771552712367594,0.1111366786791589,7.199999999999953,0.2308621084947009,0.06067167945439531
105,1,1,sharedreward,single-echo,fmriprep,sr_outcome_primary,Reward-Punish,5.222000000000037,0.09450028963087749,0.24073002681972588,4.899999999999961,0.49348051245244573,0.5872588037559087,0.0937782913034629,0.021088545180961035,0.24073002681972588,4.899999999999961,0.08435418072384308,0.035098151232198595
105,1,1,sharedreward,single-echo,fmriprep,sr_decision_by_future_outcome_extra,Reward-Neutral,6.0,0.22324670393389948,0.5721374630042195,1.7999999999999725,1.3394802236033874,1.3691413095852503,0.029661085981862487,0.05327669640558958,0.16500024928990759,7.99999999999995,0.2131067856223557,-0.053764899030151504
105,1,1,sharedreward,single-echo,fmriprep,sr_decision_by_future_outcome_extra,Punish-Neutral,6.0,-0.012744070086171995,0.24004823546320803,0.0,-0.07646442051703142,0.28271604384915977,0.3591804643661912,-0.08718629765263912,0.0935138986584431,7.99999999999995,-0.34874519061055215,-0.17962380257861232
105,1,1,sharedreward,single-echo,fmriprep,sr_decision_by_future_outcome_extra,Reward-Punish,6.0,0.23599077402007151,0.6023131347284825,1.299999999999974,1.415944644120419,1.4358074120149606,0.0198627678945415,0.14046299405822874,0.2281439226491419,5.099999999999961,0.561851976232908,0.12585890354846083
105,1,1,sharedreward,single-echo,tedana,sr_decision_partner_extra,Computer-Stranger,6.0,0.21486700980938772,0.38297146072965127,5.3999999999999595,1.2892020588563171,1.2892020588563171,0.0,0.2622198594025313,0.38297146072965127,5.3999999999999595,1.048879437610112,0.3675086698605306
105,1,1,sharedreward,single-echo,tedana,sr_outcome_primary,Reward-Neutral,5.222000000000037,0.06109059520267876,0.3096703830176927,4.699999999999962,0.31901508814839075,0.5411699221334157,0.22215483398502506,0.14214534552373218,0.3096703830176927,4.699999999999962,0.5685813820949216,0.1465506561209039
105,1,1,sharedreward,single-echo,tedana,sr_outcome_primary,Punish-Neutral,5.222000000000037,0.07352666931782656,0.25108810315651403,2.39999999999997,0.383956267177693,0.48515612504175065,0.10119985786405769,0.05424825475049095,0.11659234414716631,4.599999999999962,0.2169930190019611,0.04827566815024063
105,1,1,sharedreward,single-echo,tedana,sr_outcome_primary,Reward-Punish,5.222000000000037,-0.0124360741151478,0.2087157640998756,4.899999999999961,-0.06494117902930227,0.242557430209085,0.30749860923838723,0.08789709077324122,0.2087157640998756,4.899999999999961,0.3515883630929605,0.09827498797066327
105,1,1,sharedreward,single-echo,tedana,sr_decision_by_future_outcome_extra,Reward-Neutral,6.0,0.0253059038020836,0.2700445638592356,2.199999999999971,0.1518354228125005,0.3625365757633981,0.21070115295089759,-0.012219261145159328,0.1287581437408882,7.99999999999995,-0.0488770445806367,-0.08507782075013728
105,1,1,sharedreward,single-echo,tedana,sr_decision_by_future_outcome_extra,Punish-Neutral,6.0,-0.10857060961932859,0.1118118623745524,3.3999999999999666,-0.6514236577159669,0.11379140262918294,0.7652150603451499,-0.002874816699196431,0.1843701297124785,7.199999999999953,-0.011499266796785581,-0.046967461586452874
105,1,1,sharedreward,single-echo,tedana,sr_decision_by_future_outcome_extra,Reward-Punish,6.0,0.13387651342141219,0.504746901552576,1.599999999999973,0.8032590805284674,0.9959444399128038,0.19268535938433634,-0.009344444445962895,0.180951211729625,5.099999999999961,-0.03737777778385112,-0.0381103591636844
105,1,2,sharedreward,multi-echo,fmriprep,sr_decision_partner_extra,Computer-Stranger,6.0,0.014899734516988292,0.1386415751293017,5.899999999999958,0.08939840710192912,0.23386674727109416,0.14446834016916507,0.007447846212093433,0.1386415751293017,5.899999999999958,0.029791384848373362,0.1352439299493991
105,1,2,sharedreward,multi-echo,fmriprep,sr_outcome_primary,Reward-Neutral,5.200400000000002,0.20594675437178972,0.3771099741740275,3.4999999999999662,1.0710055014350557,1.0804390604960832,0.009433559061027582,-0.08034037026686999,0.32441695939566795,4.0,-0.321361481067476,-0.15334890159543837
105,1,2,sharedreward,multi-echo,fmriprep,sr_outcome_primary,Punish-Neutral,5.200400000000002,0.1960728004751895,0.2743005692519178,3.0999999999999677,1.0196569915911757,1.0196569915911757,0.0,-0.10643025039683278,0.2266634269327661,4.0,-0.42572100158732584,-0.17175932314127215
105,1,2,sharedreward,multi-echo,fmriprep,sr_outcome_primary,Reward-Punish,5.200400000000002,0.009873953896600311,0.1195598194069413,3.6999999999999655,0.05134850984388027,0.1803105839397295,0.12896207409584923,0.026089880129962766,0.09775353246290186,4.0,0.10435952051984976,0.018410421545833795
105,1,2,sharedreward,multi-echo,fmriprep,sr_decision_by_future_outcome_extra,Reward-Neutral,6.0,0.12617560092694574,0.20051345952666072,2.999999999999968,0.7570536055616691,0.7570536055616691,0.0,0.20641306441668666,0.4563562007843101,7.199999999999953,0.8256522576667364,0.19437923638238366
105,1,2,sharedreward,multi-echo,fmriprep,sr_decision_by_future_outcome_extra,Punish-Neutral,6.0,0.06549269519621992,0.23173697694830744,0.0,0.3929561711773167,0.5353947836242496,0.1424386124469329,0.24235075160773584,0.3987442899723781,7.199999999999953,0.9694030064309312,0.1805120996523886
105,1,2,sharedreward,multi-echo,fmriprep,sr_decision_by_future_outcome_extra,Reward-Punish,6.0,0.060682905730725836,0.2781496644626651,1.599999999999973,0.36409743438435244,0.6155194997269987,0.2514220653426465,-0.03593768719104913,0.061265714689886605,6.899999999999954,-0.14375074876419475,0.01386713672999506
105,1,2,sharedreward,multi-echo,tedana,sr_decision_partner_extra,Computer-Stranger,6.0,0.025665030539802926,0.0960255139376762,1.4999999999999734,0.15399018323881647,0.20122427715684849,0.04723409391803206,-0.04263673440382866,0.056130044689020706,5.699999999999958,-0.17054693761531253,0.0399720574793206
105,1,2,sharedreward,multi-echo,tedana,sr_outcome_primary,Reward-Neutral,5.200400000000002,0.19574007123384854,0.36340601604618017,3.4999999999999662,1.0179266664445064,1.0325923706756215,0.014665704231114891,-0.05241975928660716,0.3336420104863141,4.0,-0.20967903714642602,-0.11581203809093721
105,1,2,sharedreward,multi-echo,tedana,sr_outcome_primary,Punish-Neutral,5.200400000000002,0.17541078988754158,0.2674029140051354,3.0999999999999677,0.9122062717311716,0.9122062717311716,0.0,-0.12393535797279094,0.23252634146217013,4.0,-0.4957414318911576,-0.15446748447516126
105,1,2,sharedreward,multi-echo,tedana,sr_outcome_primary,Reward-Punish,5.200400000000002,0.020329281346306974,0.10689279340872769,4.099999999999964,0.10572039471333483,0.2023991596995768,0.09667876498624199,0.07151559868618379,0.1271931504163154,7.699999999999951,0.2860623947447316,0.03865544638422406
105,1,2,sharedreward,multi-echo,tedana,sr_decision_by_future_outcome_extra,Reward-Neutral,6.0,0.05440811227274908,0.2266903548696954,5.999999999999957,0.32644867363649216,0.32949601132720635,0.0030473376907142,0.20789740357581651,0.44468218754369315,7.199999999999953,0.8315896143032557,0.2266903548697047
105,1,2,sharedreward,multi-echo,tedana,sr_decision_by_future_outcome_extra,Punish-Neutral,6.0,0.04368181682813973,0.1976789421404131,5.999999999999957,0.2620909009688365,0.3997167933594118,0.1376258923905752,0.22270183630611642,0.3784914230574697,7.199999999999953,0.8908073452244546,0.1976789421404201
105,1,2,sharedreward,multi-echo,tedana,sr_decision_by_future_outcome_extra,Reward-Punish,6.0,0.010726295444609346,0.1432477977220868,1.4999999999999734,0.06435777266765562,0.27968002823177746,0.21532225556412182,-0.014804432730299917,0.0666143776238003,7.0999999999999535,-0.05921773092119893,0.029011412729284605
105,1,2,sharedreward,single-echo,fmriprep,sr_decision_partner_extra,Computer-Stranger,6.0,-0.01217934587677481,0.2154100523850686,5.899999999999958,-0.07307607526064834,0.2638544865813907,0.33693056184203907,0.016620195238407957,0.2154100523850686,5.899999999999958,0.066480780953631,0.21398991860368224
105,1,2,sharedreward,single-echo,fmriprep,sr_outcome_primary,Reward-Neutral,5.200400000000002,0.47858170398588773,0.6770881209916282,3.799999999999965,2.4888162934082114,2.4888162934082114,0.0,0.07798030945811088,0.6434102902615849,4.0,0.31192123783243964,0.04526505140824075
105,1,2,sharedreward,single-echo,fmriprep,sr_outcome_primary,Punish-Neutral,5.200400000000002,0.43632470042374455,0.5446951332765473,2.7999999999999687,2.269062972083642,2.269062972083642,0.0,-0.00962348429545186,0.4621854996482533,4.0,-0.038493937181806964,-0.07621839557441382
105,1,2,sharedreward,single-echo,fmriprep,sr_outcome_primary,Reward-Punish,5.200400000000002,0.04225700356214324,0.2065795348657857,3.799999999999965,0.21975332132456982,0.29269927717891864,0.0729459558543488,0.08760379375356274,0.2420215134614864,6.699999999999955,0.3504151750142466,0.12148344698265455
105,1,2,sharedreward,single-echo,fmriprep,sr_decision_by_future_outcome_extra,Reward-Neutral,6.0,0.21765957271313274,0.4811178553313076,2.999999999999968,1.3059574362787871,1.3083133857686313,0.0023559494898438512,0.3844855875227684,0.6657412938968952,7.0999999999999535,1.5379423500910545,0.4251438111351296
105,1,2,sharedreward,single-echo,fmriprep,sr_decision_by_future_outcome_extra,Punish-Neutral,6.0,0.17363071604099373,0.3852443204944035,3.1999999999999673,1.041784296245955,1.1718025533587864,0.13001825711283144,0.3618309819012857,0.5487974707676366,7.0999999999999535,1.4473239276051248,0.35507383326282876
105,1,2,sharedreward,single-echo,fmriprep,sr_decision_by_future_outcome_extra,Reward-Punish,6.0,0.044028856672139044,0.1604544463723161,1.4999999999999734,0.2641731400328324,0.41096361352956806,0.14679047349673574,0.022654605621482696,0.15071015868522247,6.699999999999955,0.09061842248592966,0.07006997787230088
105,1,2,sharedreward,single-echo,tedana,sr_decision_partner_extra,Computer-Stranger,6.0,-0.057451473740656823,0.1043623825833223,1.4999999999999734,-0.3447088424439385,0.0902510336985377,0.4349598761424762,-0.14120456907641965,0.013483282995346499,5.899999999999958,-0.5648182763056716,0.009242917898122389
105,1,2,sharedreward,single-echo,tedana,sr_outcome_primary,Reward-Neutral,5.200400000000002,0.4384053606353453,0.7439455930125825,3.899999999999965,2.2798832374480504,2.2798832374480504,0.0,0.09467129202094042,0.7282858124059308,4.0,0.37868516808375696,0.08971495134712552
105,1,2,sharedreward,single-echo,tedana,sr_outcome_primary,Punish-Neutral,5.200400000000002,0.41471865240880684,0.5942598558409375,3.899999999999965,2.15670287998676,2.15670287998676,0.0,-0.045298918622601214,0.5797882716412215,4.0,-0.1811956744904026,-0.08023398887877001
105,1,2,sharedreward,single-echo,tedana,sr_outcome_primary,Reward-Punish,5.200400000000002,0.023686708226538237,0.14992902138436798,3.799999999999965,0.1231803574612895,0.1890745939661146,0.06589423650482511,0.13997021064354165,0.2947661565334103,6.699999999999955,0.5598808425741596,0.16994894022589555
105,1,2,sharedreward,single-echo,tedana,sr_decision_by_future_outcome_extra,Reward-Neutral,6.0,0.020660700778783746,0.404840022565581,5.999999999999957,0.1239642046727016,0.5458210554167167,0.421856850744015,0.3613618795382704,0.6615564374880928,7.0999999999999535,1.4454475181530637,0.40484002256559753
105,1,2,sharedreward,single-echo,tedana,sr_decision_by_future_outcome_extra,Punish-Neutral,6.0,0.07029565446984508,0.3562494968051705,5.999999999999957,0.42177392681906745,0.776539863512397,0.3547659366933297,0.33455560917195887,0.5657249836986462,7.0999999999999535,1.3382224366878188,0.35624949680518364
105,1,2,sharedreward,single-echo,tedana,sr_decision_by_future_outcome_extra,Reward-Punish,6.0,-0.04963495369106133,0.04859052576041048,5.999999999999957,-0.29780972214636586,0.03343977207604619,0.331249494222412,0.026806270366311544,0.12586887872720048,6.599999999999955,0.10722508146524484,0.048590525760413894
105,2,1,mid,multi-echo,fmriprep,mid_anticipation_primary,Reward-Neutral,5.022099999999995,-0.09645495166068246,-0.00014509036983870183,3.999999999999965,-0.48440641273511287,0.0,0.48440641273511287,0.005966632395014269,0.0574757912872535,6.199999999999957,0.023866529580056778,0.04261298746264729
105,2,1,mid,multi-echo,fmriprep,mid_feedback_extra,Positive-Negative,5.994,-0.004559942095889247,0.1817740815550133,5.3999999999999595,-0.027332292922760147,0.24865767975693376,0.2759899726796939,0.11611205809528444,0.1862832155188163,7.99999999999995,0.464448232381132,0.12881889857788364
105,2,1,mid,multi-echo,tedana,mid_anticipation_primary,Reward-Neutral,5.022099999999995,-0.019662239168453256,0.07913046323635672,5.022099999999995,-0.098745731327889,0.11698027985839052,0.21572601118627951,0.09844036300605459,0.1663516221028648,6.299999999999956,0.3937614520242135,0.14901344050457757
105,2,1,mid,multi-echo,tedana,mid_feedback_extra,Positive-Negative,5.994,0.01204658249786401,0.1058169059411402,5.3999999999999595,0.07220721549219687,0.25422446000871934,0.18201724451652246,0.0522108808477467,0.1058169059411402,5.3999999999999595,0.2088435233909842,0.060761160656218775
105,2,1,mid,single-echo,fmriprep,mid_anticipation_primary,Reward-Neutral,5.022099999999995,-0.12163011418196473,0.1973864251764449,4.599999999999962,-0.6108385964332445,0.1734413114124557,0.7842799078457001,0.11400492017309477,0.1973864251764449,4.599999999999962,0.4560196806923734,0.03746207896739439
105,2,1,mid,single-echo,fmriprep,mid_feedback_extra,Positive-Negative,5.994,0.04080230335713636,0.36891866213301,5.29999999999996,0.24456900632267534,0.6542581635267448,0.40968915720406945,0.21800474297676828,0.36891866213301,5.29999999999996,0.8720189719070622,0.23533778456104873
105,2,1,mid,single-echo,tedana,mid_anticipation_primary,Reward-Neutral,5.022099999999995,-0.08434745850321379,0.217147709827319,4.799999999999962,-0.4236013713489895,0.1911491461565495,0.614750517505539,0.14993258517555588,0.217147709827319,4.799999999999962,0.5997303407022161,0.10840603842094958
105,2,1,mid,single-echo,tedana,mid_feedback_extra,Positive-Negative,5.994,0.08737525730203718,0.2887626314509125,5.29999999999996,0.5237272922684109,0.6647825230927276,0.14105523082431662,0.12125574891654796,0.2887626314509125,5.29999999999996,0.4850229956661858,0.156865119250871
105,2,2,mid,multi-echo,fmriprep,mid_anticipation_primary,Reward-Neutral,5.023500000000027,-0.03210686308346638,0.18088376082263358,1.6999999999999726,-0.16128882669979422,0.22155649489334603,0.3828453215931402,-0.0723392268322373,0.0356077608347384,6.199999999999957,-0.2893569073289456,0.024823447718761063
105,2,2,mid,multi-echo,fmriprep,mid_feedback_extra,Positive-Negative,5.9879999999999995,0.15335173486167317,0.3429764653656469,3.6999999999999655,0.9182701883516989,1.0864735371037897,0.16820334875209092,0.0026112315608294782,0.3349159964277747,4.0,0.010444926243317783,-0.1801886987929104
105,2,2,mid,multi-echo,tedana,mid_anticipation_primary,Reward-Neutral,5.023500000000027,0.014313817837575172,0.1087045170395856,1.6999999999999726,0.07190546390705926,0.18843138747758084,0.11652592357052158,0.03027063810148954,0.13752749710381829,6.199999999999957,0.12108255240595667,0.10628017314088078
105,2,2,mid,multi-echo,tedana,mid_feedback_extra,Positive-Negative,5.9879999999999995,0.0677656134711865,0.21574569683849282,2.699999999999969,0.40578049346546474,0.5176621006923992,0.11188160722693441,-0.00796414080053552,0.14002724564008553,4.0,-0.03185656320214168,-0.07352998644052168
105,2,2,mid,single-echo,fmriprep,mid_anticipation_primary,Reward-Neutral,5.023500000000027,-0.16094515578208907,0.12707956788518254,1.6999999999999726,-0.8085079900713288,0.1093447117715238,0.9178527018428526,-0.1584289531387391,-0.05670940926251222,6.099999999999957,-0.6337158125549485,-0.06222674913475785
105,2,2,mid,single-echo,fmriprep,mid_feedback_extra,Positive-Negative,5.9879999999999995,0.16353619385352294,0.3393217970910649,2.2999999999999705,0.9792547287948953,1.0751959808748421,0.09594125207994672,0.06943357032215679,0.3358953448853952,7.99999999999995,0.2777342812886237,-0.07150309460271194
105,2,2,mid,single-echo,tedana,mid_anticipation_primary,Reward-Neutral,5.023500000000027,0.017121879639367198,0.18833103418692332,1.6999999999999726,0.08601176236836158,0.24691395844963374,0.16090219608127215,0.033406295300911826,0.1287684841616357,6.199999999999957,0.13362518120364564,0.11797836928122929
105,2,2,mid,single-echo,tedana,mid_feedback_extra,Positive-Negative,5.9879999999999995,0.025945074070451095,0.1960485497225885,2.699999999999969,0.15535910353386115,0.3277577941489028,0.17239869061504168,-0.005026054513812201,0.1107427619590802,7.99999999999995,-0.020104218055248556,-0.014308550331094794
105,2,1,sharedreward,multi-echo,fmriprep,sr_decision_partner_extra,Computer-Stranger,6.0,-0.18129338708427647,-0.02183415060423241,5.999999999999957,-1.0877603225056511,0.0,1.0877603225056511,-0.08383799818882924,-0.02183415060423241,5.999999999999957,-0.3353519927553128,-0.02183415060423481
105,2,1,sharedreward,multi-echo,fmriprep,sr_outcome_primary,Reward-Neutral,6.0,-0.13773621424665333,0.0771830045940287,3.599999999999966,-0.8264172854799141,0.08319282897941269,0.9096101144593269,-0.1880435495100573,0.011935254525636667,4.0,-0.7521741980402199,-0.268930485226464
105,2,1,sharedreward,multi-echo,fmriprep,sr_outcome_primary,Punish-Neutral,6.0,-0.2271011524680436,-0.0036386710945136166,0.0,-1.362606914808252,0.0,1.362606914808252,-0.25313858197892114,0.0058996749413962,7.99999999999995,-1.012554327915672,-0.3733314821855265
105,2,1,sharedreward,multi-echo,fmriprep,sr_outcome_primary,Reward-Punish,6.0,0.08936493822139024,0.2575299264323858,3.799999999999965,0.5361896293283377,0.6744151714598609,0.13822554213152335,0.0650950324688638,0.23923867067097696,4.0,0.260380129875452,0.10440099695906248
105,2,1,sharedreward,multi-echo,fmriprep,sr_decision_by_future_outcome_extra,Reward-Neutral,6.0,-0.1935945878496167,-0.09284967957308261,0.0,-1.161567527097692,0.0,1.161567527097692,-0.15458420239246048,-0.04015197484219629,7.899999999999951,-0.6183368095698343,-0.20055028860659532
105,2,1,sharedreward,multi-echo,fmriprep,sr_decision_by_future_outcome_extra,Punish-Neutral,6.0,-0.0597794455856871,0.09240569541480789,3.0999999999999677,-0.35867667351412,0.14584341413260696,0.504520087646727,-0.12375528697150688,0.03637037265850379,6.7999999999999545,-0.49502114788602136,-0.1111176535115607
105,2,1,sharedreward,multi-echo,fmriprep,sr_decision_by_future_outcome_extra,Reward-Punish,6.0,-0.1338151422639296,0.0455832968035724,5.099999999999961,-0.8028908535835718,0.029211224058448865,0.8321020776420207,-0.030828915420953618,0.2460342441280217,7.99999999999995,-0.12331566168381294,-0.08943263509503462
105,2,1,sharedreward,multi-echo,tedana,sr_decision_partner_extra,Computer-Stranger,6.0,-0.1292615713367802,0.0390383000300135,5.999999999999957,-0.7755694280206757,0.00962750170431644,0.7851969297249923,-0.0359178372536517,0.0390383000300135,5.999999999999957,-0.14367134901460502,0.03903830003001296
105,2,1,sharedreward,multi-echo,tedana,sr_outcome_primary,Reward-Neutral,6.0,-0.01370853788797729,0.1806607395557845,3.6999999999999655,-0.08225122732786316,0.2636921289397244,0.3459433562675875,-0.0536685313348224,0.13252970732940084,4.0,-0.21467412533928693,-0.1290834897013622
105,2,1,sharedreward,multi-echo,tedana,sr_outcome_primary,Punish-Neutral,6.0,-0.032897062228158684,0.20262653592960328,0.0999999999999783,-0.1973823733689507,0.31280212684899245,0.5101845002179431,-0.19698553899391788,-0.0724526981324223,7.499999999999952,-0.7879421559756618,-0.27907423741162174
105,2,1,sharedreward,multi-echo,tedana,sr_outcome_primary,Reward-Punish,6.0,0.019188524340181392,0.2449836807676092,3.899999999999965,0.11513114604108754,0.5832542510273181,0.46812310498623066,0.1433170076590955,0.2391542297147818,4.0,0.5732680306363749,0.14999074771025958
105,2,1,sharedreward,multi-echo,tedana,sr_decision_by_future_outcome_extra,Reward-Neutral,6.0,-0.11705253832824129,-0.046071465960807315,3.6999999999999655,-0.7023152299694427,0.0,0.7023152299694427,-0.024827529423610026,0.12731816300150742,7.899999999999951,-0.09931011769443887,-0.05547867690287551
105,2,1,sharedreward,multi-echo,tedana,sr_decision_by_future_outcome_extra,Punish-Neutral,6.0,0.014055282879352758,0.1779976319816096,3.6999999999999655,0.08433169727611595,0.291062748356472,0.20673105108035605,0.09767955621297941,0.2350528384334831,6.7999999999999545,0.39071822485191277,0.13548573379171128
105,2,1,sharedreward,multi-echo,tedana,sr_decision_by_future_outcome_extra,Reward-Punish,6.0,-0.131107821207594,-0.0553481310589006,1.1999999999999744,-0.7866469272455585,0.0,0.7866469272455585,-0.12250708563658944,0.18496272059385938,7.99999999999995,-0.49002834254635164,-0.1909644106945868
105,2,1,sharedreward,single-echo,fmriprep,sr_decision_partner_extra,Computer-Stranger,6.0,-0.157149447985652,0.0258594977029722,0.9999999999999752,-0.9428966879139054,0.006362899759789988,0.9492595876736953,-0.1934420740703451,-0.05175154815711899,5.499999999999959,-0.7737682962813708,-0.0805508147139364
105,2,1,sharedreward,single-echo,fmriprep,sr_outcome_primary,Reward-Neutral,6.0,-0.04152062216070109,0.2730894532979036,2.8999999999999684,-0.24912373296420476,0.553645894173566,0.8027696271377708,-0.057054216111316086,0.15118253477800067,4.0,-0.2282168644452615,0.015605812436465104
105,2,1,sharedreward,single-echo,fmriprep,sr_outcome_primary,Punish-Neutral,6.0,-0.21027202594643163,0.11824358191494569,2.7999999999999687,-1.2616321556785808,0.07011065194139426,1.331742807619975,-0.224733621515293,-0.1026070968365726,7.199999999999953,-0.8989344860611608,-0.16902627595281686
105,2,1,sharedreward,single-echo,fmriprep,sr_outcome_primary,Reward-Punish,6.0,0.16875140378573053,0.4699002038293354,4.899999999999961,1.012508422714376,1.2577748386647756,0.2452664159503996,0.16767940540397694,0.4699002038293354,4.899999999999961,0.6707176216158994,0.18463208838928197
105,2,1,sharedreward,single-echo,fmriprep,sr_decision_by_future_outcome_extra,Reward-Neutral,6.0,-0.18754177082297904,0.07293104818080061,0.0,-1.1252506249378662,0.060144718169383875,1.18539534310725,-0.19547512031339265,0.17060012339816366,7.99999999999995,-0.7819004812535608,-0.13485869604862563
105,2,1,sharedreward,single-echo,fmriprep,sr_decision_by_future_outcome_extra,Punish-Neutral,6.0,0.094478870271115,0.4964715689457135,2.199999999999971,0.566873221626686,1.2258554515406328,0.6589822299139468,-0.1717039771645799,0.1472042790666743,6.7999999999999545,-0.6868159086583111,-0.06319261024703066
105,2,1,sharedreward,single-echo,fmriprep,sr_decision_by_future_outcome_extra,Reward-Punish,6.0,-0.28202064109409397,-0.057653246335116426,5.699999999999958,-1.6921238465645518,0.0,1.6921238465645518,-0.02377114314881272,0.5172358524397073,7.99999999999995,-0.0950845725952497,-0.07166608580159498
105,2,1,sharedreward,single-echo,tedana,sr_decision_partner_extra,Computer-Stranger,6.0,-0.07503237296923315,0.1784668543119608,0.8999999999999755,-0.45019423781539575,0.17997355555480554,0.6301677933702011,-0.11597414080136852,-0.006881444939446896,5.499999999999959,-0.4638965632054683,-0.015977632290019445
105,2,1,sharedreward,single-echo,tedana,sr_outcome_primary,Reward-Neutral,6.0,0.03476542223535814,0.2767806225922494,4.999999999999961,0.20859253341214734,0.8393045995997191,0.6307120661875719,0.10959539829118342,0.2767806225922494,4.999999999999961,0.43838159316472824,0.13708733403798368
105,2,1,sharedreward,single-echo,tedana,sr_outcome_primary,Punish-Neutral,6.0,-0.05197095773689589,0.22664190386098,2.7999999999999687,-0.3118257464213731,0.24427331788762258,0.5560990643089957,-0.16224945340697758,-0.092327189101296,6.599999999999955,-0.6489978136279022,-0.10296954717609422
105,2,1,sharedreward,single-echo,tedana,sr_outcome_primary,Reward-Punish,6.0,0.08673637997225402,0.4391807848719699,4.899999999999961,0.5204182798335204,0.9732993024829388,0.45288102264941826,0.271844851698161,0.4391807848719699,4.899999999999961,1.0873794067926306,0.2400568812140779
105,2,1,sharedreward,single-echo,tedana,sr_decision_by_future_outcome_extra,Reward-Neutral,6.0,-0.15389355417190717,0.12517956201778419,2.2999999999999705,-0.9233613250314365,0.12131654410650945,1.044677869137946,-0.11632512647022657,0.3288955273937731,7.99999999999995,-0.4653005058809005,-0.04766837969901769
105,2,1,sharedreward,single-echo,tedana,sr_decision_by_future_outcome_extra,Punish-Neutral,6.0,0.07987953009599764,0.3358288856074137,2.2999999999999705,0.47927718057598245,0.8450984460217853,0.36582126544580285,-0.018642679456663296,0.2537146958272517,6.7999999999999545,-0.07457071782665226,0.07263516544271896
105,2,1,sharedreward,single-echo,tedana,sr_decision_by_future_outcome_extra,Reward-Punish,6.0,-0.2337730842679048,-0.1145083132832951,5.899999999999958,-1.4026385056074189,0.0,1.4026385056074189,-0.0976824470135633,0.3673359385618328,7.99999999999995,-0.3907297880542483,-0.12030354514173665
105,2,2,sharedreward,multi-echo,fmriprep,sr_decision_partner_extra,Computer-Stranger,6.0,-0.0036694190739478736,0.062594555193606,3.4999999999999662,-0.022016514443687085,0.08865667213979149,0.11067318658347858,-0.0003026309592136019,0.0436623990546723,6.899999999999954,-0.0012105238368543927,0.01740485880648263
105,2,2,sharedreward,multi-echo,fmriprep,sr_outcome_primary,Reward-Neutral,5.215999999999994,0.005701582254330065,0.1786609997553199,3.6999999999999655,0.029739453038585585,0.3851581489493402,0.35541869591075465,0.08602015786733791,0.2118515034529952,5.699999999999958,0.34408063146934736,0.20947889100799144
105,2,2,sharedreward,multi-echo,fmriprep,sr_outcome_primary,Punish-Neutral,5.215999999999994,0.04875333500137356,0.3137218773208899,3.1999999999999673,0.2542973953671642,0.5219045854695864,0.267607190102422,0.03842770485527235,0.1899552364763613,4.0,0.1537108194210875,0.03278535176414266
105,2,2,sharedreward,multi-echo,fmriprep,sr_outcome_primary,Reward-Punish,5.215999999999994,-0.0430517527470435,0.1608492519764257,5.215999999999994,-0.22455794232857865,0.0807488980740913,0.30530684040267,0.04759245301206556,0.2060767812379789,5.699999999999958,0.19036981204825987,0.17669353924384879
105,2,2,sharedreward,multi-echo,fmriprep,sr_decision_by_future_outcome_extra,Reward-Neutral,6.0,-0.1707909057477207,-0.0250955890733743,1.6999999999999726,-1.024745434486317,0.0,1.024745434486317,-0.07348629292256426,0.13368924856357278,7.899999999999951,-0.29394517169025336,-0.09492240616114786
105,2,2,sharedreward,multi-echo,fmriprep,sr_decision_by_future_outcome_extra,Punish-Neutral,6.0,-0.16186738467121287,0.004040768615942603,5.999999999999957,-0.9712043080272703,0.00020203843079712942,0.9714063464580674,0.024087369945355885,0.2464712255502081,7.199999999999953,0.09634947978142235,0.004040768615954879
105,2,2,sharedreward,multi-echo,fmriprep,sr_decision_by_future_outcome_extra,Reward-Punish,6.0,-0.00892352107650784,0.1813833790693307,1.599999999999973,-0.053541126459046656,0.19359546571180877,0.2471365921708554,-0.09757366286792014,-0.024599816172977004,4.0,-0.39029465147167575,-0.09896317477710273
105,2,2,sharedreward,multi-echo,tedana,sr_decision_partner_extra,Computer-Stranger,6.0,0.021685836005567154,0.1513723926710043,0.5999999999999766,0.130115016033402,0.2317416085780033,0.10162659254460134,-0.0176771480587306,0.021366121813037806,6.899999999999954,-0.07070859223492153,-0.030514364628536367
105,2,2,sharedreward,multi-echo,tedana,sr_outcome_primary,Reward-Neutral,5.215999999999994,0.046170498511630305,0.2016820695553517,3.299999999999967,0.2408253202366634,0.39106519427775865,0.15023987404109523,0.0989099542311514,0.21650515016461158,6.099999999999957,0.39563981692460065,0.2099367948184525
105,2,2,sharedreward,multi-echo,tedana,sr_outcome_primary,Punish-Neutral,5.215999999999994,0.02026771334025113,0.2190995574132733,3.1999999999999673,0.10571639278274977,0.27206748167268724,0.1663510888899375,-0.008313333811929892,0.0647190002549847,6.499999999999956,-0.03325333524771915,0.0025026250888914086
105,2,2,sharedreward,multi-echo,tedana,sr_outcome_primary,Reward-Punish,5.215999999999994,0.025902785171379186,0.20856521535186426,5.215999999999994,0.13510892745391367,0.2586905709331847,0.123581643479271,0.10722328804308129,0.22296769727889088,5.699999999999958,0.4288931521723198,0.2074341697295611
105,2,2,sharedreward,multi-echo,tedana,sr_decision_by_future_outcome_extra,Reward-Neutral,6.0,-0.12572006358100904,0.0539642955708953,5.999999999999957,-0.7543203814860489,0.005792759087480473,0.7601131405735294,-0.005876262338509512,0.16986169483015578,6.599999999999955,-0.023505049354037758,0.0539642955709045
105,2,2,sharedreward,multi-echo,tedana,sr_decision_by_future_outcome_extra,Punish-Neutral,6.0,-0.05159932515216084,0.0615217470028723,5.999999999999957,-0.3095959509129628,0.00918217201305587,0.3187781229260187,0.04149809141157927,0.1834297871249932,6.899999999999954,0.16599236564631503,0.06152174700288086
105,2,2,sharedreward,multi-echo,tedana,sr_decision_by_future_outcome_extra,Reward-Punish,6.0,-0.07412073842884821,0.017993521492162302,1.599999999999973,-0.44472443057308614,0.007107242073802967,0.4518316726468891,-0.04737435375008879,0.0375993117670934,7.99999999999995,-0.1894974150003528,-0.0075574514319763555
105,2,2,sharedreward,single-echo,fmriprep,sr_decision_partner_extra,Computer-Stranger,6.0,0.016269000129527263,0.1689848100707774,3.3999999999999666,0.09761400077716288,0.24287487326580828,0.14526087248864544,-0.015226778389706368,0.11617948155400962,4.0,-0.060907113558824715,-0.06184475726533087
105,2,2,sharedreward,single-echo,fmriprep,sr_outcome_primary,Reward-Neutral,5.215999999999994,0.015512530803248301,0.3508290873536127,4.499999999999963,0.08091336066974304,0.7568645706256637,0.6759512099559206,0.09197385363315513,0.3508290873536127,4.499999999999963,0.367895414532616,0.12168299074815854
105,2,2,sharedreward,single-echo,fmriprep,sr_outcome_primary,Punish-Neutral,5.215999999999994,0.027310351949224314,0.3073121802344828,3.0999999999999677,0.14245079576715386,0.5535419329939384,0.4110911372267845,0.018826995054148882,0.18089765704289446,4.0,0.0753079802165946,-0.01183702967873601
105,2,2,sharedreward,single-echo,fmriprep,sr_outcome_primary,Reward-Punish,5.215999999999994,-0.011797821145976004,0.22745580438591229,5.215999999999994,-0.06153743509741077,0.29774916915799515,0.35928660425540593,0.07314685857900627,0.23161947348909148,5.3999999999999595,0.2925874343160214,0.13352002042689454
105,2,2,sharedreward,single-echo,fmriprep,sr_decision_by_future_outcome_extra,Reward-Neutral,6.0,-0.19630369959640953,0.1006941396260278,1.7999999999999725,-1.1778221975784489,0.07052953673849341,1.2483517343169421,-0.12768797126243533,0.3450550157390559,7.899999999999951,-0.510751885049735,-0.1870050435061203
105,2,2,sharedreward,single-echo,fmriprep,sr_decision_by_future_outcome_extra,Punish-Neutral,6.0,-0.14573800990692423,-0.0054958793388905835,0.0,-0.8744280594415392,0.0,0.8744280594415392,-0.004126393725017652,0.34285470779142346,7.299999999999953,-0.016505574900070402,-0.054340088564797356
105,2,2,sharedreward,single-echo,fmriprep,sr_decision_by_future_outcome_extra,Reward-Punish,6.0,-0.050565689689485285,0.23621100708543638,1.6999999999999726,-0.3033941381369096,0.27256225135221984,0.5759563894891294,-0.1235615775374177,0.053051269230334805,7.99999999999995,-0.49424631014966464,-0.13266495494132294
105,2,2,sharedreward,single-echo,tedana,sr_decision_partner_extra,Computer-Stranger,6.0,0.01711396661607016,0.1180546505988328,1.299999999999974,0.10268379969642023,0.23226731458632371,0.1295835148899035,-0.023835133583902584,0.047265435080086814,4.0,-0.09534053433560916,-0.07346227101984971
105,2,2,sharedreward,single-echo,tedana,sr_outcome_primary,Reward-Neutral,5.215999999999994,0.05358391768022088,0.37048206735371103,4.499999999999963,0.2794937146200318,0.7577352630411949,0.478241548421163,0.16146624806902002,0.37048206735371103,4.499999999999963,0.6458649922760721,0.19923927560118926
105,2,2,sharedreward,single-echo,tedana,sr_outcome_primary,Punish-Neutral,5.215999999999994,0.034776817886961825,0.1922723116128884,3.0999999999999677,0.18139588209839266,0.3311959059361263,0.14980002383773375,0.01955678041557692,0.06868088344036749,5.599999999999959,0.0782271216623067,0.03680943376565688
105,2,2,sharedreward,single-echo,tedana,sr_outcome_primary,Reward-Punish,5.215999999999994,0.018807099793259067,0.3245394568030129,4.299999999999963,0.09809783252163919,0.5154221184157531,0.41732428589411397,0.14190946765344314,0.3245394568030129,4.299999999999963,0.5676378706137655,0.16242984183553238
105,2,2,sharedreward,single-echo,tedana,sr_decision_by_future_outcome_extra,Reward-Neutral,6.0,-0.12093922907649167,0.11703670576134739,2.0999999999999712,-0.7256353744589449,0.14295805541006293,0.8685934298690079,-0.08064506499240524,0.2901459752844146,7.899999999999951,-0.322580259969617,-0.07310567961793707
105,2,2,sharedreward,single-echo,tedana,sr_decision_by_future_outcome_extra,Punish-Neutral,6.0,-0.0042535644028010465,0.16136694052063819,0.0,-0.025521386416806097,0.1903358784858926,0.2158572649026987,0.03663739464106686,0.2445347965188621,7.199999999999953,0.14654957856426562,0.024211363895389658
105,2,2,sharedreward,single-echo,tedana,sr_decision_by_future_outcome_extra,Reward-Punish,6.0,-0.11668566467369064,0.1320614202950276,1.9999999999999716,-0.7001139880421389,0.1307333224362134,0.8308473104783521,-0.1172824596334721,0.1259216263189959,7.99999999999995,-0.46912983853388257,-0.09731704351332673
105,3,1,mid,multi-echo,fmriprep,mid_anticipation_primary,Reward-Neutral,5.022099999999995,0.14966703648689572,0.3209139027789726,4.799999999999962,0.7516428239408383,0.769154117960961,0.01751129402012263,0.21067717571851147,0.3209139027789726,4.799999999999962,0.8427087028740354,0.2738913678650075
105,3,1,mid,multi-echo,fmriprep,mid_feedback_extra,Positive-Negative,5.9950000000000045,0.16534873872734207,0.2947313248407264,4.799999999999962,0.9912656886704165,0.9912656886704165,0.0,0.10426571874883273,0.2947313248407264,4.799999999999962,0.41706287499532574,0.1752623174481794
105,3,1,mid,multi-echo,tedana,mid_anticipation_primary,Reward-Neutral,5.022099999999995,0.04289487850154195,0.22903457883608763,5.022099999999995,0.2154223693225936,0.26614417892829856,0.05072180960570494,0.18923431739255084,0.2808834849277536,6.299999999999956,0.7569372695701939,0.26711320134685623
105,3,1,mid,multi-echo,tedana,mid_feedback_extra,Positive-Negative,5.9950000000000045,0.09446518043467245,0.1920563240582353,4.399999999999963,0.5663187567058617,0.5875194100512099,0.02120065334534811,0.08198235220467084,0.1920563240582353,4.399999999999963,0.3279294088186793,0.09166626427807271
105,3,1,mid,single-echo,fmriprep,mid_anticipation_primary,Reward-Neutral,5.022099999999995,0.19506627046546302,0.4157454290152678,4.799999999999962,0.9796423169046008,1.0073189059048062,0.027676589000205636,0.2462191068208523,0.4157454290152678,4.799999999999962,0.984876427283397,0.3119695312459082
105,3,1,mid,single-echo,fmriprep,mid_feedback_extra,Positive-Negative,5.9950000000000045,0.2788973953676805,0.607835891104483,4.899999999999961,1.6719898852292459,1.7328171678626434,0.060827282633397456,0.32477104992607037,0.607835891104483,4.899999999999961,1.2990841997042653,0.4878360503907141
105,3,1,mid,single-echo,tedana,mid_anticipation_primary,Reward-Neutral,5.022099999999995,0.050675705772747055,0.3169741483038989,5.022099999999995,0.2544984619613127,0.3568088129466681,0.10231035098535543,0.22793542844558665,0.3201145465482136,5.099999999999961,0.9117417137823353,0.306143081608725
105,3,1,mid,single-echo,tedana,mid_feedback_extra,Positive-Negative,5.9950000000000045,0.12126451695320914,0.3331340709048348,4.599999999999962,0.7269807791344893,0.9036311205378441,0.17665034140335475,0.2202489143128297,0.3331340709048348,4.599999999999962,0.8809956572513078,0.27989895263346803
105,3,2,mid,multi-echo,fmriprep,mid_anticipation_primary,Reward-Neutral,5.021999999999991,-0.043761147110684434,0.022493373839194197,1.1999999999999744,-0.21976848078985686,0.015994618600257207,0.23576309939011408,-0.029554882124293247,0.06940534973595161,6.199999999999957,-0.11821952849717152,0.06847396046117835
105,3,2,mid,multi-echo,fmriprep,mid_feedback_extra,Positive-Negative,5.992999999999995,0.06588774811264772,0.3411147541996063,4.599999999999962,0.39486527443909747,0.6398718072779123,0.24500653283881493,0.19224838520938975,0.3411147541996063,4.599999999999962,0.7689935408375494,0.08491175689023604
105,3,2,mid,multi-echo,tedana,mid_anticipation_primary,Reward-Neutral,5.021999999999991,-0.05231033409059809,0.020427460445934,1.299999999999974,-0.26270249780298316,0.0074787262369929546,0.2701812240399761,0.058689827725041895,0.1723236395604612,6.199999999999957,0.23475931090016466,0.1608873320767757
105,3,2,mid,multi-echo,tedana,mid_feedback_extra,Positive-Negative,5.992999999999995,0.09357557387151148,0.170483585983714,4.199999999999964,0.5607984142119679,0.5704236388347651,0.009625224622797265,0.05963804508503759,0.170483585983714,4.199999999999964,0.23855218034014739,-0.05171515810611164
105,3,2,mid,single-echo,fmriprep,mid_anticipation_primary,Reward-Neutral,5.021999999999991,-0.0964280906115591,0.013691285080079107,2.8999999999999684,-0.484261871051249,0.004628430953608162,0.48889030200485717,-0.022552290822293163,0.11970321848712531,6.199999999999957,-0.09020916328917153,0.1181178620792092
105,3,2,mid,single-echo,fmriprep,mid_feedback_extra,Positive-Negative,5.992999999999995,0.18600091940099217,0.697705397180415,4.599999999999962,1.1147035099701452,1.45512878132766,0.34042527135751466,0.33402813959137884,0.697705397180415,4.599999999999962,1.3361125583654987,0.24627225299167038
105,3,2,mid,single-echo,tedana,mid_anticipation_primary,Reward-Neutral,5.021999999999991,-0.12204490421519698,-0.04214443041552959,1.9999999999999716,-0.6129095089687182,0.0,0.6129095089687182,0.07807985363149311,0.2574669461682064,6.199999999999957,0.31231941452596856,0.245773444808619
105,3,2,mid,single-echo,tedana,mid_feedback_extra,Positive-Negative,5.992999999999995,0.22672275209713008,0.434053096544457,4.399999999999963,1.3587494533180995,1.3587494533180995,0.0,0.1429272198207128,0.434053096544457,4.399999999999963,0.5717088792828441,0.03564580652299731
105,3,1,sharedreward,multi-echo,fmriprep,sr_decision_partner_extra,Computer-Stranger,6.0,-0.07970631366415852,0.0793065266670397,5.699999999999958,-0.4782378819849477,0.08532454000119945,0.563562421986147,0.0023837305544418576,0.0793065266670397,5.699999999999958,0.009534922217767312,0.07152657577920825
105,3,1,sharedreward,multi-echo,fmriprep,sr_outcome_primary,Reward-Neutral,5.204999999999984,0.18132509818379297,0.27650702253678583,2.999999999999968,0.9437971360466395,0.9437971360466395,0.0,0.0009471763758146613,0.2167331030272015,5.699999999999958,0.003788705503258598,0.17114185954493377
105,3,1,sharedreward,multi-echo,fmriprep,sr_outcome_primary,Punish-Neutral,5.204999999999984,0.19710594727652098,0.3514372771513833,1.9999999999999716,1.0259364555742885,1.1037253315734161,0.07778887599912768,-0.21877422012692196,0.06101538389168361,4.0,-0.875096880507677,-0.13591575065429407
105,3,1,sharedreward,multi-echo,fmriprep,sr_outcome_primary,Reward-Punish,5.204999999999984,-0.01578084909272797,0.34663091547718594,5.204999999999984,-0.08213931952764884,0.3925965784228108,0.4747358979504597,0.2197213965027366,0.3534483171602545,5.3999999999999595,0.8788855860109355,0.30705761019922784
105,3,1,sharedreward,multi-echo,fmriprep,sr_decision_by_future_outcome_extra,Reward-Neutral,6.0,0.023482441860662923,0.1479132355125436,5.29999999999996,0.14089465116397654,0.32367509282321,0.1827804416592334,0.11205632543592,0.2214084927765161,7.99999999999995,0.4482253017436745,0.10936548723195072
105,3,1,sharedreward,multi-echo,fmriprep,sr_decision_by_future_outcome_extra,Punish-Neutral,6.0,0.12619211135744432,0.3794351343841244,5.29999999999996,0.7571526681446605,0.8863379822079386,0.129185314063278,0.24573730086242881,0.3794351343841244,5.29999999999996,0.982949203449703,0.3405056110817941
105,3,1,sharedreward,multi-echo,fmriprep,sr_decision_by_future_outcome_extra,Reward-Punish,6.0,-0.10270966949678144,0.0003286739720616003,1.299999999999974,-0.6162580169806843,3.286739720615991e-05,0.6162908843778904,-0.13368097542650878,0.1945355274852133,7.99999999999995,-0.5347239017060285,-0.23114012384984337
105,3,1,sharedreward,multi-echo,tedana,sr_decision_partner_extra,Computer-Stranger,6.0,-0.05027685712446157,0.0732959273902146,5.799999999999958,-0.30166114274676725,0.07495793378163854,0.37661907652840576,-0.000893852934035214,0.0732959273902146,5.799999999999958,-0.003575411736140811,0.06709655648408408
105,3,1,sharedreward,multi-echo,tedana,sr_outcome_primary,Reward-Neutral,5.204999999999984,0.22159758399496496,0.3229863600132324,2.999999999999968,1.153415424693789,1.153415424693789,0.0,0.11733367609362964,0.32222908936211614,5.699999999999958,0.46933470437451275,0.27968115079088657
105,3,1,sharedreward,multi-echo,tedana,sr_outcome_primary,Punish-Neutral,5.204999999999984,0.22385171404882248,0.35226211385769135,2.0999999999999712,1.1651481716241174,1.1651481716241174,0.0,-0.05975671876644652,0.13472284642835158,4.0,-0.2390268750657831,0.06424221397405107
105,3,1,sharedreward,multi-echo,tedana,sr_outcome_primary,Reward-Punish,5.204999999999984,-0.002254130053857474,0.24028232139115502,5.204999999999984,-0.011732746930328117,0.32659714496111314,0.3383298918914413,0.17709039486007613,0.24262756385849282,5.29999999999996,0.7083615794402958,0.21543893681683549
105,3,1,sharedreward,multi-echo,tedana,sr_decision_by_future_outcome_extra,Reward-Neutral,6.0,0.0184694428228427,0.1449149004997895,5.899999999999958,0.1108166569370554,0.26248038160522086,0.15166372466816547,0.1416745836832757,0.3241858012101951,7.99999999999995,0.5666983347330958,0.14089954929762508
105,3,1,sharedreward,multi-echo,tedana,sr_decision_by_future_outcome_extra,Punish-Neutral,6.0,0.09958260864038412,0.371348816588493,5.799999999999958,0.5974956518423005,0.715968673488631,0.1184730216463305,0.24390617323894528,0.371348816588493,5.799999999999958,0.975624692955769,0.3546209058875594
105,3,1,sharedreward,multi-echo,tedana,sr_decision_by_future_outcome_extra,Reward-Punish,6.0,-0.0811131658175414,0.006484437927122701,1.7999999999999725,-0.4866789949052449,0.0028506099936446492,0.48952960489888964,-0.10223158955566958,0.1940947005060233,7.99999999999995,-0.4089263582226732,-0.21372135658993427
105,3,1,sharedreward,single-echo,fmriprep,sr_decision_partner_extra,Computer-Stranger,6.0,-0.078837014753439,0.0959152181580751,5.799999999999958,-0.47302208852063066,0.12937339889788935,0.6023954874185201,0.02559542429011674,0.0959152181580751,5.799999999999958,0.10238169716046569,0.08248419209882107
105,3,1,sharedreward,single-echo,fmriprep,sr_outcome_primary,Reward-Neutral,5.204999999999984,0.2434225831591824,0.48549704207696365,4.799999999999962,1.2670145453435404,1.2670145453435404,0.0,0.1114660383142746,0.48549704207696365,4.799999999999962,0.44586415325709283,0.26312187200371795
105,3,1,sharedreward,single-echo,fmriprep,sr_outcome_primary,Punish-Neutral,5.204999999999984,0.210137320244931,0.3231257015651689,0.0,1.0937647518748626,1.0937647518748626,0.0,-0.09006202003678816,0.24548462419262176,4.0,-0.36024808014714815,-0.042717812319373626
105,3,1,sharedreward,single-echo,fmriprep,sr_outcome_primary,Reward-Punish,5.204999999999984,0.03328526291425131,0.4541289175538278,5.204999999999984,0.17324979346867753,0.47408057074186494,0.30083077727318747,0.20152805835106274,0.4577621950570801,5.29999999999996,0.806112233404241,0.3058396843230916
105,3,1,sharedreward,single-echo,fmriprep,sr_decision_by_future_outcome_extra,Reward-Neutral,6.0,0.0485182782600725,0.323042221530912,3.6999999999999655,0.29110966956043294,0.6439672884785999,0.3528576189181668,0.1423734536426659,0.325893319818605,7.99999999999995,0.5694938145706565,0.055473831456047014
105,3,1,sharedreward,single-echo,fmriprep,sr_decision_by_future_outcome_extra,Punish-Neutral,6.0,0.10386661256725749,0.4231740961082036,3.799999999999965,0.6231996754035405,1.1158597765669658,0.4926601011634253,0.2163817322293107,0.415027726687093,4.0,0.865526928917232,0.21288869185904713
105,3,1,sharedreward,single-echo,fmriprep,sr_decision_by_future_outcome_extra,Reward-Punish,6.0,-0.05534833430718496,0.14841473545379513,0.0,-0.3320900058431074,0.14743519916525974,0.4795252050083671,-0.0740082785866448,0.2169303200111532,7.99999999999995,-0.29603311434657553,-0.15741486040300012
105,3,1,sharedreward,single-echo,tedana,sr_decision_partner_extra,Computer-Stranger,6.0,-0.051112973435691905,0.0599487958799024,5.29999999999996,-0.30667784061414927,0.0772517865340015,0.3839296271481507,-0.0016642658152010387,0.0599487958799024,5.29999999999996,-0.006657063260804072,0.04516158489409696
105,3,1,sharedreward,single-echo,tedana,sr_outcome_primary,Reward-Neutral,5.204999999999984,0.2697239129301441,0.513821422460708,4.799999999999962,1.4039129668013957,1.4039129668013957,0.0,0.18746422355326287,0.513821422460708,4.799999999999962,0.7498568942130421,0.30497155039570756
105,3,1,sharedreward,single-echo,tedana,sr_outcome_primary,Punish-Neutral,5.204999999999984,0.25530969473123566,0.35468085430594365,3.599999999999966,1.3288869610760774,1.3288869610760774,0.0,0.023502588645386534,0.31536716860981623,4.0,0.09401035458154497,0.093113642252422
105,3,1,sharedreward,single-echo,tedana,sr_outcome_primary,Reward-Punish,5.204999999999984,0.014414218198908405,0.3117723535951873,5.204999999999984,0.07502600572531802,0.341097129880334,0.266071124155016,0.1639616349078763,0.31527290821279963,5.29999999999996,0.6558465396314971,0.2118579081432856
105,3,1,sharedreward,single-echo,tedana,sr_decision_by_future_outcome_extra,Reward-Neutral,6.0,0.03003961663648027,0.27463703038164133,3.6999999999999655,0.18023769981888033,0.5016846268206799,0.3214469270017996,0.15344021799389,0.3997915459778615,7.99999999999995,0.6137608719755523,0.07730869411264382
105,3,1,sharedreward,single-echo,tedana,sr_decision_by_future_outcome_extra,Punish-Neutral,6.0,0.10004874082892619,0.382138134267325,3.6999999999999655,0.6002924449735528,1.006779801773934,0.4064873568003811,0.22958579399964,0.3633758860054648,4.0,0.9183431759985485,0.2509644866577286
105,3,1,sharedreward,single-echo,tedana,sr_decision_by_future_outcome_extra,Reward-Punish,6.0,-0.07000912419244588,0.13112598834624198,0.0,-0.42005474515467234,0.11059974363348439,0.5306544887881568,-0.07614557600575002,0.19114855095133232,7.99999999999995,-0.3045823040229963,-0.17365579254508476
105,3,2,sharedreward,multi-echo,fmriprep,sr_decision_partner_extra,Computer-Stranger,6.0,-0.07500415150276007,0.0131326310739598,1.0999999999999748,-0.45002490901655723,0.007821010109466252,0.4578459191260235,-0.11235598284822797,-0.029580305297413893,7.99999999999995,-0.44942393139290626,-0.1562732932738085
105,3,2,sharedreward,multi-echo,fmriprep,sr_outcome_primary,Reward-Neutral,5.21311,0.10721721317368009,0.3058098933494847,4.899999999999961,0.5589351261678435,0.6495847970472133,0.09064967087936993,0.13330522292997765,0.3058098933494847,4.899999999999961,0.5332208917199039,0.15100105201531921
105,3,2,sharedreward,multi-echo,fmriprep,sr_outcome_primary,Punish-Neutral,5.21311,-0.056181242992804484,0.016841662432735813,0.0999999999999783,-0.292878999658219,0.00382063759236582,0.29669963725058485,-0.1442567209730042,-0.020069066427936003,7.99999999999995,-0.5770268838920096,-0.19966655007001408
105,3,2,sharedreward,multi-echo,fmriprep,sr_outcome_primary,Reward-Punish,5.21311,0.16339845616648457,0.4469726424618407,5.21311,0.8518141258260624,0.8978609705288586,0.04604684470279621,0.27756194390298183,0.45078389535218344,5.3999999999999595,1.1102477756119136,0.3506676020853333
105,3,2,sharedreward,multi-echo,fmriprep,sr_decision_by_future_outcome_extra,Reward-Neutral,6.0,-0.04198103380140167,0.0365096954265743,5.999999999999957,-0.25188620280840823,0.009562053282345228,0.26144825609075345,0.026156968695675457,0.14834094675710358,7.99999999999995,0.10462787478270053,0.03650969542658077
105,3,2,sharedreward,multi-echo,fmriprep,sr_decision_by_future_outcome_extra,Punish-Neutral,6.0,-0.01860280659735478,0.06492420560616059,5.999999999999957,-0.1116168395841279,0.0829093487765009,0.19452618836062877,0.005633688985646371,0.0755919583880932,6.299999999999956,0.022534755942585204,0.06492420560616273
105,3,2,sharedreward,multi-echo,fmriprep,sr_decision_by_future_outcome_extra,Reward-Punish,6.0,-0.023378227204046895,0.0840488272810699,2.39999999999997,-0.14026936322428038,0.12249085656529007,0.2627602197895705,0.020523279710029086,0.2803939408815157,7.99999999999995,0.08209311884011532,-0.028414510179581954
105,3,2,sharedreward,multi-echo,tedana,sr_decision_partner_extra,Computer-Stranger,6.0,-0.10189676601021479,-0.014341148155052845,0.0,-0.6113805960612844,0.0,0.6113805960612844,-0.12078844422439891,-0.05432364039956769,7.99999999999995,-0.48315377689758965,-0.15125316970375421
105,3,2,sharedreward,multi-echo,tedana,sr_outcome_primary,Reward-Neutral,5.21311,0.06361112208012842,0.2731677524249237,4.599999999999962,0.3316117766271383,0.5977040994772704,0.26609232285013207,0.1481987427433583,0.2731677524249237,4.599999999999962,0.5927949709734259,0.19371783581988006
105,3,2,sharedreward,multi-echo,tedana,sr_outcome_primary,Punish-Neutral,5.21311,-0.081680849385872,0.03176404788766261,3.6999999999999655,-0.4258112527419832,0.02144528522073913,0.4472565379627223,-0.07095854251428418,0.011889164851273214,4.0,-0.2838341700571332,-0.0743784911676618
105,3,2,sharedreward,multi-echo,tedana,sr_outcome_primary,Reward-Punish,5.21311,0.14529197146600042,0.34548405759965245,5.21311,0.7574230293691215,0.7579897956240268,0.0005667662549052703,0.2191572852576425,0.3472517738363888,5.3999999999999595,0.8766291410305591,0.2680963269875419
105,3,2,sharedreward,multi-echo,tedana,sr_decision_by_future_outcome_extra,Reward-Neutral,6.0,-0.08403352376477846,0.030057811853745203,5.999999999999957,-0.5042011425886672,0.00896836826110991,0.513169510849777,-0.011264586105820774,0.1969489136321785,7.0999999999999535,-0.045058344423282534,0.030057811853755008
105,3,2,sharedreward,multi-echo,tedana,sr_decision_by_future_outcome_extra,Punish-Neutral,6.0,-0.060528270376377244,0.0820261905898555,0.3999999999999772,-0.3631696222582609,0.0841061664888549,0.4472757887471158,-0.05485720127523179,0.0809326278429493,6.899999999999954,-0.21942880510092444,0.010711023485916656
105,3,2,sharedreward,multi-echo,tedana,sr_decision_by_future_outcome_extra,Reward-Punish,6.0,-0.023505253388401214,0.019346788367835405,5.999999999999957,-0.14103152033040628,0.017003759298899697,0.15803527962930594,0.04359261516941102,0.2426233323921406,7.99999999999995,0.17437046067764192,0.01934678836783835
105,3,2,sharedreward,single-echo,fmriprep,sr_decision_partner_extra,Computer-Stranger,6.0,-0.06964606572620413,0.04252594028435378,0.0,-0.4178763943572218,0.02036418923422421,0.438240583591446,-0.11079873547571256,-0.009885641072429285,7.99999999999995,-0.44319494190284475,-0.1861609239045108
105,3,2,sharedreward,single-echo,fmriprep,sr_outcome_primary,Reward-Neutral,5.21311,0.2271179626557637,0.4132316630356336,2.699999999999969,1.1839909223003884,1.2253088707190007,0.04131794841861249,0.16314740085179208,0.3956586379438159,4.699999999999962,0.6525896034071602,0.08217922939129577
105,3,2,sharedreward,single-echo,fmriprep,sr_outcome_primary,Punish-Neutral,5.21311,0.004077226507509408,0.2095079361155027,2.5999999999999694,0.021255030278562372,0.2545770514400258,0.23332202116146344,-0.20104042982576747,0.0373385335125984,7.99999999999995,-0.8041617193030599,-0.3226671771714806
105,3,2,sharedreward,single-echo,fmriprep,sr_outcome_primary,Reward-Punish,5.21311,0.22304073614825434,0.5572502274507818,4.699999999999962,1.1627358920218263,1.2010918349681146,0.03835594294628844,0.36418783067755955,0.5572502274507818,4.699999999999962,1.45675132271022,0.40484640656277626
105,3,2,sharedreward,single-echo,fmriprep,sr_decision_by_future_outcome_extra,Reward-Neutral,6.0,0.005599992139947827,0.1289640626417451,5.999999999999957,0.03359995283968672,0.13563395124770247,0.10203399840801576,0.1183448249105242,0.3281368741706489,7.99999999999995,0.4733792996420909,0.1289640626417456
105,3,2,sharedreward,single-echo,fmriprep,sr_decision_by_future_outcome_extra,Punish-Neutral,6.0,-0.012344391137516625,0.2580785288106303,5.699999999999958,-0.07406634682509922,0.2893747652255142,0.36344111205061347,0.1025226334378671,0.2580785288106303,5.699999999999958,0.4100905337514633,0.2504095881720327
105,3,2,sharedreward,single-echo,fmriprep,sr_decision_by_future_outcome_extra,Reward-Punish,6.0,0.017944383277464445,0.1983772345520935,3.3999999999999666,0.1076662996647859,0.4168361963651014,0.30916989670031547,0.015822191472657093,0.4352723128384845,7.99999999999995,0.06328876589062758,-0.12144552553028708
105,3,2,sharedreward,single-echo,tedana,sr_decision_partner_extra,Computer-Stranger,6.0,-0.11829074158405296,0.03521705721863404,0.0,-0.7097444495043127,0.007227391431314377,0.716971840935627,-0.1302357116308161,-0.039254267372208884,7.99999999999995,-0.520942846523258,-0.18414288997739278
105,3,2,sharedreward,single-echo,tedana,sr_outcome_primary,Reward-Neutral,5.21311,0.17000020187088644,0.35702546585393663,2.7999999999999687,0.8862297523751368,1.0696603425079183,0.18343059013278132,0.13709979044907708,0.35404076029070763,4.0,0.5483991617963015,0.08539054460865747
105,3,2,sharedreward,single-echo,tedana,sr_outcome_primary,Punish-Neutral,5.21311,-0.010373904551431069,0.22394486115987627,2.5999999999999694,-0.054080305556110826,0.2745887237830035,0.32866902933911435,-0.11845987526244435,-0.03841605392582965,4.0,-0.4738395010497715,-0.17168030397977022
105,3,2,sharedreward,single-echo,tedana,sr_outcome_primary,Reward-Punish,5.21311,0.1803741064223175,0.43972282166804333,4.499999999999963,0.9403100579312477,0.9403100579312477,0.0,0.25555966571152144,0.43972282166804333,4.499999999999963,1.0222386628460731,0.25707084858842766
105,3,2,sharedreward,single-echo,tedana,sr_decision_by_future_outcome_extra,Reward-Neutral,6.0,-0.06784886769217545,0.097509803841178,5.999999999999957,-0.40709320615304984,0.06091974960831459,0.4680129557613644,0.05307905014405077,0.31325237436167996,7.99999999999995,0.21231620057620043,0.09750980384118312
105,3,2,sharedreward,single-echo,tedana,sr_decision_by_future_outcome_extra,Punish-Neutral,6.0,-0.05576238915196702,0.1979408225147807,5.999999999999957,-0.3345743349117997,0.14388853075874022,0.47846286567053986,0.0393413106017788,0.201154593462745,6.199999999999957,0.15736524240711325,0.19794082251478137
105,3,2,sharedreward,single-echo,tedana,sr_decision_by_future_outcome_extra,Reward-Punish,6.0,-0.012086478540208456,0.12271871997393433,3.4999999999999662,-0.07251887124125021,0.19479410742800082,0.267312978669251,0.013737739542271964,0.3744066119210838,7.99999999999995,0.054950958169087176,-0.10043101867359826
105,4,1,mid,multi-echo,fmriprep,mid_anticipation_primary,Reward-Neutral,5.021999999999991,-0.06835724242823972,-0.01983681281103549,0.0,-0.34329007147461926,0.0,0.34329007147461926,-0.0026250927274466215,0.0703331952192608,7.99999999999995,-0.010500370909786356,0.009000582898417146
105,4,1,mid,multi-echo,fmriprep,mid_feedback_extra,Positive-Negative,5.993000000000009,0.03642910006250836,0.1029558297777016,4.299999999999963,0.21831959667461293,0.21853044667929694,0.00021085000468402943,0.0586218129830916,0.1029558297777016,4.299999999999963,0.23448725193236347,0.021421167350984042
105,4,1,mid,multi-echo,tedana,mid_anticipation_primary,Reward-Neutral,5.021999999999991,-0.062497585802883886,-0.009856087424722437,0.0,-0.31386287590208234,0.0,0.31386287590208234,0.024381449858862942,0.08089509990854421,7.99999999999995,0.09752579943545056,0.049189870490938
105,4,1,mid,multi-echo,tedana,mid_feedback_extra,Positive-Negative,5.993000000000009,0.008405262392319205,0.0926993546401717,4.499999999999963,0.05037273751716907,0.1664473615618426,0.11607462404467353,0.06522872368003027,0.10479748806125719,6.599999999999955,0.26091489472011786,0.058429486878667475
105,4,1,mid,single-echo,fmriprep,mid_anticipation_primary,Reward-Neutral,5.021999999999991,-0.0839007527317486,0.04624017287868559,0.0,-0.4213495802188408,0.013456286878447812,0.43480586709728863,-0.026106859604145057,0.1009495928375041,7.99999999999995,-0.10442743841657892,-0.035630612114247534
105,4,1,mid,single-echo,fmriprep,mid_feedback_extra,Positive-Negative,5.993000000000009,0.11435782718220645,0.37226445472242925,0.0,0.6853464583029644,0.6853464583029644,0.0,0.12177823570466455,0.17917251457340538,7.399999999999952,0.48711294281865214,0.0853862526629063
105,4,1,mid,single-echo,tedana,mid_anticipation_primary,Reward-Neutral,5.021999999999991,-0.09884580245741408,0.018288433785583442,5.021999999999991,-0.49640361994113263,0.0027480610752253706,0.49915168101635793,-0.0017039304859633431,0.10089884613049341,7.99999999999995,-0.0068157219438532875,0.01374273831972264
105,4,1,mid,single-echo,tedana,mid_feedback_extra,Positive-Negative,5.993000000000009,0.061233159624904616,0.1709514800033861,5.799999999999958,0.36697032563205395,0.42831322710051606,0.061342901468462094,0.14866339530415726,0.20820548562969182,6.599999999999955,0.5946535812166216,0.17057327036515116
105,4,2,mid,multi-echo,fmriprep,mid_anticipation_primary,Reward-Neutral,5.024000000000001,-0.02195543555564643,0.0874144048295895,2.999999999999968,-0.1103041082315677,0.08669353508788702,0.19699764331945468,0.03992503180944574,0.0955752796967128,6.599999999999955,0.15970012723778096,0.06892707758956682
105,4,2,mid,multi-echo,fmriprep,mid_feedback_extra,Positive-Negative,5.992000000000019,0.08105175202738336,0.1525493715195146,3.3999999999999666,0.4856620981480826,0.5446772913677127,0.05901519321963017,0.06354397139441083,0.13228713866223105,4.0,0.25417588557764015,0.08981032027769112
105,4,2,mid,multi-echo,tedana,mid_anticipation_primary,Reward-Neutral,5.024000000000001,-0.007824803067040432,0.04825770207234441,2.999999999999968,-0.039311810608811136,0.054789617429088396,0.09410142803789953,0.05441852950104989,0.1231808316497662,6.699999999999955,0.21767411800419684,0.08246709259361291
105,4,2,mid,multi-echo,tedana,mid_feedback_extra,Positive-Negative,5.992000000000019,0.07747532962868925,0.19230185948197998,3.799999999999965,0.46423217513510745,0.49732997964067777,0.033097804505570344,0.050779898366997776,0.18889409885283517,4.0,0.20311959346798858,-0.0059278404508439405
105,4,2,mid,single-echo,fmriprep,mid_anticipation_primary,Reward-Neutral,5.024000000000001,-0.0677554262474641,0.1419890733198632,2.999999999999968,-0.3404032614672597,0.14160621507514054,0.4820094765424002,0.0636168183828212,0.1751293005573207,6.599999999999955,0.2544672735312816,0.11251318881213436
105,4,2,mid,single-echo,fmriprep,mid_feedback_extra,Positive-Negative,5.992000000000019,0.053991452279764325,0.37154638060106726,5.992000000000019,0.32351678206034884,0.5205333396620742,0.19701655760172535,0.17030512797300373,0.37255042214157774,5.999999999999957,0.6812205118920065,0.37255042214157635
105,4,2,mid,single-echo,tedana,mid_anticipation_primary,Reward-Neutral,5.024000000000001,-0.058411249866898225,0.0993092169659762,2.8999999999999684,-0.29345811933129673,0.10879207856553182,0.40225019789682853,0.09209913059241571,0.2449521570110611,6.599999999999955,0.36839652236965825,0.17206519877287987
105,4,2,mid,single-echo,tedana,mid_feedback_extra,Positive-Negative,5.992000000000019,0.0665608177902315,0.18307525313742223,5.992000000000019,0.3988324201990684,0.4691869376139953,0.07035451741492699,0.1125315703388805,0.1834806396878183,5.999999999999957,0.4501262813555164,0.1834806396878172
105,4,1,sharedreward,multi-echo,fmriprep,sr_decision_partner_extra,Computer-Stranger,6.0,0.005297698739062456,0.1028767052260649,5.999999999999957,0.03178619243437451,0.09975791425509233,0.06797172182071783,0.041341652371514916,0.1164508760903939,6.399999999999956,0.1653666094860576,0.10287670522606662
105,4,1,sharedreward,multi-echo,fmriprep,sr_outcome_primary,Reward-Neutral,5.212100000000007,0.037716529828742226,0.1171869911706474,3.299999999999967,0.1965823251203876,0.2307132844778194,0.0341309593574318,-0.0005228962871332925,0.0760878388159975,4.0,-0.002091585148533144,0.03154602559357198
105,4,1,sharedreward,multi-echo,fmriprep,sr_outcome_primary,Punish-Neutral,5.212100000000007,0.03421831933228342,0.1432721608664373,1.299999999999974,0.17834930219179462,0.26810606617188326,0.0897567639800886,-0.12151219497524904,-0.0011627234875327393,4.0,-0.4860487799009901,-0.1381356719825436
105,4,1,sharedreward,multi-echo,fmriprep,sr_outcome_primary,Reward-Punish,5.212100000000007,0.003498210496458803,0.11610282544947687,5.212100000000007,0.01823302292859295,0.20584265632658877,0.18760963339799583,0.12098929868811573,0.1735385841749161,6.899999999999954,0.4839571947524569,0.16968169757611556
105,4,1,sharedreward,multi-echo,fmriprep,sr_decision_by_future_outcome_extra,Reward-Neutral,6.0,-0.055850864658865934,0.15991098530189937,0.0,-0.3351051879531932,0.08758426451480658,0.4226894524679998,-0.018015913332862583,0.16212125564342628,7.99999999999995,-0.07206365333144943,-0.09407923572292799
105,4,1,sharedreward,multi-echo,fmriprep,sr_decision_by_future_outcome_extra,Punish-Neutral,6.0,-0.0521273496773943,0.09343220777493333,0.0,-0.31276409806436356,0.06611797994450784,0.3788820780088714,0.036483592369690634,0.11810916166040211,7.499999999999952,0.14593436947876073,-0.019105933448015932
105,4,1,sharedreward,multi-echo,fmriprep,sr_decision_by_future_outcome_extra,Reward-Punish,6.0,-0.003723514981471627,0.0876305281913224,1.4999999999999734,-0.0223410898888296,0.19867548531676413,0.2210165752055937,-0.054499505702553214,0.07087485244961059,7.99999999999995,-0.21799802281021013,-0.07497330227491206
105,4,1,sharedreward,multi-echo,tedana,sr_decision_partner_extra,Computer-Stranger,6.0,0.0074060155651231386,0.11469348490108769,0.5999999999999766,0.044436093390738514,0.20625361574150722,0.16181752235076866,-0.03412845217201025,0.020969159549315698,6.499999999999956,-0.1365138086880393,0.0019091235169146575
105,4,1,sharedreward,multi-echo,tedana,sr_outcome_primary,Reward-Neutral,5.212100000000007,0.06645446748277324,0.1606732704766555,3.299999999999967,0.34636732996696284,0.3669999808609956,0.02063265089403281,0.014041879231281222,0.11715327114195194,4.0,0.056167516925124186,0.009661081590067113
105,4,1,sharedreward,multi-echo,tedana,sr_outcome_primary,Punish-Neutral,5.212100000000007,0.06988245145683433,0.19081626239232913,0.9999999999999752,0.3642343252381667,0.3952779527903406,0.031043627552174043,-0.08862862659799024,0.02690058664929157,4.0,-0.3545145063919566,-0.11445434787209502
105,4,1,sharedreward,multi-echo,tedana,sr_outcome_primary,Reward-Punish,5.212100000000007,-0.0034279839740610726,0.09616719797107531,3.6999999999999655,-0.01786699527120374,0.20255062851803576,0.22041762378923951,0.10267050582927147,0.16314435993714918,6.899999999999954,0.41068202331708076,0.12411542946216214
105,4,1,sharedreward,multi-echo,tedana,sr_decision_by_future_outcome_extra,Reward-Neutral,6.0,-0.01501706026030325,0.1965271445176813,0.0,-0.09010236156181886,0.12843531502280472,0.21853767658462359,0.014348616552874302,0.1618836655165177,7.599999999999952,0.05739446621149649,-0.04183764614805863
105,4,1,sharedreward,multi-echo,tedana,sr_decision_by_future_outcome_extra,Punish-Neutral,6.0,-0.00478676249798125,0.17295823592395052,0.0,-0.028720574987887295,0.207683632701033,0.2364042076889203,0.07841065007682524,0.145700924823394,7.499999999999952,0.31364260030729707,0.030223933236554867
105,4,1,sharedreward,multi-echo,tedana,sr_decision_by_future_outcome_extra,Reward-Punish,6.0,-0.010230297762322002,0.1025850077120707,1.6999999999999726,-0.06138178657393158,0.19396220932146102,0.25534399589539264,-0.06406203352395094,0.0778464075430054,7.99999999999995,-0.2562481340958006,-0.0720615793846135
105,4,1,sharedreward,single-echo,fmriprep,sr_decision_partner_extra,Computer-Stranger,6.0,-0.0036730179164176516,0.2463724307352384,5.999999999999957,-0.022038107498505752,0.16312625491249574,0.18516436241100148,0.13675363716393316,0.2584940147518571,6.499999999999956,0.5470145486557259,0.24637243073523968
105,4,1,sharedreward,single-echo,fmriprep,sr_outcome_primary,Reward-Neutral,5.212100000000007,0.0005061744740920352,0.1934314360170347,3.599999999999966,0.0026382319764151002,0.30790910107250197,0.30527086909608686,0.11104442646137432,0.2833535762743878,6.099999999999957,0.44417770584549177,0.27934542579079513
105,4,1,sharedreward,single-echo,fmriprep,sr_outcome_primary,Punish-Neutral,5.212100000000007,-0.054121555270318034,0.0341512836274247,0.1999999999999779,-0.282086958224425,0.01886434952825253,0.3009513077526775,-0.16386229107589906,-0.03793814583145169,6.099999999999957,-0.6554491643035881,-0.041126132219024336
105,4,1,sharedreward,single-echo,fmriprep,sr_outcome_primary,Reward-Punish,5.212100000000007,0.05462772974441006,0.26723717690568827,5.212100000000007,0.28472519020084003,0.558519217992365,0.27379402779152484,0.27490671753727347,0.33259103117437827,6.599999999999955,1.0996268701490801,0.3204715580098194
105,4,1,sharedreward,single-echo,fmriprep,sr_decision_by_future_outcome_extra,Reward-Neutral,6.0,-0.07715396076052564,0.3703340051028049,0.0,-0.46292376456315054,0.22407306697144075,0.6869968315345913,-0.08224576613202018,0.264636659203599,7.99999999999995,-0.32898306452807663,-0.3270131820622854
105,4,1,sharedreward,single-echo,fmriprep,sr_decision_by_future_outcome_extra,Punish-Neutral,6.0,-0.034489398308034165,0.236039640354472,0.0,-0.2069363898482035,0.2948897140004714,0.5018261038486749,-0.070101749900688,0.07179472070169271,7.499999999999952,-0.2804069996027485,-0.20974890041220917
105,4,1,sharedreward,single-echo,fmriprep,sr_decision_by_future_outcome_extra,Reward-Punish,6.0,-0.042664562452491464,0.13429436474833295,0.0,-0.255987374714947,0.09070310750956175,0.3466904822245087,-0.012144016231332178,0.26202993418133425,7.99999999999995,-0.04857606492532811,-0.11726428165007623
105,4,1,sharedreward,single-echo,tedana,sr_decision_partner_extra,Computer-Stranger,6.0,0.01508143388909874,0.10005048848479521,0.5999999999999766,0.0904886033345918,0.20470183924873028,0.11421323591413846,0.019035875059830967,0.1050298815985974,6.599999999999955,0.07614350023932293,0.06422977948025198
105,4,1,sharedreward,single-echo,tedana,sr_outcome_primary,Reward-Neutral,5.212100000000007,0.08345881464304179,0.31445891529958214,3.4999999999999662,0.4349956878009987,0.5821321806470376,0.14713649284603916,0.14515231269830256,0.24733991438642738,6.099999999999957,0.580609250793203,0.24705152075633122
105,4,1,sharedreward,single-echo,tedana,sr_outcome_primary,Punish-Neutral,5.212100000000007,0.03143288750167805,0.11237115563124431,0.1999999999999779,0.1638313529474964,0.2199620486509744,0.05613069570347804,-0.09041521539354479,0.0267195328117006,5.699999999999958,-0.36166086157417465,0.012139739735495706
105,4,1,sharedreward,single-echo,tedana,sr_outcome_primary,Reward-Punish,5.212100000000007,0.05202592714136371,0.2602049197091116,3.6999999999999655,0.27116433485350216,0.5305449079510152,0.25938057309751295,0.2355675280918474,0.3074898475111824,6.999999999999954,0.9422701123673778,0.23491178102083551
105,4,1,sharedreward,single-echo,tedana,sr_decision_by_future_outcome_extra,Reward-Neutral,6.0,0.0034246911277225627,0.4495235774509158,0.0,0.02054814676633523,0.33086102868777034,0.31031288192143514,0.005553571160561313,0.2943559727957865,7.599999999999952,0.022214284642244973,-0.18069672133812958
105,4,1,sharedreward,single-echo,tedana,sr_decision_by_future_outcome_extra,Punish-Neutral,6.0,0.02684462708329794,0.38010296454465853,0.0,0.1610677624997865,0.3817554436873848,0.2206876811875983,0.021052356839160465,0.1495937694456642,7.199999999999953,0.08420942735664082,-0.0740896697581962
105,4,1,sharedreward,single-echo,tedana,sr_decision_by_future_outcome_extra,Reward-Punish,6.0,-0.02341993595557537,0.06942061290625726,0.0,-0.14051961573345123,0.09379826353840842,0.23431787927185965,-0.015498785678599148,0.26715921549022403,7.99999999999995,-0.06199514271439582,-0.1066070515799334
105,4,2,sharedreward,multi-echo,fmriprep,sr_decision_partner_extra,Computer-Stranger,6.0,-0.05284382427041295,0.1043520922311129,1.1999999999999744,-0.31706294562247544,0.15718055791622065,0.4742435035386961,-0.06529631805789447,0.030010541834257012,7.299999999999953,-0.2611852722315746,-0.08366392254130241
105,4,2,sharedreward,multi-echo,fmriprep,sr_outcome_primary,Reward-Neutral,5.201999999999998,0.09842136354472555,0.30092308651135696,5.201999999999998,0.5119879331596622,0.6073397267880447,0.09535179362838274,0.13822025185594047,0.3115453023424113,5.499999999999959,0.552881007423755,0.22215249294520678
105,4,2,sharedreward,multi-echo,fmriprep,sr_outcome_primary,Punish-Neutral,5.201999999999998,0.05907233218185178,0.14831167577444948,0.0999999999999783,0.3072942720099929,0.3072942720099929,0.0,-0.020374228962147356,0.05167175123532199,4.0,-0.08149691584858841,-0.01222176394488775
105,4,2,sharedreward,multi-echo,fmriprep,sr_outcome_primary,Reward-Punish,5.201999999999998,0.03934903136287375,0.29465651389225067,5.201999999999998,0.2046936611496692,0.4627906904865912,0.258097029336922,0.15859448081808783,0.3092083863777766,5.499999999999959,0.6343779232723434,0.23437425689009453
105,4,2,sharedreward,multi-echo,fmriprep,sr_decision_by_future_outcome_extra,Reward-Neutral,6.0,-0.0038452452978141333,0.1014498020582488,3.0999999999999677,-0.023071471786884637,0.13372493081398823,0.15679640260087283,0.020444872548531428,0.2250443576908212,7.99999999999995,0.0817794901941247,-0.0017348525236649845
105,4,2,sharedreward,multi-echo,fmriprep,sr_decision_by_future_outcome_extra,Punish-Neutral,6.0,0.06115093377318206,0.14104563332910658,5.599999999999959,0.3669056026390897,0.4082476300561075,0.04134202741701774,0.06531504769232702,0.14104563332910658,5.599999999999959,0.2612601907693048,0.11872921701414693
105,4,2,sharedreward,multi-echo,fmriprep,sr_decision_by_future_outcome_extra,Reward-Punish,6.0,-0.0649961790709962,0.032052490165644196,0.9999999999999752,-0.3899770744259744,0.027881457077787622,0.41785853150376207,-0.04487017514379557,0.1604798829708919,7.799999999999951,-0.17948070057518006,-0.12046406953781191
105,4,2,sharedreward,multi-echo,tedana,sr_decision_partner_extra,Computer-Stranger,6.0,-0.0644340532245379,0.03172285687538259,0.8999999999999755,-0.3866043193472246,0.031778597721319565,0.41838291706854414,-0.07352665408013193,0.0221404909858767,7.99999999999995,-0.29410661632052404,-0.10996205826454615
105,4,2,sharedreward,multi-echo,tedana,sr_outcome_primary,Reward-Neutral,5.201999999999998,0.041781006667169274,0.18350081632305193,5.201999999999998,0.2173447966826145,0.30601132008928766,0.08866652340667314,0.08234560283089642,0.2081021589594474,5.699999999999958,0.3293824113235816,0.16893373382075105
105,4,2,sharedreward,multi-echo,tedana,sr_outcome_primary,Punish-Neutral,5.201999999999998,0.00016366267757698618,0.145416304684699,0.0999999999999783,0.0008513732487554818,0.19051950174649346,0.189668128497738,-0.08963983819922847,-0.019097712593817796,7.99999999999995,-0.3585593527969094,-0.09449627081256612
105,4,2,sharedreward,multi-echo,tedana,sr_outcome_primary,Reward-Punish,5.201999999999998,0.04161734398959229,0.317611757471576,5.201999999999998,0.21649342343385902,0.48404348549029413,0.2675500620564351,0.1719854410301249,0.33921192786686427,5.499999999999959,0.687941764120491,0.2634300046333171
105,4,2,sharedreward,multi-echo,tedana,sr_decision_by_future_outcome_extra,Reward-Neutral,6.0,-0.029275422918426233,0.09141740367858969,3.1999999999999673,-0.17565253751055615,0.0855481384321718,0.26120067594272794,-0.016571374785195162,0.07250972321354841,7.799999999999951,-0.06628549914077983,-0.023132968396037245
105,4,2,sharedreward,multi-echo,tedana,sr_decision_by_future_outcome_extra,Punish-Neutral,6.0,0.03904421773122383,0.13833006847010648,5.599999999999959,0.23426530638734133,0.3330649373674964,0.09879963098015503,0.031282015487893694,0.13833006847010648,5.599999999999959,0.12512806195157322,0.11069656709998317
105,4,2,sharedreward,multi-echo,tedana,sr_decision_by_future_outcome_extra,Reward-Punish,6.0,-0.06831964064965007,0.043624825166468297,0.9999999999999752,-0.4099178438978975,0.031562577908079065,0.4414804218059766,-0.04785339027308887,0.17280858452846912,7.399999999999952,-0.19141356109235308,-0.1338295354960204
105,4,2,sharedreward,single-echo,fmriprep,sr_decision_partner_extra,Computer-Stranger,6.0,-0.004208194581924375,0.1399180669134475,1.4999999999999734,-0.02524916749154607,0.20452574285620845,0.22977491034775455,0.0009935914428388746,0.10842306307683999,7.299999999999953,0.003974365771355449,-0.015564512910155415
105,4,2,sharedreward,single-echo,fmriprep,sr_outcome_primary,Reward-Neutral,5.201999999999998,0.2540491840439688,0.6665234535986743,5.201999999999998,1.3215638553967253,1.3929652036886924,0.07140134829196708,0.3292577734917783,0.6687342422199335,5.29999999999996,1.3170310939670968,0.4158846752011503
105,4,2,sharedreward,single-echo,fmriprep,sr_outcome_primary,Punish-Neutral,5.201999999999998,0.29825797924051256,0.40567770027904737,4.099999999999964,1.5515380080091459,1.5515380080091459,0.0,0.09626777559816957,0.40567770027904737,4.099999999999964,0.3850711023926735,-0.01261083402342814
105,4,2,sharedreward,single-echo,fmriprep,sr_outcome_primary,Reward-Punish,5.201999999999998,-0.04420879519654379,0.4259182587089573,5.201999999999998,-0.2299741526124207,0.24784057694336384,0.4778147295557845,0.2329899978936087,0.49579792339216366,5.499999999999959,0.9319599915744232,0.42849550922457846
105,4,2,sharedreward,single-echo,fmriprep,sr_decision_by_future_outcome_extra,Reward-Neutral,6.0,-0.007727345588133798,0.1207061424790563,5.999999999999957,-0.04636407352880246,0.14544763929431548,0.19181171282311796,0.1530935120203548,0.4960326792734414,7.99999999999995,0.6123740480814115,0.12070614247906161
105,4,2,sharedreward,single-echo,fmriprep,sr_decision_by_future_outcome_extra,Punish-Neutral,6.0,0.07288787735293299,0.3523304995563144,5.499999999999959,0.4373272641175948,0.5670051948857694,0.12967793076817452,0.2763938523398912,0.3762319338445006,7.99999999999995,1.1055754093595511,0.3240465036457412
105,4,2,sharedreward,single-echo,fmriprep,sr_decision_by_future_outcome_extra,Reward-Punish,6.0,-0.08061522294106678,0.08784608562404671,2.199999999999971,-0.48369133764639727,0.13400692530496158,0.6176982629513588,-0.12330034031953643,0.12182447490788288,7.899999999999951,-0.4932013612781396,-0.20334036116667958
105,4,2,sharedreward,single-echo,tedana,sr_decision_partner_extra,Computer-Stranger,6.0,-0.05297326484823287,0.0374584597700649,1.599999999999973,-0.31783958908939497,0.03601018550325704,0.353849774592652,-0.04993830193800996,0.1070830194979745,7.99999999999995,-0.19975320775203737,-0.08963109377216442
105,4,2,sharedreward,single-echo,tedana,sr_outcome_primary,Reward-Neutral,5.201999999999998,0.14504757641099858,0.4508001089591081,5.201999999999998,0.7545374924900143,0.8689549893029773,0.11441749681296301,0.1963390789601705,0.4554311641389993,5.29999999999996,0.7853563158406722,0.27524057273574076
105,4,2,sharedreward,single-echo,tedana,sr_outcome_primary,Punish-Neutral,5.201999999999998,0.18078484742579168,0.2810315370408766,1.599999999999973,0.940442776308968,0.940442776308968,0.0,-0.01618233605324454,0.15025037139079508,4.0,-0.06472934421297735,-0.127169180145578
105,4,2,sharedreward,single-echo,tedana,sr_outcome_primary,Reward-Punish,5.201999999999998,-0.03573727101479313,0.438362968621358,5.201999999999998,-0.1859052838189538,0.30687451717929815,0.4927798009982519,0.212521415013415,0.49574440685610366,5.499999999999959,0.8500856600536495,0.4024097528813188
105,4,2,sharedreward,single-echo,tedana,sr_decision_by_future_outcome_extra,Reward-Neutral,6.0,-0.051753995960107074,0.023688371221854097,1.299999999999974,-0.3105239757606402,0.011730261627287991,0.32225423738792824,0.05961547814717078,0.29889579343400463,7.799999999999951,0.23846191258868016,0.01686764444265929
105,4,2,sharedreward,single-echo,tedana,sr_decision_by_future_outcome_extra,Punish-Neutral,6.0,0.04165355954808735,0.3240066017276363,5.499999999999959,0.24992135728852233,0.5211067690357919,0.2711854117472695,0.20460598972887012,0.3240066017276363,5.499999999999959,0.8184239589154703,0.28030072124595456
105,4,2,sharedreward,single-echo,tedana,sr_decision_by_future_outcome_extra,Reward-Punish,6.0,-0.09340755550819442,0.1013459666274665,1.299999999999974,-0.5604453330491626,0.16275591441444986,0.7232012474636125,-0.14499051158169932,0.1884308528555402,7.799999999999951,-0.57996204632679,-0.26343307680329525
105,5,1,mid,multi-echo,fmriprep,mid_anticipation_primary,Reward-Neutral,5.022499999999994,-0.06337694501593748,-0.015251882692846004,1.4999999999999734,-0.3183107063425456,0.0,0.3183107063425456,0.008050858490391569,0.2243998170106876,7.599999999999952,0.03220343396156587,-0.04391085231114636
105,5,1,mid,multi-echo,fmriprep,mid_feedback_extra,Positive-Negative,5.9950000000000045,0.1566397497422862,0.2681414213741034,3.999999999999965,0.9390552997050065,0.9406705295561096,0.001615229851103212,0.16846603447039568,0.2681414213741033,4.0,0.6738641378815744,0.11412709198251818
105,5,1,mid,multi-echo,tedana,mid_anticipation_primary,Reward-Neutral,5.022499999999994,-0.028123088689301138,0.0953865747700564,1.4999999999999734,-0.14124821294201478,0.0954171977343066,0.2366654106763214,0.028458388129295173,0.1936099756467154,7.499999999999952,0.11383355251717928,0.0003160201760647029
105,5,1,mid,multi-echo,tedana,mid_feedback_extra,Positive-Negative,5.9950000000000045,0.07871047424554381,0.1662978892222396,4.099999999999964,0.47186929310203546,0.47201953133827557,0.00015023823624013994,0.10106058255049596,0.1662978892222396,4.099999999999964,0.4042423302019788,0.043535921191197154
105,5,1,mid,single-echo,fmriprep,mid_anticipation_primary,Reward-Neutral,5.022499999999994,-0.10901420515815119,-0.025291582789189,3.1999999999999673,-0.5475238454068136,0.0,0.5475238454068136,0.016779584846594045,0.2353138538870319,7.799999999999951,0.06711833938637535,0.0278810463901745
105,5,1,mid,single-echo,fmriprep,mid_feedback_extra,Positive-Negative,5.9950000000000045,0.22326477795499122,0.39793007689690607,3.4999999999999662,1.3384723438401733,1.3855506409434633,0.04707829710329013,0.22834457218321114,0.37872386165716454,4.0,0.9133782887328332,0.189207565578929
105,5,1,mid,single-echo,tedana,mid_anticipation_primary,Reward-Neutral,5.022499999999994,-0.0835171070027279,0.023608125298506602,1.599999999999973,-0.41946466992120035,0.011217716593749892,0.4306823865149503,0.05729286504320009,0.191236129363855,7.599999999999952,0.2291714601727975,0.09750941922369114
105,5,1,mid,single-echo,tedana,mid_feedback_extra,Positive-Negative,5.9950000000000045,0.1264274113548702,0.25037155993675553,3.599999999999966,0.7579323310724474,0.82882359050805,0.07089125943560273,0.17174596705678744,0.24916713958826844,4.0,0.6869838682271412,0.1365422967768718
105,5,2,mid,multi-echo,fmriprep,mid_anticipation_primary,Reward-Neutral,5.027000000000015,-0.08555506270817946,0.0032106747857791502,0.0,-0.4300853002340194,0.00016053373928892267,0.43024583397330834,-0.15462743915395633,-0.0790745344512474,4.899999999999961,-0.6185097566158176,-0.14551218658393578
105,5,2,mid,multi-echo,fmriprep,mid_feedback_extra,Positive-Negative,5.9864999999999995,0.08143171694595787,0.2118669656612579,5.19999999999996,0.48749097349697673,0.5659513783180189,0.07846040482104213,0.05451742673253772,0.2118669656612579,5.19999999999996,0.21806970693014815,0.07594551554827127
105,5,2,mid,multi-echo,tedana,mid_anticipation_primary,Reward-Neutral,5.027000000000015,0.053643086323160685,0.1128382233464465,2.699999999999969,0.2696637949465296,0.27880723977357025,0.009143444827040716,-0.08481716558977016,0.04593707875184339,4.0,-0.33926866235907643,-0.11460339111520683
105,5,2,mid,multi-echo,tedana,mid_feedback_extra,Positive-Negative,5.9864999999999995,0.06218200168330901,0.1316936559358308,5.3999999999999595,0.37225255307712934,0.39287522413498355,0.020622671057854158,0.036943975486505035,0.1316936559358308,5.3999999999999595,0.1477759019460183,0.05366919174435892
105,5,2,mid,single-echo,fmriprep,mid_anticipation_primary,Reward-Neutral,5.027000000000015,-0.009722849854522929,0.0911671825113688,0.0,-0.04887676621868691,0.127627548470623,0.17650431468930994,-0.15170937482050592,-0.034840069857643485,4.899999999999961,-0.6068374992820161,-0.14889748383975862
105,5,2,mid,single-echo,fmriprep,mid_feedback_extra,Positive-Negative,5.9864999999999995,0.17272367138174266,0.30882637819178,5.099999999999961,1.0340102587268023,1.0342995336525733,0.00028927492577110925,0.09139390543034201,0.30882637819178,5.099999999999961,0.3655756217213635,0.07213964776861499
105,5,2,mid,single-echo,tedana,mid_anticipation_primary,Reward-Neutral,5.027000000000015,0.14375367320406748,0.2191613337332743,2.8999999999999684,0.7226497151968494,0.7260185655775788,0.0033688503807294515,-0.09067952058058835,0.13514259618948976,4.0,-0.3627180823223489,-0.1471040706238196
105,5,2,mid,single-echo,tedana,mid_feedback_extra,Positive-Negative,5.9864999999999995,0.13198929816205543,0.19866063873102968,2.699999999999969,0.7901539334471448,0.7901539334471448,0.0,0.056989751708511435,0.1709447838624223,4.999999999999961,0.2279590068340429,0.022694059365870486
105,5,1,sharedreward,multi-echo,fmriprep,sr_decision_partner_extra,Computer-Stranger,6.0,0.03367216285317416,0.1127757221677357,3.3999999999999666,0.20203297711904356,0.29643150389662853,0.09439852677758495,-0.08208379737962776,0.05604713225120189,4.0,-0.32833518951850693,-0.06272865562821406
105,5,1,sharedreward,multi-echo,fmriprep,sr_outcome_primary,Reward-Neutral,5.211999999999989,0.020496221420186367,0.16054180453444186,5.211999999999989,0.10682630604201111,0.2167738312866297,0.10994752524461858,0.08780846809735578,0.181396253658093,5.599999999999959,0.3512338723894187,0.15475474739908981
105,5,1,sharedreward,multi-echo,fmriprep,sr_outcome_primary,Punish-Neutral,5.211999999999989,0.0464131796283499,0.1051806282541825,1.9999999999999716,0.24190549222295915,0.2646406693160665,0.022735177093107344,-0.04150011323745409,0.04478312787648176,4.0,-0.1660004529498143,-0.06313387645857664
105,5,1,sharedreward,multi-echo,fmriprep,sr_outcome_primary,Reward-Punish,5.211999999999989,-0.02591695820816353,0.15860691385018072,5.211999999999989,-0.13507918618094802,0.11746303224370247,0.2525422184246505,0.12930858133480985,0.2227754450615233,6.099999999999957,0.517234325339233,0.21788862385766647
105,5,1,sharedreward,multi-echo,fmriprep,sr_decision_by_future_outcome_extra,Reward-Neutral,6.0,-0.08021547816289559,0.07265539123595367,0.0,-0.4812928689773701,0.03486409747005331,0.5161569664474234,-0.04714501024854226,0.0530970803454925,7.99999999999995,-0.1885800409941667,-0.118211935994575
105,5,1,sharedreward,multi-echo,fmriprep,sr_decision_by_future_outcome_extra,Punish-Neutral,6.0,-0.04239701560569698,0.0202922084262296,4.399999999999963,-0.2543820936341801,0.01764994533177878,0.2720320389659589,0.03914214633832261,0.10961650501305899,7.399999999999952,0.1565685853532885,-0.013614207298044747
105,5,1,sharedreward,multi-echo,fmriprep,sr_decision_by_future_outcome_extra,Reward-Punish,6.0,-0.0378184625571986,0.09442419582132486,0.0,-0.22691077534318996,0.0472238834099072,0.27413465875309717,-0.08628715658686488,-0.03673259703279991,4.599999999999962,-0.34514862634745525,-0.10459772869653025
105,5,1,sharedreward,multi-echo,tedana,sr_decision_partner_extra,Computer-Stranger,6.0,0.014797281278057831,0.1150320525886287,3.4999999999999662,0.08878368766834635,0.17916021460610979,0.09037652693776344,-0.04899879213439827,0.08470687485438048,4.0,-0.19599516853759064,-0.03616582327476801
105,5,1,sharedreward,multi-echo,tedana,sr_outcome_primary,Reward-Neutral,5.211999999999989,0.04203967879862175,0.17447950925572342,2.7999999999999687,0.2191108058984161,0.368673945977507,0.14956314007909088,0.07334586527940254,0.1675074515668358,5.599999999999959,0.2933834611176065,0.1454738807660692
105,5,1,sharedreward,multi-echo,tedana,sr_outcome_primary,Punish-Neutral,5.211999999999989,0.026626291316751306,0.1457084558604853,2.7999999999999687,0.1387762303429075,0.2816851321201544,0.1429089017772469,-0.01940165614210284,0.05344976750462228,4.0,-0.07760662456841039,0.0029032585196099195
105,5,1,sharedreward,multi-echo,tedana,sr_outcome_primary,Reward-Punish,5.211999999999989,0.015413387481870445,0.11432387798586806,5.211999999999989,0.08033457555550859,0.14527128834777392,0.06493671279226529,0.09274752142150537,0.1425706222464594,5.999999999999957,0.3709900856860169,0.14257062224645928
105,5,1,sharedreward,multi-echo,tedana,sr_decision_by_future_outcome_extra,Reward-Neutral,6.0,-0.0408815156499013,0.1177560902807143,0.2999999999999776,-0.24528909389940606,0.10747843054263839,0.35276752444204446,-0.012571363691881825,0.10480579844913519,7.99999999999995,-0.050285454767526674,-0.0694743684875591
105,5,1,sharedreward,multi-echo,tedana,sr_decision_by_future_outcome_extra,Punish-Neutral,6.0,-0.04035274442081919,0.073234088728602,0.4999999999999769,-0.2421164665249134,0.057049108646278414,0.29916557517119174,0.012903930375154263,0.1104719104891299,6.999999999999954,0.05161572150061641,0.016921596671255312
105,5,1,sharedreward,multi-echo,tedana,sr_decision_by_future_outcome_extra,Reward-Punish,6.0,-0.0005287712290821294,0.07702956115112215,0.0,-0.0031726273744927536,0.1068898321865287,0.11006245956102144,-0.025475294067036084,0.05418103774452615,4.0,-0.10190117626814307,-0.08639596515881441
105,5,1,sharedreward,single-echo,fmriprep,sr_decision_partner_extra,Computer-Stranger,6.0,0.001378428518769236,0.1455858212949268,1.9999999999999716,0.008270571112615357,0.3144452707586065,0.30617469964599114,-0.1435857467782952,0.018734917447894288,4.0,-0.5743429871131737,-0.12893065814934748
105,5,1,sharedreward,single-echo,fmriprep,sr_outcome_primary,Reward-Neutral,5.211999999999989,-0.04824007320376912,0.20743496644629408,4.999999999999961,-0.2514272615380441,0.28790755921704486,0.539334820755089,0.10548150518252729,0.20743496644629408,4.999999999999961,0.4219260207301039,0.15805448847412315
105,5,1,sharedreward,single-echo,fmriprep,sr_outcome_primary,Punish-Neutral,5.211999999999989,-0.010966621227020686,0.0417693179812107,4.399999999999963,-0.057158029835231695,0.02978049113166256,0.08693852096689424,-0.11255344408801606,0.0417693179812107,4.399999999999963,-0.4502137763520586,-0.13240829892805386
105,5,1,sharedreward,single-echo,fmriprep,sr_outcome_primary,Reward-Punish,5.211999999999989,-0.03727345197674845,0.22359498552954277,5.211999999999989,-0.19426923170281252,0.266019390705332,0.46028862240814444,0.21803494927054334,0.29499239652064546,6.099999999999957,0.8721397970821625,0.29046278740217707
105,5,1,sharedreward,single-echo,fmriprep,sr_decision_by_future_outcome_extra,Reward-Neutral,6.0,-0.10496888080262565,0.039095579363863195,0.2999999999999776,-0.6298132848157494,0.02296242011669881,0.6527757049324482,-0.21168430484509718,0.0814466541938585,7.99999999999995,-0.8467372193803782,-0.31939923036142326
105,5,1,sharedreward,single-echo,fmriprep,sr_decision_by_future_outcome_extra,Punish-Neutral,6.0,-0.007530296485142817,0.1128838609176314,2.5999999999999694,-0.04518177891085658,0.18406936986651334,0.22925114877736996,-0.06764683459688668,0.050630992575924086,7.99999999999995,-0.27058733838754334,-0.12507333573869064
105,5,1,sharedreward,single-echo,fmriprep,sr_decision_by_future_outcome_extra,Reward-Punish,6.0,-0.09743858431748285,-0.015252404420164595,0.8999999999999755,-0.584631505904893,0.0,0.584631505904893,-0.1440374702482105,0.03081566161793442,7.99999999999995,-0.5761498809928348,-0.19432589462273264
105,5,1,sharedreward,single-echo,tedana,sr_decision_partner_extra,Computer-Stranger,6.0,0.004050621245960309,0.1459856146929761,3.299999999999967,0.02430372747576168,0.2847579201696617,0.2604541926939,-0.09690476004696708,0.07967472545148786,4.0,-0.3876190401878635,-0.09471045626334776
105,5,1,sharedreward,single-echo,tedana,sr_outcome_primary,Reward-Neutral,5.211999999999989,0.02340434516800611,0.2170366526085929,4.999999999999961,0.12198344701564759,0.48033223945780906,0.3583487924421615,0.13108389442373344,0.21866152282596918,5.3999999999999595,0.5243355776949272,0.16959162230224228
105,5,1,sharedreward,single-echo,tedana,sr_outcome_primary,Punish-Neutral,5.211999999999989,0.029561433732223606,0.1270148018488731,3.3999999999999666,0.15407419261234911,0.27827476282254904,0.1242005702102,-0.03658664944046741,0.09165890317347339,4.0,-0.1463465977618678,-0.021324266444115246
105,5,1,sharedreward,single-echo,tedana,sr_outcome_primary,Reward-Punish,5.211999999999989,-0.006157088564217493,0.15721589248679677,5.211999999999989,-0.032090745596701505,0.23154410808114964,0.2636348536778512,0.16767054386420083,0.22735063212905848,7.99999999999995,0.670682175456795,0.19091588874635756
105,5,1,sharedreward,single-echo,tedana,sr_decision_by_future_outcome_extra,Reward-Neutral,6.0,-0.02059620358681892,0.16381513375848278,0.7999999999999758,-0.12357722152091265,0.3058750380698867,0.4294522595907993,-0.11615014212105837,0.16720331220277068,7.99999999999995,-0.4646005684842277,-0.2083753068599497
105,5,1,sharedreward,single-echo,tedana,sr_decision_by_future_outcome_extra,Punish-Neutral,6.0,0.029146690379748836,0.1716544450302808,0.4999999999999769,0.17488014227849177,0.42051540183772124,0.2456352595592295,-0.026259078092372615,0.08367288561629309,7.99999999999995,-0.10503631236948915,-0.02000900097435062
105,5,1,sharedreward,single-echo,tedana,sr_decision_by_future_outcome_extra,Reward-Punish,6.0,-0.04974289396656777,0.022681443653871203,3.899999999999965,-0.29845736379940446,0.02077307055414662,0.3192304343535511,-0.08989106402868575,0.08353042658647761,7.99999999999995,-0.3595642561147385,-0.18836630588559908
105,5,2,sharedreward,multi-echo,fmriprep,sr_decision_partner_extra,Computer-Stranger,6.0,-0.0749181203723568,0.009389878398246697,1.1999999999999744,-0.4495087222341376,0.004019695671784115,0.45352841790592174,-0.04333344959377208,0.10625503689751609,7.99999999999995,-0.17333379837508617,-0.07656914896276669
105,5,2,sharedreward,multi-echo,fmriprep,sr_outcome_primary,Reward-Neutral,5.205799999999996,0.19229331264511731,0.3388777462104079,3.0999999999999677,1.001040526967951,1.001040526967951,0.0,0.12034833064928904,0.2693543833647547,4.0,0.4813933225971502,0.14147692213477964
105,5,2,sharedreward,multi-echo,fmriprep,sr_outcome_primary,Punish-Neutral,5.205799999999996,0.15840553020300635,0.2644014852038657,3.999999999999965,0.82462750913081,0.82462750913081,0.0,0.03777506984960398,0.26440148520386286,4.0,0.15110027939841403,0.001492606287533295
105,5,2,sharedreward,multi-echo,fmriprep,sr_outcome_primary,Reward-Punish,5.205799999999996,0.03388778244211093,0.1365599447025683,2.8999999999999684,0.17641301783714097,0.23706752104637682,0.06065450320923581,0.08257326079968506,0.15146314049418208,6.999999999999954,0.33029304319873615,0.13998431584724633
105,5,2,sharedreward,multi-echo,fmriprep,sr_decision_by_future_outcome_extra,Reward-Neutral,6.0,-0.02989518324411299,0.1275756514857317,5.999999999999957,-0.17937109946467666,0.19662183500039823,0.3759929344650749,0.17134249363312523,0.347242313072941,7.899999999999951,0.6853699745324924,0.12757565148573707
105,5,2,sharedreward,multi-echo,fmriprep,sr_decision_by_future_outcome_extra,Punish-Neutral,6.0,-0.0028731242097098835,0.1463510027931243,4.099999999999964,-0.017238745258259178,0.311042573216368,0.32828131847462727,0.14983043680957267,0.2337417128401292,7.899999999999951,0.5993217472382832,0.11334884194237278
105,5,2,sharedreward,multi-echo,fmriprep,sr_decision_by_future_outcome_extra,Reward-Punish,6.0,-0.027022059034403103,0.04369723812486584,0.0,-0.16213235420641747,0.030899268091168976,0.19303162229758644,0.021512056823552565,0.1172939321850501,7.399999999999952,0.08604822729420919,0.0142268095433643
105,5,2,sharedreward,multi-echo,tedana,sr_decision_partner_extra,Computer-Stranger,6.0,-0.05277056252000933,0.03570181614280351,1.1999999999999744,-0.31662337512005373,0.02923300150198497,0.3458563766220387,-0.029271458557729783,0.11734553086718509,7.99999999999995,-0.11708583423091767,-0.07004268296441657
105,5,2,sharedreward,multi-echo,tedana,sr_outcome_primary,Reward-Neutral,5.205799999999996,0.14237865930848267,0.3044018498059125,3.599999999999966,0.7411948246280986,0.7468000932735268,0.005605268645428382,0.09732782782946711,0.2778774679766125,4.0,0.3893113113178636,0.11118207145299089
105,5,2,sharedreward,multi-echo,tedana,sr_outcome_primary,Punish-Neutral,5.205799999999996,0.09118052637465326,0.2438161260835508,3.999999999999965,0.47466758420116967,0.4996459912282765,0.024978407027106863,0.03217179754652437,0.243816126083548,4.0,0.12868719018609587,0.01111311290266071
105,5,2,sharedreward,multi-echo,tedana,sr_outcome_primary,Reward-Punish,5.205799999999996,0.051198132933829396,0.1493594960970836,2.39999999999997,0.2665272404269289,0.300738515198807,0.03421127477187813,0.06515603028294274,0.1014089590022205,6.099999999999957,0.26062412113176775,0.10006895855033017
105,5,2,sharedreward,multi-echo,tedana,sr_decision_by_future_outcome_extra,Reward-Neutral,6.0,-0.0714673965657883,0.08731599503024709,3.999999999999965,-0.4288043793947267,0.0795341244185373,0.508338503813264,0.10677241368355637,0.2920102715297579,7.799999999999951,0.42708965473422017,0.024421817971589627
105,5,2,sharedreward,multi-echo,tedana,sr_decision_by_future_outcome_extra,Punish-Neutral,6.0,-0.04513023038646098,0.11018976909715592,3.899999999999965,-0.270781382318764,0.11619948053859146,0.3869808628573554,0.061107467896414795,0.1908326087104961,7.899999999999951,0.24442987158565613,-0.007284514229440242
105,5,2,sharedreward,multi-echo,tedana,sr_decision_by_future_outcome_extra,Reward-Punish,6.0,-0.026337166179327316,0.07291263632915199,0.0,-0.15802299707596276,0.05306300228259224,0.211085999358555,0.04566494578714158,0.1262088385194061,7.299999999999953,0.18265978314856404,0.03170633220102986
105,5,2,sharedreward,single-echo,fmriprep,sr_decision_partner_extra,Computer-Stranger,6.0,-0.10972723853097088,0.016654945235035093,1.4999999999999734,-0.6583634311858206,0.008337324440509507,0.6667007556263302,-0.07809096785768499,0.07824499654698659,7.99999999999995,-0.3123638714307361,-0.1333938134225668
105,5,2,sharedreward,single-echo,fmriprep,sr_outcome_primary,Reward-Neutral,5.205799999999996,0.19250371870040472,0.42342358332472413,3.1999999999999673,1.0021358588105662,1.0815537589932396,0.07941790018267353,0.1755598287820387,0.40634897491520844,4.0,0.7022393151281461,0.11948817160325767
105,5,2,sharedreward,single-echo,fmriprep,sr_outcome_primary,Punish-Neutral,5.205799999999996,0.15920142449259347,0.46630298706327067,3.999999999999965,0.8287707756235425,0.9728471051416201,0.14407632951807756,0.1316820490936981,0.4663029870632632,4.0,0.5267281963747859,0.09991776211823107
105,5,2,sharedreward,single-echo,fmriprep,sr_outcome_primary,Reward-Punish,5.205799999999996,0.03330229420781122,0.1281336216895117,2.39999999999997,0.17336508318702354,0.22838729975265148,0.05502221656562794,0.04387777968834062,0.179220368722217,7.99999999999995,0.17551111875336028,0.019570409485026592
105,5,2,sharedreward,single-echo,fmriprep,sr_decision_by_future_outcome_extra,Reward-Neutral,6.0,-0.09112274505985911,0.0713792669261302,5.999999999999957,-0.5467364703591507,0.016514447203780994,0.5632509175629319,0.1641333488669982,0.5428444843926915,7.399999999999952,0.6565333954679846,0.0713792669261463
105,5,2,sharedreward,single-echo,fmriprep,sr_decision_by_future_outcome_extra,Punish-Neutral,6.0,0.017447253796567756,0.1400118763211273,5.999999999999957,0.10468352277940579,0.17022376336612013,0.06554024058671434,0.1510325958288412,0.37402398527453373,7.899999999999951,0.6041303833153573,0.14001187632113674
105,5,2,sharedreward,single-echo,fmriprep,sr_decision_by_future_outcome_extra,Reward-Punish,6.0,-0.10856999885642687,-0.003898795882885192,3.999999999999965,-0.6514199931385566,0.0,0.6514199931385566,0.013100753038157002,0.1752283767815831,7.399999999999952,0.052403012152627354,-0.06863260939499045
105,5,2,sharedreward,single-echo,tedana,sr_decision_partner_extra,Computer-Stranger,6.0,-0.08718791922028388,0.0582712600891762,1.3999999999999737,-0.5231275153216995,0.04773057023013193,0.5708580855518315,-0.06277485298597686,0.10748202703296839,7.99999999999995,-0.25109941194390434,-0.12392229410309044
105,5,2,sharedreward,single-echo,tedana,sr_outcome_primary,Reward-Neutral,5.205799999999996,0.13715540822964606,0.3799466914769922,3.999999999999965,0.7140036241618909,0.8985065129531401,0.18450288879124915,0.19209993020164115,0.37994669147698734,4.0,0.768399720806555,0.14055772095155517
105,5,2,sharedreward,single-echo,tedana,sr_outcome_primary,Punish-Neutral,5.205799999999996,0.036557080131801346,0.34068401582959906,3.999999999999965,0.19030884775013132,0.5896462507050579,0.3993374029549267,0.1177928843262136,0.34068401582959285,4.0,0.4711715373048485,0.08855345518525601
105,5,2,sharedreward,single-echo,tedana,sr_outcome_primary,Reward-Punish,5.205799999999996,0.10059832809784468,0.2039973769637544,2.39999999999997,0.5236947764117594,0.5236947764117594,0.0,0.07430704587542757,0.1566583610830746,7.99999999999995,0.29722818350170654,0.052004265766299164
105,5,2,sharedreward,single-echo,tedana,sr_decision_by_future_outcome_extra,Reward-Neutral,6.0,-0.1318761803399367,0.0701517520275704,3.799999999999965,-0.7912570820396146,0.036598524117978294,0.8278556061575929,0.0859138831332523,0.47535889896066996,7.399999999999952,0.3436555325330049,-0.047748294698917615
105,5,2,sharedreward,single-echo,tedana,sr_decision_by_future_outcome_extra,Punish-Neutral,6.0,-0.047068039030634265,0.1050735975400346,2.999999999999968,-0.28240823418380356,0.13716238349646415,0.41957061768026765,0.008723232836378403,0.234114889468821,7.99999999999995,0.034892931345513176,-0.04031260561755661
105,5,2,sharedreward,single-echo,tedana,sr_decision_by_future_outcome_extra,Reward-Punish,6.0,-0.08480814130930245,0.037561542954181994,4.099999999999964,-0.5088488478558111,0.028961251481230577,0.5378100993370417,0.07719065029687389,0.24799819611795948,7.399999999999952,0.3087626011874917,-0.007435689081360997
105,6,1,mid,multi-echo,fmriprep,mid_anticipation_primary,Reward-Neutral,5.023999999999987,-0.004785969162733287,0.0631533684001197,3.899999999999965,-0.024044709073571972,0.09185307549124408,0.11589778456481604,0.02932080405002212,0.1422676520710915,7.99999999999995,0.11728321620008703,-0.043419519084844406
105,6,1,mid,multi-echo,fmriprep,mid_feedback_extra,Positive-Negative,5.994000000000028,0.11430855000575772,0.1871542631404618,4.699999999999962,0.685165448734515,0.685165448734515,0.0,0.020872112270383297,0.1871542631404618,4.699999999999962,0.08348844908153215,0.0191314191022067
105,6,1,mid,multi-echo,tedana,mid_anticipation_primary,Reward-Neutral,5.023999999999987,-0.0004762524729862196,0.0597336990315058,0.0999999999999783,-0.002392692424282761,0.08272006767347778,0.08511276009776053,0.020205657218959706,0.12162818422182299,7.899999999999951,0.08082262887583783,-0.027547442435456728
105,6,1,mid,multi-echo,tedana,mid_feedback_extra,Positive-Negative,5.994000000000028,0.09668439296009937,0.1561925139718748,4.699999999999962,0.5795262514028383,0.5795262514028383,0.0,0.04180159827951618,0.1561925139718748,4.699999999999962,0.16720639311806265,0.021731466262941486
105,6,1,mid,single-echo,fmriprep,mid_anticipation_primary,Reward-Neutral,5.023999999999987,0.04772467934277455,0.1478245707886964,3.899999999999965,0.2397687890180987,0.30005182370421163,0.060283034686112985,0.051868211716367914,0.2119377285271884,7.99999999999995,0.20747284686546907,-0.030879520095085617
105,6,1,mid,single-echo,fmriprep,mid_feedback_extra,Positive-Negative,5.994000000000028,0.2035081251552295,0.4513156985124456,4.699999999999962,1.2198277021804513,1.2198277021804513,0.0,0.11862756489382034,0.4513156985124456,4.699999999999962,0.4745102595752755,0.1203618067429089
105,6,1,mid,single-echo,tedana,mid_anticipation_primary,Reward-Neutral,5.023999999999987,0.04134263502059123,0.136074200892572,0.0999999999999783,0.2077053983434498,0.2825886687067955,0.07488327036334572,0.06374370622284835,0.1784237870239339,7.99999999999995,0.25497482489139023,0.033834412598546804
105,6,1,mid,single-echo,tedana,mid_feedback_extra,Positive-Negative,5.994000000000028,0.14934932456904196,0.3264374127460812,4.599999999999962,0.8951998514668417,0.8951998514668417,0.0,0.09360118131970882,0.3264374127460812,4.599999999999962,0.3744047252788306,0.04533573645398706
105,6,2,mid,multi-echo,fmriprep,mid_anticipation_primary,Reward-Neutral,5.021500000000003,-0.04542536267145708,0.0884145301000463,0.1999999999999779,-0.22810345865472187,0.10830390950133166,0.33640736815605354,-0.011095470242735016,0.0893912887304128,7.299999999999953,-0.04438188097093951,0.0011621393663591804
105,6,2,mid,multi-echo,fmriprep,mid_feedback_extra,Positive-Negative,5.992000000000019,-0.028042002076463176,0.1613650492082122,5.992000000000019,-0.16802767644216787,0.22707623497009866,0.39510391141226653,0.12704361453519855,0.166625999597883,6.199999999999957,0.5081744581407879,0.1617500219018322
105,6,2,mid,multi-echo,tedana,mid_anticipation_primary,Reward-Neutral,5.021500000000003,-0.009449751961126537,0.12017295748536871,0.5999999999999766,-0.04745192947279694,0.18269565879603195,0.2301475882688289,0.024945824696227272,0.10376127534677901,6.7999999999999545,0.09978329878490785,0.02785213900070734
105,6,2,mid,multi-echo,tedana,mid_feedback_extra,Positive-Negative,5.992000000000019,-0.042787808049068544,0.08737726486909136,5.992000000000019,-0.2563845458300195,0.13172997648472276,0.3881145223147423,0.07472605889907162,0.0987850251558641,6.299999999999956,0.29890423559628276,0.08789495754097963
105,6,2,mid,single-echo,fmriprep,mid_anticipation_primary,Reward-Neutral,5.021500000000003,-0.050208607230374576,0.0724462809846108,0.1999999999999779,-0.2521225212073261,0.06510979244501057,0.3172323136523366,-0.10216562261068382,0.025781854956553902,7.99999999999995,-0.4086624904427302,-0.15605135696461359
105,6,2,mid,single-echo,fmriprep,mid_feedback_extra,Positive-Negative,5.992000000000019,0.03585915204390463,0.14533778440952447,5.992000000000019,0.2148680390470772,0.22440380285392308,0.009535763806845909,0.11835347516897252,0.192608124678718,7.199999999999953,0.4734139006758842,0.14659956731164925
105,6,2,mid,single-echo,tedana,mid_anticipation_primary,Reward-Neutral,5.021500000000003,-0.006144506527563365,0.10977386325578885,0.0,-0.030854639528159457,0.1434341027647198,0.17428874229287925,-0.04079956499598963,0.0444224094034846,7.99999999999995,-0.16319825998395648,-0.11053792203591427
105,6,2,mid,single-echo,tedana,mid_feedback_extra,Positive-Negative,5.992000000000019,0.01694647060017733,0.1221777082431639,0.8999999999999755,0.10154325183626288,0.17771460462721858,0.07617135279095567,0.05946516780200672,0.1541756269587492,7.399999999999952,0.2378606712080239,0.038413893923416674
105,6,1,sharedreward,multi-echo,fmriprep,sr_decision_partner_extra,Computer-Stranger,6.0,0.059386049606029896,0.09788719776726099,5.29999999999996,0.35631629763617684,0.35631629763617684,0.0,-0.015074868073708662,0.09788719776726099,5.29999999999996,-0.0602994722948339,0.0741911520508233
105,6,1,sharedreward,multi-echo,fmriprep,sr_outcome_primary,Reward-Neutral,5.2169999999999845,0.10823338139337053,0.3817225853918873,4.999999999999961,0.5646535507292124,0.6567209432565243,0.09206739252731191,0.20846878240579678,0.3817225853918873,4.999999999999961,0.8338751296231768,0.17544222199775752
105,6,1,sharedreward,multi-echo,fmriprep,sr_outcome_primary,Punish-Neutral,5.2169999999999845,-0.032425827351791975,0.02399269912057542,0.0,-0.16916554129429823,0.015838279756695887,0.1850038210509941,-0.06258668129249079,0.017534325042568105,4.999999999999961,-0.25034672516996004,-0.1413840609351649
105,6,1,sharedreward,multi-echo,fmriprep,sr_outcome_primary,Reward-Punish,5.2169999999999845,0.14065920874516252,0.3641993467656549,5.099999999999961,0.7338190920235107,0.7339403074795999,0.0001212154560892592,0.27105546369828765,0.3641993467656549,5.099999999999961,1.084221854793137,0.3168262829329224
105,6,1,sharedreward,multi-echo,fmriprep,sr_decision_by_future_outcome_extra,Reward-Neutral,6.0,0.04539232851791693,0.1718929762207533,2.7999999999999687,0.27235397110749965,0.3316315313279299,0.05927756022043027,0.04555326313989186,0.2342417908600174,7.99999999999995,0.18221305255956516,0.039569523505999966
105,6,1,sharedreward,multi-echo,fmriprep,sr_decision_by_future_outcome_extra,Punish-Neutral,6.0,-0.0024295091224635335,0.1033363689305745,2.7999999999999687,-0.014577054734781098,0.22145319663573007,0.23603025137051117,-0.03196861697926245,0.0836571240820197,7.599999999999952,-0.1278744679170482,-0.025383303591380198
105,6,1,sharedreward,multi-echo,fmriprep,sr_decision_by_future_outcome_extra,Reward-Punish,6.0,0.04782183764038048,0.1035955323906283,4.699999999999962,0.2869310258422808,0.33302558798515103,0.04609456214287021,0.0775218801191543,0.1718597011278038,7.99999999999995,0.31008752047661337,0.06495282709738016
105,6,1,sharedreward,multi-echo,tedana,sr_decision_partner_extra,Computer-Stranger,6.0,0.011220880257879717,0.1735774076749207,5.899999999999958,0.06732528154727782,0.16568089952762297,0.09835561798034514,0.06133458657675536,0.1735774076749207,5.899999999999958,0.2453383463070184,0.17179885540164108
105,6,1,sharedreward,multi-echo,tedana,sr_outcome_primary,Reward-Neutral,5.2169999999999845,0.1356497256936664,0.26883110953246725,4.799999999999962,0.7076846189438555,0.7076846189438555,0.0,0.0778447281797599,0.26883110953246725,4.799999999999962,0.3113789127190357,0.04623656175854691
105,6,1,sharedreward,multi-echo,tedana,sr_outcome_primary,Punish-Neutral,5.2169999999999845,0.006353993894403246,0.0964142424011006,4.299999999999963,0.033148786147101636,0.15147642734842778,0.11832764120132615,-0.06699917587531146,0.0964142424011006,4.299999999999963,-0.2679967035012425,-0.11261163690350766
105,6,1,sharedreward,multi-echo,tedana,sr_outcome_primary,Reward-Punish,5.2169999999999845,0.12929573179926315,0.2161337919738796,5.099999999999961,0.6745358327967539,0.6745358327967539,0.0,0.1448439040550714,0.2161337919738796,5.099999999999961,0.5793756162202783,0.15884819866205457
105,6,1,sharedreward,multi-echo,tedana,sr_decision_by_future_outcome_extra,Reward-Neutral,6.0,0.0678850651912142,0.16932296432688498,3.0999999999999677,0.40731039114728235,0.4276218614727843,0.020311470325502,0.08980411328582849,0.2245253502746266,7.699999999999951,0.3592164531433095,0.06800106347208576
105,6,1,sharedreward,multi-echo,tedana,sr_decision_by_future_outcome_extra,Punish-Neutral,6.0,-0.027591954736926782,0.08602559415937579,3.1999999999999673,-0.16555172842155952,0.10497333557551594,0.27052506399707543,-0.01277559694618348,0.0896377161723767,7.699999999999951,-0.051102387784733284,-0.040007382819513465
105,6,1,sharedreward,multi-echo,tedana,sr_decision_by_future_outcome_extra,Reward-Punish,6.0,0.09547701992814098,0.1547557430981571,2.0999999999999712,0.5728621195688418,0.5728621195688418,0.0,0.10257971023201198,0.1581018579039233,6.999999999999954,0.4103188409280428,0.10800844629159922
105,6,1,sharedreward,single-echo,fmriprep,sr_decision_partner_extra,Computer-Stranger,6.0,0.07599197105542167,0.2016649864088578,0.9999999999999752,0.4559518263325268,0.4559518263325268,0.0,-0.047233300995911234,0.0708985465872593,5.699999999999958,-0.18893320398364258,0.04380081000274397
105,6,1,sharedreward,single-echo,fmriprep,sr_outcome_primary,Reward-Neutral,5.2169999999999845,-0.008736588344326968,0.34880104101977594,5.099999999999961,-0.045578781392353655,0.47697232957233204,0.5225511109646857,0.191275934549202,0.34880104101977594,5.099999999999961,0.7651037381967984,0.21176373721470776
105,6,1,sharedreward,single-echo,fmriprep,sr_outcome_primary,Punish-Neutral,5.2169999999999845,-0.1898948191932552,-0.04617641806820619,2.699999999999969,-0.9906812717312095,0.0,0.9906812717312095,-0.16456407225765818,-0.040170540665421,7.799999999999951,-0.6582562890306245,-0.22226327800754483
105,6,1,sharedreward,single-echo,fmriprep,sr_outcome_primary,Reward-Punish,5.2169999999999845,0.18115823084892824,0.5134127726239601,4.999999999999961,0.9451024903388557,1.0027340663228592,0.057631575984003494,0.3558400068068601,0.5134127726239601,4.999999999999961,1.4233600272274227,0.43402701522225257
105,6,1,sharedreward,single-echo,fmriprep,sr_decision_by_future_outcome_extra,Reward-Neutral,6.0,0.04454935098896405,0.3124869338920645,1.9999999999999716,0.2672961059337824,0.6701153460423285,0.4028192401085461,-0.11346149976329428,0.1529981464567168,7.99999999999995,-0.45384599905317147,-0.12071273006408523
105,6,1,sharedreward,single-echo,fmriprep,sr_decision_by_future_outcome_extra,Punish-Neutral,6.0,0.0589906097500134,0.45655364514259983,1.9999999999999716,0.35394365850007786,0.8843023364088807,0.5303586779088028,-0.1800234983259026,-0.057779171002203214,6.399999999999956,-0.7200939933036014,-0.07979578198647129
105,6,1,sharedreward,single-echo,fmriprep,sr_decision_by_future_outcome_extra,Reward-Punish,6.0,-0.014441258761049371,0.1225104055711929,4.099999999999964,-0.08664755256629561,0.16965709955183056,0.2563046521181262,0.0665619985626083,0.3499031163870459,7.99999999999995,0.2662479942504299,-0.04091694807761394
105,6,1,sharedreward,single-echo,tedana,sr_decision_partner_extra,Computer-Stranger,6.0,0.005529555094437112,0.1246994165321265,5.899999999999958,0.033177330566622434,0.1603900447056415,0.12721271413901905,0.030751289341343982,0.1246994165321265,5.899999999999958,0.1230051573653744,0.12204697145944458
105,6,1,sharedreward,single-echo,tedana,sr_outcome_primary,Reward-Neutral,5.2169999999999845,0.04387828829512832,0.2262129891451845,5.099999999999961,0.22891303003568378,0.4940107230262873,0.26509769299060354,0.04125821590160069,0.2262129891451845,5.099999999999961,0.1650328636064007,0.07718069486095913
105,6,1,sharedreward,single-echo,tedana,sr_outcome_primary,Punish-Neutral,5.2169999999999845,-0.13151692537194556,-0.012769094413646397,2.7999999999999687,-0.6861237996654379,0.0,0.6861237996654379,-0.15804120086470938,-0.10664705682037298,5.19999999999996,-0.6321648034588296,-0.16023230042049177
105,6,1,sharedreward,single-echo,tedana,sr_outcome_primary,Reward-Punish,5.2169999999999845,0.17539521366707386,0.3388005374185208,4.999999999999961,0.9150368297011217,0.9150368297011217,0.0,0.19929941676631005,0.3388005374185208,4.999999999999961,0.7971976670652303,0.23741299528145088
105,6,1,sharedreward,single-echo,tedana,sr_decision_by_future_outcome_extra,Reward-Neutral,6.0,0.06343932521201402,0.3013238273316679,1.9999999999999716,0.38063595127208144,0.663289418953342,0.2826534676812606,-0.028660489556755642,0.1639033742317625,7.99999999999995,-0.11464195822702114,-0.03347662460802267
105,6,1,sharedreward,single-echo,tedana,sr_decision_by_future_outcome_extra,Punish-Neutral,6.0,0.02152645514043179,0.2939299148151941,1.9999999999999716,0.12915873084258983,0.5737378806050712,0.44457914976248153,-0.1420414376225123,-0.04769935206686891,4.0,-0.5681657504900421,-0.07435576522150122
105,6,1,sharedreward,single-echo,tedana,sr_decision_by_future_outcome_extra,Reward-Punish,6.0,0.041912870071582224,0.1615922304705423,0.2999999999999776,0.25147722042949155,0.27354605652163994,0.02206883609214838,0.11338094806575667,0.3160954105263595,7.99999999999995,0.45352379226302103,0.04087914061347855
105,6,2,sharedreward,multi-echo,fmriprep,sr_decision_partner_extra,Computer-Stranger,6.0,0.1248621190373897,0.2678646195857834,3.1999999999999673,0.7491727142243328,0.8074462150235097,0.05827350079917677,0.02675025043220068,0.16916105544551993,4.0,0.10700100172880139,-0.014322630126885552
105,6,2,sharedreward,multi-echo,fmriprep,sr_outcome_primary,Reward-Neutral,5.211500000000001,0.07735755693041924,0.2562572303332097,0.1999999999999779,0.40314890794287994,0.5244769525018257,0.12132804455894564,0.0829266815363775,0.1792651259658903,7.799999999999951,0.3317067261455059,0.1066861475301305
105,6,2,sharedreward,multi-echo,fmriprep,sr_outcome_primary,Punish-Neutral,5.211500000000001,0.006931199404877204,0.1835751327685503,0.9999999999999752,0.03612194569851755,0.35875212800297196,0.3226301823044544,0.02989089257950052,0.13485612278123288,6.7999999999999545,0.11956357031800059,0.0706182782800492
105,6,2,sharedreward,multi-echo,fmriprep,sr_outcome_primary,Reward-Punish,5.211500000000001,0.07042635752554205,0.1476495116198109,3.0999999999999677,0.36702696224436243,0.36702696224436243,0.0,0.05303578895687699,0.1754060386848204,7.99999999999995,0.21214315582750531,0.03606786925008131
105,6,2,sharedreward,multi-echo,fmriprep,sr_decision_by_future_outcome_extra,Reward-Neutral,6.0,0.21355847735588576,0.3798496530478432,1.899999999999972,1.2813508641353055,1.2813508641353055,0.0,0.06584391599374263,0.169927594888299,5.799999999999958,0.26337566397496726,0.15352159256051645
105,6,2,sharedreward,multi-echo,fmriprep,sr_decision_by_future_outcome_extra,Punish-Neutral,6.0,0.15801429352163213,0.2907612234345134,2.0999999999999712,0.948085761129786,0.948085761129786,0.0,-0.007311355738919838,0.154281688040832,4.999999999999961,-0.029245422955678987,0.03651484786832699
105,6,2,sharedreward,multi-echo,fmriprep,sr_decision_by_future_outcome_extra,Reward-Punish,6.0,0.055544183834253705,0.20640816657957936,0.0,0.33326510300551987,0.404209552438537,0.0709444494330172,0.07315527173266245,0.1705437786200156,6.699999999999955,0.29262108693064615,0.11700674469218945
105,6,2,sharedreward,multi-echo,tedana,sr_decision_partner_extra,Computer-Stranger,6.0,0.07219491426919973,0.1784924259201963,3.1999999999999673,0.4331694856151953,0.5000352039318747,0.06686571831667935,0.03429131159265011,0.13107579496684751,7.599999999999952,0.13716524637059874,-0.0038637164430074607
105,6,2,sharedreward,multi-echo,tedana,sr_outcome_primary,Reward-Neutral,5.211500000000001,0.06457012588496423,0.24286809765073772,0.2999999999999776,0.33650721104949116,0.48199009191466224,0.14548288086517103,0.020114164791108932,0.15348108836395272,7.99999999999995,0.08045665916443473,0.007723081186322272
105,6,2,sharedreward,multi-echo,tedana,sr_outcome_primary,Punish-Neutral,5.211500000000001,-0.02661830863020014,0.18350275707752123,0.0,-0.13872131542628804,0.2796380098106245,0.4183593252369125,-0.026461381495784003,0.05229360187934079,6.7999999999999545,-0.1058455259831347,-0.020108168983522717
105,6,2,sharedreward,multi-echo,tedana,sr_outcome_primary,Reward-Punish,5.211500000000001,0.09118843451516438,0.1911565689085279,3.0999999999999677,0.4752285264757793,0.4752285264757793,0.0,0.04657554628689294,0.11783595384377729,7.899999999999951,0.18630218514756947,0.02783125016984499
105,6,2,sharedreward,multi-echo,tedana,sr_decision_by_future_outcome_extra,Reward-Neutral,6.0,0.16155457547053456,0.2818912734414696,1.899999999999972,0.9693274528232005,0.9693274528232005,0.0,0.07786491856778152,0.16836828983187951,5.499999999999959,0.3114596742711222,0.15457433760573364
105,6,2,sharedreward,multi-echo,tedana,sr_decision_by_future_outcome_extra,Punish-Neutral,6.0,0.13794110416300878,0.2880489383108258,1.899999999999972,0.8276466249780468,0.8285695923533255,0.0009229673752787454,-0.006241199912964968,0.13153238187443392,4.999999999999961,-0.024964799651859562,0.022622953695170953
105,6,2,sharedreward,multi-echo,tedana,sr_decision_by_future_outcome_extra,Reward-Punish,6.0,0.02361347130752583,0.22607085272970637,0.0,0.14168082784515398,0.2921920461179367,0.15051121827278274,0.08410611848074649,0.17316250172635161,6.699999999999955,0.3364244739229818,0.13195138391056266
105,6,2,sharedreward,single-echo,fmriprep,sr_decision_partner_extra,Computer-Stranger,6.0,0.12444098550731593,0.2456452655034854,1.899999999999972,0.7466459130438903,0.7855607915386909,0.038914878494800395,0.03973569802354712,0.1290964856809903,7.699999999999951,0.15894279209418652,-0.0019435525101660417
105,6,2,sharedreward,single-echo,fmriprep,sr_outcome_primary,Reward-Neutral,5.211500000000001,0.14306249600169102,0.48718743038074774,0.7999999999999758,0.7455701979128129,0.9757077735397057,0.23013757562689297,0.11564891717160941,0.2892917738906365,7.99999999999995,0.46259566868643187,0.08112512041128823
105,6,2,sharedreward,single-echo,fmriprep,sr_outcome_primary,Punish-Neutral,5.211500000000001,0.038799592129635053,0.37055166879796303,0.8999999999999755,0.2022040743835931,0.6959453481014958,0.49374127371790255,0.04127754504329602,0.1491108604527782,6.699999999999955,0.16511018017318202,0.11804542376281535
105,6,2,sharedreward,single-echo,fmriprep,sr_outcome_primary,Reward-Punish,5.211500000000001,0.10426290387205595,0.1449473756704165,3.3999999999999666,0.5433661235292196,0.5433661235292196,0.0,0.0743713721283134,0.2983873308581714,7.99999999999995,0.2974854885132499,-0.03692030335152711
105,6,2,sharedreward,single-echo,fmriprep,sr_decision_by_future_outcome_extra,Reward-Neutral,6.0,0.31083946464504,0.3908999713581676,1.9999999999999716,1.8650367878702268,1.8650367878702268,0.0,0.14273416447759468,0.2940449906027767,4.599999999999962,0.5709366579103716,0.21627832210297143
105,6,2,sharedreward,single-echo,fmriprep,sr_decision_by_future_outcome_extra,Punish-Neutral,6.0,0.26992282399517115,0.4004380948899145,2.49999999999997,1.6195369439710154,1.6195369439710154,0.0,0.02706809657764993,0.3573273053860786,4.799999999999962,0.10827238631059838,0.029806452926879355
105,6,2,sharedreward,single-echo,fmriprep,sr_decision_by_future_outcome_extra,Reward-Punish,6.0,0.04091664064986883,0.23679635981818836,0.0,0.24549984389921123,0.3223761785916466,0.07687633469243543,0.11566606789994474,0.2843978853953602,6.599999999999955,0.4626642715997732,0.18647186917609207
105,6,2,sharedreward,single-echo,tedana,sr_decision_partner_extra,Computer-Stranger,6.0,0.05928466644754755,0.17136803341516588,1.899999999999972,0.35570799868528274,0.4712312903540982,0.11552329166881545,0.022468513718300404,0.1548109562772157,7.699999999999951,0.08987405487320049,-0.010841086332342055
105,6,2,sharedreward,single-echo,tedana,sr_outcome_primary,Reward-Neutral,5.211500000000001,0.11671596313012823,0.4462310002103149,0.7999999999999758,0.6082652418526634,0.8321228127255244,0.2238575708728608,0.05483873343654774,0.2755611642307738,7.99999999999995,0.21935493374618825,-0.032798184616371975
105,6,2,sharedreward,single-echo,tedana,sr_outcome_primary,Punish-Neutral,5.211500000000001,-0.002353074919243724,0.3392111368958742,0.7999999999999758,-0.012263049941638668,0.5782964469465908,0.5905594968882294,-0.031631623828977475,0.056374587499325,5.599999999999959,-0.12652649531590832,-0.020715622411025654
105,6,2,sharedreward,single-echo,tedana,sr_outcome_primary,Reward-Punish,5.211500000000001,0.119069038049372,0.192947678954585,3.299999999999967,0.6205282917943022,0.6205282917943022,0.0,0.0864703572655252,0.2323200123862274,7.899999999999951,0.3458814290620965,-0.012082562205346321
105,6,2,sharedreward,single-echo,tedana,sr_decision_by_future_outcome_extra,Reward-Neutral,6.0,0.2163739138703332,0.2775781205180269,4.999999999999961,1.29824348322199,1.29824348322199,0.0,0.14181736262063657,0.2775781205180269,4.999999999999961,0.5672694504825392,0.19829016004178318
105,6,2,sharedreward,single-echo,tedana,sr_decision_by_future_outcome_extra,Punish-Neutral,6.0,0.220877963987857,0.3565050464557181,1.7999999999999725,1.3252677839271325,1.3274629675127112,0.002195183585578718,0.029654334556707417,0.3297742300744218,4.699999999999962,0.1186173382268282,0.022442645138027423
105,6,2,sharedreward,single-echo,tedana,sr_decision_by_future_outcome_extra,Reward-Punish,6.0,-0.0045040501175237935,0.2575430586416247,0.0,-0.027024300705142567,0.24981537237825754,0.2768396730834001,0.11216302806392914,0.2741109654063851,6.599999999999955,0.448652112255711,0.17584751490375575
105,7,1,mid,multi-echo,fmriprep,mid_anticipation_primary,Reward-Neutral,5.019000000000034,-0.10142097111174223,-0.0500363526628778,2.49999999999997,-0.5090318540098376,0.0,0.5090318540098376,-0.02803165580907528,0.1047683930260169,7.99999999999995,-0.11212662323629974,0.008319507601158287
105,7,1,mid,multi-echo,fmriprep,mid_feedback_extra,Positive-Negative,5.993999999999971,0.01977768618792963,0.054886520113513595,2.0999999999999712,0.11854745101044964,0.12308647730226197,0.004539026291812321,-0.07980524217580154,0.023216266488511602,5.3999999999999595,-0.31922096870320216,-0.019301900864646088
105,7,1,mid,multi-echo,tedana,mid_anticipation_primary,Reward-Neutral,5.019000000000034,-0.05916964342593144,0.0098717418118743,2.8999999999999684,-0.2969724403547519,0.004499010898126943,0.30147145125287883,-0.04109419531807457,0.0534362243328432,7.99999999999995,-0.1643767812722962,-0.009921609579514537
105,7,1,mid,multi-echo,tedana,mid_feedback_extra,Positive-Negative,5.993999999999971,0.018809345661993396,0.0705812279567835,2.0999999999999712,0.11274321789798787,0.1642127762007685,0.051469558302780605,-0.055275087807954086,0.041107166986515405,5.799999999999958,-0.2211003512318136,0.031280564519984455
105,7,1,mid,single-echo,fmriprep,mid_anticipation_primary,Reward-Neutral,5.019000000000034,-0.16074891067928745,-0.0333492073645555,0.0999999999999783,-0.8067987826993491,0.0,0.8067987826993491,-0.049946762442418205,0.1005221413941743,7.99999999999995,-0.19978704976967032,-0.01062105121157036
105,7,1,mid,single-echo,fmriprep,mid_feedback_extra,Positive-Negative,5.993999999999971,0.11262879439632102,0.3033271651214719,2.2999999999999705,0.675096993611545,0.7244622931458241,0.04936529953427902,0.03357242303835645,0.1287760984749563,5.699999999999958,0.13428969215342412,0.11606400678214694
105,7,1,mid,single-echo,tedana,mid_anticipation_primary,Reward-Neutral,5.019000000000034,-0.07802608162924025,0.020525170459507303,0.0999999999999783,-0.3916129036971595,0.006943298976776499,0.39855620267393604,-0.0596366860402468,0.0381371317967883,7.799999999999951,-0.23854674416098423,-0.03405541175619257
105,7,1,mid,single-echo,tedana,mid_feedback_extra,Positive-Negative,5.993999999999971,0.11295775556936673,0.3451868383995751,2.199999999999971,0.6770687868827809,0.6891570873824955,0.012088300499714658,0.006436926998240977,0.0944286425647173,6.099999999999957,0.025747707992963588,0.09345750449009202
105,7,2,mid,multi-echo,fmriprep,mid_anticipation_primary,Reward-Neutral,5.022200000000018,-0.038797706878746396,0.08567432715646872,5.022200000000018,-0.19484984348644085,0.04554662642372806,0.2403964699101689,0.08103340055397541,0.12449003204572179,7.99999999999995,0.3241336022158976,0.1214113696863513
105,7,2,mid,multi-echo,fmriprep,mid_feedback_extra,Positive-Negative,5.990000000000009,0.07120167783156557,0.30347585604130123,4.599999999999962,0.42649805021107845,0.5431955659798826,0.1166975157688041,0.0262581251709127,0.30347585604130123,4.599999999999962,0.1050325006836495,-0.056964061574138906
105,7,2,mid,multi-echo,tedana,mid_anticipation_primary,Reward-Neutral,5.022200000000018,0.011246932200025869,0.11244109197599593,5.022200000000018,0.056484342894970126,0.13073297396463757,0.07424863106966746,0.07954053947797077,0.1290684859636574,5.499999999999959,0.31816215791187913,0.11407037425967312
105,7,2,mid,multi-echo,tedana,mid_feedback_extra,Positive-Negative,5.990000000000009,0.08169807849793403,0.2102580402672003,4.599999999999962,0.4893714902026256,0.4917882249808198,0.002416734778194216,0.015611550830257363,0.2102580402672003,4.599999999999962,0.062446203321028675,-0.03059202556528928
105,7,2,mid,single-echo,fmriprep,mid_anticipation_primary,Reward-Neutral,5.022200000000018,0.011547829052408833,0.2089434071227446,5.022200000000018,0.05799550706700785,0.1668621076038316,0.10886660053682373,0.12267361313753918,0.22310301079109018,5.29999999999996,0.4906944525501506,0.17799092506108152
105,7,2,mid,single-echo,fmriprep,mid_feedback_extra,Positive-Negative,5.990000000000009,0.23602899037954087,0.4709926568155616,4.599999999999962,1.413813652373452,1.4229776059445955,0.009163953571143791,0.2066476360547503,0.4709926568155616,4.599999999999962,0.8265905442189909,0.1715442954971868
105,7,2,mid,single-echo,tedana,mid_anticipation_primary,Reward-Neutral,5.022200000000018,0.04824470364575744,0.21335564219640196,5.022200000000018,0.2422945506497239,0.2766046805934882,0.034310129943764284,0.113339984537023,0.21778713454006737,5.19999999999996,0.45335993814808634,0.1548354452370162
105,7,2,mid,single-echo,tedana,mid_feedback_extra,Positive-Negative,5.990000000000009,0.21750598976915692,0.3343480043087419,4.099999999999964,1.302860878717252,1.302860878717252,0.0,0.14012203767992112,0.3343480043087419,4.099999999999964,0.5604881507196775,0.14057865665334116
105,7,1,sharedreward,multi-echo,fmriprep,sr_decision_partner_extra,Computer-Stranger,6.0,-0.040429889550215835,0.0737509929563095,0.5999999999999766,-0.2425793373012933,0.07653626063366586,0.3191155979349592,-0.036829103051956705,0.00013574699821759795,7.99999999999995,-0.147316412207825,-0.03152947624188322
105,7,1,sharedreward,multi-echo,fmriprep,sr_outcome_primary,Reward-Neutral,5.223299999999995,0.15178100249044846,0.2612254944598199,1.4999999999999734,0.7927977103083587,0.7927977103083587,0.0,-0.019456219022226433,0.1436759927453659,4.0,-0.07782487608890476,0.006471790983169435
105,7,1,sharedreward,multi-echo,fmriprep,sr_outcome_primary,Punish-Neutral,5.223299999999995,0.12299770217097311,0.3232150591894879,1.3999999999999737,0.6424538977496432,0.7413779234565918,0.09892402570694861,-0.11896790095296549,0.0424717648628324,4.0,-0.475871603811856,-0.16192814229213787
105,7,1,sharedreward,multi-echo,fmriprep,sr_outcome_primary,Reward-Punish,5.223299999999995,0.02878330031947532,0.21431946463655946,5.223299999999995,0.1503438125587153,0.25293304754554685,0.1025892349868315,0.09951168193073903,0.2292668534565834,5.499999999999959,0.3980467277229512,0.1683999332753073
105,7,1,sharedreward,multi-echo,fmriprep,sr_decision_by_future_outcome_extra,Reward-Neutral,6.0,0.00879980226186416,0.17086797762197062,4.999999999999961,0.052798813571184586,0.4185401980872347,0.3657413845160501,0.14179367466153134,0.17086797762197062,4.999999999999961,0.5671746986461182,0.13948508664581744
105,7,1,sharedreward,multi-echo,fmriprep,sr_decision_by_future_outcome_extra,Punish-Neutral,6.0,0.08254998846867978,0.25056858835914364,5.19999999999996,0.4952999308120752,0.6565879121963415,0.1612879813842662,0.1419023776546028,0.25056858835914364,5.19999999999996,0.5676095106184041,0.1629847117429706
105,7,1,sharedreward,multi-echo,fmriprep,sr_decision_by_future_outcome_extra,Reward-Punish,6.0,-0.07375018620681562,-0.023499625097155405,5.999999999999957,-0.4425011172408906,0.0,0.4425011172408906,-0.00010870299307148883,0.15553017890470522,7.99999999999995,-0.0004348119722859499,-0.023499625097153188
105,7,1,sharedreward,multi-echo,tedana,sr_decision_partner_extra,Computer-Stranger,6.0,-0.06231793609377717,0.032119833520220104,0.5999999999999766,-0.37390761656266036,0.02558991933086419,0.39949753589352455,-0.041548765957451404,0.043613454381355804,7.99999999999995,-0.16619506382980356,-0.025140439962503217
105,7,1,sharedreward,multi-echo,tedana,sr_outcome_primary,Reward-Neutral,5.223299999999995,0.13042823905803436,0.2390437654374901,1.299999999999974,0.6812658210718302,0.6812658210718302,0.0,0.00103940822640895,0.11762021207155621,4.0,0.004157632905635748,0.029741792949485885
105,7,1,sharedreward,multi-echo,tedana,sr_outcome_primary,Punish-Neutral,5.223299999999995,0.12537829116317964,0.33550713995973347,1.299999999999974,0.6548884282326356,0.7519808557089649,0.09709242747632923,-0.111445623864296,0.03819542317899361,4.0,-0.44578249545717846,-0.13128365880144696
105,7,1,sharedreward,multi-echo,tedana,sr_outcome_primary,Reward-Punish,5.223299999999995,0.005049947894854691,0.2042958252890343,5.223299999999995,0.02637739283919448,0.2040185662771608,0.17764117343796626,0.11248503209070494,0.2135613664404018,5.499999999999959,0.44994012836281416,0.16102545175093283
105,7,1,sharedreward,multi-echo,tedana,sr_decision_by_future_outcome_extra,Reward-Neutral,6.0,-0.006886583599900314,0.1970309238665105,4.999999999999961,-0.04131950159940159,0.41441359785403387,0.45573309945343554,0.13142657018874485,0.1970309238665105,4.999999999999961,0.5257062807549728,0.13042986449058172
105,7,1,sharedreward,multi-echo,tedana,sr_decision_by_future_outcome_extra,Punish-Neutral,6.0,0.054267035398296304,0.2888133426831508,4.999999999999961,0.3256022123897755,0.6301402549005731,0.3045380425107975,0.14600385548996114,0.2888133426831508,4.999999999999961,0.5840154219598374,0.1550809950037975
105,7,1,sharedreward,multi-echo,tedana,sr_decision_by_future_outcome_extra,Reward-Punish,6.0,-0.06115361899819661,-0.024651130513218905,5.999999999999957,-0.36692171398917706,0.0,0.36692171398917706,-0.014577285301216289,0.1083165145279712,7.99999999999995,-0.05830914120486443,-0.024651130513215738
105,7,1,sharedreward,single-echo,fmriprep,sr_decision_partner_extra,Computer-Stranger,6.0,-0.007668570677969611,0.09490266642670737,0.0,-0.046011424067817344,0.07762094351140593,0.1236323675792233,-0.05467647807237503,0.008410513229225848,4.0,-0.2187059122894974,-0.06653554434949562
105,7,1,sharedreward,single-echo,fmriprep,sr_outcome_primary,Reward-Neutral,5.223299999999995,0.3009577417510869,0.4611314368480094,1.4999999999999734,1.5719925724884507,1.5719925724884507,0.0,0.18272873876602097,0.2816937084452973,4.0,0.7309149550640748,0.18963121082528936
105,7,1,sharedreward,single-echo,fmriprep,sr_outcome_primary,Punish-Neutral,5.223299999999995,0.19822520923491463,0.4936613514899163,1.299999999999974,1.0353897353967285,1.0919877895820302,0.05659805418530174,-0.04824564821871729,0.0597889090437663,4.0,-0.19298259287486677,-0.04119232148538427
105,7,1,sharedreward,single-echo,fmriprep,sr_outcome_primary,Reward-Punish,5.223299999999995,0.10273253251617227,0.2822078583207369,5.223299999999995,0.5366028370917221,0.5920119644042274,0.055409127312505274,0.2309743869847382,0.284397180177552,5.3999999999999595,0.9238975479389414,0.23082353231067362
105,7,1,sharedreward,single-echo,fmriprep,sr_decision_by_future_outcome_extra,Reward-Neutral,6.0,0.024947932983604412,0.3328841184848054,4.999999999999961,0.14968759790162542,0.7040842968305723,0.5543966989289469,0.27402867215900667,0.3509632316471299,7.99999999999995,1.0961146886360131,0.23351799690300362
105,7,1,sharedreward,single-echo,fmriprep,sr_decision_by_future_outcome_extra,Punish-Neutral,6.0,0.08732043488462268,0.403700599203276,4.699999999999962,0.5239226093077324,0.8891580321941256,0.3652354228863933,0.22733311121368074,0.403700599203276,4.699999999999962,0.9093324448547117,0.16646814359404144
105,7,1,sharedreward,single-echo,fmriprep,sr_decision_by_future_outcome_extra,Reward-Punish,6.0,-0.06237250190101825,0.0670498533089583,5.999999999999957,-0.3742350114061068,0.018638234779048708,0.3928732461851555,0.04669556094532598,0.2565592551158838,7.99999999999995,0.1867822437813016,0.0670498533089622
105,7,1,sharedreward,single-echo,tedana,sr_decision_partner_extra,Computer-Stranger,6.0,-0.029316531069021073,0.08318969126309135,0.0,-0.1758991864141252,0.06164369965177923,0.23754288606590443,-0.06362793215873047,0.00021021675842759768,7.99999999999995,-0.2545117286349187,-0.04786996578094546
105,7,1,sharedreward,single-echo,tedana,sr_outcome_primary,Reward-Neutral,5.223299999999995,0.24509111275874182,0.3910023147085258,1.299999999999974,1.2801844092727348,1.2801844092727348,0.0,0.1717264606045861,0.2297049228034001,7.0999999999999535,0.6869058424183359,0.1848947654271081
105,7,1,sharedreward,single-echo,tedana,sr_outcome_primary,Punish-Neutral,5.223299999999995,0.18793607374285404,0.4852008124514633,1.299999999999974,0.9816464939810485,1.0559661083933718,0.07431961441232336,-0.048771579374195385,0.028256084770835452,4.0,-0.19508631749677913,-0.00784553019828751
105,7,1,sharedreward,single-echo,tedana,sr_outcome_primary,Reward-Punish,5.223299999999995,0.05715503901588773,0.2336329145216093,5.223299999999995,0.2985379152916861,0.41627469725311356,0.11773678196142752,0.2204980399787815,0.2733966505177049,7.499999999999952,0.881992159915115,0.1927402956253956
105,7,1,sharedreward,single-echo,tedana,sr_decision_by_future_outcome_extra,Reward-Neutral,6.0,0.018139321731616198,0.3349988725107894,4.899999999999961,0.10883593038969641,0.6870807868963442,0.5782448565066478,0.226209587822678,0.3349988725107894,4.899999999999961,0.9048383512907008,0.18433077633131
105,7,1,sharedreward,single-echo,tedana,sr_decision_by_future_outcome_extra,Punish-Neutral,6.0,0.06432110003977987,0.4390773048782943,4.699999999999962,0.3859266002386765,0.8890560395460964,0.5031294393074198,0.21360318980391535,0.4390773048782943,4.699999999999962,0.8544127592156507,0.15001852618291306
105,7,1,sharedreward,single-echo,tedana,sr_decision_by_future_outcome_extra,Reward-Punish,6.0,-0.04618177830816365,0.0343122501483925,5.999999999999957,-0.2770906698489799,0.004851272881497677,0.2819419427304776,0.012606398018762703,0.1880105237946893,7.99999999999995,0.05042559207505019,0.03431225014839694
105,7,2,sharedreward,multi-echo,fmriprep,sr_decision_partner_extra,Computer-Stranger,6.0,-0.007199187358614981,0.069945972399149,0.1999999999999779,-0.04319512415168958,0.09969693597400822,0.1428920601256978,-0.02036841596992503,0.026540082026019013,7.399999999999952,-0.08147366387969911,-0.08930455945570023
105,7,2,sharedreward,multi-echo,fmriprep,sr_outcome_primary,Reward-Neutral,5.206000000000003,0.07645030901752774,0.20156526008953213,3.4999999999999662,0.39800030874524966,0.578947081354728,0.18094677260947845,0.14087098469361914,0.19581563336941257,4.0,0.5634839387744696,0.1741628576279942
105,7,2,sharedreward,multi-echo,fmriprep,sr_outcome_primary,Punish-Neutral,5.206000000000003,-0.02357148795195671,0.11652311913984192,5.206000000000003,-0.12271316627788671,0.1299657743530058,0.25267894063089247,0.05396168923934327,0.12445940980112613,5.3999999999999595,0.21584675695737038,0.09704778379342235
105,7,2,sharedreward,multi-echo,fmriprep,sr_outcome_primary,Reward-Punish,5.206000000000003,0.10002179696948443,0.1797994091701911,3.4999999999999662,0.5207134750231363,0.5420495046147947,0.021336029591658527,0.08690929545427586,0.1344472407400559,4.0,0.34763718181709913,0.07711507383457185
105,7,2,sharedreward,multi-echo,fmriprep,sr_decision_by_future_outcome_extra,Reward-Neutral,6.0,-0.13935758290352995,0.0869233054268411,5.999999999999957,-0.8361454974211737,0.0822195251242537,0.9183650225454274,0.03164140615236895,0.2544705499089283,7.99999999999995,0.1265656246094742,0.0869233054268419
105,7,2,sharedreward,multi-echo,fmriprep,sr_decision_by_future_outcome_extra,Punish-Neutral,6.0,-0.10636588865864205,0.077577797089802,5.599999999999959,-0.6381953319518477,0.04877762484910868,0.6869729568009564,-0.023369857206464253,0.077577797089802,5.599999999999959,-0.09347942882585585,0.05218028880799406
105,7,2,sharedreward,multi-echo,fmriprep,sr_decision_by_future_outcome_extra,Reward-Punish,6.0,-0.0329916942448879,0.1265523326915363,0.2999999999999776,-0.19795016546932598,0.09541183740080755,0.2933620028701336,0.0550112633588332,0.1916061593258025,7.99999999999995,0.22004505343533004,0.03474301661884783
105,7,2,sharedreward,multi-echo,tedana,sr_decision_partner_extra,Computer-Stranger,6.0,-0.024002473972936735,0.035798546148134,4.499999999999963,-0.1440148438376194,0.031980896343415374,0.17599574018103478,-0.015203412181449933,0.035798546148134,4.499999999999963,-0.060813648725798974,-0.07138853949243686
105,7,2,sharedreward,multi-echo,tedana,sr_outcome_primary,Reward-Neutral,5.206000000000003,0.10085161996019991,0.22987919638611243,5.206000000000003,0.525033533512801,0.6413751774025571,0.11634164388975617,0.18461043785944029,0.2552338042338025,5.499999999999959,0.7384417514377519,0.2491994756661231
105,7,2,sharedreward,multi-echo,tedana,sr_outcome_primary,Punish-Neutral,5.206000000000003,0.03819623005168312,0.1667869079991854,5.206000000000003,0.19884957364906244,0.3074972985897004,0.10864772494063799,0.08803526484393112,0.1771210101610593,5.3999999999999595,0.3521410593757201,0.13944998541966216
105,7,2,sharedreward,multi-echo,tedana,sr_outcome_primary,Reward-Punish,5.206000000000003,0.06265538990851675,0.1331145026638185,3.4999999999999662,0.32618395986373844,0.34998631532305496,0.0238023554593165,0.09657517301550918,0.1396107108028817,6.699999999999955,0.3863006920620319,0.10974949024646094
105,7,2,sharedreward,multi-echo,tedana,sr_decision_by_future_outcome_extra,Reward-Neutral,6.0,-0.09913355917254774,0.19225739658281038,5.699999999999958,-0.5948013550352822,0.19831428984924393,0.7931156448845261,0.09107868717000672,0.2264607075710027,7.99999999999995,0.36431474868002234,0.17413060380231823
105,7,2,sharedreward,multi-echo,tedana,sr_decision_by_future_outcome_extra,Punish-Neutral,6.0,-0.045482746417148556,0.2284983448423305,5.599999999999959,-0.2728964785028894,0.213927100768456,0.4868235792713454,0.06551306473011402,0.2284983448423305,5.599999999999959,0.2620522589204528,0.19194266696820472
105,7,2,sharedreward,multi-echo,tedana,sr_decision_by_future_outcome_extra,Reward-Punish,6.0,-0.053650812755399194,0.056655229447251994,0.2999999999999776,-0.32190487653239286,0.029844619980225105,0.35174949651261794,0.02556562243989269,0.14863681711722032,7.799999999999951,0.10226248975956949,-0.017812063165886505
105,7,2,sharedreward,single-echo,fmriprep,sr_decision_partner_extra,Computer-Stranger,6.0,-0.00225283961032018,0.1021210791058334,1.1999999999999744,-0.013517037661920986,0.14137415873231263,0.15489119639423363,-0.09100450343135041,0.023008407713631846,4.0,-0.3640180137253971,-0.10888812174337548
105,7,2,sharedreward,single-echo,fmriprep,sr_outcome_primary,Reward-Neutral,5.206000000000003,0.1352560962500592,0.3174878721309346,3.899999999999965,0.7041432370778086,0.8620791038412042,0.1579358667633956,0.1376099818051582,0.31472303668042334,4.0,0.550439927220626,0.09771049042017141
105,7,2,sharedreward,single-echo,fmriprep,sr_outcome_primary,Punish-Neutral,5.206000000000003,0.043507795042312204,0.1490265746264588,2.199999999999971,0.22650158099027745,0.2974183413486361,0.07091676035835863,-0.03351992061486006,0.0641292933286121,4.0,-0.13407968245943858,-0.036693009866907586
105,7,2,sharedreward,single-echo,fmriprep,sr_outcome_primary,Reward-Punish,5.206000000000003,0.091748301207747,0.2649538771157814,4.199999999999964,0.4776416560875312,0.5689027738698269,0.09126111778229584,0.1711299024200183,0.2649538771157814,4.199999999999964,0.6845196096800646,0.134403500287079
105,7,2,sharedreward,single-echo,fmriprep,sr_decision_by_future_outcome_extra,Reward-Neutral,6.0,-0.14823124038419577,0.11763913028091179,5.999999999999957,-0.8893874423051683,0.029877438413363128,0.9192648807185313,0.06656623145545834,0.3359736376511704,7.99999999999995,0.26626492582183003,0.11763913028092356
105,7,2,sharedreward,single-echo,fmriprep,sr_decision_by_future_outcome_extra,Punish-Neutral,6.0,-0.07459727155273627,0.20463679958823516,5.999999999999957,-0.44758362931641443,0.1116439275210116,0.5592275568374261,0.0690970329692908,0.22173752106010186,6.399999999999956,0.27638813187715977,0.20463679958823983
105,7,2,sharedreward,single-echo,fmriprep,sr_decision_by_future_outcome_extra,Reward-Punish,6.0,-0.07363396883145948,0.066025927608746,0.1999999999999779,-0.4418038129887537,0.06996622201156621,0.5117700350003199,-0.0025308015138324658,0.3259023609757854,7.99999999999995,-0.010123206055329736,-0.08699766930731628
105,7,2,sharedreward,single-echo,tedana,sr_decision_partner_extra,Computer-Stranger,6.0,-0.028956383883831805,0.039070557866910396,1.1999999999999744,-0.1737383033029896,0.04164545462190411,0.2153837579248937,-0.09135952074281047,0.025209829567378002,4.199999999999964,-0.3654380829712373,-0.08987072205551315
105,7,2,sharedreward,single-echo,tedana,sr_outcome_primary,Reward-Neutral,5.206000000000003,0.14744160107267182,0.33148298739287674,4.399999999999963,0.7675809751843299,0.9538070712206621,0.18622609603633206,0.21051252339329068,0.33148298739287674,4.399999999999963,0.8420500935731523,0.1928362970554485
105,7,2,sharedreward,single-echo,tedana,sr_outcome_primary,Punish-Neutral,5.206000000000003,0.10141494039478396,0.22126526316138323,2.199999999999971,0.5279661796952456,0.5799518606373611,0.051985680942115545,0.06139697699231836,0.1387885581274251,4.499999999999963,0.24558790796927038,0.055475018337043
105,7,2,sharedreward,single-echo,tedana,sr_outcome_primary,Reward-Punish,5.206000000000003,0.04602666067788783,0.2047058327186112,4.099999999999964,0.2396147954890842,0.41664482213988424,0.17703002665079998,0.1491155464009723,0.2047058327186112,4.099999999999964,0.5964621856038818,0.13736127871840548
105,7,2,sharedreward,single-echo,tedana,sr_decision_by_future_outcome_extra,Reward-Neutral,6.0,-0.12289394212833292,0.16907063163561248,5.999999999999957,-0.7373636527699923,0.10002023707916399,0.8373838898491562,0.11155085827132195,0.382492257179474,7.99999999999995,0.44620343308528226,0.16907063163562108
105,7,2,sharedreward,single-echo,tedana,sr_decision_by_future_outcome_extra,Punish-Neutral,6.0,-0.018901865666684378,0.3054408055766053,5.999999999999957,-0.11341119400010546,0.3357641244598326,0.44917531845993797,0.1545305211343261,0.3095159554776061,6.099999999999957,0.6181220845372968,0.305440805576607
105,7,2,sharedreward,single-echo,tedana,sr_decision_by_future_outcome_extra,Reward-Punish,6.0,-0.10399207646164853,-0.006522812389282179,1.9999999999999716,-0.6239524587698867,0.0,0.6239524587698867,-0.04297966286300417,0.2716527291935958,7.99999999999995,-0.17191865145201454,-0.13637017394098597
105,8,1,mid,multi-echo,fmriprep,mid_anticipation_primary,Reward-Neutral,5.023849999999996,-0.0025217005885856333,0.1813940454963923,0.2999999999999776,-0.012668645501965925,0.18566922894705562,0.19833787444902154,-0.01290911145533249,0.07998689455116659,5.999999999999957,-0.05163644582132931,0.07998689455116632
105,8,1,mid,multi-echo,fmriprep,mid_feedback_extra,Positive-Negative,5.989000000000004,0.017096120917125205,0.11928193692003292,1.4999999999999734,0.10238866817266293,0.2583439403343748,0.1559552721617119,-0.04468583773140734,0.0632006059137242,7.99999999999995,-0.17874335092562713,-0.10430279039630247
105,8,1,mid,multi-echo,tedana,mid_anticipation_primary,Reward-Neutral,5.023849999999996,0.0058997346387919,0.1805952540578834,0.1999999999999779,0.029639381865094662,0.17072049738994252,0.14108111552484784,0.024434983731533026,0.0928050784563779,6.399999999999956,0.09773993492613088,0.0837331522670903
105,8,1,mid,multi-echo,tedana,mid_feedback_extra,Positive-Negative,5.989000000000004,-0.010776655349406706,0.08399864073804961,2.8999999999999684,-0.0645413888875968,0.2147623103806456,0.2793036992682424,-0.11804392483847118,-0.00028468949829469844,4.0,-0.4721756993538788,-0.17201770437121816
105,8,1,mid,single-echo,fmriprep,mid_anticipation_primary,Reward-Neutral,5.023849999999996,0.03459531740524127,0.2838141958870264,0.7999999999999758,0.17380168534632123,0.4007925778227692,0.226990892476448,0.028338703271522252,0.141291198908411,7.99999999999995,0.1133548130860876,0.06764919699614073
105,8,1,mid,single-echo,fmriprep,mid_feedback_extra,Positive-Negative,5.989000000000004,0.03785269354273728,0.1575213833316538,2.2999999999999705,0.22669978162745372,0.3546056311835546,0.1279058495561009,-0.0312999692031913,0.1341018812929323,7.99999999999995,-0.12519987681276365,-0.15140815363094823
105,8,1,mid,single-echo,tedana,mid_anticipation_primary,Reward-Neutral,5.023849999999996,0.08061294444835554,0.2846894912352107,0.4999999999999769,0.4049873409668706,0.5051487813839078,0.10016144041703723,0.10722391017852101,0.1764544964713507,7.99999999999995,0.4288956407140787,0.1127961812227975
105,8,1,mid,single-echo,tedana,mid_feedback_extra,Positive-Negative,5.989000000000004,-0.01744912056342747,0.1614834495209477,2.49999999999997,-0.1045027830543672,0.2774734532817217,0.3819762363360889,-0.14217525148855548,0.03332927982357899,7.99999999999995,-0.5687010059542148,-0.2567166685065226
105,8,2,mid,multi-echo,fmriprep,mid_anticipation_primary,Reward-Neutral,5.021499999999989,-0.08648919818247998,-0.037530756458747996,2.199999999999971,-0.4343055086733223,0.0,0.4343055086733223,-0.05316000679244596,-0.009349054141862406,6.299999999999956,-0.2126400271697812,-0.017450815443582127
105,8,2,mid,multi-echo,fmriprep,mid_feedback_extra,Positive-Negative,5.988699999999998,0.0008166008706260599,0.07278056491166666,0.0,0.004890377633918283,0.09190165719402799,0.08701127956010969,-0.01222098003518236,0.019099607811925802,4.799999999999962,-0.04888392014072883,-0.019643157900901487
105,8,2,mid,multi-echo,tedana,mid_anticipation_primary,Reward-Neutral,5.021499999999989,-0.04705182463426865,0.024716495180469436,5.021499999999989,-0.2362707374009795,0.027349879316644708,0.2636206167176242,-0.009406531193969846,0.027521840730877302,5.29999999999996,-0.03762612477587892,-0.004691817037280574
105,8,2,mid,multi-echo,tedana,mid_feedback_extra,Positive-Negative,5.988699999999998,0.024830709266573114,0.0975290310608052,2.7999999999999687,0.14870366858472636,0.1650516655473469,0.016347996962620487,-0.002489810726985745,0.0330601721716011,4.799999999999962,-0.009959242907942856,-0.017621437043560704
105,8,2,mid,single-echo,fmriprep,mid_anticipation_primary,Reward-Neutral,5.021499999999989,-0.10290783482537647,-0.005341547881225789,2.0999999999999712,-0.5167516925756268,0.0,0.5167516925756268,-0.13105449792871146,0.02163680864774971,7.899999999999951,-0.5242179917148393,-0.147542192721866
105,8,2,mid,single-echo,fmriprep,mid_feedback_extra,Positive-Negative,5.988699999999998,-0.11624986190115966,0.011701659353942299,2.2999999999999705,-0.6961855479674746,0.005158101686736411,0.701343649654211,-0.128294457628053,0.006444498184574404,7.99999999999995,-0.5131778305122057,-0.08322801089598757
105,8,2,mid,single-echo,tedana,mid_anticipation_primary,Reward-Neutral,5.021499999999989,-0.04860840728625736,0.0472154047449008,4.099999999999964,-0.2440871171879408,0.055016466420067835,0.2991035836080086,-0.01934981059211682,0.0472154047449008,4.099999999999964,-0.07739924236846632,-0.056981444315061996
105,8,2,mid,single-echo,tedana,mid_feedback_extra,Positive-Negative,5.988699999999998,-0.018421386055468045,0.1861072093067757,2.2999999999999705,-0.11032015467038145,0.3072169848205394,0.41753713949092086,-0.08646995037612953,0.0094388137890608,6.7999999999999545,-0.34587980150451386,-0.06141571593337138
105,8,1,sharedreward,multi-echo,fmriprep,sr_decision_partner_extra,Computer-Stranger,6.0,-0.08472165795888023,0.10002331826375312,0.0,-0.5083299477532778,0.02550632207924475,0.5338362698325226,-0.12339795653786244,0.012800985870776306,7.99999999999995,-0.4935918261514436,-0.15394589464100325
105,8,1,sharedreward,multi-echo,fmriprep,sr_outcome_primary,Reward-Neutral,5.206999999999994,0.10222242751406901,0.1360640204537743,1.6999999999999726,0.5322721800657567,0.5334945216416624,0.0012223415759056683,-0.061479615310281566,0.11690025889462777,4.0,-0.2459184612411232,-0.06526797585956966
105,8,1,sharedreward,multi-echo,fmriprep,sr_outcome_primary,Punish-Neutral,5.206999999999994,-0.034476572764539186,0.09939749106748078,0.0,-0.17951951438495534,0.07416965682240062,0.25368917120735596,-0.1917651204706167,0.022746419770284458,4.0,-0.7670604818824572,-0.2177964383479769
105,8,1,sharedreward,multi-echo,fmriprep,sr_outcome_primary,Reward-Punish,5.206999999999994,0.1366990002786082,0.2301978753445184,1.9999999999999716,0.711791694450712,0.7160421230185093,0.004250428567797298,0.1302855051603351,0.16899880714985438,5.599999999999959,0.521142020641334,0.15252846248840726
105,8,1,sharedreward,multi-echo,fmriprep,sr_decision_by_future_outcome_extra,Reward-Neutral,6.0,0.10958062488400504,0.14438973254332682,1.899999999999972,0.6574837493040255,0.6574837493040255,0.0,0.11533600580624322,0.1485845696262576,7.499999999999952,0.46134402322496715,0.0815836577310698
105,8,1,sharedreward,multi-echo,fmriprep,sr_decision_by_future_outcome_extra,Punish-Neutral,6.0,0.0809323018757013,0.1751993941619824,3.0999999999999677,0.48559381125420437,0.5506452126666499,0.06505140141244546,-0.011511406730800327,0.13951064448356407,4.0,-0.04604562692320073,-0.09467607896545573
105,8,1,sharedreward,multi-echo,fmriprep,sr_decision_by_future_outcome_extra,Reward-Punish,6.0,0.028648323008303733,0.18994295025247349,5.499999999999959,0.17188993804982117,0.29285796197335284,0.12096802392353166,0.12684741253704354,0.18994295025247349,5.499999999999959,0.5073896501481678,0.1762597366965255
105,8,1,sharedreward,multi-echo,tedana,sr_decision_partner_extra,Computer-Stranger,6.0,-0.04212069478156981,0.10720683744669877,0.0,-0.25272416868941705,0.036622316045803675,0.2893464847352207,-0.06895650664125379,0.026632054449631695,7.99999999999995,-0.2758260265650117,-0.10114877495845752
105,8,1,sharedreward,multi-echo,tedana,sr_outcome_primary,Reward-Neutral,5.206999999999994,0.051337267357511804,0.1349227425626121,0.4999999999999769,0.26731315113056364,0.267581028341366,0.0002678772108023005,-0.05655686398396643,0.033636451669246496,4.199999999999964,-0.2262274559358629,-0.048459935459786316
105,8,1,sharedreward,multi-echo,tedana,sr_outcome_primary,Punish-Neutral,5.206999999999994,-0.06766444582486884,0.08658807497703706,0.0,-0.35232876941009167,0.0466015862354173,0.3989303556455089,-0.171789005874849,-0.01938369952915944,4.0,-0.6871560234993874,-0.18169854353355247
105,8,1,sharedreward,multi-echo,tedana,sr_outcome_primary,Reward-Punish,5.206999999999994,0.11900171318238066,0.2212196325928631,1.4999999999999734,0.6196419205406554,0.6196419205406554,0.0,0.11523214189088257,0.1535429254987393,5.599999999999959,0.46092856756352457,0.13323860807376614
105,8,1,sharedreward,multi-echo,tedana,sr_decision_by_future_outcome_extra,Reward-Neutral,6.0,0.0725217135826666,0.1134968115753592,4.199999999999964,0.4351302814959965,0.4351302814959965,0.0,0.05852877593124928,0.1134968115753592,4.199999999999964,0.2341151037249942,0.0009524464870094042
105,8,1,sharedreward,multi-echo,tedana,sr_decision_by_future_outcome_extra,Punish-Neutral,6.0,0.05934468541183197,0.1738957152377101,3.799999999999965,0.3560681124709893,0.5166392111069789,0.16057109863598962,-0.0652400377938786,0.15263763372030462,4.0,-0.2609601511755112,-0.1722728113257478
105,8,1,sharedreward,multi-echo,tedana,sr_decision_by_future_outcome_extra,Reward-Punish,6.0,0.013177028170834635,0.2067473922585359,5.499999999999959,0.07906216902500725,0.2549433136883886,0.1758811446633813,0.12376881372512788,0.2067473922585359,5.499999999999959,0.49507525490050536,0.1732252578127572
105,8,1,sharedreward,single-echo,fmriprep,sr_decision_partner_extra,Computer-Stranger,6.0,-0.14136013819038,0.11266944768329491,0.0,-0.848160829142274,0.032108115794513746,0.8802689449367878,-0.14069832156023837,-0.01684247647094131,7.99999999999995,-0.5627932862409465,-0.13375027336836978
105,8,1,sharedreward,single-echo,fmriprep,sr_outcome_primary,Reward-Neutral,5.206999999999994,0.2199891567440738,0.3646896147656687,2.8999999999999684,1.145483539166391,1.2106314989339868,0.06514795976759596,-0.17605118335137315,0.2516220619169787,4.0,-0.7042047334054838,-0.20523345471712556
105,8,1,sharedreward,single-echo,fmriprep,sr_outcome_primary,Punish-Neutral,5.206999999999994,0.06879217291476751,0.2591413008804991,3.6999999999999655,0.35820084436719396,0.44602870707848263,0.08782786271128859,-0.23457565359385288,0.2073045705545358,4.0,-0.9383026143753999,-0.29182602852207257
105,8,1,sharedreward,single-echo,fmriprep,sr_outcome_primary,Reward-Punish,5.206999999999994,0.1511969838293063,0.3260773473114712,2.0999999999999712,0.7872826947991969,0.7937413664658927,0.006458671666695742,0.05852447024247973,0.13204115302938038,6.899999999999954,0.23409788096991602,0.08659257380494699
105,8,1,sharedreward,single-echo,fmriprep,sr_decision_by_future_outcome_extra,Reward-Neutral,6.0,0.19391165456793885,0.2877214421113885,1.9999999999999716,1.1634699274076248,1.1634699274076248,0.0,0.2195327699976852,0.31117614176672076,6.899999999999954,0.8781310799907299,0.23906301428333226
105,8,1,sharedreward,single-echo,fmriprep,sr_decision_by_future_outcome_extra,Punish-Neutral,6.0,0.20072191027870936,0.427181753810085,2.999999999999968,1.2043314616722476,1.2833501684093518,0.079018706737104,0.04298228929505816,0.3084924067636141,4.0,0.1719291571802305,-0.07650174968020032
105,8,1,sharedreward,single-echo,fmriprep,sr_decision_by_future_outcome_extra,Reward-Punish,6.0,-0.006810255710770489,0.325481533305302,5.599999999999959,-0.04086153426462264,0.3637528686735053,0.4046144029381281,0.17655048070262702,0.325481533305302,5.599999999999959,0.7062019228104993,0.3155647639635326
105,8,1,sharedreward,single-echo,tedana,sr_decision_partner_extra,Computer-Stranger,6.0,-0.09117988801735984,0.09193434865157397,0.0,-0.5470793281041552,0.021019907495976008,0.5680992356001312,-0.08561134007954724,0.001732403150929318,7.99999999999995,-0.3424453603181847,-0.0873957583714667
105,8,1,sharedreward,single-echo,tedana,sr_outcome_primary,Reward-Neutral,5.206999999999994,0.15353086257514578,0.25723304780454936,1.9999999999999716,0.7994352014287831,0.8429884063472202,0.043553204918437095,-0.171676699706632,0.15235856653526475,4.0,-0.6867067988265194,-0.17920816272309154
105,8,1,sharedreward,single-echo,tedana,sr_outcome_primary,Punish-Neutral,5.206999999999994,0.04032413923249107,0.1485315704121341,3.6999999999999655,0.20996779298358076,0.2802395992056301,0.07027180622204936,-0.2171731340649032,0.1152785475493365,4.0,-0.8686925362596021,-0.22565942152547266
105,8,1,sharedreward,single-echo,tedana,sr_outcome_primary,Reward-Punish,5.206999999999994,0.11320672334265475,0.2384334216430895,2.0999999999999712,0.5894674084452025,0.5958813264633174,0.006413918018114864,0.04549643435827124,0.0986706143312715,6.899999999999954,0.1819857374330827,0.04645125880238114
105,8,1,sharedreward,single-echo,tedana,sr_decision_by_future_outcome_extra,Reward-Neutral,6.0,0.13951303097801326,0.20044427849666488,1.899999999999972,0.8370781858680736,0.8370781858680736,0.0,0.14442958107121073,0.2123344536026332,6.899999999999954,0.5777183242848357,0.13627699164821186
105,8,1,sharedreward,single-echo,tedana,sr_decision_by_future_outcome_extra,Punish-Neutral,6.0,0.1936592498404,0.37467643563369646,3.799999999999965,1.1619554990423917,1.279608538959717,0.11765303991732522,0.0024935102821763357,0.3250516199789482,4.0,0.00997404112870522,-0.12203436541957256
105,8,1,sharedreward,single-echo,tedana,sr_decision_by_future_outcome_extra,Reward-Punish,6.0,-0.054146218862386755,0.2841634997537666,5.599999999999959,-0.3248773131743182,0.26312862284362126,0.5880059360179395,0.14193607078903442,0.2841634997537666,5.599999999999959,0.5677442831561306,0.25831135706778446
105,8,2,sharedreward,multi-echo,fmriprep,sr_decision_partner_extra,Computer-Stranger,6.0,0.08067233962015768,0.2093887714070951,0.9999999999999752,0.48403403772094267,0.5489202242615085,0.06488618654056592,-0.06031413405837561,0.01226440579078356,4.0,-0.24125653623349944,-0.07108658502716413
105,8,2,sharedreward,multi-echo,fmriprep,sr_outcome_primary,Reward-Neutral,5.206999999999994,-0.007139017259737017,0.14152754110266771,3.4999999999999662,-0.0371728628714506,0.26799436153671813,0.3051672244081688,0.11201230876939954,0.1780769933306967,6.099999999999957,0.4480492350775926,0.17570853013387358
105,8,2,sharedreward,multi-echo,fmriprep,sr_outcome_primary,Punish-Neutral,5.206999999999994,-0.062234699675212966,0.07713704190050401,2.49999999999997,-0.3240560812088335,0.08980309126339917,0.41385917247223264,-0.24175186002811,-0.17585990708346289,6.099999999999957,-0.967007440112428,-0.17923125500772977
105,8,2,sharedreward,multi-echo,fmriprep,sr_outcome_primary,Reward-Punish,5.206999999999994,0.05509568241547595,0.3931726451166415,5.099999999999961,0.28688321833738295,0.597865080313007,0.3109818619756241,0.35376416879750955,0.3931726451166415,5.099999999999961,1.4150566751900207,0.35493978514160335
105,8,2,sharedreward,multi-echo,fmriprep,sr_decision_by_future_outcome_extra,Reward-Neutral,6.0,-0.19446232722050105,-0.10730936361537441,5.999999999999957,-1.166773963322998,0.0,1.166773963322998,-0.06460524270613675,0.06377408402571709,7.599999999999952,-0.2584209708245438,-0.1073093636153695
105,8,2,sharedreward,multi-echo,fmriprep,sr_decision_by_future_outcome_extra,Punish-Neutral,6.0,-0.08048405470268975,0.1071293706925973,5.3999999999999595,-0.4829043282161351,0.14982999472442796,0.6327343229405631,0.027293186706362247,0.1071293706925973,5.3999999999999595,0.10917274682544763,0.0507151010756482
105,8,2,sharedreward,multi-echo,fmriprep,sr_decision_by_future_outcome_extra,Reward-Punish,6.0,-0.11397827251781131,-0.010191902627617704,1.6999999999999726,-0.683869635106863,0.0,0.683869635106863,-0.09189842941249898,0.1681732277340426,7.99999999999995,-0.3675937176499914,-0.15802446469101772
105,8,2,sharedreward,multi-echo,tedana,sr_decision_partner_extra,Computer-Stranger,6.0,0.040030553434068014,0.1389476423346882,0.8999999999999755,0.2401833206044064,0.3275967557712653,0.08741343516685886,-0.06873840677946112,0.03615021342754906,4.0,-0.27495362711784105,-0.0996099593526094
105,8,2,sharedreward,multi-echo,tedana,sr_outcome_primary,Reward-Neutral,5.206999999999994,0.02164876641871565,0.1492487626478703,3.4999999999999662,0.11272512674225224,0.2823909979298143,0.16966587118756205,0.11529290937168564,0.19706693949126708,6.099999999999957,0.46117163748673684,0.19466709448479202
105,8,2,sharedreward,multi-echo,tedana,sr_outcome_primary,Punish-Neutral,5.206999999999994,-0.003222155293824783,0.12471922332082479,3.1999999999999673,-0.016777762614945624,0.1925292415985617,0.20930700421350731,-0.18384995164004486,-0.023147047764676323,4.0,-0.7353998065601703,-0.1376260277176929
105,8,2,sharedreward,multi-echo,tedana,sr_outcome_primary,Reward-Punish,5.206999999999994,0.02487092171254043,0.3044673670850227,5.206999999999994,0.12950288935719786,0.33786042076595757,0.20835753140875968,0.29914286101173054,0.33896013434471295,6.399999999999956,1.1965714440469073,0.3322931222024849
105,8,2,sharedreward,multi-echo,tedana,sr_decision_by_future_outcome_extra,Reward-Neutral,6.0,-0.14740139049572165,-0.04516166267385881,3.599999999999966,-0.8844083429743236,0.0,0.8844083429743236,-0.044195095745029965,0.10970363922336021,7.299999999999953,-0.17678038298011767,-0.10188100353126806
105,8,2,sharedreward,multi-echo,tedana,sr_decision_by_future_outcome_extra,Punish-Neutral,6.0,-0.060162237042028076,0.0700128863718042,4.599999999999962,-0.3609734222521659,0.13228517554148356,0.4932585977936495,0.04614433674466532,0.07958721011314161,6.7999999999999545,0.18457734697865896,0.03957498418766051
105,8,2,sharedreward,multi-echo,tedana,sr_decision_by_future_outcome_extra,Reward-Punish,6.0,-0.08723915345369357,0.028910276338151703,1.6999999999999726,-0.5234349207221577,0.020780007591319906,0.5442149283134776,-0.0903394324896953,0.11411788934865189,7.99999999999995,-0.3613577299587767,-0.14145598771892856
105,8,2,sharedreward,single-echo,fmriprep,sr_decision_partner_extra,Computer-Stranger,6.0,0.1248632974343122,0.3196159445059486,1.899999999999972,0.7491797846058679,0.7955262461902793,0.04634646158441145,-0.04816200029919576,0.0491289794064731,5.3999999999999595,-0.19264800119678066,0.008174544036661008
105,8,2,sharedreward,single-echo,fmriprep,sr_outcome_primary,Reward-Neutral,5.206999999999994,0.012002099255476087,0.2165996049719516,3.599999999999966,0.06249493082326391,0.3659709544887111,0.30347602366544724,0.10891876816413298,0.1921014723046519,6.099999999999957,0.4356750726565265,0.186218543044878
105,8,2,sharedreward,single-echo,fmriprep,sr_outcome_primary,Punish-Neutral,5.206999999999994,-0.11407980076878944,0.07559760661215409,3.0999999999999677,-0.5940135226030859,0.058687989501908865,0.6527015121049947,-0.3591220122494473,-0.11824598627111671,4.0,-1.4364880489977714,-0.312993067478755
105,8,2,sharedreward,single-echo,fmriprep,sr_outcome_primary,Reward-Punish,5.206999999999994,0.12608190002426556,0.4796578057725042,5.206999999999994,0.6565084534263499,0.6868432003484491,0.030334746922099275,0.4680407804135803,0.5186379291198298,6.499999999999956,1.872163121654298,0.499211610523633
105,8,2,sharedreward,single-echo,fmriprep,sr_decision_by_future_outcome_extra,Reward-Neutral,6.0,-0.24301573470029597,-0.1022660721241145,5.999999999999957,-1.4580944082017655,0.0,1.4580944082017655,-0.051982624772291285,0.0769527121738156,7.0999999999999535,-0.20793049908916256,-0.10226607212411026
105,8,2,sharedreward,single-echo,fmriprep,sr_decision_by_future_outcome_extra,Punish-Neutral,6.0,-0.16989972056969613,-0.0027647328239290975,5.999999999999957,-1.0193983234181696,0.0,1.0193983234181696,-0.007040315040082554,0.12180929035972779,7.0999999999999535,-0.028161260160329864,-0.0027647328239256727
105,8,2,sharedreward,single-echo,fmriprep,sr_decision_by_future_outcome_extra,Reward-Punish,6.0,-0.07311601413059989,0.018846635944534895,3.4999999999999662,-0.43869608478359623,0.012016109277918243,0.4507121940615145,-0.04494230973220873,0.0962667911085659,7.99999999999995,-0.17976923892883268,-0.0995013393001846
105,8,2,sharedreward,single-echo,tedana,sr_decision_partner_extra,Computer-Stranger,6.0,0.08056203863917098,0.1905360878077896,1.4999999999999734,0.4833722318350224,0.5211929666176738,0.03782073478265131,-0.05767282123871885,-0.00747374782872613,4.0,-0.23069128495487254,-0.038730432785878136
105,8,2,sharedreward,single-echo,tedana,sr_outcome_primary,Reward-Neutral,5.206999999999994,0.024407363427988885,0.1965646865023637,3.6999999999999655,0.12708914136953797,0.3308799168111047,0.20379077544156673,0.12524442563422722,0.2087229714578721,6.099999999999957,0.5009777025369027,0.20530565579757182
105,8,2,sharedreward,single-echo,tedana,sr_outcome_primary,Punish-Neutral,5.206999999999994,-0.02860726796864408,0.1913020090101511,3.4999999999999662,-0.14895804431272955,0.1972032283655635,0.34616127267829305,-0.27703236974803125,0.09260342901779905,4.0,-1.1081294789921112,-0.2791489880329492
105,8,2,sharedreward,single-echo,tedana,sr_outcome_primary,Reward-Punish,5.206999999999994,0.05301463139663296,0.382352991884884,5.206999999999994,0.2760471856822675,0.351598014752843,0.07555082907057553,0.40227679538225847,0.5137309933528419,6.499999999999956,1.6091071815290139,0.484454643830521
105,8,2,sharedreward,single-echo,tedana,sr_decision_by_future_outcome_extra,Reward-Neutral,6.0,-0.22230035709949275,-0.0771232018195521,4.199999999999964,-1.333802142596947,0.0,1.333802142596947,-0.038279931364319224,0.1320634385402451,7.0999999999999535,-0.15311972545727498,-0.12258146318300239
105,8,2,sharedreward,single-echo,tedana,sr_decision_by_future_outcome_extra,Punish-Neutral,6.0,-0.1708119408552195,0.0018446937611928949,5.999999999999957,-1.0248716451313098,9.223468805964441e-05,1.0249638798193694,0.04651029732656427,0.2506787044886846,7.0999999999999535,0.18604118930625477,0.0018446937612017923
105,8,2,sharedreward,single-echo,tedana,sr_decision_by_future_outcome_extra,Reward-Punish,6.0,-0.05148841624427323,0.0233660288226597,3.3999999999999666,-0.30893049746563717,0.011864932583862708,0.3207954300494999,-0.08479022869088348,0.010293947393605396,7.99999999999995,-0.3391609147635297,-0.12442615694420418
105,9,1,mid,multi-echo,fmriprep,mid_anticipation_primary,Reward-Neutral,5.030400000000002,-0.023719075944237656,0.1151005065244199,1.599999999999973,-0.11931643962989315,0.14319261419980472,0.2625090538296979,-0.12123422675671124,-0.07688249011269349,5.29999999999996,-0.4849369070268389,-0.09462100409619578
105,9,1,mid,multi-echo,fmriprep,mid_feedback_extra,Positive-Negative,5.9878,-0.10044997255416532,0.18653004221224628,2.5999999999999694,-0.6014743456598312,0.23141629984789752,0.8328906455077286,-0.013441045309826165,0.1031778103620401,5.899999999999958,-0.053764181239303994,0.09926466595420125
105,9,1,mid,multi-echo,tedana,mid_anticipation_primary,Reward-Neutral,5.030400000000002,0.01825646905995816,0.0837114380346229,2.199999999999971,0.09183734195921357,0.13237354897279477,0.0405362070135812,-0.05018137366954113,0.06506190451613371,5.29999999999996,-0.20072549467816203,-0.03025115530601311
105,9,1,mid,multi-echo,tedana,mid_feedback_extra,Positive-Negative,5.9878,-0.06111456723395334,0.1675186090790762,2.5999999999999694,-0.3659418056834658,0.1896491039538175,0.5555909096372833,0.05467746724849501,0.1618399833934503,7.699999999999951,0.21870986899397732,0.09705391052171622
105,9,1,mid,single-echo,fmriprep,mid_anticipation_primary,Reward-Neutral,5.030400000000002,-0.02071742008343276,0.2510688404740764,0.0,-0.10421690998770021,0.19108907944721623,0.2953059894349165,-0.13854191442715677,-0.013341362245676391,5.29999999999996,-0.5541676577086202,-0.04605788935081262
105,9,1,mid,single-echo,fmriprep,mid_feedback_extra,Positive-Negative,5.9878,-0.13483423193590025,0.048634361604320886,5.099999999999961,-0.8073604139857835,0.011235601887539689,0.8185960158733232,-0.12414337373759105,0.048634361604320886,5.099999999999961,-0.496573494950358,-0.04401620599995393
105,9,1,mid,single-echo,tedana,mid_anticipation_primary,Reward-Neutral,5.030400000000002,0.05261289877975357,0.3487483000057124,0.0,0.2646639260216725,0.2981591331433337,0.033495207121661215,-0.053021673895235405,0.1006182406286614,5.19999999999996,-0.21208669558093898,-0.01744638100264177
105,9,1,mid,single-echo,tedana,mid_feedback_extra,Positive-Negative,5.9878,-0.02201425706844043,0.1948403927713347,2.49999999999997,-0.1318169684744076,0.24683471799931395,0.3786516864737216,-0.004449678644354389,0.2964106605566292,7.499999999999952,-0.017798714577417333,-0.10191136516211662
105,9,2,mid,multi-echo,fmriprep,mid_anticipation_primary,Reward-Neutral,5.025000000000006,-0.06969125915559775,0.1603222633977012,4.599999999999962,-0.3501985772568791,0.160314053609402,0.5105126308662811,-0.005925517604395907,0.24950835125706422,7.99999999999995,-0.023702070417583335,-0.1545617382898187
105,9,2,mid,multi-echo,fmriprep,mid_feedback_extra,Positive-Negative,5.989000000000033,0.0017791470716272146,0.17654896923599792,4.299999999999963,0.010655311811975446,0.23065163975223152,0.2199963279402561,-0.18069050371144743,0.17654896923599792,4.299999999999963,-0.7227620148457807,-0.3761004130188038
105,9,2,mid,multi-echo,tedana,mid_anticipation_primary,Reward-Neutral,5.025000000000006,0.06755406870862636,0.2909854090660514,4.499999999999963,0.33945919526084783,0.4556470632421973,0.11618786798134942,0.05849252091803464,0.2909854090660514,4.499999999999963,0.23397008367213565,-0.050864948246236455
105,9,2,mid,multi-echo,tedana,mid_feedback_extra,Positive-Negative,5.989000000000033,0.0322694709445678,0.16115507029674792,4.299999999999963,0.19326186148701763,0.25566736931368794,0.062405507826670356,-0.028210113746509887,0.16115507029674792,4.299999999999963,-0.11284045498603815,-0.16210609663181424
105,9,2,mid,single-echo,fmriprep,mid_anticipation_primary,Reward-Neutral,5.025000000000006,-0.17520309067626028,0.1807584861403768,4.799999999999962,-0.8803955306482089,0.1132572391580126,0.9936527698062215,0.046100643262269765,0.4119317798846186,7.99999999999995,0.18440257304907676,-0.10958990163455766
105,9,2,mid,single-echo,fmriprep,mid_feedback_extra,Positive-Negative,5.989000000000033,-0.1360508319554913,0.070660281929335,0.7999999999999758,-0.814808432581442,0.06052555293398823,0.8753339855154303,-0.4380718032589085,-0.08944908130335265,4.0,-1.7522872130356122,-0.584658135072949
105,9,2,mid,single-echo,tedana,mid_anticipation_primary,Reward-Neutral,5.025000000000006,-0.05520737142325968,0.2049469211677415,4.599999999999962,-0.2774170414018802,0.1652152344121599,0.44263227581404013,0.026272915825897872,0.2049469211677415,4.599999999999962,0.10509166330359018,-0.03253805423396651
105,9,2,mid,single-echo,tedana,mid_feedback_extra,Positive-Negative,5.989000000000033,-0.06400544871544656,0.00561938896821057,5.989000000000033,-0.3833286323568115,0.00025006280908558114,0.3835786951658971,0.02941738972668052,0.273053021649151,7.99999999999995,0.11766955890672062,0.007692194042299374
105,9,1,sharedreward,multi-echo,fmriprep,sr_decision_partner_extra,Computer-Stranger,6.0,0.0668045993982938,0.2030684342996294,1.6999999999999726,0.40082759638976,0.46427404710182096,0.0634464507120609,0.04700870031249349,0.1179450197582377,6.999999999999954,0.18803480124997163,0.08644788944486935
105,9,1,sharedreward,multi-echo,fmriprep,sr_outcome_primary,Reward-Neutral,5.61549999999999,0.03150830895160006,0.2922870405775533,5.61549999999999,0.17693490891770983,0.41691587146908893,0.23998096255137907,0.21479265955503818,0.2957427766308727,5.699999999999958,0.8591706382201421,0.2785990117115252
105,9,1,sharedreward,multi-echo,fmriprep,sr_outcome_primary,Punish-Neutral,5.61549999999999,-0.008639916444883024,0.07837859524206418,2.699999999999969,-0.048517450796240535,0.09042737385219635,0.13894482464843688,-0.05547684157481655,0.026762865979846895,5.19999999999996,-0.22190736629926344,-0.031339168733693655
105,9,1,sharedreward,multi-echo,fmriprep,sr_outcome_primary,Reward-Punish,5.61549999999999,0.040148225396483085,0.2918377080362641,5.61549999999999,0.22545235971395036,0.43586261129140896,0.2104102515774586,0.27026950112985476,0.3301664542472163,6.899999999999954,1.0810780045194055,0.30993818044521887
105,9,1,sharedreward,multi-echo,fmriprep,sr_decision_by_future_outcome_extra,Reward-Neutral,6.0,-0.1263404957696538,0.04278007295940776,0.0,-0.7580429746179175,0.004011737609819247,0.7620547122277368,-0.05434750558095807,0.18469023171355808,7.99999999999995,-0.2173900223238296,-0.12167732497943133
105,9,1,sharedreward,multi-echo,fmriprep,sr_decision_by_future_outcome_extra,Punish-Neutral,6.0,-0.07688138366564563,0.04012039058931842,5.899999999999958,-0.4612883019938705,0.017210602604721608,0.478498904598592,-0.02557614838858073,0.04012039058931842,5.899999999999958,-0.10230459355432164,0.03960261403365956
105,9,1,sharedreward,multi-echo,fmriprep,sr_decision_by_future_outcome_extra,Reward-Punish,6.0,-0.04945911210400819,0.08794323238275914,0.0,-0.29675467262404703,0.05277317481687349,0.3495278474409206,-0.028771357192377344,0.1849324483156039,7.99999999999995,-0.11508542876950795,-0.16127993901309087
105,9,1,sharedreward,multi-echo,tedana,sr_decision_partner_extra,Computer-Stranger,6.0,0.04555763797458679,0.2184044057586553,1.6999999999999726,0.2733458278475188,0.4268827218724204,0.1535368940249015,0.008186805584480159,0.08205827320779821,7.299999999999953,0.032747222337920226,0.01620950213493388
105,9,1,sharedreward,multi-echo,tedana,sr_outcome_primary,Reward-Neutral,5.61549999999999,0.08037599697466473,0.3168156788018136,5.61549999999999,0.451351411011229,0.5348588130250566,0.08350740201382748,0.2193753103510672,0.3205000276722366,5.699999999999958,0.8775012414042579,0.29500345103652714
105,9,1,sharedreward,multi-echo,tedana,sr_outcome_primary,Punish-Neutral,5.61549999999999,0.06989630326219458,0.1741442926627506,2.8999999999999684,0.39250269096885293,0.3968661304813741,0.004363439512521114,0.0004244476778064114,0.0915357745941501,5.29999999999996,0.0016977907112256246,0.053382909991914355
105,9,1,sharedreward,multi-echo,tedana,sr_outcome_primary,Reward-Punish,5.61549999999999,0.01047969371247015,0.2301651854874337,5.61549999999999,0.058848720042376026,0.26574643347516824,0.20689771343279226,0.2189508626732608,0.372216946121317,7.99999999999995,0.8758034506930323,0.24162054104461278
105,9,1,sharedreward,multi-echo,tedana,sr_decision_by_future_outcome_extra,Reward-Neutral,6.0,-0.11450546296629566,0.049265488483878794,5.099999999999961,-0.6870327777977691,0.03388050578170974,0.7209132835794788,0.01567479919469955,0.2594863867455159,7.99999999999995,0.06269919677879743,-0.03513755560004697
105,9,1,sharedreward,multi-echo,tedana,sr_decision_by_future_outcome_extra,Punish-Neutral,6.0,-0.027662422231909935,0.1441299201829592,5.899999999999958,-0.16597453339145843,0.14996138166628387,0.3159359150577423,0.05627287569611151,0.1441299201829592,5.899999999999958,0.22509150278444323,0.14298407584616457
105,9,1,sharedreward,multi-echo,tedana,sr_decision_by_future_outcome_extra,Reward-Punish,6.0,-0.08684304073438574,0.056338173397626694,4.599999999999962,-0.5210582444063108,0.03819551163222333,0.559253756038534,-0.04059807650141196,0.1668213984634466,7.99999999999995,-0.1623923060056458,-0.17812163144621151
105,9,1,sharedreward,single-echo,fmriprep,sr_decision_partner_extra,Computer-Stranger,6.0,-0.06472233428264461,0.0585798904393249,4.499999999999963,-0.3883340056958649,0.04408568112313236,0.4324196868189973,0.032227993068628065,0.0923667246475321,6.999999999999954,0.12891197227451065,0.0067240638350667525
105,9,1,sharedreward,single-echo,fmriprep,sr_outcome_primary,Reward-Neutral,5.61549999999999,0.0877912258420997,0.771064526234889,3.6999999999999655,0.49299162871630997,1.362692816494514,0.8697011877782038,0.20376798117354483,0.7236395783006905,4.0,0.8150719246941692,0.06161371999970516
105,9,1,sharedreward,single-echo,fmriprep,sr_outcome_primary,Punish-Neutral,5.61549999999999,-0.00540723874888228,0.4448845473208468,3.4999999999999662,-0.03036434919434839,0.7926745332168035,0.823038882411152,-0.09692075062820259,0.348224871536063,4.0,-0.3876830025128055,-0.15833211427025642
105,9,1,sharedreward,single-echo,fmriprep,sr_outcome_primary,Reward-Punish,5.61549999999999,0.09319846459098197,0.3806739034888773,4.099999999999964,0.5233559779106584,0.7797348882120729,0.2563789103014146,0.30068873180174743,0.4418019277213238,6.899999999999954,1.2027549272069749,0.21994583426996156
105,9,1,sharedreward,single-echo,fmriprep,sr_decision_by_future_outcome_extra,Reward-Neutral,6.0,-0.37981722445611105,-0.1765063609516719,5.999999999999957,-2.27890334673665,0.0,2.27890334673665,-0.021621509339647,0.6485487267107561,7.99999999999995,-0.08648603735858693,-0.17650636095165328
105,9,1,sharedreward,single-echo,fmriprep,sr_decision_by_future_outcome_extra,Punish-Neutral,6.0,-0.36375913892783496,0.008912749080335403,5.999999999999957,-2.182554833566994,0.00044563745401676855,2.183000471021011,0.017964684722611264,0.525230543745919,7.599999999999952,0.07185873889044417,0.008912749080350082
105,9,1,sharedreward,single-echo,fmriprep,sr_decision_by_future_outcome_extra,Reward-Punish,6.0,-0.01605808552827595,0.14483645613774948,3.899999999999965,-0.09634851316965501,0.2270794071823384,0.32342792035199336,-0.03958619406225825,0.16561422696294,7.99999999999995,-0.15834477624903104,-0.18541911003200334
105,9,1,sharedreward,single-echo,tedana,sr_decision_partner_extra,Computer-Stranger,6.0,-0.0019174897730735508,0.1555949970484603,0.8999999999999755,-0.011504938638441223,0.2642220723429827,0.2757270109814238,-0.048780723762977644,0.0833902296892981,4.399999999999963,-0.19512289505190816,-0.15908221094303748
105,9,1,sharedreward,single-echo,tedana,sr_outcome_primary,Reward-Neutral,5.61549999999999,0.15075490171557412,0.8195901589565693,3.599999999999966,0.8465641505838051,1.5683104785547395,0.7217463279709343,0.2745116150419244,0.7290881880825344,4.0,1.098046460167684,0.17074138637579322
105,9,1,sharedreward,single-echo,tedana,sr_outcome_primary,Punish-Neutral,5.61549999999999,0.03377602256959169,0.4182139674395135,3.4999999999999662,0.1896692547395418,0.7554654435165096,0.5657961887769679,-0.06634576797863964,0.30270854938273467,4.0,-0.2653830719145553,-0.07228510165116146
105,9,1,sharedreward,single-echo,tedana,sr_outcome_primary,Reward-Punish,5.61549999999999,0.11697887914598247,0.4356333359521251,3.799999999999965,0.6568948958442634,0.9162089949618945,0.2593140991176311,0.34085738302056406,0.5210409955621474,7.99999999999995,1.3634295320822394,0.24302648802695467
105,9,1,sharedreward,single-echo,tedana,sr_decision_by_future_outcome_extra,Reward-Neutral,6.0,-0.3384308018669437,-0.1692192038059073,5.999999999999957,-2.030584811201648,0.0,2.030584811201648,0.013763002460876595,0.697726995945489,7.99999999999995,0.055052009843505695,-0.1692192038058934
105,9,1,sharedreward,single-echo,tedana,sr_decision_by_future_outcome_extra,Punish-Neutral,6.0,-0.2853923107364484,0.04386315594332682,5.999999999999957,-1.7123538644186782,0.003661119385087116,1.7160149838037653,0.03569906538592749,0.4715403556888918,7.399999999999952,0.1427962615437082,0.043863155943338734
105,9,1,sharedreward,single-echo,tedana,sr_decision_by_future_outcome_extra,Reward-Punish,6.0,-0.05303849113049533,0.18603999878021013,4.199999999999964,-0.3182309467829697,0.23334709178521873,0.5515780385681883,-0.021936062925050903,0.24871653303004887,7.99999999999995,-0.08774425170020252,-0.21308235974923212
105,9,2,sharedreward,multi-echo,fmriprep,sr_decision_partner_extra,Computer-Stranger,6.0,0.05054859360117998,0.10413852850214339,5.999999999999957,0.3032915616070777,0.3032915616070777,0.0,0.18094604631990638,0.4038254445954581,7.399999999999952,0.7237841852796165,0.10413852850215191
105,9,2,sharedreward,multi-echo,fmriprep,sr_outcome_primary,Reward-Neutral,5.221000000000004,0.22621105792216392,0.34773439581301585,5.221000000000004,1.1810479334116186,1.1810479334116186,0.0,0.194591662727007,0.4036854390164974,5.699999999999958,0.7783666509080184,0.36589495426993746
105,9,2,sharedreward,multi-echo,fmriprep,sr_outcome_primary,Punish-Neutral,5.221000000000004,0.16572397177698792,0.464143600569229,1.0999999999999748,0.8652448566476545,0.9740804396604815,0.10883558301282713,0.05604600948849994,0.21661839723813017,5.899999999999958,0.224184037953997,0.20933830768384326
105,9,2,sharedreward,multi-echo,fmriprep,sr_outcome_primary,Reward-Punish,5.221000000000004,0.06048708614517603,0.244601717221404,4.499999999999963,0.3158030767639643,0.5567847129434629,0.24098163617949858,0.13854565323850707,0.244601717221404,4.499999999999963,0.5541826129540214,0.15655664658609417
105,9,2,sharedreward,multi-echo,fmriprep,sr_decision_by_future_outcome_extra,Reward-Neutral,6.0,0.1680301172307905,0.2993782233592665,4.399999999999963,1.0081807033847359,1.0081807033847359,0.0,0.18793151415656437,0.2993782233592665,4.399999999999963,0.7517260566262481,0.12900062066933954
105,9,2,sharedreward,multi-echo,fmriprep,sr_decision_by_future_outcome_extra,Punish-Neutral,6.0,0.31064578938953724,0.4895839883170068,4.499999999999963,1.8638747363372101,1.8638747363372101,0.0,0.17422919061378533,0.4895839883170068,4.499999999999963,0.6969167624551327,0.18992982485489535
105,9,2,sharedreward,multi-echo,fmriprep,sr_decision_by_future_outcome_extra,Reward-Punish,6.0,-0.14261567215874674,-0.0609292041855689,5.999999999999957,-0.8556940329524744,0.0,0.8556940329524744,0.013702323542779043,0.31605843874199135,7.799999999999951,0.05480929417111549,-0.0609292041855558
105,9,2,sharedreward,multi-echo,tedana,sr_decision_partner_extra,Computer-Stranger,6.0,-0.008623671668408104,0.0368747783092491,3.299999999999967,-0.051742030010448255,0.04813483826508153,0.09987686827552979,0.07802351386601407,0.24892300293818181,7.399999999999952,0.3120940554640524,0.013626367987561757
105,9,2,sharedreward,multi-echo,tedana,sr_outcome_primary,Reward-Neutral,5.221000000000004,0.2645023404865865,0.40534550662990404,5.221000000000004,1.380966719680469,1.380966719680469,0.0,0.22814417440948254,0.4474087246462416,5.599999999999959,0.9125766976379188,0.3894669049532796
105,9,2,sharedreward,multi-echo,tedana,sr_outcome_primary,Punish-Neutral,5.221000000000004,0.2225298860453165,0.4060711080302424,1.0999999999999748,1.1618285350425983,1.1618285350425983,0.0,0.1681384861383002,0.31519081218799816,5.799999999999958,0.6725539445531925,0.2920317202723727
105,9,2,sharedreward,multi-echo,tedana,sr_outcome_primary,Reward-Punish,5.221000000000004,0.04197245444126985,0.1085813978500238,4.499999999999963,0.21913818463787005,0.28699185997545323,0.06785367533758321,0.06000568827118235,0.1381699112482065,5.599999999999959,0.2400227530847264,0.09743518468090692
105,9,2,sharedreward,multi-echo,tedana,sr_decision_by_future_outcome_extra,Reward-Neutral,6.0,0.16377487742703306,0.3297484398932801,4.499999999999963,0.9826492645621914,0.9826492645621914,0.0,0.24502198312182172,0.3297484398932801,4.499999999999963,0.9800879324872747,0.17214986095334583
105,9,2,sharedreward,multi-echo,tedana,sr_decision_by_future_outcome_extra,Punish-Neutral,6.0,0.22261958073946655,0.3608023920952652,4.599999999999962,1.3357174844367898,1.3357174844367898,0.0,0.21558551585422706,0.3608023920952652,4.599999999999962,0.8623420634168975,0.2038302847461398
105,9,2,sharedreward,multi-echo,tedana,sr_decision_by_future_outcome_extra,Reward-Punish,6.0,-0.05884470331243349,6.93434797942712e-05,0.0,-0.3530682198745984,3.4671739897128075e-06,0.3530716870485881,0.029436467267594635,0.16739314097688582,7.499999999999952,0.11774586907037707,-0.03168042379279396
105,9,2,sharedreward,single-echo,fmriprep,sr_decision_partner_extra,Computer-Stranger,6.0,0.2560355857006407,0.3757783412116475,4.499999999999963,1.5362135142038333,1.5381658636802678,0.001952349476434503,0.2919688685669481,0.38418293306237605,6.7999999999999545,1.167875474267778,0.27577798614258864
105,9,2,sharedreward,single-echo,fmriprep,sr_outcome_primary,Reward-Neutral,5.221000000000004,0.3325926263535125,0.564964801003441,2.8999999999999684,1.73646610219169,1.73646610219169,0.0,0.2892834907541428,0.4266935568399886,5.899999999999958,1.1571339630165567,0.414693372249224
105,9,2,sharedreward,single-echo,fmriprep,sr_outcome_primary,Punish-Neutral,5.221000000000004,0.25102207652917524,0.8367209511397229,0.0999999999999783,1.3105862615588248,1.5108235009573823,0.20023723939855734,0.019896263745422426,0.2588275849552597,6.099999999999957,0.07958505498168872,0.24417243868860336
105,9,2,sharedreward,single-echo,fmriprep,sr_outcome_primary,Reward-Punish,5.221000000000004,0.0815705498243373,0.502109379114246,3.799999999999965,0.4258798406328653,1.2612086197426344,0.8353287791097694,0.26938722700872036,0.4937370814582372,4.0,1.0775489080348681,0.17052093356062062
105,9,2,sharedreward,single-echo,fmriprep,sr_decision_by_future_outcome_extra,Reward-Neutral,6.0,0.26235018141183547,0.5547739277792704,3.0999999999999677,1.5741010884710016,1.5751425804475725,0.0010414919765709676,0.1939567537238945,0.38627810577926913,7.499999999999952,0.7758270148955684,0.14803883836212933
105,9,2,sharedreward,single-echo,fmriprep,sr_decision_by_future_outcome_extra,Punish-Neutral,6.0,0.5886497328079752,0.8709806474639118,3.3999999999999666,3.531898396847826,3.531898396847826,0.0,0.20554385949076334,0.7981621081109295,4.0,0.8221754379630432,0.2463861015961681
105,9,2,sharedreward,single-echo,fmriprep,sr_decision_by_future_outcome_extra,Reward-Punish,6.0,-0.32629955139613975,-0.0909642000130447,0.3999999999999772,-1.9577973083768245,0.0,1.9577973083768245,-0.011587105766868845,0.7608252718618258,7.799999999999951,-0.0463484230674748,-0.09834726323403874
105,9,2,sharedreward,single-echo,tedana,sr_decision_partner_extra,Computer-Stranger,6.0,0.15558797087585904,0.2202651496600844,4.399999999999963,0.9335278252551477,0.9723247294407052,0.03879690418555769,0.10560607056622955,0.2202651496600844,4.399999999999963,0.4224242822649129,0.09071526176594633
105,9,2,sharedreward,single-echo,tedana,sr_outcome_primary,Reward-Neutral,5.221000000000004,0.3821322476242574,0.547337184753504,3.3999999999999666,1.9951124648462493,1.9951124648462493,0.0,0.2908957995799157,0.527718169437438,4.0,1.1635831983196483,0.3613319800280758
105,9,2,sharedreward,single-echo,tedana,sr_outcome_primary,Punish-Neutral,5.221000000000004,0.3893692734837907,0.6828257120309179,0.1999999999999779,2.0328969768588725,2.0328969768588725,0.0,0.21501117485904883,0.34024503058889943,5.999999999999957,0.8600446994361847,0.3402450305888984
105,9,2,sharedreward,single-echo,tedana,sr_outcome_primary,Reward-Punish,5.221000000000004,-0.007237025859533279,0.25872605594159614,3.1999999999999673,-0.03778451201262328,0.5659973594250335,0.6037818714376568,0.0758846247208668,0.22520847320183465,4.0,0.3035384988834634,0.021086949439177428
105,9,2,sharedreward,single-echo,tedana,sr_decision_by_future_outcome_extra,Reward-Neutral,6.0,0.2038512202782331,0.4580478140703287,3.1999999999999673,1.22310732166939,1.22310732166939,0.0,0.26702176839017844,0.5633688911019313,7.99999999999995,1.0680870735607004,0.18144002654817676
105,9,2,sharedreward,single-echo,tedana,sr_decision_by_future_outcome_extra,Punish-Neutral,6.0,0.3988302402616845,0.6153278355610842,3.1999999999999673,2.39298144157009,2.39298144157009,0.0,0.3135414066149026,0.5227507800257375,4.0,1.2541656264595948,0.33147481476280505
105,9,2,sharedreward,single-echo,tedana,sr_decision_by_future_outcome_extra,Reward-Punish,6.0,-0.19497901998345132,-0.03820317193214763,0.0,-1.1698741199006997,0.0,1.1698741199006997,-0.04651963822472418,0.4196430399638535,7.99999999999995,-0.1860785528988944,-0.1500347882146283
105,10,1,mid,multi-echo,fmriprep,mid_anticipation_primary,Reward-Neutral,5.023000000000025,-0.0023713094174480573,0.1294945902924304,5.023000000000025,-0.01191108720384165,0.19211850571768804,0.2040295929215297,0.13395768968045335,0.22534909469134698,7.99999999999995,0.5358307587218067,0.14870729509399214
105,10,1,mid,multi-echo,fmriprep,mid_feedback_extra,Positive-Negative,5.987000000000023,-0.13396578331684494,0.08885377532534365,0.0,-0.8020531447179537,0.011148553575401232,0.813201698293355,-0.08846910466087736,0.053377643298191,7.899999999999951,-0.35387641864350505,-0.0342606947316721
105,10,1,mid,multi-echo,tedana,mid_anticipation_primary,Reward-Neutral,5.023000000000025,0.01696706345873273,0.12513635662385586,5.023000000000025,0.08522555975321493,0.2256590641487813,0.1404335043955664,0.013080699268531545,0.1263781317542538,5.099999999999961,0.05232279707412553,0.012571742199985093
105,10,1,mid,multi-echo,tedana,mid_feedback_extra,Positive-Negative,5.987000000000023,-0.06485094056617005,0.1962553113929148,2.699999999999969,-0.3882625811696616,0.20764065461898473,0.5959032357886463,-0.17340985572576045,-0.0944497414490468,7.99999999999995,-0.6936394229030332,-0.13932588387171804
105,10,1,mid,single-echo,fmriprep,mid_anticipation_primary,Reward-Neutral,5.023000000000025,-0.1611750550037974,-0.0034669303747648095,2.199999999999971,-0.8095823012840783,0.0,0.8095823012840783,0.11052701360629158,0.3934861969189101,7.899999999999951,0.4421080544251608,0.06693926819981581
105,10,1,mid,single-echo,fmriprep,mid_feedback_extra,Positive-Negative,5.987000000000023,-0.39210186542109376,0.25155355975015387,0.0,-2.3475138682760974,0.04330723441927292,2.3908211026953707,-0.26969217431491793,0.1885595300817683,7.99999999999995,-1.0787686972596584,-0.2546925337959232
105,10,1,mid,single-echo,tedana,mid_anticipation_primary,Reward-Neutral,5.023000000000025,0.10439359644108552,0.36769617944556354,2.5999999999999694,0.5243690349235751,0.810506773506321,0.28613773858274594,0.003489904123056668,0.2012711274826943,4.599999999999962,0.013959616492226498,-0.04533035030066124
105,10,1,mid,single-echo,tedana,mid_feedback_extra,Positive-Negative,5.987000000000023,-0.18741213973619034,0.23134820343590132,2.5999999999999694,-1.1220364806005758,0.215068103612867,1.337104584213443,-0.29216961335503694,-0.0005216642428990947,7.99999999999995,-1.1686784534201333,-0.2551300752862761
105,10,2,mid,multi-echo,fmriprep,mid_anticipation_primary,Reward-Neutral,5.024000000000001,-0.08645912852862873,0.04437733875520881,0.9999999999999752,-0.43437066172783084,0.02662609170745517,0.46099675343528607,-0.24019971926752076,-0.11845966076597589,4.599999999999962,-0.9607988770700711,-0.2646170111479274
105,10,2,mid,multi-echo,fmriprep,mid_feedback_extra,Positive-Negative,6.0,-0.021297975920376997,0.1200605786830084,5.799999999999958,-0.12778785552226107,0.12104421921427441,0.24883207473653546,0.027722927785282552,0.1200605786830084,5.799999999999958,0.11089171114112883,0.1136370956742292
105,10,2,mid,multi-echo,tedana,mid_anticipation_primary,Reward-Neutral,5.024000000000001,-0.010416628848828222,0.1048073969520186,1.0999999999999748,-0.052333143336513,0.1305865064452711,0.1829196497817841,-0.16047068072068837,-0.038892283235315704,5.19999999999996,-0.6418827228827455,-0.1304921491967779
105,10,2,mid,multi-echo,tedana,mid_feedback_extra,Positive-Negative,6.0,-0.0021464779877670734,0.1928088072846123,5.899999999999958,-0.012878867926602349,0.21972361265799098,0.23260248058459332,0.10679006336987278,0.1928088072846123,5.899999999999958,0.4271602534794858,0.19160805987040738
105,10,2,mid,single-echo,fmriprep,mid_anticipation_primary,Reward-Neutral,5.024000000000001,-0.20686450224162833,0.05947699225857171,0.3999999999999772,-1.0392872592619409,0.038926158314358084,1.0782134175762987,-0.1693646724848733,0.0640343505768528,5.899999999999958,-0.6774586899394848,0.05722315563966115
105,10,2,mid,single-echo,fmriprep,mid_feedback_extra,Positive-Negative,6.0,-0.10989815603344376,0.11833320352271022,0.0,-0.6593889362006579,0.017171033576023027,0.6765599697766809,-0.12385240042022484,-0.0234516772124591,4.799999999999962,-0.4954096016808932,-0.27611799045138574
105,10,2,mid,single-echo,tedana,mid_anticipation_primary,Reward-Neutral,5.024000000000001,-0.15954286163066841,0.1176428433722898,0.2999999999999776,-0.8015433368324782,0.08081789704593681,0.8823612338784151,-0.03351247235569725,0.2952315481321066,5.899999999999958,-0.13404988942278734,0.28492254976125386
105,10,2,mid,single-echo,tedana,mid_feedback_extra,Positive-Negative,6.0,-0.0844449783536638,0.03439740951022147,0.0,-0.5066698701219792,0.004167290868182531,0.5108371609901617,-0.03457318874965208,0.1324040249516639,7.799999999999951,-0.1382927549986066,-0.16921500850238252
105,10,1,sharedreward,multi-echo,fmriprep,sr_decision_partner_extra,Computer-Stranger,6.0,0.026434053239719323,0.1751515970060432,0.5999999999999766,0.15860431943831482,0.34079008812103595,0.1821857686827211,-0.02010995236556533,0.0917822408721905,7.0999999999999535,-0.08043980946226031,-0.0728223492133786
105,10,1,sharedreward,multi-echo,fmriprep,sr_outcome_primary,Reward-Neutral,5.216000000000008,0.04792900187219791,0.2629930033683404,1.899999999999972,0.24999767376538468,0.4554769497977509,0.20547927603236626,-0.024702596670120855,0.16478696469665507,6.899999999999954,-0.09881038668048218,-0.051148567302439295
105,10,1,sharedreward,multi-echo,fmriprep,sr_outcome_primary,Punish-Neutral,5.216000000000008,0.05357300927105072,0.2263349888373303,1.9999999999999716,0.279436816357801,0.4380489400349803,0.1586121236771793,0.052468698535079544,0.25102742253199556,6.899999999999954,0.20987479414031557,0.08143172356298242
105,10,1,sharedreward,multi-echo,fmriprep,sr_outcome_primary,Reward-Punish,5.216000000000008,-0.005644007398852814,0.0459682786315504,1.899999999999972,-0.029439142592416326,0.045825360621654196,0.07526450321407052,-0.0771712952052004,0.008329182438302545,4.0,-0.30868518082079777,-0.13258029086542172
105,10,1,sharedreward,multi-echo,fmriprep,sr_decision_by_future_outcome_extra,Reward-Neutral,6.0,0.06496279098776105,0.2487716737952788,5.699999999999958,0.38977674592656353,0.4336114520162694,0.043834706089705855,0.08539856165180193,0.2487716737952788,5.699999999999958,0.34159424660720344,0.22386724399487135
105,10,1,sharedreward,multi-echo,fmriprep,sr_decision_by_future_outcome_extra,Punish-Neutral,6.0,0.174163294062417,0.314861244218693,0.7999999999999758,1.0449797643744947,1.0449797643744947,0.0,0.09945638360051952,0.2734069400703742,5.499999999999959,0.39782553440207313,0.2195640397624092
105,10,1,sharedreward,multi-echo,fmriprep,sr_decision_by_future_outcome_extra,Reward-Punish,6.0,-0.10920050307465597,0.004303204232460903,5.999999999999957,-0.6552030184479312,0.00026285338726265474,0.6554658718351938,-0.014057821948717599,0.0330509475760527,6.499999999999956,-0.056231287794869696,0.004303204232462105
105,10,1,sharedreward,multi-echo,tedana,sr_decision_partner_extra,Computer-Stranger,6.0,0.01590684059975164,0.1189157464205091,1.1999999999999744,0.09544104359850916,0.25258254296612803,0.15714149936761887,-0.01922589444976797,0.0742319159459416,6.999999999999954,-0.07690357779907092,-0.040957116058127574
105,10,1,sharedreward,multi-echo,tedana,sr_outcome_primary,Reward-Neutral,5.216000000000008,0.07178741055805792,0.2826080465058406,1.899999999999972,0.3744431334708307,0.5344025126349914,0.15995937916416073,-0.023047093350160804,0.1509472428817662,6.899999999999954,-0.09218837340064207,-0.03022146426787221
105,10,1,sharedreward,multi-echo,tedana,sr_outcome_primary,Punish-Neutral,5.216000000000008,0.014453862037277332,0.1601113530843165,2.199999999999971,0.07539134438643869,0.2456761219055632,0.17028477751912455,0.0030146591897446534,0.1817799045871043,6.899999999999954,0.012058636758978464,0.031115254516914558
105,10,1,sharedreward,multi-echo,tedana,sr_outcome_primary,Reward-Punish,5.216000000000008,0.057333548520780576,0.1540519070401668,1.4999999999999734,0.29905178908439195,0.3088331915559124,0.00978140247152041,-0.026061752539905458,0.009815727751498499,7.399999999999952,-0.10424701015962054,-0.06133671878478676
105,10,1,sharedreward,multi-echo,tedana,sr_decision_by_future_outcome_extra,Reward-Neutral,6.0,0.03912533274492403,0.28643317824422226,5.699999999999958,0.23475199646954253,0.4158306230491995,0.18107862657965695,0.12180698711118114,0.28643317824422226,5.699999999999958,0.4872279484447185,0.2729132846588419
105,10,1,sharedreward,multi-echo,tedana,sr_decision_by_future_outcome_extra,Punish-Neutral,6.0,0.07685523913465982,0.20744178475261552,0.7999999999999758,0.46113143480795565,0.5594812793358175,0.09834984452786194,0.06452025332566869,0.20503862894824143,5.599999999999959,0.2580810133026715,0.17857297170017644
105,10,1,sharedreward,multi-echo,tedana,sr_decision_by_future_outcome_extra,Reward-Punish,6.0,-0.037729906389735786,0.0943403129586662,5.999999999999957,-0.22637943833841312,0.17375641743949277,0.4001358557779059,0.05728673378551246,0.0943403129586662,5.999999999999957,0.22914693514204698,0.09434031295866543
105,10,1,sharedreward,single-echo,fmriprep,sr_decision_partner_extra,Computer-Stranger,6.0,0.006112136495112595,0.3127132943890541,1.299999999999974,0.03667281897067531,0.5327861343691405,0.49611331539846515,-0.08150607448730597,0.2037747342958558,7.99999999999995,-0.32602429794921983,-0.13855660910866238
105,10,1,sharedreward,single-echo,fmriprep,sr_outcome_primary,Reward-Neutral,5.216000000000008,0.13589296689691524,0.5443408810976718,1.9999999999999716,0.708817715334311,1.0041327973766125,0.29531508204230134,0.041641052131838795,0.5688743459703708,6.999999999999954,0.1665642085273531,-0.12497878498975286
105,10,1,sharedreward,single-echo,fmriprep,sr_outcome_primary,Punish-Neutral,5.216000000000008,-0.03050835134621734,0.1839395035201023,0.9999999999999752,-0.1591315606218699,0.3162410369684645,0.47537259759033446,0.06286235746971296,0.5848959664587021,6.899999999999954,0.2514494298788487,-0.005516757087705625
105,10,1,sharedreward,single-echo,fmriprep,sr_outcome_primary,Reward-Punish,5.216000000000008,0.1664013182431326,0.4753570153265495,2.49999999999997,0.867949275956181,1.0032800739811774,0.1353307980249963,-0.02122130533787418,0.1579817324631717,7.99999999999995,-0.08488522135149566,-0.11946202790204724
105,10,1,sharedreward,single-echo,fmriprep,sr_decision_by_future_outcome_extra,Reward-Neutral,6.0,-0.15244386708659607,0.2775758003294117,5.999999999999957,-0.9146632025195699,0.18193838541774027,1.09660158793731,0.18856197432535776,0.3644606215380358,6.699999999999955,0.7542478973014217,0.2775758003294169
105,10,1,sharedreward,single-echo,fmriprep,sr_decision_by_future_outcome_extra,Punish-Neutral,6.0,0.038605308038317965,0.3903835808615791,0.0,0.23163184822990615,0.318424041968873,0.08679219373896678,0.00998774979562846,0.09870350227302331,7.799999999999951,0.03995099918251334,0.00940663014246306
105,10,1,sharedreward,single-echo,fmriprep,sr_decision_by_future_outcome_extra,Reward-Punish,6.0,-0.19104917512491407,0.2681691701869446,5.999999999999957,-1.1462950507494762,0.1441734414679598,1.2904684922174359,0.17857422452972932,0.38410281746199837,6.999999999999954,0.7142968981189084,0.26816917018695385
105,10,1,sharedreward,single-echo,tedana,sr_decision_partner_extra,Computer-Stranger,6.0,0.04961776579229173,0.3162413475545658,1.3999999999999737,0.2977065947537483,0.48874426589164066,0.19103767113789236,0.02404496618373547,0.2481479099227092,7.99999999999995,0.09617986473494068,0.003317754967643087
105,10,1,sharedreward,single-echo,tedana,sr_outcome_primary,Reward-Neutral,5.216000000000008,0.23610561452704237,0.6758419850134074,1.9999999999999716,1.231526885373055,1.462717629545962,0.23119074417290728,-0.0007980387180054594,0.4371160481740444,6.999999999999954,-0.0031921548720217977,-0.16879570795290946
105,10,1,sharedreward,single-echo,tedana,sr_outcome_primary,Punish-Neutral,5.216000000000008,0.06317858157074473,0.246369307365013,1.9999999999999716,0.32953948147300505,0.5334757955534988,0.2039363140804938,-0.0016357715526719447,0.45012396900250523,6.899999999999954,-0.006543086210687697,-0.07218809663457479
105,10,1,sharedreward,single-echo,tedana,sr_outcome_primary,Reward-Punish,5.216000000000008,0.17292703295629763,0.4515691287277584,2.49999999999997,0.9019874039000498,0.9873008624474384,0.08531345854738863,0.0008377328346664962,0.1832160945745246,7.99999999999995,0.003350931338665943,-0.09660761131833469
105,10,1,sharedreward,single-echo,tedana,sr_decision_by_future_outcome_extra,Reward-Neutral,6.0,-0.05987333549681892,0.35846615460187525,5.999999999999957,-0.35924001298091096,0.2961160959215838,0.6553561089024947,0.27931174704890266,0.4653253535545085,6.699999999999955,1.1172469881955966,0.3584661546018798
105,10,1,sharedreward,single-echo,tedana,sr_decision_by_future_outcome_extra,Punish-Neutral,6.0,0.12414352471143877,0.35798765300533836,0.0,0.7448611482686274,0.7448611482686274,0.0,0.13049103577501292,0.2171035064896898,7.799999999999951,0.5219641431000452,0.13562232101223448
105,10,1,sharedreward,single-echo,tedana,sr_decision_by_future_outcome_extra,Reward-Punish,6.0,-0.18401686020825775,0.22284383358963838,5.999999999999957,-1.1041011612495386,0.1318371249497907,1.235938286199329,0.1488207112738897,0.29684801223215873,6.699999999999955,0.5952828450955514,0.22284383358964535
105,10,2,sharedreward,multi-echo,fmriprep,sr_decision_partner_extra,Computer-Stranger,6.0,-0.10564118915561634,0.061627763724578906,3.999999999999965,-0.6338471349336935,0.07305547740322332,0.7069026123369169,0.0156840713496795,0.06162776372457869,4.0,0.06273628539871723,-0.018689010947810433
105,10,2,sharedreward,multi-echo,fmriprep,sr_outcome_primary,Reward-Neutral,5.218300000000006,0.09810980741079903,0.3672857535506647,0.0,0.5119664080117732,0.5404018673447962,0.02843545933302312,0.14115387677928792,0.3205070573955139,6.199999999999957,0.5646155071171447,0.3115711707889062
105,10,2,sharedreward,multi-echo,fmriprep,sr_outcome_primary,Punish-Neutral,5.218300000000006,0.07848737756163307,0.30757635551858364,0.0,0.4095706823298703,0.44647914429649027,0.036908461966619954,-0.05402932259720258,0.0850399644270274,4.0,-0.21611729038880761,-0.017237090207850195
105,10,2,sharedreward,multi-echo,fmriprep,sr_outcome_primary,Reward-Punish,5.218300000000006,0.019622429849165957,0.14254701525261806,5.218300000000006,0.10239572568190283,0.13675518817429666,0.03435946249239383,0.1951831993764905,0.3548418393090944,6.299999999999956,0.7807327975059524,0.3288082609967564
105,10,2,sharedreward,multi-echo,fmriprep,sr_decision_by_future_outcome_extra,Reward-Neutral,6.0,0.0057525629841997765,0.273903197256913,3.899999999999965,0.034515377905198416,0.5037110703722327,0.4691956924670343,0.10828459525694852,0.2656048966726505,4.0,0.4331383810277887,0.07594458774417007
105,10,2,sharedreward,multi-echo,fmriprep,sr_decision_by_future_outcome_extra,Punish-Neutral,6.0,0.05446326857441878,0.20771531198467497,0.0,0.32677961144651035,0.4931216743883574,0.16634206294184709,0.08805188511149778,0.19669082984739694,4.0,0.35220754044598673,0.1432130778916915
105,10,2,sharedreward,multi-echo,fmriprep,sr_decision_by_future_outcome_extra,Reward-Punish,6.0,-0.048710705590218985,0.0774563871232387,3.1999999999999673,-0.2922642335413118,0.14426934241506553,0.4365335759563774,0.02023271014545074,0.1466289256221702,7.799999999999951,0.08093084058180194,-0.06726849014752143
105,10,2,sharedreward,multi-echo,tedana,sr_decision_partner_extra,Computer-Stranger,6.0,-0.0784992027529116,0.0599393687185678,3.999999999999965,-0.47099521651746623,0.06682268397779775,0.537817900495264,-0.0479854450664984,0.059939368718567025,4.0,-0.1919417802659912,-0.07946859201464831
105,10,2,sharedreward,multi-echo,tedana,sr_outcome_primary,Reward-Neutral,5.218300000000006,0.047420685661127525,0.2263182011516717,0.0,0.24745536398546206,0.28022491347755224,0.032769549492090114,0.025073231162526147,0.1512462266242422,6.099999999999957,0.10029292465010334,0.14828654868819185
105,10,2,sharedreward,multi-echo,tedana,sr_outcome_primary,Punish-Neutral,5.218300000000006,0.07744713003356159,0.2904949262677634,0.0,0.40414235865413495,0.43082096272652315,0.026678604072388288,-0.04842598026632303,0.01983912818670753,4.0,-0.1937039210652897,0.008656232956806679
105,10,2,sharedreward,multi-echo,tedana,sr_outcome_primary,Reward-Punish,5.218300000000006,-0.03002644437243405,0.07843651613039429,5.218300000000006,-0.1566869946686728,0.02934968233776832,0.18603667700644114,0.07349921142884919,0.1437145324995412,6.199999999999957,0.2939968457153931,0.13963031573138518
105,10,2,sharedreward,multi-echo,tedana,sr_decision_by_future_outcome_extra,Reward-Neutral,6.0,0.00399860473766805,0.1601520116968307,3.799999999999965,0.02399162842600813,0.2657997621526943,0.2418081337266862,0.03288891066605894,0.14719097268351608,4.0,0.1315556426642341,0.018269193104421693
105,10,2,sharedreward,multi-echo,tedana,sr_decision_by_future_outcome_extra,Punish-Neutral,6.0,0.06896432749361447,0.22418814638986936,0.0,0.4137859649616839,0.5359653692285156,0.12217940426683163,0.09338924529073499,0.17981646239754667,4.0,0.3735569811629353,0.1761612788266927
105,10,2,sharedreward,multi-echo,tedana,sr_decision_by_future_outcome_extra,Reward-Punish,6.0,-0.06496572275594642,0.021854512996161698,3.0999999999999677,-0.38979433653567575,0.012593573863398343,0.4023879103990741,-0.060500334624676036,0.101399223241168,7.899999999999951,-0.24200133849870115,-0.15789208572227098
105,10,2,sharedreward,single-echo,fmriprep,sr_decision_partner_extra,Computer-Stranger,6.0,-0.1510100697382745,0.2107515893219551,4.699999999999962,-0.9060604184296405,0.24028205939241118,1.1463424778220517,0.11681798671969498,0.2671217622052571,7.699999999999951,0.4672719468787741,-0.012338506664840302
105,10,2,sharedreward,single-echo,fmriprep,sr_outcome_primary,Reward-Neutral,5.218300000000006,-0.22594435262343063,0.1291355849312508,0.0,-1.1790454152948495,0.10217055425543739,1.2812159695502867,-0.22277403586466907,0.4332407350169697,6.599999999999955,-0.8910961434586652,0.0358099589062056
105,10,2,sharedreward,single-echo,fmriprep,sr_outcome_primary,Punish-Neutral,5.218300000000006,-0.05450951322437003,0.2667648855421006,1.299999999999974,-0.2844469928587305,0.5756823746435906,0.8601293675023209,-0.40039040153727157,-0.082114505318582,6.699999999999955,-1.6015616061490663,-0.3058841999931828
105,10,2,sharedreward,single-echo,fmriprep,sr_outcome_primary,Reward-Punish,5.218300000000006,-0.1714348393990606,-0.005531537739078898,3.0999999999999677,-0.894598422436119,0.0,0.894598422436119,0.17761636567260247,0.5160896447592146,6.599999999999955,0.710465462690401,0.3416941588993884
105,10,2,sharedreward,single-echo,fmriprep,sr_decision_by_future_outcome_extra,Reward-Neutral,6.0,-0.17330064013151078,0.06893271937567849,5.999999999999957,-1.0398038407890573,0.03236279315730224,1.0721666339463596,-0.12178916957005086,0.0923646384595471,6.599999999999955,-0.4871566782801974,0.06893271937568096
105,10,2,sharedreward,single-echo,fmriprep,sr_decision_by_future_outcome_extra,Punish-Neutral,6.0,0.05336985093847835,0.33212246194519657,5.999999999999957,0.3202191056308678,0.6436957274717763,0.3234766218409084,0.028967161104674254,0.33212246194519657,5.999999999999957,0.11586864441869557,0.33212246194519474
105,10,2,sharedreward,single-echo,fmriprep,sr_decision_by_future_outcome_extra,Reward-Punish,6.0,-0.2266704910699891,-0.070967306361405,4.399999999999963,-1.360022946419925,0.0,1.360022946419925,-0.1507563306747251,-0.059389144190552204,7.0999999999999535,-0.6030253226988929,-0.26318974256951383
105,10,2,sharedreward,single-echo,tedana,sr_decision_partner_extra,Computer-Stranger,6.0,-0.13738028652236842,0.2416767933894956,4.699999999999962,-0.8242817191342046,0.30618025264708343,1.1304619717812878,0.10042863022736691,0.2416767933894956,4.699999999999962,0.40171452090946264,0.02724847445418091
105,10,2,sharedreward,single-echo,tedana,sr_outcome_primary,Reward-Neutral,5.218300000000006,-0.18423592617779483,0.1631199369774339,1.3999999999999737,-0.961398333573588,0.3444658754513789,1.3058642090249668,-0.3163500135758595,0.1941997986172275,6.699999999999955,-1.2654000543034223,-0.1495550648346365
105,10,2,sharedreward,single-echo,tedana,sr_outcome_primary,Punish-Neutral,5.218300000000006,-0.026506741025734755,0.36857978637947264,1.7999999999999725,-0.13832012669459184,0.8052183878272111,0.943538514521803,-0.4202371102488377,-0.12863171787730637,6.699999999999955,-1.68094844099533,-0.3640009354320112
105,10,2,sharedreward,single-echo,tedana,sr_outcome_primary,Reward-Punish,5.218300000000006,-0.15772918515206005,-0.06897798428259064,5.218300000000006,-0.8230782068789959,0.0,0.8230782068789959,0.1038870966729782,0.33276484270704987,6.599999999999955,0.41554838669190763,0.21444587059737472
105,10,2,sharedreward,single-echo,tedana,sr_decision_by_future_outcome_extra,Reward-Neutral,6.0,-0.05414476394991028,0.09154176727163252,5.499999999999959,-0.32486858369945937,0.07393860238044364,0.398807186079903,-0.13138233894210505,0.09154176727163252,5.499999999999959,-0.5255293557684136,0.05854694982105474
105,10,2,sharedreward,single-echo,tedana,sr_decision_by_future_outcome_extra,Punish-Neutral,6.0,0.12709954432890483,0.32876572162778295,5.499999999999959,0.7625972659734236,0.8866278543669232,0.12403058839349956,0.06696584584238646,0.32876572162778295,5.499999999999959,0.2678633833695425,0.3253642532854748
105,10,2,sharedreward,single-echo,tedana,sr_decision_by_future_outcome_extra,Reward-Punish,6.0,-0.18124430827881513,-0.0534771279091999,0.6999999999999762,-1.087465849672883,0.0,1.087465849672883,-0.1983481847844915,-0.1476663113347215,7.0999999999999535,-0.7933927391379562,-0.26681730346442006
105,11,1,mid,multi-echo,fmriprep,mid_anticipation_primary,Reward-Neutral,5.023500000000013,0.10110698480999075,0.3440736971829141,2.999999999999968,0.5079109381929898,0.6684766731515444,0.16056573495855456,0.02513480854123288,0.2360695930011814,7.99999999999995,0.10053923416493027,-0.06654536478258867
105,11,1,mid,multi-echo,fmriprep,mid_feedback_extra,Positive-Negative,5.9925999999999995,-0.020286691648472396,0.21994371869999932,4.099999999999964,-0.12157002837263567,0.2562037209249029,0.3777737492975386,-0.06160293793356614,0.21994371869999932,4.099999999999964,-0.2464117517342615,-0.3128120754472336
105,11,1,mid,multi-echo,tedana,mid_anticipation_primary,Reward-Neutral,5.023500000000013,0.0028389017521355964,0.1502841815376233,3.0999999999999677,0.014261222951853204,0.22416973488799882,0.20990851193614563,0.01659448174182853,0.1144761321442048,7.99999999999995,0.0663779269673133,0.01622470655323395
105,11,1,mid,multi-echo,tedana,mid_feedback_extra,Positive-Negative,5.9925999999999995,-0.0015397200208131716,0.09341293262040641,4.099999999999964,-0.009226926196725011,0.157948449747948,0.16717537594467302,-0.06867197211930091,0.09341293262040641,4.099999999999964,-0.2746878884772002,-0.22808989747706593
105,11,1,mid,single-echo,fmriprep,mid_anticipation_primary,Reward-Neutral,5.023500000000013,0.08552205617116225,0.4371286776841214,2.999999999999968,0.4296200491758347,0.8457303625271699,0.4161103133513352,0.22489471788219356,0.4148125843758481,7.99999999999995,0.899578871528763,0.22782364335471947
105,11,1,mid,single-echo,fmriprep,mid_feedback_extra,Positive-Negative,5.9925999999999995,-0.02404042356316926,0.2930056292447216,4.099999999999964,-0.1440646422446481,0.46670248018802984,0.6107671224326781,-0.0899397301573541,0.2930056292447216,4.099999999999964,-0.3597589206294119,-0.40991421817005824
105,11,1,mid,single-echo,tedana,mid_anticipation_primary,Reward-Neutral,5.023500000000013,0.021542155637326664,0.2274872980233667,2.999999999999968,0.10821701884411078,0.3961355353813861,0.2879185165372753,0.19241726979232898,0.2886126788301096,5.999999999999957,0.7696690791693064,0.2886126788301086
105,11,1,mid,single-echo,tedana,mid_feedback_extra,Positive-Negative,5.9925999999999995,-0.0039015128801774776,0.1388953991404853,4.199999999999964,-0.02338020608575155,0.28878085218392063,0.31216105826967216,-0.09463551235803822,0.1388953991404853,4.199999999999964,-0.37854204943214814,-0.3181843465656714
105,11,2,mid,multi-echo,fmriprep,mid_anticipation_primary,Reward-Neutral,5.024000000000001,0.14308100698741186,0.2465639923006452,0.0999999999999783,0.7188389791047572,0.7188389791047572,0.0,0.020209353628136542,0.19618237316052878,7.99999999999995,0.08083741451254517,-0.033944970100004544
105,11,2,mid,multi-echo,fmriprep,mid_feedback_extra,Positive-Negative,5.992999999999995,0.09821401586236701,0.4115924645915682,5.992999999999995,0.588596597063165,0.6821107149286009,0.09351411786543588,0.22447323140292333,0.44593828388574897,6.399999999999956,0.8978929256116821,0.4121035080174708
105,11,2,mid,multi-echo,tedana,mid_anticipation_primary,Reward-Neutral,5.024000000000001,0.135993567544798,0.2335978016932166,3.3999999999999666,0.6832316833450652,0.6832316833450652,0.0,0.08168635212616628,0.1715297866544496,4.0,0.32674540850466105,0.07753101348890938
105,11,2,mid,multi-echo,tedana,mid_feedback_extra,Positive-Negative,5.992999999999995,-0.06932966360911205,0.24844391575624541,5.992999999999995,-0.4154926740094082,0.18083219093730624,0.5963248649467146,0.12049241231202462,0.29269536658200723,6.399999999999956,0.4819696492480925,0.2491031894537176
105,11,2,mid,single-echo,fmriprep,mid_anticipation_primary,Reward-Neutral,5.024000000000001,0.21407337520618397,0.3229469870708835,1.1999999999999744,1.0755046370358685,1.0885050032291803,0.013000366193311718,0.036077268407087804,0.3445782532840926,7.99999999999995,0.1443090736283494,-0.06665014748170106
105,11,2,mid,single-echo,fmriprep,mid_feedback_extra,Positive-Negative,5.992999999999995,0.10318491273214772,0.6335705318695092,5.992999999999995,0.6183871820037607,0.9557247392056188,0.337337557201858,0.34532785834435625,0.695830030501061,6.399999999999956,1.381311433377408,0.6350204724616637
105,11,2,mid,single-echo,tedana,mid_anticipation_primary,Reward-Neutral,5.024000000000001,0.21492736960279593,0.3084239162554284,2.5999999999999694,1.079795104884447,1.079795104884447,0.0,0.14997729037253252,0.30429895111270766,7.99999999999995,0.5999091614901226,0.1286741253688036
105,11,2,mid,single-echo,tedana,mid_feedback_extra,Positive-Negative,5.992999999999995,-0.18255671407597904,0.3832296839313318,5.992999999999995,-1.0940623874573414,0.19684530238920345,1.290907689846545,0.16995126099430644,0.46247892206761937,6.399999999999956,0.6798050439772173,0.38504651427358727
105,11,1,sharedreward,multi-echo,fmriprep,sr_decision_partner_extra,Computer-Stranger,6.0,-0.14843158671456122,-0.008914038406179804,4.099999999999964,-0.8905895202873609,0.0,0.8905895202873609,-0.11043853043165207,-0.008914038406179804,4.099999999999964,-0.4417541217266028,-0.15052390682674538
105,11,1,sharedreward,multi-echo,fmriprep,sr_outcome_primary,Reward-Neutral,5.221000000000004,0.07411957981223155,0.267372442053743,4.499999999999963,0.3869783261996612,0.5345322938297611,0.14755396763009976,0.2315398971832517,0.267372442053743,4.499999999999963,0.9261595887329953,0.21761781144381726
105,11,1,sharedreward,multi-echo,fmriprep,sr_outcome_primary,Punish-Neutral,5.221000000000004,0.1683627201035589,0.3436781555027816,3.4999999999999662,0.8790217616606817,0.8790217616606817,0.0,0.1529242979528568,0.3367069266025101,7.899999999999951,0.6116971918114196,0.056787960562195955
105,11,1,sharedreward,multi-echo,fmriprep,sr_outcome_primary,Reward-Punish,5.221000000000004,-0.09424314029132731,0.2085918608446744,5.221000000000004,-0.49204343546102025,0.1370888401076763,0.6291322755686967,0.0786155992303949,0.2191245242382202,5.3999999999999595,0.31446239692157574,0.1608298508816213
105,11,1,sharedreward,multi-echo,fmriprep,sr_decision_by_future_outcome_extra,Reward-Neutral,6.0,-0.015718648474008473,0.1070203855362756,2.39999999999997,-0.09431189084405016,0.24273044961189283,0.33704234045594295,-0.03396996320588028,0.1949572106804755,7.99999999999995,-0.13587985282351941,-0.16084921778425348
105,11,1,sharedreward,multi-echo,fmriprep,sr_decision_by_future_outcome_extra,Punish-Neutral,6.0,-0.11168278665237247,0.044391333552347007,4.699999999999962,-0.67009671991423,0.027530158166671332,0.6976268780809014,0.04535291642683888,0.2387999407622739,7.99999999999995,0.18141166570735326,-0.004257723174950872
105,11,1,sharedreward,multi-echo,fmriprep,sr_decision_by_future_outcome_extra,Reward-Punish,6.0,0.095964138178364,0.2828526684711345,2.2999999999999705,0.5757848290701799,0.7813220232155488,0.2055371941453689,-0.07932287963271915,0.07843718534996058,4.0,-0.3172915185308727,-0.1565914946093026
105,11,1,sharedreward,multi-echo,tedana,sr_decision_partner_extra,Computer-Stranger,6.0,-0.11642538455439268,-0.005934496243173399,4.099999999999964,-0.6985523073263511,0.0,0.6985523073263511,-0.06242385530957357,-0.005934496243173399,4.099999999999964,-0.24969542123829117,-0.10385070088834623
105,11,1,sharedreward,multi-echo,tedana,sr_outcome_primary,Reward-Neutral,5.221000000000004,0.07127982896792032,0.27906507431898997,4.599999999999962,0.3721519870415122,0.49173537864685835,0.11958339160534621,0.2207603152285901,0.27906507431898997,4.599999999999962,0.8830412609143494,0.20314206806314322
105,11,1,sharedreward,multi-echo,tedana,sr_outcome_primary,Punish-Neutral,5.221000000000004,0.17577748149110112,0.30987724339520406,3.4999999999999662,0.9177342308650396,0.9198592222746078,0.0021249914095681868,0.10081909629694398,0.25675295832911493,4.0,0.4032763851877709,0.010371741116055629
105,11,1,sharedreward,multi-echo,tedana,sr_outcome_primary,Reward-Punish,5.221000000000004,-0.10449765252318079,0.2182148045011488,5.221000000000004,-0.5455822438235273,0.14388980024044282,0.68947204406397,0.11994121893164611,0.23062283389706079,5.3999999999999595,0.4797648757265785,0.1927703269470876
105,11,1,sharedreward,multi-echo,tedana,sr_decision_by_future_outcome_extra,Reward-Neutral,6.0,-0.02044742020333043,0.0952721491572848,4.099999999999964,-0.1226845212199817,0.1664992810598186,0.2891838022798003,0.028766471397298186,0.16258678181145292,7.99999999999995,0.11506588558919131,-0.05642266074249313
105,11,1,sharedreward,multi-echo,tedana,sr_decision_by_future_outcome_extra,Punish-Neutral,6.0,-0.0061302599233152575,0.15080531852846818,4.699999999999962,-0.03678155953989128,0.2792991594053151,0.3160807189452064,0.129223695806776,0.2839184898627448,7.99999999999995,0.5168947832270976,0.07635519623452719
105,11,1,sharedreward,multi-echo,tedana,sr_decision_by_future_outcome_extra,Reward-Punish,6.0,-0.014317160280015175,0.126641988681194,2.2999999999999705,-0.08590296168009044,0.1887440694338945,0.2746470311139849,-0.10045722440947782,-0.027304690418818826,4.0,-0.4018288976379063,-0.13277785697702033
105,11,1,sharedreward,single-echo,fmriprep,sr_decision_partner_extra,Computer-Stranger,6.0,-0.16960133999402052,-0.06787082509211981,3.999999999999965,-1.0176080399641159,0.0,1.0176080399641159,-0.10496957713082314,-0.008510154601917008,7.599999999999952,-0.41987830852328734,-0.15834639938307438
105,11,1,sharedreward,single-echo,fmriprep,sr_outcome_primary,Reward-Neutral,5.221000000000004,0.0012382482118248452,0.36120347799218083,4.399999999999963,0.006464893913937521,0.6089330534240922,0.6024681595101546,0.2891607809314422,0.4277048235206386,7.799999999999951,1.1566431237257544,0.15589133248273077
105,11,1,sharedreward,single-echo,fmriprep,sr_outcome_primary,Punish-Neutral,5.221000000000004,0.1235701558165405,0.4525631161168633,3.799999999999965,0.6451597835181584,0.9234300224916847,0.2782702389735264,0.3015508382885355,0.5621702603635841,7.99999999999995,1.206203353154127,0.13282769252773705
105,11,1,sharedreward,single-echo,fmriprep,sr_outcome_primary,Reward-Punish,5.221000000000004,-0.1223319076047156,0.023008527452053434,0.0,-0.6386948896042206,0.001150426372602422,0.639845315976823,-0.012390057357093262,0.049070507359516395,6.7999999999999545,-0.04956022942837243,0.023063639954993734
105,11,1,sharedreward,single-echo,fmriprep,sr_decision_by_future_outcome_extra,Reward-Neutral,6.0,0.0070770863000280465,0.2405359943379535,2.199999999999971,0.04246251780016798,0.676033384103294,0.633570866303126,-0.13544245239677008,0.3509928431196368,7.99999999999995,-0.5417698095870735,-0.3804256700217317
105,11,1,sharedreward,single-echo,fmriprep,sr_decision_by_future_outcome_extra,Punish-Neutral,6.0,-0.1805401846894894,-0.04402998353535241,3.299999999999967,-1.0832411081369286,0.0,1.0832411081369286,-0.10798789145133789,0.5170802467412353,7.99999999999995,-0.43195156580534616,-0.2740553166535127
105,11,1,sharedreward,single-echo,fmriprep,sr_decision_by_future_outcome_extra,Reward-Punish,6.0,0.18761727098951753,0.3544099429912554,1.7999999999999725,1.1257036259370972,1.2206959417583896,0.09499231582129287,-0.027454560945432197,0.14424721491907533,4.0,-0.10981824378172743,-0.10637035336821896
105,11,1,sharedreward,single-echo,tedana,sr_decision_partner_extra,Computer-Stranger,6.0,-0.1711411764309398,-0.12474282900729339,3.999999999999965,-1.0268470585856315,0.0,1.0268470585856315,-0.07673578090486403,0.08142694138551941,7.699999999999951,-0.3069431236194523,-0.1311609133253714
105,11,1,sharedreward,single-echo,tedana,sr_outcome_primary,Reward-Neutral,5.221000000000004,0.032782572600302755,0.33514020928730703,4.399999999999963,0.1711578115461808,0.5558455502012518,0.384687738655071,0.2465032407341032,0.3768721291452901,7.499999999999952,0.9860129629364006,0.10506292414215769
105,11,1,sharedreward,single-echo,tedana,sr_outcome_primary,Punish-Neutral,5.221000000000004,0.16427544727549137,0.4098116243103257,4.199999999999964,0.857682110225341,0.947016433062952,0.08933432283761103,0.1909855567212732,0.4098116243103257,4.199999999999964,0.7639422268850833,0.028815223134476535
105,11,1,sharedreward,single-echo,tedana,sr_outcome_primary,Reward-Punish,5.221000000000004,-0.1314928746751886,-0.014627289408645393,0.0,-0.6865242986791602,0.0,0.6865242986791602,0.05551768401283001,0.1787935353696502,6.999999999999954,0.2220707360513173,0.07624770100768115
105,11,1,sharedreward,single-echo,tedana,sr_decision_by_future_outcome_extra,Reward-Neutral,6.0,0.029559080347108472,0.18686101121063672,1.7999999999999725,0.17735448208264956,0.4490349048709332,0.27168042278828364,0.007868939380266868,0.3069131971235556,7.799999999999951,0.031475757521067085,-0.16250362289110462
105,11,1,sharedreward,single-echo,tedana,sr_decision_by_future_outcome_extra,Punish-Neutral,6.0,-0.004612327779531746,0.13026267371584999,3.599999999999966,-0.027673966677190277,0.24461955333549762,0.2722935200126879,0.04504982727919281,0.5191531406810441,7.99999999999995,0.18019930911676899,-0.0933137403707846
105,11,1,sharedreward,single-echo,tedana,sr_decision_by_future_outcome_extra,Reward-Punish,6.0,0.034171408126640206,0.11944196767610969,1.7999999999999725,0.20502844875983978,0.25858701175080584,0.053558562990966035,-0.03718088789892595,0.04512373076504031,4.399999999999963,-0.14872355159570194,-0.06918988252031999
105,11,2,sharedreward,multi-echo,fmriprep,sr_decision_partner_extra,Computer-Stranger,6.0,0.05086977965201652,0.23317133882797736,0.0,0.30521867791209695,0.4583911713997525,0.15317249348765552,-0.015654794101786978,0.0657476732635438,6.699999999999955,-0.06261917640714713,0.014530521465305698
105,11,2,sharedreward,multi-echo,fmriprep,sr_outcome_primary,Reward-Neutral,5.215000000000003,0.09738758573110591,0.37819326614495696,4.599999999999962,0.5078762595877176,0.7138054667562777,0.20592920716856003,0.2716238211856276,0.37819326614495696,4.599999999999962,1.086495284742497,0.21324443637425197
105,11,2,sharedreward,multi-echo,fmriprep,sr_outcome_primary,Punish-Neutral,5.215000000000003,0.08684857698088656,0.1699288205650677,4.099999999999964,0.4529153289553237,0.4529153289553237,0.0,0.17818482494803614,0.2646252688562817,6.499999999999956,0.7127392997921357,0.22835771625451318
105,11,2,sharedreward,multi-echo,fmriprep,sr_outcome_primary,Reward-Punish,5.215000000000003,0.010539008750219363,0.2529067991997044,4.599999999999962,0.05496093063239401,0.3605603231900238,0.30559939255762975,0.09343899623759148,0.2529067991997044,4.599999999999962,0.3737559849503613,-0.01511327988026124
105,11,2,sharedreward,multi-echo,fmriprep,sr_decision_by_future_outcome_extra,Reward-Neutral,6.0,-0.12775354298229605,0.1286305024083888,3.899999999999965,-0.7665212578937708,0.16785711446998247,0.9343783723637533,0.02445439562320232,0.20129277538528612,7.99999999999995,0.09781758249280806,-0.023325516663373475
105,11,2,sharedreward,multi-echo,fmriprep,sr_decision_by_future_outcome_extra,Punish-Neutral,6.0,-0.14372715794952437,0.0920268745224507,5.999999999999957,-0.8623629476971402,0.06179201818715377,0.924154965884294,0.07672873598691256,0.20423290887654608,7.199999999999953,0.3069149439476464,0.09202687452245498
105,11,2,sharedreward,multi-echo,fmriprep,sr_decision_by_future_outcome_extra,Reward-Punish,6.0,0.01597361496722832,0.1634820228110539,4.499999999999963,0.09584168980336924,0.24011857358666983,0.14427688378330059,-0.052274340363710245,0.1634820228110539,4.499999999999963,-0.20909736145483837,-0.11535239118582846
105,11,2,sharedreward,multi-echo,tedana,sr_decision_partner_extra,Computer-Stranger,6.0,0.08107414703747928,0.1630526924233604,2.999999999999968,0.48644488222487225,0.5046610480352748,0.018216165810402505,0.06028026633795992,0.1272808153342235,7.599999999999952,0.2411210653518367,0.06075849164323843
105,11,2,sharedreward,multi-echo,tedana,sr_outcome_primary,Reward-Neutral,5.215000000000003,0.0720486918195209,0.4025041856220355,4.199999999999964,0.3757339278388017,0.6941135078903093,0.31837958005150757,0.22425830539614738,0.4025041856220355,4.199999999999964,0.8970332215845784,0.1498963953954773
105,11,2,sharedreward,multi-echo,tedana,sr_outcome_primary,Punish-Neutral,5.215000000000003,0.03707595215379061,0.188951643610553,3.599999999999966,0.19335109048201815,0.35259523796214953,0.15924414748013133,0.104402366909561,0.17668869157272424,4.0,0.4176094676382388,0.11824561981215122
105,11,2,sharedreward,multi-echo,tedana,sr_outcome_primary,Reward-Punish,5.215000000000003,0.0349727396657303,0.28771025605454625,4.599999999999962,0.18238283735678362,0.3930418506533411,0.21065901329655745,0.11985593848658639,0.28771025605454625,4.599999999999962,0.4794237539463396,0.031650775583326074
105,11,2,sharedreward,multi-echo,tedana,sr_decision_by_future_outcome_extra,Reward-Neutral,6.0,-0.17608621128806906,-0.0395440583347757,4.199999999999964,-1.056517267728407,0.0,1.056517267728407,-0.0101359577527161,0.2724934552767717,7.99999999999995,-0.040543831010863896,-0.08104917674125632
105,11,2,sharedreward,multi-echo,tedana,sr_decision_by_future_outcome_extra,Punish-Neutral,6.0,-0.09521194366452677,0.07396252037008469,0.4999999999999769,-0.5712716619871566,0.05289357530848819,0.6241652372956447,0.024518218537026352,0.2213819743214182,7.199999999999953,0.09807287414810419,0.001944306854731225
105,11,2,sharedreward,multi-echo,tedana,sr_decision_by_future_outcome_extra,Reward-Punish,6.0,-0.0808742676235423,0.0879810367518224,4.499999999999963,-0.48524560574125036,0.07121360527665885,0.5564592110179092,-0.03465417628974245,0.0912581107768155,7.99999999999995,-0.13861670515896807,-0.08299348359598754
105,11,2,sharedreward,single-echo,fmriprep,sr_decision_partner_extra,Computer-Stranger,6.0,0.1588098895139601,0.4113935582913504,0.0,0.9528593370837539,0.9923220325771719,0.03946269549341806,0.1008036341292329,0.22149908499283227,6.699999999999955,0.4032145365169266,0.16435276855956313
105,11,2,sharedreward,single-echo,fmriprep,sr_outcome_primary,Reward-Neutral,5.215000000000003,0.04868786660282363,0.3953249956961939,4.999999999999961,0.25390722433372537,0.7380710713125594,0.4841638469788342,0.2795005144490091,0.3953249956961939,4.999999999999961,1.1180020577960224,0.2971551073852653
105,11,2,sharedreward,single-echo,fmriprep,sr_outcome_primary,Punish-Neutral,5.215000000000003,0.038231968071019036,0.23617367484234392,0.4999999999999769,0.1993797134903644,0.4315680686248109,0.2321883551344465,0.18658107988282496,0.4221554107786448,6.999999999999954,0.7463243195312905,0.2155025495168674
105,11,2,sharedreward,single-echo,fmriprep,sr_outcome_primary,Reward-Punish,5.215000000000003,0.010455898531804585,0.2911104494632011,4.899999999999961,0.054527510843360945,0.35468551989752783,0.3001580090541669,0.09291943456618404,0.2911104494632011,4.899999999999961,0.37167773826473155,0.08165255786839791
105,11,2,sharedreward,single-echo,fmriprep,sr_decision_by_future_outcome_extra,Reward-Neutral,6.0,-0.2636007294065603,0.245760149191378,5.099999999999961,-1.5816043764393506,0.3266413745305626,1.9082457509699133,-0.027844413219943104,0.245760149191378,5.099999999999961,-0.11137765287977103,0.09607456622147001
105,11,2,sharedreward,single-echo,fmriprep,sr_decision_by_future_outcome_extra,Punish-Neutral,6.0,-0.21320386652876963,0.205570114641976,5.499999999999959,-1.2792231991726086,0.19084606450231523,1.470069263674924,-0.008498032610553046,0.205570114641976,5.499999999999959,-0.03399213044221176,0.17760114716903133
105,11,2,sharedreward,single-echo,fmriprep,sr_decision_by_future_outcome_extra,Reward-Punish,6.0,-0.050396862877790716,0.21616998658359732,4.599999999999962,-0.30238117726674213,0.21206959567430095,0.514450772941043,-0.019346380609390066,0.21616998658359732,4.599999999999962,-0.0773855224375593,-0.08152658094756131
105,11,2,sharedreward,single-echo,tedana,sr_decision_partner_extra,Computer-Stranger,6.0,0.2098222160639307,0.3069041217952924,1.4999999999999734,1.2589332963835753,1.2589332963835753,0.0,0.19656967461317382,0.3088446001881294,6.7999999999999545,0.7862786984526855,0.22089360709529895
105,11,2,sharedreward,single-echo,tedana,sr_outcome_primary,Reward-Neutral,5.215000000000003,0.0679665676744942,0.39492318022736184,4.599999999999962,0.3544456504224875,0.525842551661457,0.17139690123896956,0.20726553054769264,0.39492318022736184,4.599999999999962,0.8290621221907603,0.1364002844129393
105,11,2,sharedreward,single-echo,tedana,sr_outcome_primary,Punish-Neutral,5.215000000000003,0.019774286888148276,0.13097336774938936,4.199999999999964,0.10312290612169332,0.18090520699310075,0.07778230087140739,0.06926370771360475,0.23887126485602178,6.999999999999954,0.27705483085441557,-0.021783605778404706
105,11,2,sharedreward,single-echo,tedana,sr_outcome_primary,Reward-Punish,5.215000000000003,0.048192280786345916,0.3369264741153634,4.899999999999961,0.2513227443007941,0.3969783887879733,0.14565564448717916,0.13800182283408788,0.3369264741153634,4.899999999999961,0.5520072913363446,0.15818389019134402
105,11,2,sharedreward,single-echo,tedana,sr_decision_by_future_outcome_extra,Reward-Neutral,6.0,-0.29063491827752663,0.1456738807731189,5.29999999999996,-1.7438095096651474,0.16054294570853597,1.9043524553736833,-0.016916517619042074,0.1667606422876407,7.99999999999995,-0.06766607047616745,0.04908564721575004
105,11,2,sharedreward,single-echo,tedana,sr_decision_by_future_outcome_extra,Punish-Neutral,6.0,-0.13166264172619882,0.1257308077827332,5.499999999999959,-0.7899758503571873,0.10775873708373888,0.8977345874409262,-0.02493017616032749,0.1257308077827332,5.499999999999959,-0.09972070464130872,0.08031418602045341
105,11,2,sharedreward,single-echo,tedana,sr_decision_by_future_outcome_extra,Reward-Punish,6.0,-0.1589722765513278,0.1255990991475516,4.599999999999962,-0.95383365930796,0.10378868396351988,1.0576223432714802,0.008013658541285417,0.1255990991475516,4.599999999999962,0.032054634165141274,-0.031228538804703384
105,12,1,mid,multi-echo,fmriprep,mid_anticipation_primary,Reward-Neutral,5.023100000000005,-0.06778079265436511,0.09267325691033539,0.0,-0.34046969958214174,0.022474748013527095,0.36294444759566885,-0.026518780516751644,0.04018450612348729,7.99999999999995,-0.10607512206700526,-0.025182900241752067
105,12,1,mid,multi-echo,fmriprep,mid_feedback_extra,Positive-Negative,5.988399999999999,0.14532656842926206,0.3597285311038024,2.199999999999971,0.8702736223817927,1.0054922239611856,0.13521860157939283,0.04521151365875255,0.2104240371569292,6.299999999999956,0.18084605463500794,0.18886977816387426
105,12,1,mid,multi-echo,tedana,mid_anticipation_primary,Reward-Neutral,5.023100000000005,-0.11771905690894414,-0.0321661163354516,2.7999999999999687,-0.5913145947593179,0.0,0.5913145947593179,-0.006671089674824875,0.0580564724050646,5.899999999999958,-0.026684358699299165,0.05635221519804588
105,12,1,mid,multi-echo,tedana,mid_feedback_extra,Positive-Negative,5.988399999999999,-0.035706940503646395,0.063704627746322,2.199999999999971,-0.21382744251203603,0.0857255770056396,0.29955301951767566,-0.05203327522690346,0.0615348195244587,6.099999999999957,-0.20813310090761125,0.05761294992425477
105,12,1,mid,single-echo,fmriprep,mid_anticipation_primary,Reward-Neutral,5.023100000000005,0.027464546263381434,0.3104556849255378,0.0,0.1379571623355914,0.3667666778696042,0.2288095155340129,0.04031299590331375,0.09866830834347291,4.0,0.161251983613253,0.037895241772647394
105,12,1,mid,single-echo,fmriprep,mid_feedback_extra,Positive-Negative,5.988399999999999,0.20284326609087294,0.4259100840364482,2.2999999999999705,1.2147066146585832,1.2553180770498276,0.04061146239124444,0.051291031446378546,0.1808866585813388,6.299999999999956,0.20516412578551163,0.12103276161780668
105,12,1,mid,single-echo,tedana,mid_anticipation_primary,Reward-Neutral,5.023100000000005,-0.0791290324105848,0.06237820636562084,0.0,-0.39747304270160894,0.00905012696526459,0.4065231696668736,0.051239454325646965,0.1487827980298094,6.299999999999956,0.2049578173025853,0.1443114192544796
105,12,1,mid,single-echo,tedana,mid_feedback_extra,Positive-Negative,5.988399999999999,-0.02940099360282169,0.0585442961505935,3.0999999999999677,-0.17606491009113737,0.09875239513261151,0.2748173052237489,-0.020380014383109556,0.026129180886696093,6.299999999999956,-0.08152005753243721,0.015165054321976876
105,12,2,mid,multi-echo,fmriprep,mid_anticipation_primary,Reward-Neutral,5.0224999999999795,0.07403969333360892,0.1608836424221038,0.1999999999999779,0.3718643597680493,0.37867373060822135,0.006809370840172023,0.09788512774356706,0.2364426242514251,5.899999999999958,0.39154051097426334,0.23586488756312873
105,12,2,mid,multi-echo,fmriprep,mid_feedback_extra,Positive-Negative,5.9879999999999995,-0.10345416325934811,0.05267416854191434,0.0,-0.6194835295969765,0.034918209180215154,0.6544017387771918,-0.11660126818207502,0.0605166554828098,7.99999999999995,-0.4664050727282943,-0.055051402506828225
105,12,2,mid,multi-echo,tedana,mid_anticipation_primary,Reward-Neutral,5.0224999999999795,0.027997261118106763,0.1353426140488299,0.2999999999999776,0.14061624396569064,0.17368578854058164,0.033069544574891016,0.06526728834860127,0.22056195750142188,5.799999999999958,0.26106915339440184,0.2153608959621259
105,12,2,mid,multi-echo,tedana,mid_feedback_extra,Positive-Negative,5.9879999999999995,0.03240514353478542,0.19202812909241201,1.9999999999999716,0.19404199948629508,0.47694891468072936,0.28290691519443434,-0.021531123221720315,0.07784859522768109,5.899999999999958,-0.08612449288688019,0.07559666579153086
105,12,2,mid,single-echo,fmriprep,mid_anticipation_primary,Reward-Neutral,5.0224999999999795,0.16257540495769027,0.3616060814466041,0.2999999999999776,0.8165349713999961,0.9035342524224188,0.08699928102242278,0.06697563744081575,0.2751792707259338,6.499999999999956,0.26790254976325967,0.2147085328844531
105,12,2,mid,single-echo,fmriprep,mid_feedback_extra,Positive-Negative,5.9879999999999995,-0.0855789059486151,0.09651461449370925,0.0,-0.5124464888203072,0.13446499140628287,0.6469114802265901,-0.10086801863518643,0.1590275243685227,7.99999999999995,-0.40347207454074074,-0.07186635911538819
105,12,2,mid,single-echo,tedana,mid_anticipation_primary,Reward-Neutral,5.0224999999999795,0.1645886894870418,0.3616893472121467,0.2999999999999776,0.8266466929486641,0.913318822117507,0.08667212916884282,0.03688115673664463,0.22352073080645019,6.399999999999956,0.1475246269465767,0.18829816490296522
105,12,2,mid,single-echo,tedana,mid_feedback_extra,Positive-Negative,5.9879999999999995,0.10213126740590273,0.32222560827785973,1.599999999999973,0.6115620292265455,0.8186912825636713,0.20712925333712584,0.047386832715295736,0.1779144287339122,7.99999999999995,0.18954733086118059,0.10980818108016528
105,12,1,sharedreward,multi-echo,fmriprep,sr_decision_partner_extra,Computer-Stranger,6.0,0.014454378911524833,0.1694515322222929,2.2999999999999705,0.08672627346914838,0.2322669995246654,0.145540726055517,-0.022392295260464115,0.0073766473801774,5.19999999999996,-0.08956918104185535,-0.03240641732675394
105,12,1,sharedreward,multi-echo,fmriprep,sr_outcome_primary,Reward-Neutral,5.2190000000000225,0.07415949378393112,0.2636742768203795,5.2190000000000225,0.3870383980583382,0.5553327144276633,0.16829431636932507,0.18605553872394384,0.3432481558130624,5.799999999999958,0.7442221548957662,0.33568087321820467
105,12,1,sharedreward,multi-echo,fmriprep,sr_outcome_primary,Punish-Neutral,5.2190000000000225,-0.039568016948407204,0.28825412167805714,5.2190000000000225,-0.2065054804537381,0.23327278707460755,0.4397782675283457,0.16493093400671818,0.3410811204477769,5.599999999999959,0.6597237360268645,0.330777148895969
105,12,1,sharedreward,multi-echo,fmriprep,sr_outcome_primary,Reward-Punish,5.2190000000000225,0.11372751073233833,0.2269723910018227,2.49999999999997,0.5935438785120764,0.6148593779457242,0.021315499433647914,0.021124604717225687,0.0805414521210717,7.99999999999995,0.08449841886890169,0.004903724322235641
105,12,1,sharedreward,multi-echo,fmriprep,sr_decision_by_future_outcome_extra,Reward-Neutral,6.0,-0.04669693541040497,0.20324589404317178,2.999999999999968,-0.28018161246242784,0.3073515069057337,0.5875331193681615,-0.002561262456802779,0.35570410785986917,7.99999999999995,-0.01024504982721099,-0.06382483392749282
105,12,1,sharedreward,multi-echo,fmriprep,sr_decision_by_future_outcome_extra,Punish-Neutral,6.0,-0.09606680132163979,0.07576406632278829,2.7999999999999687,-0.5764008079298346,0.08358901235829244,0.659989820288127,-0.151297100049343,0.154576911881735,7.99999999999995,-0.6051884001973644,-0.25223275381415455
105,12,1,sharedreward,multi-echo,fmriprep,sr_decision_by_future_outcome_extra,Reward-Punish,6.0,0.0493698659112348,0.1884079198866579,5.999999999999957,0.2962191954674067,0.4190625616584771,0.12284336619107045,0.1487358375925402,0.2155957849529263,6.399999999999956,0.5949433503701533,0.18840791988666178
105,12,1,sharedreward,multi-echo,tedana,sr_decision_partner_extra,Computer-Stranger,6.0,-0.01953741046128395,0.0210743220987255,3.0999999999999677,-0.11722446276770287,0.026159804210444677,0.14338426697814752,-0.03699253040888869,0.015582884293728212,4.0,-0.14797012163555293,-0.04994155408644234
105,12,1,sharedreward,multi-echo,tedana,sr_outcome_primary,Reward-Neutral,5.2190000000000225,0.12052733815302355,0.21682781821500122,5.2190000000000225,0.6290321778206326,0.6290321778206326,0.0,0.1549013958062231,0.2471263798542471,5.799999999999958,0.6196055832248848,0.23846401401798697
105,12,1,sharedreward,multi-echo,tedana,sr_outcome_primary,Punish-Neutral,5.2190000000000225,-0.002429906391548908,0.22858006685544177,5.2190000000000225,-0.012681681457493803,0.2367006693826793,0.2493823508401731,0.11700371931860408,0.2706663832120684,5.899999999999958,0.4680148772744105,0.2675841892065967
105,12,1,sharedreward,multi-echo,tedana,sr_outcome_primary,Reward-Punish,5.2190000000000225,0.12295724454457244,0.2260150790472661,1.299999999999974,0.6417138592781263,0.6554087642879436,0.013694905009817375,0.03789767648761904,0.19593072890056712,7.799999999999951,0.15159070595047427,-0.029120175188609706
105,12,1,sharedreward,multi-echo,tedana,sr_decision_by_future_outcome_extra,Reward-Neutral,6.0,0.00020993034828726187,0.186259758471955,3.799999999999965,0.0012595820897235623,0.32076041870634264,0.3195008366166191,0.08167551069918257,0.24907595581244918,7.99999999999995,0.3267020427967262,0.007991884280123308
105,12,1,sharedreward,multi-echo,tedana,sr_decision_by_future_outcome_extra,Punish-Neutral,6.0,-0.1123629228150301,-0.029785235826736395,2.7999999999999687,-0.6741775368901758,0.0,0.6741775368901758,-0.08371231294823353,0.1069577448031962,7.99999999999995,-0.33484925179292996,-0.18374281487994334
105,12,1,sharedreward,multi-echo,tedana,sr_decision_by_future_outcome_extra,Reward-Punish,6.0,0.11257285316331733,0.2500174060602971,3.799999999999965,0.6754371189798992,0.6873070762560983,0.011869957276199146,0.1653878236474161,0.23891067438971292,4.0,0.6615512945896562,0.19173469916006666
105,12,1,sharedreward,single-echo,fmriprep,sr_decision_partner_extra,Computer-Stranger,6.0,-0.03421727245879065,0.043483971406876196,2.2999999999999705,-0.20530363475274246,0.04164287279331474,0.24694650754605718,-0.0476989575356867,0.025024794060064103,4.399999999999963,-0.19079583014274443,-0.1362686963577164
105,12,1,sharedreward,single-echo,fmriprep,sr_outcome_primary,Reward-Neutral,5.2190000000000225,0.043264208085521644,0.478008247410264,5.2190000000000225,0.22579590199833843,0.4919612757665244,0.26616537376818605,0.3491472712767629,0.572172935715179,5.599999999999959,1.3965890851070344,0.5449642095226362
105,12,1,sharedreward,single-echo,fmriprep,sr_outcome_primary,Punish-Neutral,5.2190000000000225,-0.07405901854404953,0.28894446916814426,5.2190000000000225,-0.38651401778139616,0.18950385491207955,0.5760178726934757,0.17559279342540815,0.34518670574042987,5.599999999999959,0.7023711737016238,0.31433055212984096
105,12,1,sharedreward,single-echo,fmriprep,sr_outcome_primary,Reward-Punish,5.2190000000000225,0.11732322662957122,0.18906377824211973,5.2190000000000225,0.6123099197797348,0.6123099197797348,0.0,0.1735544778513548,0.2393014007628194,6.399999999999956,0.6942179114054106,0.23063365739279526
105,12,1,sharedreward,single-echo,fmriprep,sr_decision_by_future_outcome_extra,Reward-Neutral,6.0,-0.057035315233572116,0.15191304077425838,2.2999999999999705,-0.34221189140143027,0.1600897573872192,0.5023016487886495,-0.02165237216733558,0.36540145467201723,7.99999999999995,-0.08660948866934123,-0.0711230150928983
105,12,1,sharedreward,single-echo,fmriprep,sr_decision_by_future_outcome_extra,Punish-Neutral,6.0,-0.09500066196781656,0.04392619789740368,2.2999999999999705,-0.5700039718068953,0.01917619302781292,0.5891801648347083,-0.16249316973954323,0.1588102564752707,7.99999999999995,-0.6499726789581648,-0.2607819979717168
105,12,1,sharedreward,single-echo,fmriprep,sr_decision_by_future_outcome_extra,Reward-Punish,6.0,0.03796534673424443,0.189658982878815,5.999999999999957,0.22779208040546498,0.33220048327521406,0.10440840286974909,0.14084079757220763,0.2265145299991057,6.899999999999954,0.5633631902888235,0.18965898287881852
105,12,1,sharedreward,single-echo,tedana,sr_decision_partner_extra,Computer-Stranger,6.0,-0.06962459279351887,0.016869055094082097,4.099999999999964,-0.4177475567611103,0.010886926600014878,0.4286344833611252,-0.040605911593799636,0.029964211655238597,7.899999999999951,-0.16242364637519652,-0.11972143804311514
105,12,1,sharedreward,single-echo,tedana,sr_outcome_primary,Reward-Neutral,5.2190000000000225,0.10111163338804623,0.3707455833986022,5.2190000000000225,0.5277016146522155,0.5277016146522155,0.0,0.28632848862766547,0.4430064512167965,5.799999999999958,1.1453139545106477,0.4272055834625318
105,12,1,sharedreward,single-echo,tedana,sr_outcome_primary,Punish-Neutral,5.2190000000000225,-0.0560213496878459,0.21725521359524264,5.2190000000000225,-0.292375424020869,0.13616667281277064,0.42854209683363964,0.12179711670373082,0.2779699131272663,5.899999999999958,0.48718846681491723,0.2714393095555003
105,12,1,sharedreward,single-echo,tedana,sr_outcome_primary,Reward-Punish,5.2190000000000225,0.15713298307589216,0.2350783421076923,1.299999999999974,0.8200770386730847,0.8200770386730847,0.0,0.1645313719239347,0.29595590996326127,7.99999999999995,0.6581254876957305,0.1557662739070315
105,12,1,sharedreward,single-echo,tedana,sr_decision_by_future_outcome_extra,Reward-Neutral,6.0,0.0038821589437064196,0.0804164432598866,4.499999999999963,0.023292953662238353,0.1661340541286037,0.14284110046636533,0.07472900696053872,0.2437176266103773,7.99999999999995,0.29891602784215116,0.01644289116703547
105,12,1,sharedreward,single-echo,tedana,sr_decision_by_future_outcome_extra,Punish-Neutral,6.0,-0.09201698564057892,-0.0302826692005926,2.2999999999999705,-0.5521019138434696,0.0,0.5521019138434696,-0.11944395909959368,0.04950088773941311,7.99999999999995,-0.4777758363983688,-0.22143911293082214
105,12,1,sharedreward,single-echo,tedana,sr_decision_by_future_outcome_extra,Reward-Punish,6.0,0.09589914458428533,0.2378820040978576,5.999999999999957,0.5753948675057079,0.5753948675057079,0.0,0.19417296606013243,0.2438787691251607,6.499999999999956,0.7766918642405201,0.2378820040978576
105,12,2,sharedreward,multi-echo,fmriprep,sr_decision_partner_extra,Computer-Stranger,6.0,0.061033587481179576,0.23571313341660338,1.0999999999999748,0.36620152488707486,0.4403756390490307,0.07417411416195592,0.01256278821259121,0.06240278545875011,7.699999999999951,0.05025115285036422,0.029964822212169815
105,12,2,sharedreward,multi-echo,fmriprep,sr_outcome_primary,Reward-Neutral,5.207000000000022,0.13292349519977426,0.27538679083805256,2.2999999999999705,0.6921326395052275,0.706819250395427,0.01468661089019947,0.01527684586468998,0.1867947538672013,5.599999999999959,0.06110738345875916,0.14398118545528835
105,12,2,sharedreward,multi-echo,fmriprep,sr_outcome_primary,Punish-Neutral,5.207000000000022,0.04647963997035989,0.19765983082086802,1.7999999999999725,0.242019485325665,0.3953908861571915,0.15337140083152648,-0.03195839411258424,0.1787847629201162,5.599999999999959,-0.12783357645033538,0.1305755558177312
105,12,2,sharedreward,multi-echo,fmriprep,sr_outcome_primary,Reward-Punish,5.207000000000022,0.08644385522941435,0.20087195481538062,3.299999999999967,0.45011315417956244,0.4943247208945928,0.04421156671503034,0.047235239977274225,0.1821413149229934,4.0,0.18894095990909454,0.01340562963755715
105,12,2,sharedreward,multi-echo,fmriprep,sr_decision_by_future_outcome_extra,Reward-Neutral,6.0,-0.03237274757771324,0.1738652739089503,0.0,-0.19423648546627806,0.266642320363324,0.46087880582960206,0.08480475619780288,0.1092980030326171,5.899999999999958,0.3392190247912073,0.10787357823387143
105,12,2,sharedreward,multi-echo,fmriprep,sr_decision_by_future_outcome_extra,Punish-Neutral,6.0,-0.013145494947163506,0.1397352467768091,5.999999999999957,-0.07887296968298048,0.19852973548033048,0.27740270516331095,0.05271611535691676,0.1397352467768091,5.999999999999957,0.21086446142766443,0.1397352467768061
105,12,2,sharedreward,multi-echo,fmriprep,sr_decision_by_future_outcome_extra,Reward-Punish,6.0,-0.01922725263054973,0.2443277970574232,0.0,-0.11536351578329757,0.18901672664325747,0.3043802424265551,0.03208864084088612,0.17127919530779379,7.99999999999995,0.12835456336354287,-0.031861668542934665
105,12,2,sharedreward,multi-echo,tedana,sr_decision_partner_extra,Computer-Stranger,6.0,0.0474557920624321,0.1731123957306551,0.8999999999999755,0.28473475237459056,0.3130637472882988,0.02832899491370823,0.02890592388371393,0.1018623296017197,7.499999999999952,0.11562369553485427,0.0181906800208283
105,12,2,sharedreward,multi-echo,tedana,sr_outcome_primary,Reward-Neutral,5.207000000000022,0.03714731743641658,0.1201982712066603,1.3999999999999737,0.19342608189142196,0.21785615243128853,0.024430070539866545,-0.027673288204743747,0.050073783246086204,5.799999999999958,-0.11069315281897361,0.044705778319682095
105,12,2,sharedreward,multi-echo,tedana,sr_outcome_primary,Punish-Neutral,5.207000000000022,-0.038734449546005585,0.061977028071500594,0.8999999999999755,-0.20169027878605195,0.06713588502298683,0.2688261638090387,-0.12231493586208905,-0.0572273071117253,5.599999999999959,-0.4892597434483501,-0.07134084951433121
105,12,2,sharedreward,multi-echo,tedana,sr_outcome_primary,Reward-Punish,5.207000000000022,0.07588176698242216,0.1167412613130137,3.299999999999967,0.39511636067747385,0.39511636067747385,0.0,0.0946416476573453,0.12351048433706799,6.499999999999956,0.3785665906293765,0.1160466278340133
105,12,2,sharedreward,multi-echo,tedana,sr_decision_by_future_outcome_extra,Reward-Neutral,6.0,0.055397152549921794,0.2368114054223927,0.2999999999999776,0.3323829152995284,0.35945884965309016,0.02707593435356169,0.025814217132663023,0.0957175293376565,7.199999999999953,0.1032568685306508,-0.0027329959022073325
105,12,2,sharedreward,multi-echo,tedana,sr_decision_by_future_outcome_extra,Punish-Neutral,6.0,0.03536704454434389,0.17236739549862531,0.7999999999999758,0.2122022672660618,0.29561076749246384,0.08340850022640207,-0.044746291911575656,0.0231910353905227,4.899999999999961,-0.1789851676463004,-0.035565843841824006
105,12,2,sharedreward,multi-echo,tedana,sr_decision_by_future_outcome_extra,Reward-Punish,6.0,0.02003010800557791,0.16174205328767002,0.0,0.1201806480334666,0.2367723954737656,0.11659174744029902,0.07056050904423868,0.1776216618309786,7.499999999999952,0.2822420361769512,0.032832847939616674
105,12,2,sharedreward,single-echo,fmriprep,sr_decision_partner_extra,Computer-Stranger,6.0,0.09660647385736265,0.2665923813145218,1.0999999999999748,0.5796388431441718,0.6079857354758403,0.028346892331668566,0.1100700103252056,0.22941507499337,6.199999999999957,0.4402800413008169,0.2247016299432429
105,12,2,sharedreward,single-echo,fmriprep,sr_outcome_primary,Reward-Neutral,5.207000000000022,0.09502108882807646,0.4349138524167841,2.699999999999969,0.4947748095277962,1.0514942516094647,0.5567194420816688,0.1628958991385015,0.2982181064044107,4.999999999999961,0.6515835965539979,0.24451747786940278
105,12,2,sharedreward,single-echo,fmriprep,sr_outcome_primary,Punish-Neutral,5.207000000000022,0.09740976646403103,0.3674245152937992,2.39999999999997,0.5072126539782117,0.8014617075607371,0.29424905358252545,0.04473252577855787,0.1677160089652531,5.799999999999958,0.17893010311422927,0.14171264925151691
105,12,2,sharedreward,single-echo,fmriprep,sr_outcome_primary,Reward-Punish,5.207000000000022,-0.002388677635954555,0.15062477025860999,4.699999999999962,-0.012437844450415422,0.33833471061573256,0.3507725550661479,0.11816337335994365,0.1926311273456209,7.99999999999995,0.4726534934397687,0.10280482861788587
105,12,2,sharedreward,single-echo,fmriprep,sr_decision_by_future_outcome_extra,Reward-Neutral,6.0,-0.17803640584183186,0.22106592280161116,0.0,-1.0682184350509836,0.191295615162819,1.2595140502138022,-0.015412740363234229,0.3210159304620128,7.99999999999995,-0.06165096145293615,0.11305318139929517
105,12,2,sharedreward,single-echo,fmriprep,sr_decision_by_future_outcome_extra,Punish-Neutral,6.0,-0.09094843380336938,0.3368729189140779,5.999999999999957,-0.5456906028202124,0.18157960285643462,0.727270205676647,0.09791154949040218,0.3368729189140779,5.999999999999957,0.3916461979616038,0.33687291891407656
105,12,2,sharedreward,single-echo,fmriprep,sr_decision_by_future_outcome_extra,Reward-Punish,6.0,-0.08708797203846244,0.22787816543184847,0.0,-0.5225278322307709,0.1700667969499715,0.6925946291807424,-0.1133242898536364,0.1250736660413268,7.99999999999995,-0.45329715941453996,-0.2238197375147814
105,12,2,sharedreward,single-echo,tedana,sr_decision_partner_extra,Computer-Stranger,6.0,0.0727246141925516,0.202673495514335,5.999999999999957,0.43634768515530653,0.44556749539658724,0.009219810241280681,0.12553718448523368,0.202673495514335,5.999999999999957,0.5021487379409285,0.20267349551433467
105,12,2,sharedreward,single-echo,tedana,sr_outcome_primary,Reward-Neutral,5.207000000000022,-0.010110017855253409,0.2106038502313432,3.0999999999999677,-0.05264286297230472,0.4828031551056619,0.5354460180779665,0.11400917590251569,0.16747909233779568,4.999999999999961,0.4560367036100571,0.1465537142375446
105,12,2,sharedreward,single-echo,tedana,sr_outcome_primary,Punish-Neutral,5.207000000000022,-0.040780757283212406,0.1388850040147112,2.8999999999999684,-0.2123454031736879,0.20788462499417726,0.42023002816786525,-0.07639327815093885,0.04528039605664203,4.0,-0.30557311260375164,-0.05512899469372037
105,12,2,sharedreward,single-echo,tedana,sr_outcome_primary,Reward-Punish,5.207000000000022,0.030670739427959007,0.2245132818788162,5.207000000000022,0.15970254020138322,0.306078462359966,0.14637592215858278,0.19040245405345455,0.2636906059585693,7.99999999999995,0.7616098162138087,0.201682708931265
105,12,2,sharedreward,single-echo,tedana,sr_decision_by_future_outcome_extra,Reward-Neutral,6.0,-0.0858848404033256,0.4283756881930085,0.7999999999999758,-0.5153090424199499,0.5653387143541164,1.0806477567740662,-0.09651652227977665,0.1705140318960216,7.99999999999995,-0.38606608911910184,0.006397540637495994
105,12,2,sharedreward,single-echo,tedana,sr_decision_by_future_outcome_extra,Punish-Neutral,6.0,-0.025002720408590036,0.313062361943218,0.7999999999999758,-0.15001632245153915,0.4963869293387748,0.6464032517903141,-0.056594268760220355,0.0877880164863747,6.099999999999957,-0.22637707504087862,0.08505076213529547
105,12,2,sharedreward,single-echo,tedana,sr_decision_by_future_outcome_extra,Reward-Punish,6.0,-0.060882119994735556,0.1365036991161518,0.1999999999999779,-0.36529271996841073,0.13661009926640624,0.5019028192348169,-0.039922253519556326,0.1292971836091927,7.699999999999951,-0.1596890140782233,-0.07865322149779948
