feat,sub,ses,task,run,echo,confounds,space,roi,plot_group,contrast,safe_end_s,safe_mean,safe_peak,safe_tpeak,safe_auc_signed,safe_auc_pos,safe_auc_neg_abs,canon_mean,canon_peak,canon_tpeak,canon_auc_signed,value_at_6s
/home/tug87422/scratch/smithlab-shared/night-owls/derivatives/fsl/sub-101/ses-01/L1_sub-101_ses-01_task-mid_model-1_type-act_run-1_space-mni_multi-echo_cnfds-fmriprep_unsmoothed_FIR.feat,101,1,mid,1,multi-echo,fmriprep,mni,NAcc,mid_anticipation_primary,Reward-Neutral,5.0,-6.253151458538101,9.664590950997622,5.0,-31.265757292690505,8.739531544265526,40.005288836956026,9.614005589792793,15.652929782867432,6.46,38.45602235917117,13.766192890634478
/home/tug87422/scratch/smithlab-shared/night-owls/derivatives/fsl/sub-101/ses-01/L1_sub-101_ses-01_task-mid_model-1_type-act_run-1_space-mni_multi-echo_cnfds-fmriprep_unsmoothed_FIR.feat,101,1,mid,1,multi-echo,fmriprep,mni,NAcc,mid_feedback_extra,Positive-Negative,6.0,8.34634606181003,30.864821299910545,4.845,50.078076370860174,75.54048562636478,25.462409255504603,14.766052480105705,30.864821299910545,4.845,59.06420992042282,11.424465300682527
/home/tug87422/scratch/smithlab-shared/night-owls/derivatives/fsl/sub-101/ses-01/L1_sub-101_ses-01_task-mid_model-1_type-act_run-1_space-mni_multi-echo_cnfds-tedana_unsmoothed_FIR.feat,101,1,mid,1,multi-echo,tedana,mni,NAcc,mid_anticipation_primary,Reward-Neutral,5.0,-1.287782582292985,29.39914499495421,5.0,-6.438912911464924,29.537372350642926,35.97628526210785,32.8087561678605,39.96007341497085,8.0,131.235024671442,35.035044798540994
/home/tug87422/scratch/smithlab-shared/night-owls/derivatives/fsl/sub-101/ses-01/L1_sub-101_ses-01_task-mid_model-1_type-act_run-1_space-mni_multi-echo_cnfds-tedana_unsmoothed_FIR.feat,101,1,mid,1,multi-echo,tedana,mni,NAcc,mid_feedback_extra,Positive-Negative,6.0,-0.9831442574882961,17.082987785339355,0.0,-5.898865544929777,40.26546286331149,46.164328408241275,3.490287561518352,16.55547469854355,4.845,13.961150246073409,0.9800971661558816
/home/tug87422/scratch/smithlab-shared/night-owls/derivatives/fsl/sub-101/ses-01/L1_sub-101_ses-01_task-mid_model-1_type-act_run-1_space-mni_single-echo_cnfds-fmriprep_unsmoothed_FIR.feat,101,1,mid,1,single-echo,fmriprep,mni,NAcc,mid_anticipation_primary,Reward-Neutral,5.0,-11.200486395378968,5.42193603515625,0.0,-56.00243197689484,4.378213348388672,60.38064532528351,-15.742993694000388,-7.931001424789429,4.845,-62.97197477600155,-8.419251185083537
/home/tug87422/scratch/smithlab-shared/night-owls/derivatives/fsl/sub-101/ses-01/L1_sub-101_ses-01_task-mid_model-1_type-act_run-1_space-mni_single-echo_cnfds-fmriprep_unsmoothed_FIR.feat,101,1,mid,1,single-echo,fmriprep,mni,NAcc,mid_feedback_extra,Positive-Negative,6.0,9.613569444876829,30.756309509277344,4.845,57.68141666926097,57.68141666926097,0.0,15.343714411229175,30.756309509277344,4.845,61.3748576449167,9.002774755283035
/home/tug87422/scratch/smithlab-shared/night-owls/derivatives/fsl/sub-101/ses-01/L1_sub-101_ses-01_task-mid_model-1_type-act_run-1_space-mni_single-echo_cnfds-tedana_unsmoothed_FIR.feat,101,1,mid,1,single-echo,tedana,mni,NAcc,mid_anticipation_primary,Reward-Neutral,5.0,-5.19092457697635,5.484407424926758,0.0,-25.95462288488175,6.569564070701599,32.52418695558335,-7.416713543836918,0.960452079772951,6.46,-29.666854175347673,-0.8418567025624545
/home/tug87422/scratch/smithlab-shared/night-owls/derivatives/fsl/sub-101/ses-01/L1_sub-101_ses-01_task-mid_model-1_type-act_run-1_space-mni_single-echo_cnfds-tedana_unsmoothed_FIR.feat,101,1,mid,1,single-echo,tedana,mni,NAcc,mid_feedback_extra,Positive-Negative,6.0,2.001304954307613,22.070106506347656,4.845,12.00782972584568,30.57175656795502,18.56392684210934,4.478983136140527,22.070106506347656,4.845,17.915932544562107,-4.097855423257081
/home/tug87422/scratch/smithlab-shared/night-owls/derivatives/fsl/sub-101/ses-01/L1_sub-101_ses-01_task-mid_model-1_type-act_run-2_space-mni_multi-echo_cnfds-fmriprep_unsmoothed_FIR.feat,101,1,mid,2,multi-echo,fmriprep,mni,NAcc,mid_anticipation_primary,Reward-Neutral,5.0,-17.62327835670732,-11.352372169494634,4.845,-88.1163917835366,0.0,88.1163917835366,-14.894030195288476,-9.577087685419674,8.0,-59.576120781153904,-18.27534490140968
/home/tug87422/scratch/smithlab-shared/night-owls/derivatives/fsl/sub-101/ses-01/L1_sub-101_ses-01_task-mid_model-1_type-act_run-2_space-mni_multi-echo_cnfds-fmriprep_unsmoothed_FIR.feat,101,1,mid,2,multi-echo,fmriprep,mni,NAcc,mid_feedback_extra,Positive-Negative,6.0,24.12242482480865,49.62521743774414,3.23,144.7345489488519,156.4240728317178,11.689523882865908,15.90340630167501,35.349613501191506,4.0,63.61362520670004,20.83444597994211
/home/tug87422/scratch/smithlab-shared/night-owls/derivatives/fsl/sub-101/ses-01/L1_sub-101_ses-01_task-mid_model-1_type-act_run-2_space-mni_multi-echo_cnfds-tedana_unsmoothed_FIR.feat,101,1,mid,2,multi-echo,tedana,mni,NAcc,mid_anticipation_primary,Reward-Neutral,5.0,-24.952951298834,-16.99536371231079,0.0,-124.76475649417002,0.0,124.76475649417002,-29.65683160079153,-21.853291783170427,8.0,-118.62732640316612,-34.330034400656494
/home/tug87422/scratch/smithlab-shared/night-owls/derivatives/fsl/sub-101/ses-01/L1_sub-101_ses-01_task-mid_model-1_type-act_run-2_space-mni_multi-echo_cnfds-tedana_unsmoothed_FIR.feat,101,1,mid,2,multi-echo,tedana,mni,NAcc,mid_feedback_extra,Positive-Negative,6.0,29.44576476322239,59.1964168548584,3.23,176.67458857933434,179.83142521778495,3.1568366384506255,24.344424761037338,41.412208462647236,4.0,97.37769904414935,31.02999861690651
/home/tug87422/scratch/smithlab-shared/night-owls/derivatives/fsl/sub-101/ses-01/L1_sub-101_ses-01_task-mid_model-1_type-act_run-2_space-mni_single-echo_cnfds-fmriprep_unsmoothed_FIR.feat,101,1,mid,2,single-echo,fmriprep,mni,NAcc,mid_anticipation_primary,Reward-Neutral,5.0,-1.8909497118147072,29.88079261779785,4.845,-9.454748559073536,59.955537786780866,69.4102863458544,11.283530451400498,29.88079261779785,4.845,45.13412180560199,10.452826793717893
/home/tug87422/scratch/smithlab-shared/night-owls/derivatives/fsl/sub-101/ses-01/L1_sub-101_ses-01_task-mid_model-1_type-act_run-2_space-mni_single-echo_cnfds-fmriprep_unsmoothed_FIR.feat,101,1,mid,2,single-echo,fmriprep,mni,NAcc,mid_feedback_extra,Positive-Negative,6.0,22.116439615724563,77.13846707344055,0.0,132.69863769434738,170.01707550667572,37.31843781232834,12.12749396616552,32.01964979644161,4.0,48.50997586466208,20.148317774013837
/home/tug87422/scratch/smithlab-shared/night-owls/derivatives/fsl/sub-101/ses-01/L1_sub-101_ses-01_task-mid_model-1_type-act_run-2_space-mni_single-echo_cnfds-tedana_unsmoothed_FIR.feat,101,1,mid,2,single-echo,tedana,mni,NAcc,mid_anticipation_primary,Reward-Neutral,5.0,-14.095687323889868,6.901585578918457,3.23,-70.47843661944934,14.783593307327557,85.26202992677689,-12.487998004772532,5.508754012754457,4.0,-49.95199201909013,-14.621353109554613
/home/tug87422/scratch/smithlab-shared/night-owls/derivatives/fsl/sub-101/ses-01/L1_sub-101_ses-01_task-mid_model-1_type-act_run-2_space-mni_single-echo_cnfds-tedana_unsmoothed_FIR.feat,101,1,mid,2,single-echo,tedana,mni,NAcc,mid_feedback_extra,Positive-Negative,6.0,30.682402630829554,76.86819362640381,0.0,184.09441578497731,205.82530541022865,21.730889625251294,21.64085359334945,41.45475830160796,4.0,86.5634143733978,32.17976777103294
/home/tug87422/scratch/smithlab-shared/night-owls/derivatives/fsl/sub-101/ses-01/L1_sub-101_ses-01_task-sharedreward_model-1_type-act_run-1_space-mni_multi-echo_cnfds-fmriprep_unsmoothed_FIR.feat,101,1,sharedreward,1,multi-echo,fmriprep,mni,NAcc,sr_decision_partner_extra,Computer-Stranger,6.0,2.5792751095263284,23.033803877446676,6.0,15.47565065715797,46.710554879646374,31.234904222488403,19.228023607878725,30.044819624800432,8.0,76.9120944315149,23.033803877446676
/home/tug87422/scratch/smithlab-shared/night-owls/derivatives/fsl/sub-101/ses-01/L1_sub-101_ses-01_task-sharedreward_model-1_type-act_run-1_space-mni_multi-echo_cnfds-fmriprep_unsmoothed_FIR.feat,101,1,sharedreward,1,multi-echo,fmriprep,mni,NAcc,sr_outcome_primary,Reward-Neutral,6.0,20.029433800574427,51.38357067108154,4.845,120.17660280344656,120.17660280344656,0.0,9.994715484685202,51.38357067108154,4.845,39.978861938740806,5.082747905246979
/home/tug87422/scratch/smithlab-shared/night-owls/derivatives/fsl/sub-101/ses-01/L1_sub-101_ses-01_task-sharedreward_model-1_type-act_run-1_space-mni_multi-echo_cnfds-fmriprep_unsmoothed_FIR.feat,101,1,sharedreward,1,multi-echo,fmriprep,mni,NAcc,sr_outcome_primary,Punish-Neutral,6.0,31.153117851154388,46.679697036743164,3.23,186.91870710692632,186.91870710692632,0.0,15.391862128600247,38.20563373624725,4.0,61.567448514400986,12.764186268620444
/home/tug87422/scratch/smithlab-shared/night-owls/derivatives/fsl/sub-101/ses-01/L1_sub-101_ses-01_task-sharedreward_model-1_type-act_run-1_space-mni_multi-echo_cnfds-fmriprep_unsmoothed_FIR.feat,101,1,sharedreward,1,multi-echo,fmriprep,mni,NAcc,sr_outcome_primary,Reward-Punish,6.0,-11.123684050579959,22.47739601135254,4.845,-66.74210430347975,31.131193475723265,97.87329777920301,-5.397146643915043,22.47739601135254,4.845,-21.588586575660173,-7.681438363373467
/home/tug87422/scratch/smithlab-shared/night-owls/derivatives/fsl/sub-101/ses-01/L1_sub-101_ses-01_task-sharedreward_model-1_type-act_run-1_space-mni_multi-echo_cnfds-tedana_unsmoothed_FIR.feat,101,1,sharedreward,1,multi-echo,tedana,mni,NAcc,sr_decision_partner_extra,Computer-Stranger,6.0,9.621452112330742,31.205372019079817,6.0,57.72871267398445,68.07605089267342,10.347338218688964,28.107729716849036,34.4060640335083,6.46,112.43091886739614,31.205372019079817
/home/tug87422/scratch/smithlab-shared/night-owls/derivatives/fsl/sub-101/ses-01/L1_sub-101_ses-01_task-sharedreward_model-1_type-act_run-1_space-mni_multi-echo_cnfds-tedana_unsmoothed_FIR.feat,101,1,sharedreward,1,multi-echo,tedana,mni,NAcc,sr_outcome_primary,Reward-Neutral,6.0,16.791794172200625,40.44697713851929,4.845,100.75076503320375,105.47758507490158,4.726820041697835,-6.400252756297405,40.44697713851929,4.845,-25.60101102518962,-8.184969769173739
/home/tug87422/scratch/smithlab-shared/night-owls/derivatives/fsl/sub-101/ses-01/L1_sub-101_ses-01_task-sharedreward_model-1_type-act_run-1_space-mni_multi-echo_cnfds-tedana_unsmoothed_FIR.feat,101,1,sharedreward,1,multi-echo,tedana,mni,NAcc,sr_outcome_primary,Punish-Neutral,6.0,23.57695125776763,47.97857093811035,0.0,141.46170754660577,141.46170754660577,0.0,3.465851199078852,22.742352385269967,4.0,13.863404796315407,10.782179327572099
/home/tug87422/scratch/smithlab-shared/night-owls/derivatives/fsl/sub-101/ses-01/L1_sub-101_ses-01_task-sharedreward_model-1_type-act_run-1_space-mni_multi-echo_cnfds-tedana_unsmoothed_FIR.feat,101,1,sharedreward,1,multi-echo,tedana,mni,NAcc,sr_outcome_primary,Reward-Punish,6.0,-6.785157085567007,29.2116756439209,4.845,-40.71094251340204,40.45817076683045,81.1691132802325,-9.866103955376259,29.2116756439209,4.845,-39.464415821505035,-18.967149096745832
/home/tug87422/scratch/smithlab-shared/night-owls/derivatives/fsl/sub-101/ses-01/L1_sub-101_ses-01_task-sharedreward_model-1_type-act_run-1_space-mni_single-echo_cnfds-fmriprep_unsmoothed_FIR.feat,101,1,sharedreward,1,single-echo,fmriprep,mni,NAcc,sr_decision_partner_extra,Computer-Stranger,6.0,7.053964841061948,33.878294944763184,1.615,42.32378904637169,90.58881140526604,48.26502235889434,12.326140877790866,18.212470054626465,4.845,49.304563511163465,14.037782500771915
/home/tug87422/scratch/smithlab-shared/night-owls/derivatives/fsl/sub-101/ses-01/L1_sub-101_ses-01_task-sharedreward_model-1_type-act_run-1_space-mni_single-echo_cnfds-fmriprep_unsmoothed_FIR.feat,101,1,sharedreward,1,single-echo,fmriprep,mni,NAcc,sr_outcome_primary,Reward-Neutral,6.0,25.805535547291658,51.21480751037598,0.0,154.83321328374996,154.83321328374996,0.0,16.742760699445796,42.5225510597229,4.845,66.97104279778318,23.262300119311448
/home/tug87422/scratch/smithlab-shared/night-owls/derivatives/fsl/sub-101/ses-01/L1_sub-101_ses-01_task-sharedreward_model-1_type-act_run-1_space-mni_single-echo_cnfds-fmriprep_unsmoothed_FIR.feat,101,1,sharedreward,1,single-echo,fmriprep,mni,NAcc,sr_outcome_primary,Punish-Neutral,6.0,36.59961027151537,56.97158908843994,3.23,219.59766162909222,219.59766162909222,0.0,20.138879763124155,48.301761574051326,4.0,80.55551905249662,22.628753225131668
/home/tug87422/scratch/smithlab-shared/night-owls/derivatives/fsl/sub-101/ses-01/L1_sub-101_ses-01_task-sharedreward_model-1_type-act_run-1_space-mni_single-echo_cnfds-fmriprep_unsmoothed_FIR.feat,101,1,sharedreward,1,single-echo,fmriprep,mni,NAcc,sr_outcome_primary,Reward-Punish,6.0,-10.794074724223712,13.817496299743652,0.0,-64.76444834534227,16.696588389238705,81.46103673458097,-3.396119063678356,3.7350807189941406,4.845,-13.584476254713424,0.6335468941797777
/home/tug87422/scratch/smithlab-shared/night-owls/derivatives/fsl/sub-101/ses-01/L1_sub-101_ses-01_task-sharedreward_model-1_type-act_run-1_space-mni_single-echo_cnfds-tedana_unsmoothed_FIR.feat,101,1,sharedreward,1,single-echo,tedana,mni,NAcc,sr_decision_partner_extra,Computer-Stranger,6.0,11.30112170829708,33.05528545379639,1.615,67.80673024978248,107.32212274398414,39.51539249420166,16.338240067880406,26.95403480529785,4.845,65.35296027152162,18.100574855095832
/home/tug87422/scratch/smithlab-shared/night-owls/derivatives/fsl/sub-101/ses-01/L1_sub-101_ses-01_task-sharedreward_model-1_type-act_run-1_space-mni_single-echo_cnfds-tedana_unsmoothed_FIR.feat,101,1,sharedreward,1,single-echo,tedana,mni,NAcc,sr_outcome_primary,Reward-Neutral,6.0,33.00828991485884,58.677513122558594,0.0,198.04973948915307,198.04973948915307,0.0,12.227392685342771,44.040751457214355,4.845,48.909570741371084,22.722617778246615
/home/tug87422/scratch/smithlab-shared/night-owls/derivatives/fsl/sub-101/ses-01/L1_sub-101_ses-01_task-sharedreward_model-1_type-act_run-1_space-mni_single-echo_cnfds-tedana_unsmoothed_FIR.feat,101,1,sharedreward,1,single-echo,tedana,mni,NAcc,sr_outcome_primary,Punish-Neutral,6.0,34.38771634994769,52.13126182556152,0.0,206.3262980996861,206.3262980996861,0.0,9.340628822499378,35.40349037359373,4.0,37.36251528999751,19.956767699297735
/home/tug87422/scratch/smithlab-shared/night-owls/derivatives/fsl/sub-101/ses-01/L1_sub-101_ses-01_task-sharedreward_model-1_type-act_run-1_space-mni_single-echo_cnfds-tedana_unsmoothed_FIR.feat,101,1,sharedreward,1,single-echo,tedana,mni,NAcc,sr_outcome_primary,Reward-Punish,6.0,-1.3794264350888392,18.190719604492188,4.845,-8.276558610533035,48.97383456435366,57.250393174886696,2.8867638628433925,18.190719604492188,4.845,11.54705545137357,2.765850078948879
/home/tug87422/scratch/smithlab-shared/night-owls/derivatives/fsl/sub-101/ses-01/L1_sub-101_ses-01_task-sharedreward_model-1_type-act_run-2_space-mni_multi-echo_cnfds-fmriprep_unsmoothed_FIR.feat,101,1,sharedreward,2,multi-echo,fmriprep,mni,NAcc,sr_decision_partner_extra,Computer-Stranger,6.0,-32.917083080981364,1.7162548303604126,1.615,-197.50249848588817,2.7717515510320663,200.27425003692022,-49.3694303189756,-37.89962497353554,6.46,-197.4777212759024,-44.61448029495614
/home/tug87422/scratch/smithlab-shared/night-owls/derivatives/fsl/sub-101/ses-01/L1_sub-101_ses-01_task-sharedreward_model-1_type-act_run-2_space-mni_multi-echo_cnfds-fmriprep_unsmoothed_FIR.feat,101,1,sharedreward,2,multi-echo,fmriprep,mni,NAcc,sr_outcome_primary,Reward-Neutral,6.0,2.9332248084796118,35.59439182281494,1.615,17.59934885087767,76.37184929195205,58.77250044107437,13.17296487728601,22.29671859741211,6.46,52.69185950914404,17.724998875668177
/home/tug87422/scratch/smithlab-shared/night-owls/derivatives/fsl/sub-101/ses-01/L1_sub-101_ses-01_task-sharedreward_model-1_type-act_run-2_space-mni_multi-echo_cnfds-fmriprep_unsmoothed_FIR.feat,101,1,sharedreward,2,multi-echo,fmriprep,mni,NAcc,sr_outcome_primary,Punish-Neutral,6.0,8.962882328284413,59.472238540649414,1.615,53.77729396970648,96.8392767047882,43.06198273508173,-14.109318908102374,-4.314106601679651,8.0,-56.437275632409495,-17.804229535554583
/home/tug87422/scratch/smithlab-shared/night-owls/derivatives/fsl/sub-101/ses-01/L1_sub-101_ses-01_task-sharedreward_model-1_type-act_run-2_space-mni_multi-echo_cnfds-fmriprep_unsmoothed_FIR.feat,101,1,sharedreward,2,multi-echo,fmriprep,mni,NAcc,sr_outcome_primary,Reward-Punish,6.0,-6.029657519804804,35.52922841122276,6.0,-36.17794511882882,53.22746783883949,89.4054129576683,27.282283785388376,40.27355194091797,6.46,109.1291351415535,35.52922841122276
/home/tug87422/scratch/smithlab-shared/night-owls/derivatives/fsl/sub-101/ses-01/L1_sub-101_ses-01_task-sharedreward_model-1_type-act_run-2_space-mni_multi-echo_cnfds-tedana_unsmoothed_FIR.feat,101,1,sharedreward,2,multi-echo,tedana,mni,NAcc,sr_decision_partner_extra,Computer-Stranger,6.0,-33.74661097531463,-4.5354669988155365,1.615,-202.4796658518878,0.0,202.4796658518878,-49.02327690990394,-39.64588809013367,6.46,-196.09310763961577,-43.80022391224793
/home/tug87422/scratch/smithlab-shared/night-owls/derivatives/fsl/sub-101/ses-01/L1_sub-101_ses-01_task-sharedreward_model-1_type-act_run-2_space-mni_multi-echo_cnfds-tedana_unsmoothed_FIR.feat,101,1,sharedreward,2,multi-echo,tedana,mni,NAcc,sr_outcome_primary,Reward-Neutral,6.0,1.7874040533194726,37.66967964172363,1.615,10.724424319916835,69.74313464468109,59.01871032476424,12.61774265382681,25.258334549587946,8.0,50.47097061530724,15.422687486229298
/home/tug87422/scratch/smithlab-shared/night-owls/derivatives/fsl/sub-101/ses-01/L1_sub-101_ses-01_task-sharedreward_model-1_type-act_run-2_space-mni_multi-echo_cnfds-tedana_unsmoothed_FIR.feat,101,1,sharedreward,2,multi-echo,tedana,mni,NAcc,sr_outcome_primary,Punish-Neutral,6.0,4.909787863938308,53.652992248535156,1.615,29.45872718362985,88.79775106430054,59.33902388067069,-17.28586493456511,9.469728289742969,8.0,-69.14345973826045,-24.25774963130892
/home/tug87422/scratch/smithlab-shared/night-owls/derivatives/fsl/sub-101/ses-01/L1_sub-101_ses-01_task-sharedreward_model-1_type-act_run-2_space-mni_multi-echo_cnfds-tedana_unsmoothed_FIR.feat,101,1,sharedreward,2,multi-echo,tedana,mni,NAcc,sr_outcome_primary,Reward-Punish,6.0,-3.1223838106188353,39.68043711753822,6.0,-18.734302863713012,60.27874305522849,79.0130459189415,29.90360758839192,44.73977279663086,6.46,119.61443035356768,39.68043711753822
/home/tug87422/scratch/smithlab-shared/night-owls/derivatives/fsl/sub-101/ses-01/L1_sub-101_ses-01_task-sharedreward_model-1_type-act_run-2_space-mni_single-echo_cnfds-fmriprep_unsmoothed_FIR.feat,101,1,sharedreward,2,single-echo,fmriprep,mni,NAcc,sr_decision_partner_extra,Computer-Stranger,6.0,-32.678260533937916,-24.655440334934198,6.0,-196.0695632036275,0.0,196.0695632036275,-31.481844235065367,-21.289306163787842,6.46,-125.92737694026147,-24.655440334934198
/home/tug87422/scratch/smithlab-shared/night-owls/derivatives/fsl/sub-101/ses-01/L1_sub-101_ses-01_task-sharedreward_model-1_type-act_run-2_space-mni_single-echo_cnfds-fmriprep_unsmoothed_FIR.feat,101,1,sharedreward,2,single-echo,fmriprep,mni,NAcc,sr_outcome_primary,Reward-Neutral,6.0,-32.064302025500716,6.986499309539795,1.615,-192.38581215300428,11.283196384906768,203.66900853791103,-5.725766764959496,24.345780859790725,8.0,-22.903067059837984,-1.472474868821652
/home/tug87422/scratch/smithlab-shared/night-owls/derivatives/fsl/sub-101/ses-01/L1_sub-101_ses-01_task-sharedreward_model-1_type-act_run-2_space-mni_single-echo_cnfds-fmriprep_unsmoothed_FIR.feat,101,1,sharedreward,2,single-echo,fmriprep,mni,NAcc,sr_outcome_primary,Punish-Neutral,6.0,10.046112914602238,46.00221109390259,1.615,60.27667748761343,107.12892040014266,46.852242912529235,-0.2375171735206889,21.017967224121094,4.845,-0.9500686940827556,-4.715249667226715
/home/tug87422/scratch/smithlab-shared/night-owls/derivatives/fsl/sub-101/ses-01/L1_sub-101_ses-01_task-sharedreward_model-1_type-act_run-2_space-mni_single-echo_cnfds-fmriprep_unsmoothed_FIR.feat,101,1,sharedreward,2,single-echo,fmriprep,mni,NAcc,sr_outcome_primary,Reward-Punish,6.0,-42.11041494010295,3.2427747984050668,6.0,-252.6624896406177,1.8727024460789266,254.53519208669664,-5.488249591438807,26.150931777968864,8.0,-21.952998365755228,3.2427747984050668
/home/tug87422/scratch/smithlab-shared/night-owls/derivatives/fsl/sub-101/ses-01/L1_sub-101_ses-01_task-sharedreward_model-1_type-act_run-2_space-mni_single-echo_cnfds-tedana_unsmoothed_FIR.feat,101,1,sharedreward,2,single-echo,tedana,mni,NAcc,sr_decision_partner_extra,Computer-Stranger,6.0,-34.59319216137454,-29.519332853264114,6.0,-207.55915296824725,0.0,207.55915296824725,-35.43877285910834,-28.427905082702637,6.46,-141.75509143643336,-29.519332853264114
/home/tug87422/scratch/smithlab-shared/night-owls/derivatives/fsl/sub-101/ses-01/L1_sub-101_ses-01_task-sharedreward_model-1_type-act_run-2_space-mni_single-echo_cnfds-tedana_unsmoothed_FIR.feat,101,1,sharedreward,2,single-echo,tedana,mni,NAcc,sr_outcome_primary,Reward-Neutral,6.0,-27.427246576717398,17.69951105117798,1.615,-164.5634794603044,30.017412642413987,194.58089210271837,-2.621959782216937,32.28574508041052,8.0,-10.487839128867748,2.480869774478879
/home/tug87422/scratch/smithlab-shared/night-owls/derivatives/fsl/sub-101/ses-01/L1_sub-101_ses-01_task-sharedreward_model-1_type-act_run-2_space-mni_single-echo_cnfds-tedana_unsmoothed_FIR.feat,101,1,sharedreward,2,single-echo,tedana,mni,NAcc,sr_outcome_primary,Punish-Neutral,6.0,15.406224799814785,45.85393953323364,1.615,92.4373487988887,117.87545626401902,25.4381074651303,4.233432587832387,21.80652618408203,4.845,16.933730351329547,-1.3707184454789498
/home/tug87422/scratch/smithlab-shared/night-owls/derivatives/fsl/sub-101/ses-01/L1_sub-101_ses-01_task-sharedreward_model-1_type-act_run-2_space-mni_single-echo_cnfds-tedana_unsmoothed_FIR.feat,101,1,sharedreward,2,single-echo,tedana,mni,NAcc,sr_outcome_primary,Reward-Punish,6.0,-42.83347137653218,3.851588219957825,6.0,-257.0008282591931,2.2242921970256444,259.22512045621875,-6.855392370049323,27.734891086816788,6.46,-27.42156948019729,3.851588219957825
/home/tug87422/scratch/smithlab-shared/night-owls/derivatives/fsl/sub-101/ses-02/L1_sub-101_ses-02_task-mid_model-1_type-act_run-1_space-mni_multi-echo_cnfds-fmriprep_unsmoothed_FIR.feat,101,2,mid,1,multi-echo,fmriprep,mni,NAcc,mid_anticipation_primary,Reward-Neutral,5.0,12.647802357943805,46.46315670013428,1.615,63.23901178971902,92.6007973422207,29.36178555250168,-2.7488463919792037,6.95798301696777,6.46,-10.995385567916815,5.856734290580629
/home/tug87422/scratch/smithlab-shared/night-owls/derivatives/fsl/sub-101/ses-02/L1_sub-101_ses-02_task-mid_model-1_type-act_run-1_space-mni_multi-echo_cnfds-fmriprep_unsmoothed_FIR.feat,101,2,mid,1,multi-echo,fmriprep,mni,NAcc,mid_feedback_extra,Positive-Negative,6.0,3.199357392491141,43.580442667007446,0.0,19.196144354946846,37.33831330955029,18.142168954603438,-11.046814531596269,-2.749767303466797,4.845,-44.187258126385075,-11.29410170475396
/home/tug87422/scratch/smithlab-shared/night-owls/derivatives/fsl/sub-101/ses-02/L1_sub-101_ses-02_task-mid_model-1_type-act_run-1_space-mni_multi-echo_cnfds-tedana_unsmoothed_FIR.feat,101,2,mid,1,multi-echo,tedana,mni,NAcc,mid_anticipation_primary,Reward-Neutral,5.0,9.506144359624054,43.97600173950195,1.615,47.53072179812027,81.42281706809997,33.89209526997971,-11.894916678076562,-1.0247306823730504,4.845,-47.57966671230625,-6.042918344031179
/home/tug87422/scratch/smithlab-shared/night-owls/derivatives/fsl/sub-101/ses-02/L1_sub-101_ses-02_task-mid_model-1_type-act_run-1_space-mni_multi-echo_cnfds-tedana_unsmoothed_FIR.feat,101,2,mid,1,multi-echo,tedana,mni,NAcc,mid_feedback_extra,Positive-Negative,6.0,-3.838433500546481,38.15364217758179,0.0,-23.030601003278885,30.809066058397292,53.83966706167618,-13.649003063999,-9.479177474975582,4.845,-54.596012255996,-10.427618059949609
/home/tug87422/scratch/smithlab-shared/night-owls/derivatives/fsl/sub-101/ses-02/L1_sub-101_ses-02_task-mid_model-1_type-act_run-1_space-mni_single-echo_cnfds-fmriprep_unsmoothed_FIR.feat,101,2,mid,1,single-echo,fmriprep,mni,NAcc,mid_anticipation_primary,Reward-Neutral,5.0,2.524710292706917,20.520362854003906,1.615,12.623551463534586,33.14038600921631,20.516834545681725,-26.528013921016054,-2.948068857192993,4.845,-106.11205568406422,-28.760909685778547
/home/tug87422/scratch/smithlab-shared/night-owls/derivatives/fsl/sub-101/ses-02/L1_sub-101_ses-02_task-mid_model-1_type-act_run-1_space-mni_single-echo_cnfds-fmriprep_unsmoothed_FIR.feat,101,2,mid,1,single-echo,fmriprep,mni,NAcc,mid_feedback_extra,Positive-Negative,6.0,9.281576101481463,25.344676971435547,3.23,55.689456608888776,63.00028291514143,7.3108263062526575,-4.982971017009612,11.995539272532742,4.0,-19.93188406803845,-6.29482101655966
/home/tug87422/scratch/smithlab-shared/night-owls/derivatives/fsl/sub-101/ses-02/L1_sub-101_ses-02_task-mid_model-1_type-act_run-1_space-mni_single-echo_cnfds-tedana_unsmoothed_FIR.feat,101,2,mid,1,single-echo,tedana,mni,NAcc,mid_anticipation_primary,Reward-Neutral,5.0,4.664391074639725,22.78425884246826,1.615,23.321955373198623,36.79657803058624,13.474622657387618,-32.4590405454023,-1.760068416595459,4.845,-129.8361621816092,-37.13850729679545
/home/tug87422/scratch/smithlab-shared/night-owls/derivatives/fsl/sub-101/ses-02/L1_sub-101_ses-02_task-mid_model-1_type-act_run-1_space-mni_single-echo_cnfds-tedana_unsmoothed_FIR.feat,101,2,mid,1,single-echo,tedana,mni,NAcc,mid_feedback_extra,Positive-Negative,6.0,-2.203720036590678,8.19207763671875,3.23,-13.222320219544068,15.706989939212797,28.929310158756863,-11.488520333777435,-0.7601585742489855,4.0,-45.95408133510974,-10.511196985333328
/home/tug87422/scratch/smithlab-shared/night-owls/derivatives/fsl/sub-101/ses-02/L1_sub-101_ses-02_task-mid_model-1_type-act_run-2_space-mni_multi-echo_cnfds-fmriprep_unsmoothed_FIR.feat,101,2,mid,2,multi-echo,fmriprep,mni,NAcc,mid_anticipation_primary,Reward-Neutral,5.0,-19.733991218914557,7.2028703689575195,1.615,-98.66995609457278,13.31369144320488,111.98364753777767,-13.151877220079257,8.030179977416992,6.46,-52.60750888031703,-6.307292589831275
/home/tug87422/scratch/smithlab-shared/night-owls/derivatives/fsl/sub-101/ses-02/L1_sub-101_ses-02_task-mid_model-1_type-act_run-2_space-mni_multi-echo_cnfds-fmriprep_unsmoothed_FIR.feat,101,2,mid,2,multi-echo,fmriprep,mni,NAcc,mid_feedback_extra,Positive-Negative,6.0,10.229950062282791,37.89900775000038,6.0,61.37970037369675,103.951888634103,42.57218826040626,31.92815797308465,44.32229423522949,6.46,127.7126318923386,37.89900775000038
/home/tug87422/scratch/smithlab-shared/night-owls/derivatives/fsl/sub-101/ses-02/L1_sub-101_ses-02_task-mid_model-1_type-act_run-2_space-mni_multi-echo_cnfds-tedana_unsmoothed_FIR.feat,101,2,mid,2,multi-echo,tedana,mni,NAcc,mid_anticipation_primary,Reward-Neutral,5.0,-22.52313036752559,4.018993377685547,1.615,-112.61565183762795,9.09462569475174,121.71027753237969,-12.025688669198068,18.290056228637695,6.46,-48.10275467679227,1.2842803518100452
/home/tug87422/scratch/smithlab-shared/night-owls/derivatives/fsl/sub-101/ses-02/L1_sub-101_ses-02_task-mid_model-1_type-act_run-2_space-mni_multi-echo_cnfds-tedana_unsmoothed_FIR.feat,101,2,mid,2,multi-echo,tedana,mni,NAcc,mid_feedback_extra,Positive-Negative,6.0,9.223900159368574,29.183651909370543,6.0,55.34340095621145,92.8879955397228,37.544594583511355,24.94239091744364,36.053754806518555,6.46,99.76956366977456,29.183651909370543
/home/tug87422/scratch/smithlab-shared/night-owls/derivatives/fsl/sub-101/ses-02/L1_sub-101_ses-02_task-mid_model-1_type-act_run-2_space-mni_single-echo_cnfds-fmriprep_unsmoothed_FIR.feat,101,2,mid,2,single-echo,fmriprep,mni,NAcc,mid_anticipation_primary,Reward-Neutral,5.0,-5.0740935575142725,7.70035982131958,1.615,-25.370467787571364,12.436081111431122,37.806548899002486,6.602420615788216,25.64913429047671,8.0,26.409682463152865,4.725342966085617
/home/tug87422/scratch/smithlab-shared/night-owls/derivatives/fsl/sub-101/ses-02/L1_sub-101_ses-02_task-mid_model-1_type-act_run-2_space-mni_single-echo_cnfds-fmriprep_unsmoothed_FIR.feat,101,2,mid,2,single-echo,fmriprep,mni,NAcc,mid_feedback_extra,Positive-Negative,6.0,17.416372668391286,58.901758099488056,6.0,104.49823601034771,116.68962269571912,12.191386685371398,46.11981819856277,68.92790412902832,6.46,184.47927279425107,58.901758099488056
/home/tug87422/scratch/smithlab-shared/night-owls/derivatives/fsl/sub-101/ses-02/L1_sub-101_ses-02_task-mid_model-1_type-act_run-2_space-mni_single-echo_cnfds-tedana_unsmoothed_FIR.feat,101,2,mid,2,single-echo,tedana,mni,NAcc,mid_anticipation_primary,Reward-Neutral,5.0,-5.719891839378942,6.451654434204102,1.615,-28.59945919689471,11.068959147066524,39.668418343961235,13.576610840119816,26.280856885408102,8.0,54.306443360479264,16.717808088651015
/home/tug87422/scratch/smithlab-shared/night-owls/derivatives/fsl/sub-101/ses-02/L1_sub-101_ses-02_task-mid_model-1_type-act_run-2_space-mni_single-echo_cnfds-tedana_unsmoothed_FIR.feat,101,2,mid,2,single-echo,tedana,mni,NAcc,mid_feedback_extra,Positive-Negative,6.0,30.392054060516713,74.5478667327125,6.0,182.35232436310028,191.88332346569274,9.530999102592467,60.35080186145962,85.11123466491699,6.46,241.4032074458385,74.5478667327125
/home/tug87422/scratch/smithlab-shared/night-owls/derivatives/fsl/sub-101/ses-02/L1_sub-101_ses-02_task-sharedreward_model-1_type-act_run-1_space-mni_multi-echo_cnfds-fmriprep_unsmoothed_FIR.feat,101,2,sharedreward,1,multi-echo,fmriprep,mni,NAcc,sr_decision_partner_extra,Computer-Stranger,6.0,-17.38597237029533,-5.895313262939453,0.0,-104.31583422177198,0.0,104.31583422177198,-31.304412602426098,-17.32667871599227,4.0,-125.21765040970439,-40.292005987728345
/home/tug87422/scratch/smithlab-shared/night-owls/derivatives/fsl/sub-101/ses-02/L1_sub-101_ses-02_task-sharedreward_model-1_type-act_run-1_space-mni_multi-echo_cnfds-fmriprep_unsmoothed_FIR.feat,101,2,sharedreward,1,multi-echo,fmriprep,mni,NAcc,sr_outcome_primary,Reward-Neutral,6.0,-27.492083195676898,42.999507904052734,0.0,-164.9524991740614,34.722102632522585,199.67460180658395,-8.674526758564653,-1.86651611328125,6.46,-34.69810703425861,-5.6429781478255885
/home/tug87422/scratch/smithlab-shared/night-owls/derivatives/fsl/sub-101/ses-02/L1_sub-101_ses-02_task-sharedreward_model-1_type-act_run-1_space-mni_multi-echo_cnfds-fmriprep_unsmoothed_FIR.feat,101,2,sharedreward,1,multi-echo,fmriprep,mni,NAcc,sr_outcome_primary,Punish-Neutral,6.0,-31.521121981247294,21.451784133911133,0.0,-189.12673188748377,17.32231568813324,206.44904757561702,-2.0996328338620787,31.946019010278103,8.0,-8.398531335448315,-3.8790577985922963
/home/tug87422/scratch/smithlab-shared/night-owls/derivatives/fsl/sub-101/ses-02/L1_sub-101_ses-02_task-sharedreward_model-1_type-act_run-1_space-mni_multi-echo_cnfds-fmriprep_unsmoothed_FIR.feat,101,2,sharedreward,1,multi-echo,fmriprep,mni,NAcc,sr_outcome_primary,Reward-Punish,6.0,4.029038785570392,21.5477237701416,0.0,24.174232713422352,30.428604436814783,6.254371723392435,-6.5748939247025735,7.924013555049896,4.845,-26.299575698810294,-1.7639203492332924
/home/tug87422/scratch/smithlab-shared/night-owls/derivatives/fsl/sub-101/ses-02/L1_sub-101_ses-02_task-sharedreward_model-1_type-act_run-1_space-mni_multi-echo_cnfds-tedana_unsmoothed_FIR.feat,101,2,sharedreward,1,multi-echo,tedana,mni,NAcc,sr_decision_partner_extra,Computer-Stranger,6.0,-20.560859376886253,-12.544958591461182,3.23,-123.36515626131751,0.0,123.36515626131751,-31.85490163451839,-14.595123711754294,4.0,-127.41960653807357,-40.85285614887627
/home/tug87422/scratch/smithlab-shared/night-owls/derivatives/fsl/sub-101/ses-02/L1_sub-101_ses-02_task-sharedreward_model-1_type-act_run-1_space-mni_multi-echo_cnfds-tedana_unsmoothed_FIR.feat,101,2,sharedreward,1,multi-echo,tedana,mni,NAcc,sr_outcome_primary,Reward-Neutral,6.0,-24.028123093450404,62.747952461242676,0.0,-144.16873856070242,50.66897161245346,194.83771017315587,-23.461714678167276,-12.989350953707376,8.0,-93.8468587126691,-28.75461510460443
/home/tug87422/scratch/smithlab-shared/night-owls/derivatives/fsl/sub-101/ses-02/L1_sub-101_ses-02_task-sharedreward_model-1_type-act_run-1_space-mni_multi-echo_cnfds-tedana_unsmoothed_FIR.feat,101,2,sharedreward,1,multi-echo,tedana,mni,NAcc,sr_outcome_primary,Punish-Neutral,6.0,-41.4120081622817,34.435688972473145,0.0,-248.47204897369022,27.806818845272065,276.2788678189623,-24.793858092977164,4.579290519926949,8.0,-99.17543237190866,-27.47557353087623
/home/tug87422/scratch/smithlab-shared/night-owls/derivatives/fsl/sub-101/ses-02/L1_sub-101_ses-02_task-sharedreward_model-1_type-act_run-1_space-mni_multi-echo_cnfds-tedana_unsmoothed_FIR.feat,101,2,sharedreward,1,multi-echo,tedana,mni,NAcc,sr_outcome_primary,Reward-Punish,6.0,17.383885068831304,28.31226348876953,0.0,104.30331041298783,105.04195692181587,0.7386465088280386,1.3321434148098845,23.720691680908203,4.845,5.328573659239538,-1.279041573728205
/home/tug87422/scratch/smithlab-shared/night-owls/derivatives/fsl/sub-101/ses-02/L1_sub-101_ses-02_task-sharedreward_model-1_type-act_run-1_space-mni_single-echo_cnfds-fmriprep_unsmoothed_FIR.feat,101,2,sharedreward,1,single-echo,fmriprep,mni,NAcc,sr_decision_partner_extra,Computer-Stranger,6.0,-30.904325518957478,-7.123882293701172,4.845,-185.42595311374487,0.0,185.42595311374487,-20.32114581815783,-7.123882293701172,4.845,-81.28458327263132,-25.226662709617028
/home/tug87422/scratch/smithlab-shared/night-owls/derivatives/fsl/sub-101/ses-02/L1_sub-101_ses-02_task-sharedreward_model-1_type-act_run-1_space-mni_single-echo_cnfds-fmriprep_unsmoothed_FIR.feat,101,2,sharedreward,1,single-echo,fmriprep,mni,NAcc,sr_outcome_primary,Reward-Neutral,6.0,-9.265293943394818,25.68671226501465,0.0,-55.591763660368905,44.652321384491934,100.24408504486084,5.985400705654926,31.482261043584018,8.0,23.941602822619704,9.387184420606301
/home/tug87422/scratch/smithlab-shared/night-owls/derivatives/fsl/sub-101/ses-02/L1_sub-101_ses-02_task-sharedreward_model-1_type-act_run-1_space-mni_single-echo_cnfds-fmriprep_unsmoothed_FIR.feat,101,2,sharedreward,1,single-echo,fmriprep,mni,NAcc,sr_outcome_primary,Punish-Neutral,6.0,-34.42853744642654,20.900295257568356,0.0,-206.57122467855922,17.282047576904297,223.85327225546348,-15.106325203888918,63.90797727248251,8.0,-60.42530081555567,-29.744888270233435
/home/tug87422/scratch/smithlab-shared/night-owls/derivatives/fsl/sub-101/ses-02/L1_sub-101_ses-02_task-sharedreward_model-1_type-act_run-1_space-mni_single-echo_cnfds-fmriprep_unsmoothed_FIR.feat,101,2,sharedreward,1,single-echo,fmriprep,mni,NAcc,sr_outcome_primary,Reward-Punish,6.0,25.16324350303172,43.96703004837036,1.615,150.9794610181903,150.9794610181903,0.0,21.091725909543843,44.530452728271484,6.46,84.36690363817537,39.13207269083974
/home/tug87422/scratch/smithlab-shared/night-owls/derivatives/fsl/sub-101/ses-02/L1_sub-101_ses-02_task-sharedreward_model-1_type-act_run-1_space-mni_single-echo_cnfds-tedana_unsmoothed_FIR.feat,101,2,sharedreward,1,single-echo,tedana,mni,NAcc,sr_decision_partner_extra,Computer-Stranger,6.0,-33.51236117859651,-3.93359375,4.845,-201.07416707157904,0.0,201.07416707157904,-23.67420120614601,-3.93359375,4.845,-94.69680482458404,-28.055356619158765
/home/tug87422/scratch/smithlab-shared/night-owls/derivatives/fsl/sub-101/ses-02/L1_sub-101_ses-02_task-sharedreward_model-1_type-act_run-1_space-mni_single-echo_cnfds-tedana_unsmoothed_FIR.feat,101,2,sharedreward,1,single-echo,tedana,mni,NAcc,sr_outcome_primary,Reward-Neutral,6.0,6.05645375405395,50.38036799430847,0.0,36.3387225243237,54.60310813009739,18.26438560577369,5.14004871587082,48.29094425591155,8.0,20.56019486348328,-3.387828200963259
/home/tug87422/scratch/smithlab-shared/night-owls/derivatives/fsl/sub-101/ses-02/L1_sub-101_ses-02_task-sharedreward_model-1_type-act_run-1_space-mni_single-echo_cnfds-tedana_unsmoothed_FIR.feat,101,2,sharedreward,1,single-echo,tedana,mni,NAcc,sr_outcome_primary,Punish-Neutral,6.0,-41.631893057441815,27.703981399536133,0.0,-249.7913583446509,22.37096498012543,272.1623233247763,-37.887980025742806,44.36340868805219,8.0,-151.55192010297122,-58.32494892203033
/home/tug87422/scratch/smithlab-shared/night-owls/derivatives/fsl/sub-101/ses-02/L1_sub-101_ses-02_task-sharedreward_model-1_type-act_run-1_space-mni_single-echo_cnfds-tedana_unsmoothed_FIR.feat,101,2,sharedreward,1,single-echo,tedana,mni,NAcc,sr_outcome_primary,Reward-Punish,6.0,47.68834681149576,70.640869140625,1.615,286.1300808689746,286.1300808689746,0.0,43.028028741613625,56.55983924865723,6.46,172.1121149664545,54.93712072106707
/home/tug87422/scratch/smithlab-shared/night-owls/derivatives/fsl/sub-101/ses-02/L1_sub-101_ses-02_task-sharedreward_model-1_type-act_run-2_space-mni_multi-echo_cnfds-fmriprep_unsmoothed_FIR.feat,101,2,sharedreward,2,multi-echo,fmriprep,mni,NAcc,sr_decision_partner_extra,Computer-Stranger,6.0,-11.890320974760934,3.2517595291137695,0.0,-71.34192584856561,2.625795819759369,73.96772166832498,-23.82350013677919,-3.208731651306154,4.845,-95.29400054711677,-17.962224144684644
/home/tug87422/scratch/smithlab-shared/night-owls/derivatives/fsl/sub-101/ses-02/L1_sub-101_ses-02_task-sharedreward_model-1_type-act_run-2_space-mni_multi-echo_cnfds-fmriprep_unsmoothed_FIR.feat,101,2,sharedreward,2,multi-echo,fmriprep,mni,NAcc,sr_outcome_primary,Reward-Neutral,6.0,9.84284168298215,39.412309646606445,0.0,59.057050097892905,100.02278464646164,40.96573454856872,20.345162432317395,44.14075530793276,8.0,81.38064972926958,25.481041028403645
/home/tug87422/scratch/smithlab-shared/night-owls/derivatives/fsl/sub-101/ses-02/L1_sub-101_ses-02_task-sharedreward_model-1_type-act_run-2_space-mni_multi-echo_cnfds-fmriprep_unsmoothed_FIR.feat,101,2,sharedreward,2,multi-echo,fmriprep,mni,NAcc,sr_outcome_primary,Punish-Neutral,6.0,23.47521190578493,56.777151107788086,1.615,140.8512714347096,155.41831342308237,14.5670419883728,32.241671254328764,53.36286270618439,6.46,128.96668501731506,41.05867348034685
/home/tug87422/scratch/smithlab-shared/night-owls/derivatives/fsl/sub-101/ses-02/L1_sub-101_ses-02_task-sharedreward_model-1_type-act_run-2_space-mni_multi-echo_cnfds-fmriprep_unsmoothed_FIR.feat,101,2,sharedreward,2,multi-echo,fmriprep,mni,NAcc,sr_outcome_primary,Reward-Punish,6.0,-13.632370222802777,7.295833587646486,0.0,-81.79422133681666,5.891385622024537,87.68560695884119,-11.896508822011366,2.2824584363783917,8.0,-47.586035288045466,-15.5776324519432
/home/tug87422/scratch/smithlab-shared/night-owls/derivatives/fsl/sub-101/ses-02/L1_sub-101_ses-02_task-sharedreward_model-1_type-act_run-2_space-mni_multi-echo_cnfds-tedana_unsmoothed_FIR.feat,101,2,sharedreward,2,multi-echo,tedana,mni,NAcc,sr_decision_partner_extra,Computer-Stranger,6.0,-16.530324482059086,2.3769826889038086,0.0,-99.18194689235452,1.9194135212898253,101.10136041364433,-34.030984745974145,-9.800871849060059,4.845,-136.12393898389658,-28.86266940739871
/home/tug87422/scratch/smithlab-shared/night-owls/derivatives/fsl/sub-101/ses-02/L1_sub-101_ses-02_task-sharedreward_model-1_type-act_run-2_space-mni_multi-echo_cnfds-tedana_unsmoothed_FIR.feat,101,2,sharedreward,2,multi-echo,tedana,mni,NAcc,sr_outcome_primary,Reward-Neutral,6.0,3.8151130092316254,37.98160457611084,0.0,22.890678055389753,53.78207466851079,30.89139661312103,7.2991575638631545,19.728124618530273,6.46,29.196630255452618,12.442179824545658
/home/tug87422/scratch/smithlab-shared/night-owls/derivatives/fsl/sub-101/ses-02/L1_sub-101_ses-02_task-sharedreward_model-1_type-act_run-2_space-mni_multi-echo_cnfds-tedana_unsmoothed_FIR.feat,101,2,sharedreward,2,multi-echo,tedana,mni,NAcc,sr_outcome_primary,Punish-Neutral,6.0,14.140206868580252,38.98356056213379,1.615,84.84124121148152,122.35633048970264,37.515089278221126,21.44568962472788,41.88996362686157,6.46,85.78275849891152,32.3904768453663
/home/tug87422/scratch/smithlab-shared/night-owls/derivatives/fsl/sub-101/ses-02/L1_sub-101_ses-02_task-sharedreward_model-1_type-act_run-2_space-mni_multi-echo_cnfds-tedana_unsmoothed_FIR.feat,101,2,sharedreward,2,multi-echo,tedana,mni,NAcc,sr_outcome_primary,Reward-Punish,6.0,-10.325093859348629,9.119840621948242,3.23,-61.950563156091775,16.532137367725372,78.48270052381714,-14.146532060864724,-2.0893675978338777,4.0,-56.586128243458894,-19.948297020820643
/home/tug87422/scratch/smithlab-shared/night-owls/derivatives/fsl/sub-101/ses-02/L1_sub-101_ses-02_task-sharedreward_model-1_type-act_run-2_space-mni_single-echo_cnfds-fmriprep_unsmoothed_FIR.feat,101,2,sharedreward,2,single-echo,fmriprep,mni,NAcc,sr_decision_partner_extra,Computer-Stranger,6.0,2.4783536536958524,19.19640350341797,4.845,14.870121922175114,50.52812683910131,35.6580049169262,-17.82133276614243,19.19640350341797,4.845,-71.28533106456972,-13.35438304936554
/home/tug87422/scratch/smithlab-shared/night-owls/derivatives/fsl/sub-101/ses-02/L1_sub-101_ses-02_task-sharedreward_model-1_type-act_run-2_space-mni_single-echo_cnfds-fmriprep_unsmoothed_FIR.feat,101,2,sharedreward,2,single-echo,fmriprep,mni,NAcc,sr_outcome_primary,Reward-Neutral,6.0,-15.953461782270416,32.72162914276123,1.615,-95.7207706936225,66.32894990841302,162.04972060203553,-5.19095271749762,29.02552032470703,6.46,-20.76381086999048,8.211697416039815
/home/tug87422/scratch/smithlab-shared/night-owls/derivatives/fsl/sub-101/ses-02/L1_sub-101_ses-02_task-sharedreward_model-1_type-act_run-2_space-mni_single-echo_cnfds-fmriprep_unsmoothed_FIR.feat,101,2,sharedreward,2,single-echo,fmriprep,mni,NAcc,sr_outcome_primary,Punish-Neutral,6.0,15.570374657032538,60.08098793029785,1.615,93.42224794219523,160.35851919959572,66.9362712574005,36.074866813210875,75.01365280151367,6.46,144.2994672528435,57.39854386273553
/home/tug87422/scratch/smithlab-shared/night-owls/derivatives/fsl/sub-101/ses-02/L1_sub-101_ses-02_task-sharedreward_model-1_type-act_run-2_space-mni_single-echo_cnfds-fmriprep_unsmoothed_FIR.feat,101,2,sharedreward,2,single-echo,fmriprep,mni,NAcc,sr_outcome_primary,Reward-Punish,6.0,-31.523836439302954,-3.9620018005371094,0.0,-189.14301863581773,0.0,189.14301863581773,-41.2658195307085,-7.719451183874157,8.0,-165.063278122834,-49.18684644669571
/home/tug87422/scratch/smithlab-shared/night-owls/derivatives/fsl/sub-101/ses-02/L1_sub-101_ses-02_task-sharedreward_model-1_type-act_run-2_space-mni_single-echo_cnfds-tedana_unsmoothed_FIR.feat,101,2,sharedreward,2,single-echo,tedana,mni,NAcc,sr_decision_partner_extra,Computer-Stranger,6.0,-2.5954238307288438,18.879738569259644,0.0,-15.572542984373062,32.7239209896326,48.29646397400567,-25.569658848398802,12.619878768920898,4.845,-102.27863539359521,-22.02669759726746
/home/tug87422/scratch/smithlab-shared/night-owls/derivatives/fsl/sub-101/ses-02/L1_sub-101_ses-02_task-sharedreward_model-1_type-act_run-2_space-mni_single-echo_cnfds-tedana_unsmoothed_FIR.feat,101,2,sharedreward,2,single-echo,tedana,mni,NAcc,sr_outcome_primary,Reward-Neutral,6.0,-22.1634440016236,8.708246898355874,6.0,-132.9806640097416,16.89459913761255,149.87526314735413,-9.687211392010699,29.169586181640625,6.46,-38.748845568042796,8.708246898355874
/home/tug87422/scratch/smithlab-shared/night-owls/derivatives/fsl/sub-101/ses-02/L1_sub-101_ses-02_task-sharedreward_model-1_type-act_run-2_space-mni_single-echo_cnfds-tedana_unsmoothed_FIR.feat,101,2,sharedreward,2,single-echo,tedana,mni,NAcc,sr_outcome_primary,Punish-Neutral,6.0,6.550288214194519,54.55443901321837,6.0,39.30172928516711,124.4001985997423,85.0984693145752,29.517807191857607,70.29359436035156,6.46,118.07122876743043,54.55443901321837
/home/tug87422/scratch/smithlab-shared/night-owls/derivatives/fsl/sub-101/ses-02/L1_sub-101_ses-02_task-sharedreward_model-1_type-act_run-2_space-mni_single-echo_cnfds-tedana_unsmoothed_FIR.feat,101,2,sharedreward,2,single-echo,tedana,mni,NAcc,sr_outcome_primary,Reward-Punish,6.0,-28.713732215818112,-3.5184497833251953,3.23,-172.28239329490867,0.0,172.28239329490867,-39.20501858386831,-11.13094714846772,8.0,-156.82007433547324,-45.8461921148625
/home/tug87422/scratch/smithlab-shared/night-owls/derivatives/fsl/sub-101/ses-03/L1_sub-101_ses-03_task-mid_model-1_type-act_run-1_space-mni_multi-echo_cnfds-fmriprep_unsmoothed_FIR.feat,101,3,mid,1,multi-echo,fmriprep,mni,NAcc,mid_anticipation_primary,Reward-Neutral,5.0,-6.3638955166886095,0.14744186401367188,3.23,-31.81947758344305,0.23811861038208004,32.057596193825134,14.9532218665226,46.37921344680315,8.0,59.8128874660904,13.787220652258434
/home/tug87422/scratch/smithlab-shared/night-owls/derivatives/fsl/sub-101/ses-03/L1_sub-101_ses-03_task-mid_model-1_type-act_run-1_space-mni_multi-echo_cnfds-fmriprep_unsmoothed_FIR.feat,101,3,mid,1,multi-echo,fmriprep,mni,NAcc,mid_feedback_extra,Positive-Negative,6.0,-11.457152287010123,10.18200159072876,3.23,-68.74291372206073,16.44393256902695,85.18684629108768,-17.769514227526106,3.294374317945722,8.0,-71.07805691010442,-24.801496647459803
/home/tug87422/scratch/smithlab-shared/night-owls/derivatives/fsl/sub-101/ses-03/L1_sub-101_ses-03_task-mid_model-1_type-act_run-1_space-mni_multi-echo_cnfds-tedana_unsmoothed_FIR.feat,101,3,mid,1,multi-echo,tedana,mni,NAcc,mid_anticipation_primary,Reward-Neutral,5.0,5.47929383969676,21.16771367312216,5.0,27.396469198483803,37.02564425112662,9.629175052642822,37.24537822788345,56.364370399215275,8.0,148.9815129115338,40.02880462552003
/home/tug87422/scratch/smithlab-shared/night-owls/derivatives/fsl/sub-101/ses-03/L1_sub-101_ses-03_task-mid_model-1_type-act_run-1_space-mni_multi-echo_cnfds-tedana_unsmoothed_FIR.feat,101,3,mid,1,multi-echo,tedana,mni,NAcc,mid_feedback_extra,Positive-Negative,6.0,-19.040449793348312,-0.10266876220703125,3.23,-114.24269876008987,0.0,114.24269876008987,-23.92611294509272,-1.6880008030232883,8.0,-95.70445178037087,-31.20365973375161
/home/tug87422/scratch/smithlab-shared/night-owls/derivatives/fsl/sub-101/ses-03/L1_sub-101_ses-03_task-mid_model-1_type-act_run-1_space-mni_single-echo_cnfds-fmriprep_unsmoothed_FIR.feat,101,3,mid,1,single-echo,fmriprep,mni,NAcc,mid_anticipation_primary,Reward-Neutral,5.0,8.344340709273663,35.41591087878673,5.0,41.72170354636831,55.670072095715234,13.948368549346924,51.155329484748584,82.94178203163503,8.0,204.62131793899434,50.521214770089735
/home/tug87422/scratch/smithlab-shared/night-owls/derivatives/fsl/sub-101/ses-03/L1_sub-101_ses-03_task-mid_model-1_type-act_run-1_space-mni_single-echo_cnfds-fmriprep_unsmoothed_FIR.feat,101,3,mid,1,single-echo,fmriprep,mni,NAcc,mid_feedback_extra,Positive-Negative,6.0,-16.335342996074317,-2.6672992706298846,3.23,-98.0120579764459,0.0,98.0120579764459,-18.404805002985725,-0.21158864402180136,8.0,-73.6192200119429,-18.380853027013064
/home/tug87422/scratch/smithlab-shared/night-owls/derivatives/fsl/sub-101/ses-03/L1_sub-101_ses-03_task-mid_model-1_type-act_run-1_space-mni_single-echo_cnfds-tedana_unsmoothed_FIR.feat,101,3,mid,1,single-echo,tedana,mni,NAcc,mid_anticipation_primary,Reward-Neutral,5.0,25.088561605583404,63.25171274592633,5.0,125.44280802791702,125.44280802791702,0.0,74.83731167861922,94.34478356447013,8.0,299.34924671447686,77.70979035675711
/home/tug87422/scratch/smithlab-shared/night-owls/derivatives/fsl/sub-101/ses-03/L1_sub-101_ses-03_task-mid_model-1_type-act_run-1_space-mni_single-echo_cnfds-tedana_unsmoothed_FIR.feat,101,3,mid,1,single-echo,tedana,mni,NAcc,mid_feedback_extra,Positive-Negative,6.0,-28.990667865940427,-17.96824312210083,3.23,-173.94400719564257,0.0,173.94400719564257,-25.052060153333944,-4.382804232854218,8.0,-100.20824061333578,-24.428228443252042
/home/tug87422/scratch/smithlab-shared/night-owls/derivatives/fsl/sub-101/ses-03/L1_sub-101_ses-03_task-mid_model-1_type-act_run-2_space-mni_multi-echo_cnfds-fmriprep_unsmoothed_FIR.feat,101,3,mid,2,multi-echo,fmriprep,mni,NAcc,mid_anticipation_primary,Reward-Neutral,5.0,-27.268771167214812,8.294817924499513,0.0,-136.34385583607406,6.698065474033357,143.0419213101074,-37.947534388508586,-24.026813164584034,8.0,-151.79013755403435,-38.32137867836022
/home/tug87422/scratch/smithlab-shared/night-owls/derivatives/fsl/sub-101/ses-03/L1_sub-101_ses-03_task-mid_model-1_type-act_run-2_space-mni_multi-echo_cnfds-fmriprep_unsmoothed_FIR.feat,101,3,mid,2,multi-echo,fmriprep,mni,NAcc,mid_feedback_extra,Positive-Negative,6.0,7.12498907125033,31.69151020050049,1.615,42.749934427501984,74.218269754412,31.46833532691002,2.3566159442251697,14.241149224733057,8.0,9.426463776900679,2.9212676556117776
/home/tug87422/scratch/smithlab-shared/night-owls/derivatives/fsl/sub-101/ses-03/L1_sub-101_ses-03_task-mid_model-1_type-act_run-2_space-mni_multi-echo_cnfds-tedana_unsmoothed_FIR.feat,101,3,mid,2,multi-echo,tedana,mni,NAcc,mid_anticipation_primary,Reward-Neutral,5.0,-25.4242400625516,6.511298894882202,0.0,-127.121200312758,5.257873857617378,132.3790741703754,-47.962391648881194,-36.33401060547252,8.0,-191.84956659552478,-52.184161632053616
/home/tug87422/scratch/smithlab-shared/night-owls/derivatives/fsl/sub-101/ses-03/L1_sub-101_ses-03_task-mid_model-1_type-act_run-2_space-mni_multi-echo_cnfds-tedana_unsmoothed_FIR.feat,101,3,mid,2,multi-echo,tedana,mni,NAcc,mid_feedback_extra,Positive-Negative,6.0,3.5781274874722127,28.561565399169922,1.615,21.468764924833277,57.854905776977546,36.386140852144266,-5.42218946525556,5.829222888769383,8.0,-21.68875786102224,-6.3201739780674036
/home/tug87422/scratch/smithlab-shared/night-owls/derivatives/fsl/sub-101/ses-03/L1_sub-101_ses-03_task-mid_model-1_type-act_run-2_space-mni_single-echo_cnfds-fmriprep_unsmoothed_FIR.feat,101,3,mid,2,single-echo,fmriprep,mni,NAcc,mid_anticipation_primary,Reward-Neutral,5.0,-37.881652271690754,20.19287204742432,0.0,-189.40826135845376,16.30574417829514,205.7140055367489,-46.189401797705756,13.038927095962405,8.0,-184.75760719082302,-51.67260063100525
/home/tug87422/scratch/smithlab-shared/night-owls/derivatives/fsl/sub-101/ses-03/L1_sub-101_ses-03_task-mid_model-1_type-act_run-2_space-mni_single-echo_cnfds-fmriprep_unsmoothed_FIR.feat,101,3,mid,2,single-echo,fmriprep,mni,NAcc,mid_feedback_extra,Positive-Negative,6.0,5.843949216091228,37.44406318664551,3.23,35.063695296547365,95.69317075898405,60.62947546243667,1.0521360384255352,17.83006000518799,6.46,4.208544153702141,7.072680455612328
/home/tug87422/scratch/smithlab-shared/night-owls/derivatives/fsl/sub-101/ses-03/L1_sub-101_ses-03_task-mid_model-1_type-act_run-2_space-mni_single-echo_cnfds-tedana_unsmoothed_FIR.feat,101,3,mid,2,single-echo,tedana,mni,NAcc,mid_anticipation_primary,Reward-Neutral,5.0,-43.48405439788195,13.74080276489258,0.0,-217.42027198940974,11.095698232650758,228.5159702220605,-73.19958610257359,-22.18162338209593,8.0,-292.79834441029436,-82.2145986173175
/home/tug87422/scratch/smithlab-shared/night-owls/derivatives/fsl/sub-101/ses-03/L1_sub-101_ses-03_task-mid_model-1_type-act_run-2_space-mni_single-echo_cnfds-tedana_unsmoothed_FIR.feat,101,3,mid,2,single-echo,tedana,mni,NAcc,mid_feedback_extra,Positive-Negative,6.0,-4.278589342971581,20.278754234313965,3.23,-25.67153605782949,51.83536298274994,77.50689904057941,-14.943591031779079,-3.2118919980784346,4.0,-59.774364127116314,-12.061627125223353
/home/tug87422/scratch/smithlab-shared/night-owls/derivatives/fsl/sub-101/ses-03/L1_sub-101_ses-03_task-sharedreward_model-1_type-act_run-1_space-mni_multi-echo_cnfds-fmriprep_unsmoothed_FIR.feat,101,3,sharedreward,1,multi-echo,fmriprep,mni,NAcc,sr_decision_partner_extra,Computer-Stranger,6.0,11.056314506205133,23.333845138549805,0.0,66.3378870372308,79.13755676269531,12.799669725464504,-8.646976038151916,11.437498028433358,4.0,-34.58790415260766,-22.163930260544593
/home/tug87422/scratch/smithlab-shared/night-owls/derivatives/fsl/sub-101/ses-03/L1_sub-101_ses-03_task-sharedreward_model-1_type-act_run-1_space-mni_multi-echo_cnfds-fmriprep_unsmoothed_FIR.feat,101,3,sharedreward,1,multi-echo,fmriprep,mni,NAcc,sr_outcome_primary,Reward-Neutral,6.0,-3.767285874822439,22.364318370819092,1.615,-22.603715248934634,54.268125998973844,76.87184124790848,-29.03740059049137,-9.147114759628252,4.0,-116.14960236196548,-30.753229344961444
/home/tug87422/scratch/smithlab-shared/night-owls/derivatives/fsl/sub-101/ses-03/L1_sub-101_ses-03_task-sharedreward_model-1_type-act_run-1_space-mni_multi-echo_cnfds-fmriprep_unsmoothed_FIR.feat,101,3,sharedreward,1,multi-echo,fmriprep,mni,NAcc,sr_outcome_primary,Punish-Neutral,6.0,-27.222444102531615,31.5482120513916,0.0,-163.3346646151897,25.47518123149872,188.8098458466884,-58.106843324494626,-50.225973589870584,8.0,-232.4273732979785,-57.57307858659018
/home/tug87422/scratch/smithlab-shared/night-owls/derivatives/fsl/sub-101/ses-03/L1_sub-101_ses-03_task-sharedreward_model-1_type-act_run-1_space-mni_multi-echo_cnfds-fmriprep_unsmoothed_FIR.feat,101,3,sharedreward,1,multi-echo,fmriprep,mni,NAcc,sr_outcome_primary,Reward-Punish,6.0,23.455158227709177,43.40430736541748,4.845,140.73094936625506,181.6654797388747,40.934530372619626,29.069442734003253,43.40430736541748,4.845,116.27777093601301,26.819849241628734
/home/tug87422/scratch/smithlab-shared/night-owls/derivatives/fsl/sub-101/ses-03/L1_sub-101_ses-03_task-sharedreward_model-1_type-act_run-1_space-mni_multi-echo_cnfds-tedana_unsmoothed_FIR.feat,101,3,sharedreward,1,multi-echo,tedana,mni,NAcc,sr_decision_partner_extra,Computer-Stranger,6.0,12.564721942373595,26.262556076049805,0.0,75.38833165424157,85.62835601568221,10.240024361440646,-4.3734906393843165,15.040363615880457,8.0,-17.493962557537266,-17.731643915914535
/home/tug87422/scratch/smithlab-shared/night-owls/derivatives/fsl/sub-101/ses-03/L1_sub-101_ses-03_task-sharedreward_model-1_type-act_run-1_space-mni_multi-echo_cnfds-tedana_unsmoothed_FIR.feat,101,3,sharedreward,1,multi-echo,tedana,mni,NAcc,sr_outcome_primary,Reward-Neutral,6.0,-7.864909890989156,10.510015487670898,1.615,-47.189459345934935,31.118935681581497,78.30839502751644,-32.52017696143535,-7.804582156633079,4.0,-130.0807078457414,-34.515447256365796
/home/tug87422/scratch/smithlab-shared/night-owls/derivatives/fsl/sub-101/ses-03/L1_sub-101_ses-03_task-sharedreward_model-1_type-act_run-1_space-mni_multi-echo_cnfds-tedana_unsmoothed_FIR.feat,101,3,sharedreward,1,multi-echo,tedana,mni,NAcc,sr_outcome_primary,Punish-Neutral,6.0,-32.46480219882339,16.58782196044922,0.0,-194.78881319294035,13.394666233062743,208.1834794260031,-60.901623909231674,-52.44817924499512,6.46,-243.6064956369267,-58.533799782626026
/home/tug87422/scratch/smithlab-shared/night-owls/derivatives/fsl/sub-101/ses-03/L1_sub-101_ses-03_task-sharedreward_model-1_type-act_run-1_space-mni_multi-echo_cnfds-tedana_unsmoothed_FIR.feat,101,3,sharedreward,1,multi-echo,tedana,mni,NAcc,sr_outcome_primary,Reward-Punish,6.0,24.599892307834235,47.832855224609375,4.845,147.5993538470054,183.38585994432214,35.78650609731674,28.38144694779633,47.832855224609375,4.845,113.52578779118532,24.01835252626023
/home/tug87422/scratch/smithlab-shared/night-owls/derivatives/fsl/sub-101/ses-03/L1_sub-101_ses-03_task-sharedreward_model-1_type-act_run-1_space-mni_single-echo_cnfds-fmriprep_unsmoothed_FIR.feat,101,3,sharedreward,1,single-echo,fmriprep,mni,NAcc,sr_decision_partner_extra,Computer-Stranger,6.0,6.926174121676524,20.64296054840088,1.615,41.55704473005914,53.96450008809566,12.40745535803653,-4.889698969494355,14.457821249961855,4.845,-19.55879587797742,-7.918880998534682
/home/tug87422/scratch/smithlab-shared/night-owls/derivatives/fsl/sub-101/ses-03/L1_sub-101_ses-03_task-sharedreward_model-1_type-act_run-1_space-mni_single-echo_cnfds-fmriprep_unsmoothed_FIR.feat,101,3,sharedreward,1,single-echo,fmriprep,mni,NAcc,sr_outcome_primary,Reward-Neutral,6.0,-30.576446317580405,-5.446653842926025,3.23,-183.45867790548243,0.0,183.45867790548243,-35.84914655805649,-24.248004621027423,8.0,-143.39658623222596,-35.14990273643942
/home/tug87422/scratch/smithlab-shared/night-owls/derivatives/fsl/sub-101/ses-03/L1_sub-101_ses-03_task-sharedreward_model-1_type-act_run-1_space-mni_single-echo_cnfds-fmriprep_unsmoothed_FIR.feat,101,3,sharedreward,1,single-echo,fmriprep,mni,NAcc,sr_outcome_primary,Punish-Neutral,6.0,-35.76744729760416,-13.724380493164059,0.0,-214.60468378562493,0.0,214.60468378562493,-39.67390715222979,-21.03804839727679,8.0,-158.69562860891915,-39.88907112942391
/home/tug87422/scratch/smithlab-shared/night-owls/derivatives/fsl/sub-101/ses-03/L1_sub-101_ses-03_task-sharedreward_model-1_type-act_run-1_space-mni_single-echo_cnfds-fmriprep_unsmoothed_FIR.feat,101,3,sharedreward,1,single-echo,fmriprep,mni,NAcc,sr_outcome_primary,Reward-Punish,6.0,5.191000980023752,16.065157890319824,3.23,31.14600588014251,56.690687915588676,25.54468203544617,3.824760594173296,10.641089415771672,4.0,15.299042376693183,4.7391683929844906
/home/tug87422/scratch/smithlab-shared/night-owls/derivatives/fsl/sub-101/ses-03/L1_sub-101_ses-03_task-sharedreward_model-1_type-act_run-1_space-mni_single-echo_cnfds-tedana_unsmoothed_FIR.feat,101,3,sharedreward,1,single-echo,tedana,mni,NAcc,sr_decision_partner_extra,Computer-Stranger,6.0,7.607335899049037,21.220863580703735,1.615,45.64401539429422,58.98801257491112,13.343997180616894,-2.846214039226065,12.573235511779785,4.845,-11.38485615690426,-6.220903136781865
/home/tug87422/scratch/smithlab-shared/night-owls/derivatives/fsl/sub-101/ses-03/L1_sub-101_ses-03_task-sharedreward_model-1_type-act_run-1_space-mni_single-echo_cnfds-tedana_unsmoothed_FIR.feat,101,3,sharedreward,1,single-echo,tedana,mni,NAcc,sr_outcome_primary,Reward-Neutral,6.0,-28.407583435814583,-2.194554805755617,3.23,-170.4455006148875,0.0,170.4455006148875,-35.86671642873422,-24.2478186501069,4.0,-143.4668657149369,-34.51536185236723
/home/tug87422/scratch/smithlab-shared/night-owls/derivatives/fsl/sub-101/ses-03/L1_sub-101_ses-03_task-sharedreward_model-1_type-act_run-1_space-mni_single-echo_cnfds-tedana_unsmoothed_FIR.feat,101,3,sharedreward,1,single-echo,tedana,mni,NAcc,sr_outcome_primary,Punish-Neutral,6.0,-38.7630415501557,-24.074406147003174,3.23,-232.5782493009342,0.0,232.5782493009342,-37.85859956952856,-27.78775191307068,6.46,-151.43439827811423,-35.6619843883042
/home/tug87422/scratch/smithlab-shared/night-owls/derivatives/fsl/sub-101/ses-03/L1_sub-101_ses-03_task-sharedreward_model-1_type-act_run-1_space-mni_single-echo_cnfds-tedana_unsmoothed_FIR.feat,101,3,sharedreward,1,single-echo,tedana,mni,NAcc,sr_outcome_primary,Reward-Punish,6.0,10.35545811434112,21.87985134124756,3.23,62.132748686046725,76.53261602041256,14.399867334365844,1.9918831407943385,14.777817628701035,4.0,7.967532563177354,1.1466225359369726
/home/tug87422/scratch/smithlab-shared/night-owls/derivatives/fsl/sub-101/ses-03/L1_sub-101_ses-03_task-sharedreward_model-1_type-act_run-2_space-mni_multi-echo_cnfds-fmriprep_unsmoothed_FIR.feat,101,3,sharedreward,2,multi-echo,fmriprep,mni,NAcc,sr_decision_partner_extra,Computer-Stranger,6.0,-8.797444052205675,3.482965111732483,1.615,-52.784664313234046,5.62498865544796,58.409652968681996,-20.00792021291221,-10.15872187437288,4.0,-80.03168085164884,-19.769506982974594
/home/tug87422/scratch/smithlab-shared/night-owls/derivatives/fsl/sub-101/ses-03/L1_sub-101_ses-03_task-sharedreward_model-1_type-act_run-2_space-mni_multi-echo_cnfds-fmriprep_unsmoothed_FIR.feat,101,3,sharedreward,2,multi-echo,fmriprep,mni,NAcc,sr_outcome_primary,Reward-Neutral,6.0,25.015855899692443,59.31968975067139,3.23,150.09513539815467,177.62719235683005,27.53205695867539,19.121258309693893,57.627817153930664,6.46,76.48503323877557,35.62465272673143
/home/tug87422/scratch/smithlab-shared/night-owls/derivatives/fsl/sub-101/ses-03/L1_sub-101_ses-03_task-sharedreward_model-1_type-act_run-2_space-mni_multi-echo_cnfds-fmriprep_unsmoothed_FIR.feat,101,3,sharedreward,2,multi-echo,fmriprep,mni,NAcc,sr_outcome_primary,Punish-Neutral,6.0,13.45182655814601,57.10944787489004,6.0,80.71095934887606,132.60154980381208,51.89059045493603,27.35234352962151,91.60317039489746,6.46,109.40937411848604,57.10944787489004
/home/tug87422/scratch/smithlab-shared/night-owls/derivatives/fsl/sub-101/ses-03/L1_sub-101_ses-03_task-sharedreward_model-1_type-act_run-2_space-mni_multi-echo_cnfds-fmriprep_unsmoothed_FIR.feat,101,3,sharedreward,2,multi-echo,fmriprep,mni,NAcc,sr_outcome_primary,Reward-Punish,6.0,11.564029341546432,30.00355625152588,3.23,69.3841760492786,81.79164524734018,12.407469198061591,-8.231085219927614,20.407788010942674,4.0,-32.924340879710456,-21.484795148158593
/home/tug87422/scratch/smithlab-shared/night-owls/derivatives/fsl/sub-101/ses-03/L1_sub-101_ses-03_task-sharedreward_model-1_type-act_run-2_space-mni_multi-echo_cnfds-tedana_unsmoothed_FIR.feat,101,3,sharedreward,2,multi-echo,tedana,mni,NAcc,sr_decision_partner_extra,Computer-Stranger,6.0,-12.228200401101565,2.246086835861206,1.615,-73.36920240660939,3.6274302399158476,76.99663264652526,-27.641404183380562,-15.154042242481246,4.0,-110.56561673352225,-27.441129253375642
/home/tug87422/scratch/smithlab-shared/night-owls/derivatives/fsl/sub-101/ses-03/L1_sub-101_ses-03_task-sharedreward_model-1_type-act_run-2_space-mni_multi-echo_cnfds-tedana_unsmoothed_FIR.feat,101,3,sharedreward,2,multi-echo,tedana,mni,NAcc,sr_outcome_primary,Reward-Neutral,6.0,18.57401858409246,44.205185413360596,3.23,111.44411150455475,143.74934163570404,32.305230131149294,20.150641365712822,56.97187423706055,6.46,80.60256546285129,35.79340362548828
/home/tug87422/scratch/smithlab-shared/night-owls/derivatives/fsl/sub-101/ses-03/L1_sub-101_ses-03_task-sharedreward_model-1_type-act_run-2_space-mni_multi-echo_cnfds-tedana_unsmoothed_FIR.feat,101,3,sharedreward,2,multi-echo,tedana,mni,NAcc,sr_outcome_primary,Punish-Neutral,6.0,6.571560756152398,57.25148668728378,6.0,39.42936453691439,96.04359470239596,56.614230165481565,29.34758696904365,88.5547850728035,6.46,117.3903478761746,57.25148668728378
/home/tug87422/scratch/smithlab-shared/night-owls/derivatives/fsl/sub-101/ses-03/L1_sub-101_ses-03_task-sharedreward_model-1_type-act_run-2_space-mni_multi-echo_cnfds-tedana_unsmoothed_FIR.feat,101,3,sharedreward,2,multi-echo,tedana,mni,NAcc,sr_outcome_primary,Reward-Punish,6.0,12.002457827940058,29.20043992996216,3.23,72.01474696764035,84.40678993582725,12.392042968186898,-9.196945603330828,17.16822393464599,4.0,-36.78778241332331,-21.458083061795488
/home/tug87422/scratch/smithlab-shared/night-owls/derivatives/fsl/sub-101/ses-03/L1_sub-101_ses-03_task-sharedreward_model-1_type-act_run-2_space-mni_single-echo_cnfds-fmriprep_unsmoothed_FIR.feat,101,3,sharedreward,2,single-echo,fmriprep,mni,NAcc,sr_decision_partner_extra,Computer-Stranger,6.0,14.280222521903468,19.274754524230957,3.23,85.68133513142081,85.68133513142081,0.0,13.152304433566686,39.55241273135964,8.0,52.60921773426674,2.595668764675364
/home/tug87422/scratch/smithlab-shared/night-owls/derivatives/fsl/sub-101/ses-03/L1_sub-101_ses-03_task-sharedreward_model-1_type-act_run-2_space-mni_single-echo_cnfds-fmriprep_unsmoothed_FIR.feat,101,3,sharedreward,2,single-echo,fmriprep,mni,NAcc,sr_outcome_primary,Reward-Neutral,6.0,9.538917453919986,53.25455331802368,1.615,57.233504723519914,160.3505822277069,103.117077504187,-28.662375538780275,7.1758793592453,6.46,-114.6495021551211,-12.08096766951652
/home/tug87422/scratch/smithlab-shared/night-owls/derivatives/fsl/sub-101/ses-03/L1_sub-101_ses-03_task-sharedreward_model-1_type-act_run-2_space-mni_single-echo_cnfds-fmriprep_unsmoothed_FIR.feat,101,3,sharedreward,2,single-echo,fmriprep,mni,NAcc,sr_outcome_primary,Punish-Neutral,6.0,11.403245722689002,41.49005460739136,3.23,68.41947433613402,127.03419956348998,58.61472522735596,-3.9567018861344403,31.481101989746094,6.46,-15.826807544537761,13.180151062484134
/home/tug87422/scratch/smithlab-shared/night-owls/derivatives/fsl/sub-101/ses-03/L1_sub-101_ses-03_task-sharedreward_model-1_type-act_run-2_space-mni_single-echo_cnfds-fmriprep_unsmoothed_FIR.feat,101,3,sharedreward,2,single-echo,fmriprep,mni,NAcc,sr_outcome_primary,Reward-Punish,6.0,-1.864328268769017,20.798686981201172,1.615,-11.185969612614102,41.71315654277802,52.899126155392125,-24.705673652645835,-10.810993005616746,4.0,-98.82269461058334,-25.261118732000654
/home/tug87422/scratch/smithlab-shared/night-owls/derivatives/fsl/sub-101/ses-03/L1_sub-101_ses-03_task-sharedreward_model-1_type-act_run-2_space-mni_single-echo_cnfds-tedana_unsmoothed_FIR.feat,101,3,sharedreward,2,single-echo,tedana,mni,NAcc,sr_decision_partner_extra,Computer-Stranger,6.0,8.789962095524126,18.770292282104492,1.615,52.739772573144755,61.53072267273441,8.790950099589654,-1.1100864715705276,26.048647051625224,8.0,-4.440345886282111,-12.49568453145101
/home/tug87422/scratch/smithlab-shared/night-owls/derivatives/fsl/sub-101/ses-03/L1_sub-101_ses-03_task-sharedreward_model-1_type-act_run-2_space-mni_single-echo_cnfds-tedana_unsmoothed_FIR.feat,101,3,sharedreward,2,single-echo,tedana,mni,NAcc,sr_outcome_primary,Reward-Neutral,6.0,-1.6790300074078235,38.06049966812134,1.615,-10.07418004444694,110.6137016838789,120.68788172832583,-31.4932733931065,-2.4957675933837926,6.46,-125.973093572426,-18.67122328318309
/home/tug87422/scratch/smithlab-shared/night-owls/derivatives/fsl/sub-101/ses-03/L1_sub-101_ses-03_task-sharedreward_model-1_type-act_run-2_space-mni_single-echo_cnfds-tedana_unsmoothed_FIR.feat,101,3,sharedreward,2,single-echo,tedana,mni,NAcc,sr_outcome_primary,Punish-Neutral,6.0,4.102749384504169,24.11722230911255,1.615,24.616496307025013,80.882276889453,56.26578058242798,-0.23573046306777168,26.77405834197998,6.46,-0.9429218522710867,14.633739627920807
/home/tug87422/scratch/smithlab-shared/night-owls/derivatives/fsl/sub-101/ses-03/L1_sub-101_ses-03_task-sharedreward_model-1_type-act_run-2_space-mni_single-echo_cnfds-tedana_unsmoothed_FIR.feat,101,3,sharedreward,2,single-echo,tedana,mni,NAcc,sr_outcome_primary,Reward-Punish,6.0,-5.781779391911993,13.943277359008789,1.615,-34.69067635147196,44.70272149562835,79.39339784710032,-31.257542930038724,-15.634989883139408,4.0,-125.0301717201549,-33.3049629111039
/home/tug87422/scratch/smithlab-shared/night-owls/derivatives/fsl/sub-101/ses-06/L1_sub-101_ses-06_task-mid_model-1_type-act_run-1_space-mni_multi-echo_cnfds-fmriprep_unsmoothed_FIR.feat,101,6,mid,1,multi-echo,fmriprep,mni,NAcc,mid_anticipation_primary,Reward-Neutral,5.0,-25.29648128966134,-6.240680694580078,1.615,-126.4824064483067,0.0,126.4824064483067,-84.15254182143846,-39.67852347406441,4.0,-336.61016728575385,-93.0531555388365
/home/tug87422/scratch/smithlab-shared/night-owls/derivatives/fsl/sub-101/ses-06/L1_sub-101_ses-06_task-mid_model-1_type-act_run-1_space-mni_multi-echo_cnfds-fmriprep_unsmoothed_FIR.feat,101,6,mid,1,multi-echo,fmriprep,mni,NAcc,mid_feedback_extra,Positive-Negative,6.0,10.607596358850643,30.408729553222656,4.845,63.645578153103855,96.43377031087874,32.78819215777489,-5.014239308513678,30.408729553222656,4.845,-20.05695723405471,-16.63676647505155
/home/tug87422/scratch/smithlab-shared/night-owls/derivatives/fsl/sub-101/ses-06/L1_sub-101_ses-06_task-mid_model-1_type-act_run-1_space-mni_multi-echo_cnfds-tedana_unsmoothed_FIR.feat,101,6,mid,1,multi-echo,tedana,mni,NAcc,mid_anticipation_primary,Reward-Neutral,5.0,-3.840745119206678,25.209758758544922,3.23,-19.20372559603339,47.59683046340942,66.80055605944281,-42.97069037726051,-3.8737670969298796,4.0,-171.88276150904204,-53.06530029485838
/home/tug87422/scratch/smithlab-shared/night-owls/derivatives/fsl/sub-101/ses-06/L1_sub-101_ses-06_task-mid_model-1_type-act_run-1_space-mni_multi-echo_cnfds-tedana_unsmoothed_FIR.feat,101,6,mid,1,multi-echo,tedana,mni,NAcc,mid_feedback_extra,Positive-Negative,6.0,-2.1594752509459876,21.264726638793945,4.845,-12.956851505675925,35.40352081894874,48.36037232462468,-12.357536334498747,21.264726638793945,4.845,-49.430145337994986,-25.056120807541415
/home/tug87422/scratch/smithlab-shared/night-owls/derivatives/fsl/sub-101/ses-06/L1_sub-101_ses-06_task-mid_model-1_type-act_run-1_space-mni_single-echo_cnfds-fmriprep_unsmoothed_FIR.feat,101,6,mid,1,single-echo,fmriprep,mni,NAcc,mid_anticipation_primary,Reward-Neutral,5.0,-42.90722046054332,-21.260963439941406,1.615,-214.5361023027166,0.0,214.5361023027166,-118.01971982084561,-57.896647964099614,4.0,-472.07887928338243,-135.81909713508912
/home/tug87422/scratch/smithlab-shared/night-owls/derivatives/fsl/sub-101/ses-06/L1_sub-101_ses-06_task-mid_model-1_type-act_run-1_space-mni_single-echo_cnfds-fmriprep_unsmoothed_FIR.feat,101,6,mid,1,single-echo,fmriprep,mni,NAcc,mid_feedback_extra,Positive-Negative,6.0,30.291704275180553,60.01344585418701,0.0,181.75022565108333,189.06061977606805,7.310394124984741,13.78322012721108,53.97989463806152,4.845,55.13288050884432,3.47969482852947
/home/tug87422/scratch/smithlab-shared/night-owls/derivatives/fsl/sub-101/ses-06/L1_sub-101_ses-06_task-mid_model-1_type-act_run-1_space-mni_single-echo_cnfds-tedana_unsmoothed_FIR.feat,101,6,mid,1,single-echo,tedana,mni,NAcc,mid_anticipation_primary,Reward-Neutral,5.0,-24.3985124525939,-13.259876251220703,1.615,-121.99256226296949,0.0,121.99256226296949,-74.19140366099613,-25.30938687634542,4.0,-296.7656146439845,-92.45662633922447
/home/tug87422/scratch/smithlab-shared/night-owls/derivatives/fsl/sub-101/ses-06/L1_sub-101_ses-06_task-mid_model-1_type-act_run-1_space-mni_single-echo_cnfds-tedana_unsmoothed_FIR.feat,101,6,mid,1,single-echo,tedana,mni,NAcc,mid_feedback_extra,Positive-Negative,6.0,16.534566331488705,36.99637031555176,4.845,99.20739798893223,117.82946179717779,18.622063808245557,3.038664648291128,36.99637031555176,4.845,12.154658593164513,-11.26643463406401
/home/tug87422/scratch/smithlab-shared/night-owls/derivatives/fsl/sub-101/ses-06/L1_sub-101_ses-06_task-mid_model-1_type-act_run-2_space-mni_multi-echo_cnfds-fmriprep_unsmoothed_FIR.feat,101,6,mid,2,multi-echo,fmriprep,mni,NAcc,mid_anticipation_primary,Reward-Neutral,5.0,-9.931407517256705,5.786482058073345,5.0,-49.65703758628353,4.019120007816111,53.67615759409964,7.409960613083726,22.28758430480957,6.46,29.639842452334904,17.088606884605007
/home/tug87422/scratch/smithlab-shared/night-owls/derivatives/fsl/sub-101/ses-06/L1_sub-101_ses-06_task-mid_model-1_type-act_run-2_space-mni_multi-echo_cnfds-fmriprep_unsmoothed_FIR.feat,101,6,mid,2,multi-echo,fmriprep,mni,NAcc,mid_feedback_extra,Positive-Negative,6.0,26.885387506685515,45.174449443817146,4.845,161.31232504011308,161.31232504011308,0.0,36.2671994704534,45.174449443817146,4.845,145.0687978818136,44.17570997834575
/home/tug87422/scratch/smithlab-shared/night-owls/derivatives/fsl/sub-101/ses-06/L1_sub-101_ses-06_task-mid_model-1_type-act_run-2_space-mni_multi-echo_cnfds-tedana_unsmoothed_FIR.feat,101,6,mid,2,multi-echo,tedana,mni,NAcc,mid_anticipation_primary,Reward-Neutral,5.0,-3.3176520037132513,8.126110345586538,5.0,-16.588260018566256,9.083494803270689,25.67175482183695,13.831881896866363,29.009011268615723,6.46,55.327527587465454,22.42946714218187
/home/tug87422/scratch/smithlab-shared/night-owls/derivatives/fsl/sub-101/ses-06/L1_sub-101_ses-06_task-mid_model-1_type-act_run-2_space-mni_multi-echo_cnfds-tedana_unsmoothed_FIR.feat,101,6,mid,2,multi-echo,tedana,mni,NAcc,mid_feedback_extra,Positive-Negative,6.0,28.652130497445665,56.425282061100006,4.845,171.91278298467398,184.11075395673512,12.197970972061157,35.441993788749016,56.425282061100006,4.845,141.76797515499607,40.663965463638306
/home/tug87422/scratch/smithlab-shared/night-owls/derivatives/fsl/sub-101/ses-06/L1_sub-101_ses-06_task-mid_model-1_type-act_run-2_space-mni_single-echo_cnfds-fmriprep_unsmoothed_FIR.feat,101,6,mid,2,single-echo,fmriprep,mni,NAcc,mid_anticipation_primary,Reward-Neutral,5.0,-17.845628568579535,39.89954420508984,5.0,-89.22814284289768,37.87066476439544,127.09880760729312,44.31141247402773,66.91739736621965,8.0,177.24564989611093,43.782515103602925
/home/tug87422/scratch/smithlab-shared/night-owls/derivatives/fsl/sub-101/ses-06/L1_sub-101_ses-06_task-mid_model-1_type-act_run-2_space-mni_single-echo_cnfds-fmriprep_unsmoothed_FIR.feat,101,6,mid,2,single-echo,fmriprep,mni,NAcc,mid_feedback_extra,Positive-Negative,6.0,25.144582844802226,66.06939125061035,4.845,150.86749706881335,154.96378242748074,4.096285358667374,33.41741511500841,66.06939125061035,4.845,133.66966046003364,47.87527346537209
/home/tug87422/scratch/smithlab-shared/night-owls/derivatives/fsl/sub-101/ses-06/L1_sub-101_ses-06_task-mid_model-1_type-act_run-2_space-mni_single-echo_cnfds-tedana_unsmoothed_FIR.feat,101,6,mid,2,single-echo,tedana,mni,NAcc,mid_anticipation_primary,Reward-Neutral,5.0,-11.50437404538585,42.33379554748535,4.845,-57.52187022692925,40.70902810238833,98.23089832931757,43.87254847510404,73.33927695300927,8.0,175.49019390041616,38.75220308658139
/home/tug87422/scratch/smithlab-shared/night-owls/derivatives/fsl/sub-101/ses-06/L1_sub-101_ses-06_task-mid_model-1_type-act_run-2_space-mni_single-echo_cnfds-tedana_unsmoothed_FIR.feat,101,6,mid,2,single-echo,tedana,mni,NAcc,mid_feedback_extra,Positive-Negative,6.0,29.504225139918095,82.7534761428833,4.845,177.02535083950858,188.31737632931572,11.292025489807129,36.40966768319761,82.7534761428833,4.845,145.63867073279044,48.64709724804196
/home/tug87422/scratch/smithlab-shared/night-owls/derivatives/fsl/sub-101/ses-06/L1_sub-101_ses-06_task-sharedreward_model-1_type-act_run-1_space-mni_multi-echo_cnfds-fmriprep_unsmoothed_FIR.feat,101,6,sharedreward,1,multi-echo,fmriprep,mni,NAcc,sr_decision_partner_extra,Computer-Stranger,6.0,-7.942900762328237,8.690263748168945,4.845,-47.65740457396942,12.036015291213989,59.693419865183415,-10.225826625639904,8.690263748168945,4.845,-40.903306502559616,-2.433332539933386
/home/tug87422/scratch/smithlab-shared/night-owls/derivatives/fsl/sub-101/ses-06/L1_sub-101_ses-06_task-sharedreward_model-1_type-act_run-1_space-mni_multi-echo_cnfds-fmriprep_unsmoothed_FIR.feat,101,6,sharedreward,1,multi-echo,fmriprep,mni,NAcc,sr_outcome_primary,Reward-Neutral,6.0,1.8011536237595929,26.25021743774414,4.845,10.806921742557558,44.81477943718341,34.007857694625855,9.111953278211617,26.25021743774414,4.845,36.44781311284647,6.935267268319615
/home/tug87422/scratch/smithlab-shared/night-owls/derivatives/fsl/sub-101/ses-06/L1_sub-101_ses-06_task-sharedreward_model-1_type-act_run-1_space-mni_multi-echo_cnfds-fmriprep_unsmoothed_FIR.feat,101,6,sharedreward,1,multi-echo,fmriprep,mni,NAcc,sr_outcome_primary,Punish-Neutral,6.0,-11.475620043266053,44.406047344207764,0.0,-68.85372025959632,37.79460302948952,106.64832328908584,-30.3175767540009,18.468694291247708,8.0,-121.2703070160036,-47.850083968218634
/home/tug87422/scratch/smithlab-shared/night-owls/derivatives/fsl/sub-101/ses-06/L1_sub-101_ses-06_task-sharedreward_model-1_type-act_run-1_space-mni_multi-echo_cnfds-fmriprep_unsmoothed_FIR.feat,101,6,sharedreward,1,multi-echo,fmriprep,mni,NAcc,sr_outcome_primary,Reward-Punish,6.0,13.27677366702565,57.4263801574707,4.845,79.66064200215389,114.29610995732595,34.63546795517206,39.42953003221252,57.4263801574707,4.845,157.71812012885007,54.785351236538254
/home/tug87422/scratch/smithlab-shared/night-owls/derivatives/fsl/sub-101/ses-06/L1_sub-101_ses-06_task-sharedreward_model-1_type-act_run-1_space-mni_multi-echo_cnfds-tedana_unsmoothed_FIR.feat,101,6,sharedreward,1,multi-echo,tedana,mni,NAcc,sr_decision_partner_extra,Computer-Stranger,6.0,5.487738637265099,24.70064544677734,1.615,32.92643182359059,44.87406653642654,11.947634712835953,-10.35484500840122,0.22996139526367188,4.845,-41.41938003360488,-5.24584119829231
/home/tug87422/scratch/smithlab-shared/night-owls/derivatives/fsl/sub-101/ses-06/L1_sub-101_ses-06_task-sharedreward_model-1_type-act_run-1_space-mni_multi-echo_cnfds-tedana_unsmoothed_FIR.feat,101,6,sharedreward,1,multi-echo,tedana,mni,NAcc,sr_outcome_primary,Reward-Neutral,6.0,11.043291009723587,49.36811828613281,4.845,66.25974605834152,81.14576939856674,14.886023340225218,21.43858907156684,49.36811828613281,4.845,85.75435628626737,21.444328804134216
/home/tug87422/scratch/smithlab-shared/night-owls/derivatives/fsl/sub-101/ses-06/L1_sub-101_ses-06_task-sharedreward_model-1_type-act_run-1_space-mni_multi-echo_cnfds-tedana_unsmoothed_FIR.feat,101,6,sharedreward,1,multi-echo,tedana,mni,NAcc,sr_outcome_primary,Punish-Neutral,6.0,0.7348496568507449,19.26445770263672,4.845,4.409097941104469,55.50592395126819,51.09682601016373,2.246140729489482,23.882585472366777,8.0,8.984562917957929,-12.115807158290052
/home/tug87422/scratch/smithlab-shared/night-owls/derivatives/fsl/sub-101/ses-06/L1_sub-101_ses-06_task-sharedreward_model-1_type-act_run-1_space-mni_multi-echo_cnfds-tedana_unsmoothed_FIR.feat,101,6,sharedreward,1,multi-echo,tedana,mni,NAcc,sr_outcome_primary,Reward-Punish,6.0,10.308441352872842,33.56013596242426,6.0,61.85064811723706,92.10241187172409,30.251763754487037,19.19244834207736,34.93674087524414,6.46,76.76979336830944,33.56013596242426
/home/tug87422/scratch/smithlab-shared/night-owls/derivatives/fsl/sub-101/ses-06/L1_sub-101_ses-06_task-sharedreward_model-1_type-act_run-1_space-mni_single-echo_cnfds-fmriprep_unsmoothed_FIR.feat,101,6,sharedreward,1,single-echo,fmriprep,mni,NAcc,sr_decision_partner_extra,Computer-Stranger,6.0,-25.40149655321611,-8.038536071777344,1.615,-152.40897931929666,0.0,152.40897931929666,-14.99171255383779,5.382107310804424,8.0,-59.96685021535116,-12.622434176343143
/home/tug87422/scratch/smithlab-shared/night-owls/derivatives/fsl/sub-101/ses-06/L1_sub-101_ses-06_task-sharedreward_model-1_type-act_run-1_space-mni_single-echo_cnfds-fmriprep_unsmoothed_FIR.feat,101,6,sharedreward,1,single-echo,fmriprep,mni,NAcc,sr_outcome_primary,Reward-Neutral,6.0,-0.4601036846533173,40.142398834228516,1.615,-2.760622107919904,80.28480794429778,83.0454300522177,-14.167603785594459,11.15872478485107,4.845,-56.670415142377834,-23.87429824628329
/home/tug87422/scratch/smithlab-shared/night-owls/derivatives/fsl/sub-101/ses-06/L1_sub-101_ses-06_task-sharedreward_model-1_type-act_run-1_space-mni_single-echo_cnfds-fmriprep_unsmoothed_FIR.feat,101,6,sharedreward,1,single-echo,fmriprep,mni,NAcc,sr_outcome_primary,Punish-Neutral,6.0,-2.8521444704990273,34.75459861755371,1.615,-17.112866822994164,71.17629313468933,88.2891599576835,-42.0975678016213,9.643362910385878,8.0,-168.3902712064852,-67.00426483449552
/home/tug87422/scratch/smithlab-shared/night-owls/derivatives/fsl/sub-101/ses-06/L1_sub-101_ses-06_task-sharedreward_model-1_type-act_run-1_space-mni_single-echo_cnfds-fmriprep_unsmoothed_FIR.feat,101,6,sharedreward,1,single-echo,fmriprep,mni,NAcc,sr_outcome_primary,Reward-Punish,6.0,2.392040785845713,46.96680927276611,4.845,14.352244715074278,98.65788389740345,84.30563918232917,27.929964016026844,46.96680927276611,4.845,111.71985606410738,43.12996658821224
/home/tug87422/scratch/smithlab-shared/night-owls/derivatives/fsl/sub-101/ses-06/L1_sub-101_ses-06_task-sharedreward_model-1_type-act_run-1_space-mni_single-echo_cnfds-tedana_unsmoothed_FIR.feat,101,6,sharedreward,1,single-echo,tedana,mni,NAcc,sr_decision_partner_extra,Computer-Stranger,6.0,-11.042465534396891,30.701045989990234,1.615,-66.25479320638135,49.58218927383423,115.83698248021557,-22.807330795617382,13.910120931572235,8.0,-91.22932318246953,-27.342073697423785
/home/tug87422/scratch/smithlab-shared/night-owls/derivatives/fsl/sub-101/ses-06/L1_sub-101_ses-06_task-sharedreward_model-1_type-act_run-1_space-mni_single-echo_cnfds-tedana_unsmoothed_FIR.feat,101,6,sharedreward,1,single-echo,tedana,mni,NAcc,sr_outcome_primary,Reward-Neutral,6.0,11.053812074403444,43.23533821105957,4.845,66.32287244642066,124.84814596250654,58.52527351608587,2.8931670025046383,43.23533821105957,4.845,11.572668010018553,-5.890273680258836
/home/tug87422/scratch/smithlab-shared/night-owls/derivatives/fsl/sub-101/ses-06/L1_sub-101_ses-06_task-sharedreward_model-1_type-act_run-1_space-mni_single-echo_cnfds-tedana_unsmoothed_FIR.feat,101,6,sharedreward,1,single-echo,tedana,mni,NAcc,sr_outcome_primary,Punish-Neutral,6.0,8.358500548310738,38.559701919555664,3.23,50.15100328986443,97.25110807493327,47.10010478506886,-8.887427806021073,23.88063716002662,4.0,-35.54971122408429,-27.367959644034183
/home/tug87422/scratch/smithlab-shared/night-owls/derivatives/fsl/sub-101/ses-06/L1_sub-101_ses-06_task-sharedreward_model-1_type-act_run-1_space-mni_single-echo_cnfds-tedana_unsmoothed_FIR.feat,101,6,sharedreward,1,single-echo,tedana,mni,NAcc,sr_outcome_primary,Reward-Punish,6.0,2.695311526092706,35.463544845581055,4.845,16.171869156556237,94.93929076333534,78.7674216067791,11.780594808525713,35.463544845581055,4.845,47.12237923410285,21.47768596377535
/home/tug87422/scratch/smithlab-shared/night-owls/derivatives/fsl/sub-101/ses-06/L1_sub-101_ses-06_task-sharedreward_model-1_type-act_run-2_space-mni_multi-echo_cnfds-fmriprep_unsmoothed_FIR.feat,101,6,sharedreward,2,multi-echo,fmriprep,mni,NAcc,sr_decision_partner_extra,Computer-Stranger,6.0,3.146064353972075,39.695544780223365,6.0,18.87638612383245,54.20661963575719,35.33023351192474,30.816884564966795,50.7182035446167,6.46,123.26753825986718,39.695544780223365
/home/tug87422/scratch/smithlab-shared/night-owls/derivatives/fsl/sub-101/ses-06/L1_sub-101_ses-06_task-sharedreward_model-1_type-act_run-2_space-mni_multi-echo_cnfds-fmriprep_unsmoothed_FIR.feat,101,6,sharedreward,2,multi-echo,fmriprep,mni,NAcc,sr_outcome_primary,Reward-Neutral,6.0,-35.3464892443098,-23.670005321502686,0.0,-212.07893546585882,0.0,212.07893546585882,-46.40241315678547,-26.088478171050365,4.0,-185.60965262714188,-52.04100364944883
/home/tug87422/scratch/smithlab-shared/night-owls/derivatives/fsl/sub-101/ses-06/L1_sub-101_ses-06_task-sharedreward_model-1_type-act_run-2_space-mni_multi-echo_cnfds-fmriprep_unsmoothed_FIR.feat,101,6,sharedreward,2,multi-echo,fmriprep,mni,NAcc,sr_outcome_primary,Punish-Neutral,6.0,-7.551830378116346,9.062732696533203,3.23,-45.310982268698076,14.636313304901122,59.9472955735992,-8.204339683602102,1.9024887084960938,6.46,-32.81735873440841,-5.073139415067784
/home/tug87422/scratch/smithlab-shared/night-owls/derivatives/fsl/sub-101/ses-06/L1_sub-101_ses-06_task-sharedreward_model-1_type-act_run-2_space-mni_multi-echo_cnfds-fmriprep_unsmoothed_FIR.feat,101,6,sharedreward,2,multi-echo,fmriprep,mni,NAcc,sr_outcome_primary,Reward-Punish,6.0,-27.79465886619346,-5.958538055419922,4.845,-166.76795319716075,0.0,166.76795319716075,-38.19807347318336,-5.958538055419922,4.845,-152.79229389273345,-46.967864234381054
/home/tug87422/scratch/smithlab-shared/night-owls/derivatives/fsl/sub-101/ses-06/L1_sub-101_ses-06_task-sharedreward_model-1_type-act_run-2_space-mni_multi-echo_cnfds-tedana_unsmoothed_FIR.feat,101,6,sharedreward,2,multi-echo,tedana,mni,NAcc,sr_decision_partner_extra,Computer-Stranger,6.0,5.326395107604396,51.09231137491232,6.0,31.958370645626378,65.60169527588684,33.643324630260466,40.45942994436889,64.95235252380371,6.46,161.83771977747557,51.09231137491232
/home/tug87422/scratch/smithlab-shared/night-owls/derivatives/fsl/sub-101/ses-06/L1_sub-101_ses-06_task-sharedreward_model-1_type-act_run-2_space-mni_multi-echo_cnfds-tedana_unsmoothed_FIR.feat,101,6,sharedreward,2,multi-echo,tedana,mni,NAcc,sr_outcome_primary,Reward-Neutral,6.0,-47.791272130614665,-32.21306011080742,0.0,-286.747632783688,0.0,286.747632783688,-63.23771975019768,-41.71362514909207,4.0,-252.9508790007907,-69.4624474115047
/home/tug87422/scratch/smithlab-shared/night-owls/derivatives/fsl/sub-101/ses-06/L1_sub-101_ses-06_task-sharedreward_model-1_type-act_run-2_space-mni_multi-echo_cnfds-tedana_unsmoothed_FIR.feat,101,6,sharedreward,2,multi-echo,tedana,mni,NAcc,sr_outcome_primary,Punish-Neutral,6.0,-11.664550201750146,2.1012115478515625,3.23,-69.98730121050087,3.3934566497802736,73.38075786028115,-20.460848833650996,-12.690994262695312,6.46,-81.84339533460398,-18.162811987909368
/home/tug87422/scratch/smithlab-shared/night-owls/derivatives/fsl/sub-101/ses-06/L1_sub-101_ses-06_task-sharedreward_model-1_type-act_run-2_space-mni_multi-echo_cnfds-tedana_unsmoothed_FIR.feat,101,6,sharedreward,2,multi-echo,tedana,mni,NAcc,sr_outcome_primary,Reward-Punish,6.0,-36.12672192886453,-11.691944122314453,4.845,-216.76033157318716,0.0,216.76033157318716,-42.776870916546684,-11.691944122314453,4.845,-171.10748366618674,-51.29963542359532
/home/tug87422/scratch/smithlab-shared/night-owls/derivatives/fsl/sub-101/ses-06/L1_sub-101_ses-06_task-sharedreward_model-1_type-act_run-2_space-mni_single-echo_cnfds-fmriprep_unsmoothed_FIR.feat,101,6,sharedreward,2,single-echo,fmriprep,mni,NAcc,sr_decision_partner_extra,Computer-Stranger,6.0,3.412922369540354,23.35632038116455,3.23,20.477534217242123,57.58661660910022,37.109082391858095,14.755439624670581,36.702000310177404,8.0,59.021758498682324,19.021842246454202
/home/tug87422/scratch/smithlab-shared/night-owls/derivatives/fsl/sub-101/ses-06/L1_sub-101_ses-06_task-sharedreward_model-1_type-act_run-2_space-mni_single-echo_cnfds-fmriprep_unsmoothed_FIR.feat,101,6,sharedreward,2,single-echo,fmriprep,mni,NAcc,sr_outcome_primary,Reward-Neutral,6.0,-30.288124814149153,-5.002669095993042,1.615,-181.7287488848949,0.0,181.7287488848949,-63.943363894083916,-34.523899048843624,4.0,-255.77345557633566,-79.9824619470366
/home/tug87422/scratch/smithlab-shared/night-owls/derivatives/fsl/sub-101/ses-06/L1_sub-101_ses-06_task-sharedreward_model-1_type-act_run-2_space-mni_single-echo_cnfds-fmriprep_unsmoothed_FIR.feat,101,6,sharedreward,2,single-echo,fmriprep,mni,NAcc,sr_outcome_primary,Punish-Neutral,6.0,-14.798328196098192,7.423266887664795,1.615,-88.78996917658915,11.988576023578643,100.7785452001678,-24.41194899043801,-17.446869959403116,4.0,-97.64779596175204,-29.217973266223645
/home/tug87422/scratch/smithlab-shared/night-owls/derivatives/fsl/sub-101/ses-06/L1_sub-101_ses-06_task-sharedreward_model-1_type-act_run-2_space-mni_single-echo_cnfds-fmriprep_unsmoothed_FIR.feat,101,6,sharedreward,2,single-echo,fmriprep,mni,NAcc,sr_outcome_primary,Reward-Punish,6.0,-15.48979661805096,9.232079982757568,0.0,-92.93877970830576,7.4549045860767365,100.3936842943825,-39.53141490364591,-17.077029089440504,4.0,-158.12565961458364,-50.76448868081296
/home/tug87422/scratch/smithlab-shared/night-owls/derivatives/fsl/sub-101/ses-06/L1_sub-101_ses-06_task-sharedreward_model-1_type-act_run-2_space-mni_single-echo_cnfds-tedana_unsmoothed_FIR.feat,101,6,sharedreward,2,single-echo,tedana,mni,NAcc,sr_decision_partner_extra,Computer-Stranger,6.0,3.664577323907316,31.018620694753928,6.0,21.987463943443895,51.649474906406994,29.6620109629631,24.7329464771218,51.60912376734495,8.0,98.9317859084872,31.018620694753928
/home/tug87422/scratch/smithlab-shared/night-owls/derivatives/fsl/sub-101/ses-06/L1_sub-101_ses-06_task-sharedreward_model-1_type-act_run-2_space-mni_single-echo_cnfds-tedana_unsmoothed_FIR.feat,101,6,sharedreward,2,single-echo,tedana,mni,NAcc,sr_outcome_primary,Reward-Neutral,6.0,-53.30588345888598,-20.553391456604004,1.615,-319.8353007533159,0.0,319.8353007533159,-91.3875163712664,-62.564286542012596,4.0,-365.5500654850656,-106.38164977318732
/home/tug87422/scratch/smithlab-shared/night-owls/derivatives/fsl/sub-101/ses-06/L1_sub-101_ses-06_task-sharedreward_model-1_type-act_run-2_space-mni_single-echo_cnfds-tedana_unsmoothed_FIR.feat,101,6,sharedreward,2,single-echo,tedana,mni,NAcc,sr_outcome_primary,Punish-Neutral,6.0,-22.534018091809145,4.689611434936523,1.615,-135.20410855085487,7.573722467422486,142.77783101827737,-42.061574100089885,-31.097954859305464,4.0,-168.24629640035954,-46.33436841935196
/home/tug87422/scratch/smithlab-shared/night-owls/derivatives/fsl/sub-101/ses-06/L1_sub-101_ses-06_task-sharedreward_model-1_type-act_run-2_space-mni_single-echo_cnfds-tedana_unsmoothed_FIR.feat,101,6,sharedreward,2,single-echo,tedana,mni,NAcc,sr_outcome_primary,Reward-Punish,6.0,-30.771865367076842,-18.24651861190796,0.0,-184.63119220246105,0.0,184.63119220246105,-49.3259422711765,-30.850353240966797,4.845,-197.303769084706,-60.04728135383535
/home/tug87422/scratch/smithlab-shared/night-owls/derivatives/fsl/sub-101/ses-07/L1_sub-101_ses-07_task-mid_model-1_type-act_run-1_space-mni_multi-echo_cnfds-fmriprep_unsmoothed_FIR.feat,101,7,mid,1,multi-echo,fmriprep,mni,NAcc,mid_anticipation_primary,Reward-Neutral,5.0,-26.86788931489637,6.196796417236328,1.615,-134.33944657448185,10.00782621383667,144.34727278831852,-89.94694612797568,-52.873356048536735,8.0,-359.7877845119027,-101.54416915728211
/home/tug87422/scratch/smithlab-shared/night-owls/derivatives/fsl/sub-101/ses-07/L1_sub-101_ses-07_task-mid_model-1_type-act_run-1_space-mni_multi-echo_cnfds-fmriprep_unsmoothed_FIR.feat,101,7,mid,1,multi-echo,fmriprep,mni,NAcc,mid_feedback_extra,Positive-Negative,6.0,-20.090909869823417,-7.472347259521477,4.845,-120.5454592189405,0.0,120.5454592189405,-22.243909306976448,-7.472347259521477,4.845,-88.97563722790579,-20.98012098660779
/home/tug87422/scratch/smithlab-shared/night-owls/derivatives/fsl/sub-101/ses-07/L1_sub-101_ses-07_task-mid_model-1_type-act_run-1_space-mni_multi-echo_cnfds-tedana_unsmoothed_FIR.feat,101,7,mid,1,multi-echo,tedana,mni,NAcc,mid_anticipation_primary,Reward-Neutral,5.0,-19.336645934059895,9.916572570800781,1.615,-96.68322967029948,16.01526470184326,112.69849437214275,-81.65250645960171,-39.6752905343708,8.0,-326.61002583840684,-94.27360121163052
/home/tug87422/scratch/smithlab-shared/night-owls/derivatives/fsl/sub-101/ses-07/L1_sub-101_ses-07_task-mid_model-1_type-act_run-1_space-mni_multi-echo_cnfds-tedana_unsmoothed_FIR.feat,101,7,mid,1,multi-echo,tedana,mni,NAcc,mid_feedback_extra,Positive-Negative,6.0,-23.41754881268807,-7.164056777954098,4.845,-140.50529287612844,0.0,140.50529287612844,-27.36692335399681,-7.164056777954098,4.845,-109.46769341598724,-26.822881728133922
/home/tug87422/scratch/smithlab-shared/night-owls/derivatives/fsl/sub-101/ses-07/L1_sub-101_ses-07_task-mid_model-1_type-act_run-1_space-mni_single-echo_cnfds-fmriprep_unsmoothed_FIR.feat,101,7,mid,1,single-echo,fmriprep,mni,NAcc,mid_anticipation_primary,Reward-Neutral,5.0,-33.227133846998214,-10.907106399536133,1.615,-166.13566923499107,0.0,166.13566923499107,-106.37986700179593,-60.290039038879584,4.0,-425.5194680071837,-128.88565158843994
/home/tug87422/scratch/smithlab-shared/night-owls/derivatives/fsl/sub-101/ses-07/L1_sub-101_ses-07_task-mid_model-1_type-act_run-1_space-mni_single-echo_cnfds-fmriprep_unsmoothed_FIR.feat,101,7,mid,1,single-echo,fmriprep,mni,NAcc,mid_feedback_extra,Positive-Negative,6.0,-27.084721140398944,-7.755031585693359,4.845,-162.50832684239367,0.0,162.50832684239367,-24.391736707620943,-7.755031585693359,4.845,-97.56694683048377,-26.639865804382893
/home/tug87422/scratch/smithlab-shared/night-owls/derivatives/fsl/sub-101/ses-07/L1_sub-101_ses-07_task-mid_model-1_type-act_run-1_space-mni_single-echo_cnfds-tedana_unsmoothed_FIR.feat,101,7,mid,1,single-echo,tedana,mni,NAcc,mid_anticipation_primary,Reward-Neutral,5.0,-18.292911225202282,14.633377075195312,3.23,-91.46455612601142,23.632903976440428,115.09746010245183,-67.26559431686859,-24.45980503684593,8.0,-269.06237726747435,-86.52391880732202
/home/tug87422/scratch/smithlab-shared/night-owls/derivatives/fsl/sub-101/ses-07/L1_sub-101_ses-07_task-mid_model-1_type-act_run-1_space-mni_single-echo_cnfds-tedana_unsmoothed_FIR.feat,101,7,mid,1,single-echo,tedana,mni,NAcc,mid_feedback_extra,Positive-Negative,6.0,-28.30169027704244,-4.005279541015625,4.845,-169.81014166225464,0.0,169.81014166225464,-28.596263977553686,-4.005279541015625,4.845,-114.38505591021475,-32.07775471615533
/home/tug87422/scratch/smithlab-shared/night-owls/derivatives/fsl/sub-101/ses-07/L1_sub-101_ses-07_task-mid_model-1_type-act_run-2_space-mni_multi-echo_cnfds-fmriprep_unsmoothed_FIR.feat,101,7,mid,2,multi-echo,fmriprep,mni,NAcc,mid_anticipation_primary,Reward-Neutral,5.0,2.65537150312208,30.327510833740234,1.615,13.2768575156104,50.42002396821975,37.14316645260936,-50.227016358955915,-17.842156637563797,4.0,-200.90806543582366,-54.902016469937735
/home/tug87422/scratch/smithlab-shared/night-owls/derivatives/fsl/sub-101/ses-07/L1_sub-101_ses-07_task-mid_model-1_type-act_run-2_space-mni_multi-echo_cnfds-fmriprep_unsmoothed_FIR.feat,101,7,mid,2,multi-echo,fmriprep,mni,NAcc,mid_feedback_extra,Positive-Negative,6.0,1.7237359848184883,58.9348151617375,6.0,10.34241590891093,98.68594052229136,88.34352461338042,32.3318744836134,74.52714538574219,6.46,129.3274979344536,58.9348151617375
/home/tug87422/scratch/smithlab-shared/night-owls/derivatives/fsl/sub-101/ses-07/L1_sub-101_ses-07_task-mid_model-1_type-act_run-2_space-mni_multi-echo_cnfds-tedana_unsmoothed_FIR.feat,101,7,mid,2,multi-echo,tedana,mni,NAcc,mid_anticipation_primary,Reward-Neutral,5.0,-1.8035069443256866,21.902515411376953,1.615,-9.017534721628433,35.372562389373776,44.39009711100221,-47.55744698697938,-19.889165707047884,4.0,-190.22978794791752,-49.856960320251275
/home/tug87422/scratch/smithlab-shared/night-owls/derivatives/fsl/sub-101/ses-07/L1_sub-101_ses-07_task-mid_model-1_type-act_run-2_space-mni_multi-echo_cnfds-tedana_unsmoothed_FIR.feat,101,7,mid,2,multi-echo,tedana,mni,NAcc,mid_feedback_extra,Positive-Negative,6.0,8.758601249723368,65.00211320056266,6.0,52.55160749834021,137.20512072961768,84.65351323127746,41.646407238927786,74.9515609741211,6.46,166.58562895571114,65.00211320056266
/home/tug87422/scratch/smithlab-shared/night-owls/derivatives/fsl/sub-101/ses-07/L1_sub-101_ses-07_task-mid_model-1_type-act_run-2_space-mni_single-echo_cnfds-fmriprep_unsmoothed_FIR.feat,101,7,mid,2,single-echo,fmriprep,mni,NAcc,mid_anticipation_primary,Reward-Neutral,5.0,-6.7522565385579325,22.516435623168945,1.615,-33.76128269278966,36.36404353141785,70.12532622420751,-27.672215828074393,-18.568285942077637,6.46,-110.68886331229757,-21.711384318561375
/home/tug87422/scratch/smithlab-shared/night-owls/derivatives/fsl/sub-101/ses-07/L1_sub-101_ses-07_task-mid_model-1_type-act_run-2_space-mni_single-echo_cnfds-fmriprep_unsmoothed_FIR.feat,101,7,mid,2,single-echo,fmriprep,mni,NAcc,mid_feedback_extra,Positive-Negative,6.0,-14.958590660385546,62.509707873081645,6.0,-89.75154396231328,55.13041567628227,144.88195963859556,31.11859408714453,81.93280792236328,6.46,124.47437634857812,62.509707873081645
/home/tug87422/scratch/smithlab-shared/night-owls/derivatives/fsl/sub-101/ses-07/L1_sub-101_ses-07_task-mid_model-1_type-act_run-2_space-mni_single-echo_cnfds-tedana_unsmoothed_FIR.feat,101,7,mid,2,single-echo,tedana,mni,NAcc,mid_anticipation_primary,Reward-Neutral,5.0,-7.955358325099063,11.047832489013672,1.615,-39.776791625495314,17.84224946975708,57.61904109525239,-7.739069757114627,11.643329620361328,6.46,-30.956279028458507,3.7704179013845756
/home/tug87422/scratch/smithlab-shared/night-owls/derivatives/fsl/sub-101/ses-07/L1_sub-101_ses-07_task-mid_model-1_type-act_run-2_space-mni_single-echo_cnfds-tedana_unsmoothed_FIR.feat,101,7,mid,2,single-echo,tedana,mni,NAcc,mid_feedback_extra,Positive-Negative,6.0,-8.495904553126016,56.93353207709248,6.0,-50.97542731875609,83.67084512120059,134.64627243995668,33.442770666426526,65.00276947021482,6.46,133.7710826657061,56.93353207709248
/home/tug87422/scratch/smithlab-shared/night-owls/derivatives/fsl/sub-101/ses-07/L1_sub-101_ses-07_task-sharedreward_model-1_type-act_run-1_space-mni_multi-echo_cnfds-fmriprep_unsmoothed_FIR.feat,101,7,sharedreward,1,multi-echo,fmriprep,mni,NAcc,sr_decision_partner_extra,Computer-Stranger,6.0,6.01125251832146,18.92852020263672,0.0,36.06751510992876,61.282354288101196,25.214839178172433,-10.709683394614757,3.9264093139223255,4.0,-42.83873357845903,-18.630499866355684
/home/tug87422/scratch/smithlab-shared/night-owls/derivatives/fsl/sub-101/ses-07/L1_sub-101_ses-07_task-sharedreward_model-1_type-act_run-1_space-mni_multi-echo_cnfds-fmriprep_unsmoothed_FIR.feat,101,7,sharedreward,1,multi-echo,fmriprep,mni,NAcc,sr_outcome_primary,Reward-Neutral,6.0,-62.01955364321531,8.360654830932617,0.0,-372.11732185929185,6.751228775978088,378.86855063526997,-68.33790246604767,-59.75953674316406,6.46,-273.35160986419066,-64.74002580672226
/home/tug87422/scratch/smithlab-shared/night-owls/derivatives/fsl/sub-101/ses-07/L1_sub-101_ses-07_task-sharedreward_model-1_type-act_run-1_space-mni_multi-echo_cnfds-fmriprep_unsmoothed_FIR.feat,101,7,sharedreward,1,multi-echo,fmriprep,mni,NAcc,sr_outcome_primary,Punish-Neutral,6.0,-60.73437287116321,7.428277969360355,0.0,-364.4062372269793,5.998334460258487,370.40457168723776,-85.02473616751354,-79.13738250732422,6.46,-340.09894467005415,-83.92713940032864
/home/tug87422/scratch/smithlab-shared/night-owls/derivatives/fsl/sub-101/ses-07/L1_sub-101_ses-07_task-sharedreward_model-1_type-act_run-1_space-mni_multi-echo_cnfds-fmriprep_unsmoothed_FIR.feat,101,7,sharedreward,1,multi-echo,fmriprep,mni,NAcc,sr_outcome_primary,Reward-Punish,6.0,-1.285180772052092,19.187113593606384,6.0,-7.711084632312552,62.480670509899355,70.19175514221192,16.686833701465886,19.37784576416015,6.46,66.74733480586355,19.187113593606384
/home/tug87422/scratch/smithlab-shared/night-owls/derivatives/fsl/sub-101/ses-07/L1_sub-101_ses-07_task-sharedreward_model-1_type-act_run-1_space-mni_multi-echo_cnfds-tedana_unsmoothed_FIR.feat,101,7,sharedreward,1,multi-echo,tedana,mni,NAcc,sr_decision_partner_extra,Computer-Stranger,6.0,16.46236041746703,30.719990968704224,3.23,98.77416250480218,103.22357721686363,4.449414712061454,0.1628469920956509,18.84757149182606,4.0,0.6513879683826036,-7.704614220019833
/home/tug87422/scratch/smithlab-shared/night-owls/derivatives/fsl/sub-101/ses-07/L1_sub-101_ses-07_task-sharedreward_model-1_type-act_run-1_space-mni_multi-echo_cnfds-tedana_unsmoothed_FIR.feat,101,7,sharedreward,1,multi-echo,tedana,mni,NAcc,sr_outcome_primary,Reward-Neutral,6.0,-66.55055789922352,-2.6541366577148438,0.0,-399.3033473953411,0.0,399.3033473953411,-74.56792573479308,-68.38469719665338,4.0,-298.2717029391723,-75.15731337934086
/home/tug87422/scratch/smithlab-shared/night-owls/derivatives/fsl/sub-101/ses-07/L1_sub-101_ses-07_task-sharedreward_model-1_type-act_run-1_space-mni_multi-echo_cnfds-tedana_unsmoothed_FIR.feat,101,7,sharedreward,1,multi-echo,tedana,mni,NAcc,sr_outcome_primary,Punish-Neutral,6.0,-64.0244174932923,-6.829319477081299,0.0,-384.1465049597538,0.0,384.1465049597538,-83.39358349644363,-75.9141845703125,4.845,-333.5743339857745,-84.08254365950546
/home/tug87422/scratch/smithlab-shared/night-owls/derivatives/fsl/sub-101/ses-07/L1_sub-101_ses-07_task-sharedreward_model-1_type-act_run-1_space-mni_multi-echo_cnfds-tedana_unsmoothed_FIR.feat,101,7,sharedreward,1,multi-echo,tedana,mni,NAcc,sr_outcome_primary,Reward-Punish,6.0,-2.526140405931218,24.224227905273438,3.23,-15.156842435587308,55.871420147430044,71.02826258301735,8.825657761650557,15.505503840490759,4.0,35.30263104660223,8.925230280164595
/home/tug87422/scratch/smithlab-shared/night-owls/derivatives/fsl/sub-101/ses-07/L1_sub-101_ses-07_task-sharedreward_model-1_type-act_run-1_space-mni_single-echo_cnfds-fmriprep_unsmoothed_FIR.feat,101,7,sharedreward,1,single-echo,fmriprep,mni,NAcc,sr_decision_partner_extra,Computer-Stranger,6.0,5.356030225475752,34.12543296813965,0.0,32.136181352854514,47.958516497612,15.822335144757492,-12.773627250209314,-2.3004722418061716,4.0,-51.094509000837256,-14.98302788631097
/home/tug87422/scratch/smithlab-shared/night-owls/derivatives/fsl/sub-101/ses-07/L1_sub-101_ses-07_task-sharedreward_model-1_type-act_run-1_space-mni_single-echo_cnfds-fmriprep_unsmoothed_FIR.feat,101,7,sharedreward,1,single-echo,fmriprep,mni,NAcc,sr_outcome_primary,Reward-Neutral,6.0,-40.09735268380036,7.723033905029297,4.845,-240.58411610280214,10.696401958465575,251.2805180612677,-31.54984066820643,7.723033905029297,4.845,-126.19936267282571,-31.917242175654362
/home/tug87422/scratch/smithlab-shared/night-owls/derivatives/fsl/sub-101/ses-07/L1_sub-101_ses-07_task-sharedreward_model-1_type-act_run-1_space-mni_single-echo_cnfds-fmriprep_unsmoothed_FIR.feat,101,7,sharedreward,1,single-echo,fmriprep,mni,NAcc,sr_outcome_primary,Punish-Neutral,6.0,-50.6572045102148,-12.325132489204407,0.0,-303.9432270612888,0.0,303.9432270612888,-41.646671474271514,-29.655405044555668,6.46,-166.58668589708606,-30.108432114308837
/home/tug87422/scratch/smithlab-shared/night-owls/derivatives/fsl/sub-101/ses-07/L1_sub-101_ses-07_task-sharedreward_model-1_type-act_run-1_space-mni_single-echo_cnfds-fmriprep_unsmoothed_FIR.feat,101,7,sharedreward,1,single-echo,fmriprep,mni,NAcc,sr_outcome_primary,Reward-Punish,6.0,10.559851826414452,40.879676818847656,3.23,63.35911095848671,121.51987068206071,58.16075972357402,10.096830806065086,39.96868389826441,4.0,40.38732322426034,-1.8088100613455285
/home/tug87422/scratch/smithlab-shared/night-owls/derivatives/fsl/sub-101/ses-07/L1_sub-101_ses-07_task-sharedreward_model-1_type-act_run-1_space-mni_single-echo_cnfds-tedana_unsmoothed_FIR.feat,101,7,sharedreward,1,single-echo,tedana,mni,NAcc,sr_decision_partner_extra,Computer-Stranger,6.0,16.199053549531566,35.937313079833984,0.0,97.1943212971894,103.99714423418045,6.802822936991053,-9.983909727680057,13.047119592365465,4.0,-39.93563891072023,-11.779779977473682
/home/tug87422/scratch/smithlab-shared/night-owls/derivatives/fsl/sub-101/ses-07/L1_sub-101_ses-07_task-sharedreward_model-1_type-act_run-1_space-mni_single-echo_cnfds-tedana_unsmoothed_FIR.feat,101,7,sharedreward,1,single-echo,tedana,mni,NAcc,sr_outcome_primary,Reward-Neutral,6.0,-44.59129920213554,7.808784484863281,4.845,-267.54779521281324,10.815166511535645,278.36296172434885,-39.962343494887975,7.808784484863281,4.845,-159.8493739795519,-43.2596055737959
/home/tug87422/scratch/smithlab-shared/night-owls/derivatives/fsl/sub-101/ses-07/L1_sub-101_ses-07_task-sharedreward_model-1_type-act_run-1_space-mni_single-echo_cnfds-tedana_unsmoothed_FIR.feat,101,7,sharedreward,1,single-echo,tedana,mni,NAcc,sr_outcome_primary,Punish-Neutral,6.0,-58.57855161857925,-4.3485565185546875,4.845,-351.4713097114755,0.0,351.4713097114755,-33.36084546784868,-4.3485565185546875,4.845,-133.4433818713947,-17.85114128892267
/home/tug87422/scratch/smithlab-shared/night-owls/derivatives/fsl/sub-101/ses-07/L1_sub-101_ses-07_task-sharedreward_model-1_type-act_run-1_space-mni_single-echo_cnfds-tedana_unsmoothed_FIR.feat,101,7,sharedreward,1,single-echo,tedana,mni,NAcc,sr_outcome_primary,Reward-Punish,6.0,13.987252416443711,62.22249412536621,3.23,83.92351449866227,131.97369917869568,48.0501846800334,-6.601498027039293,38.35242111985528,4.0,-26.40599210815717,-25.40846428487323
/home/tug87422/scratch/smithlab-shared/night-owls/derivatives/fsl/sub-101/ses-07/L1_sub-101_ses-07_task-sharedreward_model-1_type-act_run-2_space-mni_multi-echo_cnfds-fmriprep_unsmoothed_FIR.feat,101,7,sharedreward,2,multi-echo,fmriprep,mni,NAcc,sr_decision_partner_extra,Computer-Stranger,6.0,7.090708329772311,44.02191925048828,4.845,42.544249978633864,76.82416885909652,34.279918880462645,33.20589365896749,66.07255930354354,8.0,132.82357463586996,22.571245512357066
/home/tug87422/scratch/smithlab-shared/night-owls/derivatives/fsl/sub-101/ses-07/L1_sub-101_ses-07_task-sharedreward_model-1_type-act_run-2_space-mni_multi-echo_cnfds-fmriprep_unsmoothed_FIR.feat,101,7,sharedreward,2,multi-echo,fmriprep,mni,NAcc,sr_outcome_primary,Reward-Neutral,6.0,27.246457670565974,70.6461124420166,3.23,163.47874602339584,165.9468562629016,2.4681102395057692,14.532587049082148,45.12879939714083,4.0,58.13034819632859,18.887871808680956
/home/tug87422/scratch/smithlab-shared/night-owls/derivatives/fsl/sub-101/ses-07/L1_sub-101_ses-07_task-sharedreward_model-1_type-act_run-2_space-mni_multi-echo_cnfds-fmriprep_unsmoothed_FIR.feat,101,7,sharedreward,2,multi-echo,fmriprep,mni,NAcc,sr_outcome_primary,Punish-Neutral,6.0,38.69518202307301,81.54214286804199,3.23,232.17109213843804,236.4605015565441,4.289409418106079,45.494938573457134,63.729510705906534,4.0,181.97975429382853,55.15557119056536
/home/tug87422/scratch/smithlab-shared/night-owls/derivatives/fsl/sub-101/ses-07/L1_sub-101_ses-07_task-sharedreward_model-1_type-act_run-2_space-mni_multi-echo_cnfds-fmriprep_unsmoothed_FIR.feat,101,7,sharedreward,2,multi-echo,fmriprep,mni,NAcc,sr_outcome_primary,Reward-Punish,6.0,-11.44872435250703,13.322285652160645,1.615,-68.69234611504218,21.51549132823944,90.20783744328162,-30.962351524374984,-18.600711308765707,4.0,-123.84940609749994,-36.267699381884405
/home/tug87422/scratch/smithlab-shared/night-owls/derivatives/fsl/sub-101/ses-07/L1_sub-101_ses-07_task-sharedreward_model-1_type-act_run-2_space-mni_multi-echo_cnfds-tedana_unsmoothed_FIR.feat,101,7,sharedreward,2,multi-echo,tedana,mni,NAcc,sr_decision_partner_extra,Computer-Stranger,6.0,5.724179590821758,34.862141847610474,4.845,34.34507754493055,59.83203425336179,25.486956708431244,12.592135168167278,34.862141847610474,4.845,50.36854067266911,0.23182888444362915
/home/tug87422/scratch/smithlab-shared/night-owls/derivatives/fsl/sub-101/ses-07/L1_sub-101_ses-07_task-sharedreward_model-1_type-act_run-2_space-mni_multi-echo_cnfds-tedana_unsmoothed_FIR.feat,101,7,sharedreward,2,multi-echo,tedana,mni,NAcc,sr_outcome_primary,Reward-Neutral,6.0,43.81942630294799,88.09372329711914,3.23,262.91655781768793,262.91655781768793,0.0,34.876379323223425,58.002847568169464,4.0,139.5055172928937,43.99864753333408
/home/tug87422/scratch/smithlab-shared/night-owls/derivatives/fsl/sub-101/ses-07/L1_sub-101_ses-07_task-sharedreward_model-1_type-act_run-2_space-mni_multi-echo_cnfds-tedana_unsmoothed_FIR.feat,101,7,sharedreward,2,multi-echo,tedana,mni,NAcc,sr_outcome_primary,Punish-Neutral,6.0,44.736459293132974,89.6904411315918,3.23,268.41875575879783,268.41875575879783,0.0,53.62870919691889,79.6095962524414,6.46,214.51483678767556,68.10568471146811
/home/tug87422/scratch/smithlab-shared/night-owls/derivatives/fsl/sub-101/ses-07/L1_sub-101_ses-07_task-sharedreward_model-1_type-act_run-2_space-mni_multi-echo_cnfds-tedana_unsmoothed_FIR.feat,101,7,sharedreward,2,multi-echo,tedana,mni,NAcc,sr_outcome_primary,Reward-Punish,6.0,-0.9170329901849777,24.847352027893066,1.615,-5.502197941109866,40.128473525047305,45.63067146615717,-18.752329873695462,-7.624698889882942,4.0,-75.00931949478185,-24.107037178134032
/home/tug87422/scratch/smithlab-shared/night-owls/derivatives/fsl/sub-101/ses-07/L1_sub-101_ses-07_task-sharedreward_model-1_type-act_run-2_space-mni_single-echo_cnfds-fmriprep_unsmoothed_FIR.feat,101,7,sharedreward,2,single-echo,fmriprep,mni,NAcc,sr_decision_partner_extra,Computer-Stranger,6.0,-0.6666607723036785,36.90787601470947,4.845,-3.9999646338220707,71.60182357347048,75.60178820729254,18.802035451222782,43.180728301175265,8.0,75.20814180489113,9.191749835531036
/home/tug87422/scratch/smithlab-shared/night-owls/derivatives/fsl/sub-101/ses-07/L1_sub-101_ses-07_task-sharedreward_model-1_type-act_run-2_space-mni_single-echo_cnfds-fmriprep_unsmoothed_FIR.feat,101,7,sharedreward,2,single-echo,fmriprep,mni,NAcc,sr_outcome_primary,Reward-Neutral,6.0,29.70965548804055,70.04491424560547,1.615,178.2579329282433,209.43376667022704,31.175833741983762,-7.286201053060617,31.30311569119385,4.0,-29.14480421224247,-8.260692661391692
/home/tug87422/scratch/smithlab-shared/night-owls/derivatives/fsl/sub-101/ses-07/L1_sub-101_ses-07_task-sharedreward_model-1_type-act_run-2_space-mni_single-echo_cnfds-fmriprep_unsmoothed_FIR.feat,101,7,sharedreward,2,single-echo,fmriprep,mni,NAcc,sr_outcome_primary,Punish-Neutral,6.0,36.85317106428407,64.82423162460327,1.615,221.11902638570442,221.11902638570442,0.0,30.291875250542496,61.874481201171875,6.46,121.16750100216998,44.63538788125242
/home/tug87422/scratch/smithlab-shared/night-owls/derivatives/fsl/sub-101/ses-07/L1_sub-101_ses-07_task-sharedreward_model-1_type-act_run-2_space-mni_single-echo_cnfds-fmriprep_unsmoothed_FIR.feat,101,7,sharedreward,2,single-echo,fmriprep,mni,NAcc,sr_outcome_primary,Reward-Punish,6.0,-7.143515576243526,5.220682621002197,1.615,-42.86109345746115,17.113681094646452,59.974774552107604,-37.57807630360311,2.875607416725749,4.0,-150.31230521441245,-52.89608054264412
/home/tug87422/scratch/smithlab-shared/night-owls/derivatives/fsl/sub-101/ses-07/L1_sub-101_ses-07_task-sharedreward_model-1_type-act_run-2_space-mni_single-echo_cnfds-tedana_unsmoothed_FIR.feat,101,7,sharedreward,2,single-echo,tedana,mni,NAcc,sr_decision_partner_extra,Computer-Stranger,6.0,4.719209024295348,32.653581619262695,4.845,28.315254145772087,71.40658694028855,43.091332794516454,3.0206143408972252,32.653581619262695,4.845,12.082457363588901,-9.68882287028405
/home/tug87422/scratch/smithlab-shared/night-owls/derivatives/fsl/sub-101/ses-07/L1_sub-101_ses-07_task-sharedreward_model-1_type-act_run-2_space-mni_single-echo_cnfds-tedana_unsmoothed_FIR.feat,101,7,sharedreward,2,single-echo,tedana,mni,NAcc,sr_outcome_primary,Reward-Neutral,6.0,46.07852972471031,87.42267084121704,1.615,276.47117834826184,286.6125687428303,10.141390394568443,5.493619411759326,46.014595185270984,4.0,21.974477647037304,8.516302504406623
/home/tug87422/scratch/smithlab-shared/night-owls/derivatives/fsl/sub-101/ses-07/L1_sub-101_ses-07_task-sharedreward_model-1_type-act_run-2_space-mni_single-echo_cnfds-tedana_unsmoothed_FIR.feat,101,7,sharedreward,2,single-echo,tedana,mni,NAcc,sr_outcome_primary,Punish-Neutral,6.0,35.91749558877157,76.16805648803711,1.615,215.50497353262944,225.90902100272223,10.404047470092774,19.389059288671504,52.617624282836914,6.46,77.55623715468602,35.49093506875053
/home/tug87422/scratch/smithlab-shared/night-owls/derivatives/fsl/sub-101/ses-07/L1_sub-101_ses-07_task-sharedreward_model-1_type-act_run-2_space-mni_single-echo_cnfds-tedana_unsmoothed_FIR.feat,101,7,sharedreward,2,single-echo,tedana,mni,NAcc,sr_outcome_primary,Reward-Punish,6.0,10.161034135938737,26.358047485351562,3.23,60.966204815632416,95.51351541280745,34.54731059717505,-13.89543987691218,25.760151629846533,4.0,-55.58175950764872,-26.974632564343906
/home/tug87422/scratch/smithlab-shared/night-owls/derivatives/fsl/sub-101/ses-08/L1_sub-101_ses-08_task-mid_model-1_type-act_run-1_space-mni_multi-echo_cnfds-fmriprep_unsmoothed_FIR.feat,101,8,mid,1,multi-echo,fmriprep,mni,NAcc,mid_anticipation_primary,Reward-Neutral,5.0,-53.61665016560695,-22.13301944732666,1.615,-268.08325082803475,0.0,268.08325082803475,-85.59679241341172,-81.36690396088933,4.0,-342.3871696536469,-84.48180490381577
/home/tug87422/scratch/smithlab-shared/night-owls/derivatives/fsl/sub-101/ses-08/L1_sub-101_ses-08_task-mid_model-1_type-act_run-1_space-mni_multi-echo_cnfds-fmriprep_unsmoothed_FIR.feat,101,8,mid,1,multi-echo,fmriprep,mni,NAcc,mid_feedback_extra,Positive-Negative,6.0,44.26090329472987,85.53606414794922,0.0,265.56541976837923,265.56541976837923,0.0,22.877421660526622,45.40526030454845,8.0,91.50968664210649,10.095956961805975
/home/tug87422/scratch/smithlab-shared/night-owls/derivatives/fsl/sub-101/ses-08/L1_sub-101_ses-08_task-mid_model-1_type-act_run-1_space-mni_multi-echo_cnfds-tedana_unsmoothed_FIR.feat,101,8,mid,1,multi-echo,tedana,mni,NAcc,mid_anticipation_primary,Reward-Neutral,5.0,-56.31684478985858,-21.269685745239258,1.615,-281.5842239492929,0.0,281.5842239492929,-84.53879670610738,-73.02313041687012,6.46,-338.1551868244295,-79.8448751231096
/home/tug87422/scratch/smithlab-shared/night-owls/derivatives/fsl/sub-101/ses-08/L1_sub-101_ses-08_task-mid_model-1_type-act_run-1_space-mni_multi-echo_cnfds-tedana_unsmoothed_FIR.feat,101,8,mid,1,multi-echo,tedana,mni,NAcc,mid_feedback_extra,Positive-Negative,6.0,36.53500949695383,66.99657249450684,0.0,219.210056981723,219.210056981723,0.0,20.262532528276232,45.50524373246422,8.0,81.05013011310493,10.37597182660649
/home/tug87422/scratch/smithlab-shared/night-owls/derivatives/fsl/sub-101/ses-08/L1_sub-101_ses-08_task-mid_model-1_type-act_run-1_space-mni_single-echo_cnfds-fmriprep_unsmoothed_FIR.feat,101,8,mid,1,single-echo,fmriprep,mni,NAcc,mid_anticipation_primary,Reward-Neutral,5.0,-61.69014503798176,-21.92603302001953,1.615,-308.4507251899088,0.0,308.4507251899088,-85.24375486261889,-65.56118339207887,8.0,-340.97501945047554,-87.30573079608172
/home/tug87422/scratch/smithlab-shared/night-owls/derivatives/fsl/sub-101/ses-08/L1_sub-101_ses-08_task-mid_model-1_type-act_run-1_space-mni_single-echo_cnfds-fmriprep_unsmoothed_FIR.feat,101,8,mid,1,single-echo,fmriprep,mni,NAcc,mid_feedback_extra,Positive-Negative,6.0,56.943766488413814,94.86861801147461,0.0,341.6625989304829,341.6625989304829,0.0,20.164341700071525,38.9440024319817,4.0,80.6573668002861,9.334259588282912
/home/tug87422/scratch/smithlab-shared/night-owls/derivatives/fsl/sub-101/ses-08/L1_sub-101_ses-08_task-mid_model-1_type-act_run-1_space-mni_single-echo_cnfds-tedana_unsmoothed_FIR.feat,101,8,mid,1,single-echo,tedana,mni,NAcc,mid_anticipation_primary,Reward-Neutral,5.0,-59.93673965199739,-13.740165710449219,1.615,-299.68369825998695,0.0,299.68369825998695,-88.54709851707098,-59.696894309099974,8.0,-354.1883940682839,-89.24198642234684
/home/tug87422/scratch/smithlab-shared/night-owls/derivatives/fsl/sub-101/ses-08/L1_sub-101_ses-08_task-mid_model-1_type-act_run-1_space-mni_single-echo_cnfds-tedana_unsmoothed_FIR.feat,101,8,mid,1,single-echo,tedana,mni,NAcc,mid_feedback_extra,Positive-Negative,6.0,42.98246466122914,74.83386039733887,0.0,257.89478796737484,257.89478796737484,0.0,10.841978788309191,24.832555074071735,4.0,43.367915153236765,4.57594942972756
/home/tug87422/scratch/smithlab-shared/night-owls/derivatives/fsl/sub-101/ses-08/L1_sub-101_ses-08_task-mid_model-1_type-act_run-2_space-mni_multi-echo_cnfds-fmriprep_unsmoothed_FIR.feat,101,8,mid,2,multi-echo,fmriprep,mni,NAcc,mid_anticipation_primary,Reward-Neutral,5.0,22.001539684201543,51.2565393447876,3.23,110.00769842100772,116.1706723923746,6.162973971366882,10.517757573173416,40.309691781230015,4.0,42.07103029269366,8.211512189162402
/home/tug87422/scratch/smithlab-shared/night-owls/derivatives/fsl/sub-101/ses-08/L1_sub-101_ses-08_task-mid_model-1_type-act_run-2_space-mni_multi-echo_cnfds-fmriprep_unsmoothed_FIR.feat,101,8,mid,2,multi-echo,fmriprep,mni,NAcc,mid_feedback_extra,Positive-Negative,6.0,-2.253663046803514,25.929336309432983,1.615,-13.521978280821084,49.34552421212196,62.86750249294305,-20.843920009051313,-10.227643966674805,6.46,-83.37568003620525,-17.220865875574827
/home/tug87422/scratch/smithlab-shared/night-owls/derivatives/fsl/sub-101/ses-08/L1_sub-101_ses-08_task-mid_model-1_type-act_run-2_space-mni_multi-echo_cnfds-tedana_unsmoothed_FIR.feat,101,8,mid,2,multi-echo,tedana,mni,NAcc,mid_anticipation_primary,Reward-Neutral,5.0,27.74514553360759,52.41412091255188,3.23,138.72572766803796,138.72572766803796,0.0,18.280686413862714,44.23129428724755,4.0,73.12274565545086,20.68947409563943
/home/tug87422/scratch/smithlab-shared/night-owls/derivatives/fsl/sub-101/ses-08/L1_sub-101_ses-08_task-mid_model-1_type-act_run-2_space-mni_multi-echo_cnfds-tedana_unsmoothed_FIR.feat,101,8,mid,2,multi-echo,tedana,mni,NAcc,mid_feedback_extra,Positive-Negative,6.0,10.88312565929411,32.12717151641846,1.615,65.29875395576467,79.36625625411978,14.067502298355102,-3.8875321711943536,6.886941909790043,6.46,-15.550128684777414,2.048727000091839
/home/tug87422/scratch/smithlab-shared/night-owls/derivatives/fsl/sub-101/ses-08/L1_sub-101_ses-08_task-mid_model-1_type-act_run-2_space-mni_single-echo_cnfds-fmriprep_unsmoothed_FIR.feat,101,8,mid,2,single-echo,fmriprep,mni,NAcc,mid_anticipation_primary,Reward-Neutral,5.0,20.339532928277276,61.12784957885742,3.23,101.69766464138638,126.70399075413359,25.006326112747193,18.610933801885405,43.05880215588738,4.0,74.44373520754162,18.295400611756385
/home/tug87422/scratch/smithlab-shared/night-owls/derivatives/fsl/sub-101/ses-08/L1_sub-101_ses-08_task-mid_model-1_type-act_run-2_space-mni_single-echo_cnfds-fmriprep_unsmoothed_FIR.feat,101,8,mid,2,single-echo,fmriprep,mni,NAcc,mid_feedback_extra,Positive-Negative,6.0,-13.607921737450935,5.126182556152344,3.23,-81.64753042470561,13.682674484252928,95.33020490895854,-33.90255540947427,8.807738708637842,8.0,-135.61022163789707,-49.593277609385204
/home/tug87422/scratch/smithlab-shared/night-owls/derivatives/fsl/sub-101/ses-08/L1_sub-101_ses-08_task-mid_model-1_type-act_run-2_space-mni_single-echo_cnfds-tedana_unsmoothed_FIR.feat,101,8,mid,2,single-echo,tedana,mni,NAcc,mid_anticipation_primary,Reward-Neutral,5.0,30.90978260742769,64.48961448669434,3.23,154.54891303713845,154.54891303713845,0.0,29.7410530777723,48.536213662233145,4.0,118.9642123110892,34.2211705878054
/home/tug87422/scratch/smithlab-shared/night-owls/derivatives/fsl/sub-101/ses-08/L1_sub-101_ses-08_task-mid_model-1_type-act_run-2_space-mni_single-echo_cnfds-tedana_unsmoothed_FIR.feat,101,8,mid,2,single-echo,tedana,mni,NAcc,mid_feedback_extra,Positive-Negative,6.0,-3.1047222998978192,5.629922866821289,3.23,-18.628333799386915,14.185489890575408,32.81382368996233,-15.535892653429745,10.667279809621116,8.0,-62.14357061371898,-28.39059945230514
/home/tug87422/scratch/smithlab-shared/night-owls/derivatives/fsl/sub-101/ses-08/L1_sub-101_ses-08_task-sharedreward_model-1_type-act_run-1_space-mni_multi-echo_cnfds-fmriprep_unsmoothed_FIR.feat,101,8,sharedreward,1,multi-echo,fmriprep,mni,NAcc,sr_decision_partner_extra,Computer-Stranger,6.0,-6.753166129370716,18.678086923002827,6.0,-40.5189967762243,12.587116595624769,53.10611337184908,3.3475190768033314,25.599223613739014,6.46,13.390076307213326,18.678086923002827
/home/tug87422/scratch/smithlab-shared/night-owls/derivatives/fsl/sub-101/ses-08/L1_sub-101_ses-08_task-sharedreward_model-1_type-act_run-1_space-mni_multi-echo_cnfds-fmriprep_unsmoothed_FIR.feat,101,8,sharedreward,1,multi-echo,fmriprep,mni,NAcc,sr_outcome_primary,Reward-Neutral,6.0,-0.4377540604150476,40.58543395996094,4.845,-2.6265243624902856,81.7747518992424,84.40127626173269,-4.439672483573938,40.58543395996094,4.845,-17.758689934295752,-34.714693919793014
/home/tug87422/scratch/smithlab-shared/night-owls/derivatives/fsl/sub-101/ses-08/L1_sub-101_ses-08_task-sharedreward_model-1_type-act_run-1_space-mni_multi-echo_cnfds-fmriprep_unsmoothed_FIR.feat,101,8,sharedreward,1,multi-echo,fmriprep,mni,NAcc,sr_outcome_primary,Punish-Neutral,6.0,11.522165132765922,33.61488723754883,1.615,69.13299079659554,107.0126601147947,37.879669318199156,20.889180520376183,26.198646068572998,4.845,83.55672208150473,20.76578144392362
/home/tug87422/scratch/smithlab-shared/night-owls/derivatives/fsl/sub-101/ses-08/L1_sub-101_ses-08_task-sharedreward_model-1_type-act_run-1_space-mni_multi-echo_cnfds-fmriprep_unsmoothed_FIR.feat,101,8,sharedreward,1,multi-echo,fmriprep,mni,NAcc,sr_outcome_primary,Reward-Punish,6.0,-11.959919193180971,14.38678789138794,4.845,-71.75951515908582,50.22788079023361,121.98739594931943,-25.328853003950123,14.38678789138794,4.845,-101.31541201580049,-55.48047536371663
/home/tug87422/scratch/smithlab-shared/night-owls/derivatives/fsl/sub-101/ses-08/L1_sub-101_ses-08_task-sharedreward_model-1_type-act_run-1_space-mni_multi-echo_cnfds-tedana_unsmoothed_FIR.feat,101,8,sharedreward,1,multi-echo,tedana,mni,NAcc,sr_decision_partner_extra,Computer-Stranger,6.0,-14.51533063839125,14.298396805122543,6.0,-87.0919838303475,8.25732415495827,95.34930798530577,-1.492854297464203,21.35575270652771,6.46,-5.971417189856812,14.298396805122543
/home/tug87422/scratch/smithlab-shared/night-owls/derivatives/fsl/sub-101/ses-08/L1_sub-101_ses-08_task-sharedreward_model-1_type-act_run-1_space-mni_multi-echo_cnfds-tedana_unsmoothed_FIR.feat,101,8,sharedreward,1,multi-echo,tedana,mni,NAcc,sr_outcome_primary,Reward-Neutral,6.0,1.305729411875805,35.30298328399658,4.845,7.83437647125483,94.70837432861327,86.87399785735845,-11.701722260279917,35.30298328399658,4.845,-46.80688904111967,-44.92277199122191
/home/tug87422/scratch/smithlab-shared/night-owls/derivatives/fsl/sub-101/ses-08/L1_sub-101_ses-08_task-sharedreward_model-1_type-act_run-1_space-mni_multi-echo_cnfds-tedana_unsmoothed_FIR.feat,101,8,sharedreward,1,multi-echo,tedana,mni,NAcc,sr_outcome_primary,Punish-Neutral,6.0,8.719419779134116,34.02160358428955,4.845,52.3165186748047,108.21154887437821,55.89503019957351,7.323616811246511,34.02160358428955,4.845,29.294467244986045,-2.456476370985668
/home/tug87422/scratch/smithlab-shared/night-owls/derivatives/fsl/sub-101/ses-08/L1_sub-101_ses-08_task-sharedreward_model-1_type-act_run-1_space-mni_multi-echo_cnfds-tedana_unsmoothed_FIR.feat,101,8,sharedreward,1,multi-echo,tedana,mni,NAcc,sr_outcome_primary,Reward-Punish,6.0,-7.413690367258312,18.386977910995483,0.0,-44.48214220354987,45.565191202759735,90.0473334063096,-19.025339071526428,16.335827112936045,8.0,-76.10135628610571,-42.466295620236245
/home/tug87422/scratch/smithlab-shared/night-owls/derivatives/fsl/sub-101/ses-08/L1_sub-101_ses-08_task-sharedreward_model-1_type-act_run-1_space-mni_single-echo_cnfds-fmriprep_unsmoothed_FIR.feat,101,8,sharedreward,1,single-echo,fmriprep,mni,NAcc,sr_decision_partner_extra,Computer-Stranger,6.0,-3.296379981662833,24.69123246426184,6.0,-19.778279889977,29.161799410426585,48.94007930040359,6.188883287951853,36.61846876144409,6.46,24.755533151807413,24.69123246426184
/home/tug87422/scratch/smithlab-shared/night-owls/derivatives/fsl/sub-101/ses-08/L1_sub-101_ses-08_task-sharedreward_model-1_type-act_run-1_space-mni_single-echo_cnfds-fmriprep_unsmoothed_FIR.feat,101,8,sharedreward,1,single-echo,fmriprep,mni,NAcc,sr_outcome_primary,Reward-Neutral,6.0,-40.40550898374291,-0.06585693359375,4.845,-242.4330539024575,0.0,242.4330539024575,-4.942908862472128,32.04336858755297,8.0,-19.77163544988851,-11.095143353606895
/home/tug87422/scratch/smithlab-shared/night-owls/derivatives/fsl/sub-101/ses-08/L1_sub-101_ses-08_task-sharedreward_model-1_type-act_run-1_space-mni_single-echo_cnfds-fmriprep_unsmoothed_FIR.feat,101,8,sharedreward,1,single-echo,fmriprep,mni,NAcc,sr_outcome_primary,Punish-Neutral,6.0,-0.8114442561284972,60.029953547753394,1.615,-4.868665536770983,144.79825618850214,149.66692172527314,31.031594733387323,71.81379318237305,6.46,124.12637893354929,54.702808262024874
/home/tug87422/scratch/smithlab-shared/night-owls/derivatives/fsl/sub-101/ses-08/L1_sub-101_ses-08_task-sharedreward_model-1_type-act_run-1_space-mni_single-echo_cnfds-fmriprep_unsmoothed_FIR.feat,101,8,sharedreward,1,single-echo,fmriprep,mni,NAcc,sr_outcome_primary,Reward-Punish,6.0,-39.594064727614416,6.205465316772457,0.0,-237.5643883656865,5.010913243293759,242.57530160898028,-35.974503595859446,22.69203475680518,8.0,-143.89801438343778,-65.79795161563177
/home/tug87422/scratch/smithlab-shared/night-owls/derivatives/fsl/sub-101/ses-08/L1_sub-101_ses-08_task-sharedreward_model-1_type-act_run-1_space-mni_single-echo_cnfds-tedana_unsmoothed_FIR.feat,101,8,sharedreward,1,single-echo,tedana,mni,NAcc,sr_decision_partner_extra,Computer-Stranger,6.0,-9.92331116813993,30.30803525410939,6.0,-59.539867008839586,17.502890359248177,77.04275736808776,11.44165174844833,45.06002902984619,6.46,45.76660699379332,30.30803525410939
/home/tug87422/scratch/smithlab-shared/night-owls/derivatives/fsl/sub-101/ses-08/L1_sub-101_ses-08_task-sharedreward_model-1_type-act_run-1_space-mni_single-echo_cnfds-tedana_unsmoothed_FIR.feat,101,8,sharedreward,1,single-echo,tedana,mni,NAcc,sr_outcome_primary,Reward-Neutral,6.0,-36.21984150003292,-5.093150138854984,1.615,-217.3190490001975,0.0,217.3190490001975,-20.777226704036575,12.706598497396673,8.0,-83.1089068161463,-29.477506593284964
/home/tug87422/scratch/smithlab-shared/night-owls/derivatives/fsl/sub-101/ses-08/L1_sub-101_ses-08_task-sharedreward_model-1_type-act_run-1_space-mni_single-echo_cnfds-tedana_unsmoothed_FIR.feat,101,8,sharedreward,1,single-echo,tedana,mni,NAcc,sr_outcome_primary,Punish-Neutral,6.0,2.549541356588175,62.66556453704834,1.615,15.29724813952905,151.12465382113913,135.82740568161012,16.248157128911267,25.703536987304688,4.845,64.99262851564507,24.797174660413997
/home/tug87422/scratch/smithlab-shared/night-owls/derivatives/fsl/sub-101/ses-08/L1_sub-101_ses-08_task-sharedreward_model-1_type-act_run-1_space-mni_single-echo_cnfds-tedana_unsmoothed_FIR.feat,101,8,sharedreward,1,single-echo,tedana,mni,NAcc,sr_outcome_primary,Reward-Punish,6.0,-38.76938285662109,10.767233848571777,0.0,-232.61629713972656,8.69454133272171,241.31083847244827,-37.025383832947846,10.910325818017567,8.0,-148.10153533179138,-54.27468125369896
/home/tug87422/scratch/smithlab-shared/night-owls/derivatives/fsl/sub-101/ses-08/L1_sub-101_ses-08_task-sharedreward_model-1_type-act_run-2_space-mni_multi-echo_cnfds-fmriprep_unsmoothed_FIR.feat,101,8,sharedreward,2,multi-echo,fmriprep,mni,NAcc,sr_decision_partner_extra,Computer-Stranger,6.0,26.026397777889745,32.92284172773361,3.23,156.15838666733848,156.15838666733848,0.0,16.446102492290176,29.984060409083824,4.0,65.7844099691607,18.091459646313552
/home/tug87422/scratch/smithlab-shared/night-owls/derivatives/fsl/sub-101/ses-08/L1_sub-101_ses-08_task-sharedreward_model-1_type-act_run-2_space-mni_multi-echo_cnfds-fmriprep_unsmoothed_FIR.feat,101,8,sharedreward,2,multi-echo,fmriprep,mni,NAcc,sr_outcome_primary,Reward-Neutral,6.0,43.720279777757405,53.242783289575726,6.0,262.3216786665444,262.3216786665444,0.0,38.07741923416823,60.891483306884766,6.46,152.30967693667293,53.242783289575726
/home/tug87422/scratch/smithlab-shared/night-owls/derivatives/fsl/sub-101/ses-08/L1_sub-101_ses-08_task-sharedreward_model-1_type-act_run-2_space-mni_multi-echo_cnfds-fmriprep_unsmoothed_FIR.feat,101,8,sharedreward,2,multi-echo,fmriprep,mni,NAcc,sr_outcome_primary,Punish-Neutral,6.0,32.471588573746146,70.23497443893008,6.0,194.82953144247688,196.84401205237066,2.014480609893799,50.259382068435464,77.58443450927734,6.46,201.03752827374186,70.23497443893008
/home/tug87422/scratch/smithlab-shared/night-owls/derivatives/fsl/sub-101/ses-08/L1_sub-101_ses-08_task-sharedreward_model-1_type-act_run-2_space-mni_multi-echo_cnfds-fmriprep_unsmoothed_FIR.feat,101,8,sharedreward,2,multi-echo,fmriprep,mni,NAcc,sr_outcome_primary,Reward-Punish,6.0,11.248691204011253,53.617897033691406,0.0,67.49214722406752,101.8799455332756,34.38779830920807,-12.181962834267239,0.10906525366816339,8.0,-48.727851337068955,-16.99219114935435
/home/tug87422/scratch/smithlab-shared/night-owls/derivatives/fsl/sub-101/ses-08/L1_sub-101_ses-08_task-sharedreward_model-1_type-act_run-2_space-mni_multi-echo_cnfds-tedana_unsmoothed_FIR.feat,101,8,sharedreward,2,multi-echo,tedana,mni,NAcc,sr_decision_partner_extra,Computer-Stranger,6.0,13.81995243523958,26.980299949645996,3.23,82.91971461143748,83.38895693272353,0.4692423212860392,0.15478768598922565,18.419342312650414,4.0,0.6191507439569026,-0.8125408160797214
/home/tug87422/scratch/smithlab-shared/night-owls/derivatives/fsl/sub-101/ses-08/L1_sub-101_ses-08_task-sharedreward_model-1_type-act_run-2_space-mni_multi-echo_cnfds-tedana_unsmoothed_FIR.feat,101,8,sharedreward,2,multi-echo,tedana,mni,NAcc,sr_outcome_primary,Reward-Neutral,6.0,65.76421243499952,100.706472158432,3.23,394.5852746099971,394.5852746099971,0.0,53.88981900465516,79.67882537841797,6.46,215.55927601862064,68.66933546863473
/home/tug87422/scratch/smithlab-shared/night-owls/derivatives/fsl/sub-101/ses-08/L1_sub-101_ses-08_task-sharedreward_model-1_type-act_run-2_space-mni_multi-echo_cnfds-tedana_unsmoothed_FIR.feat,101,8,sharedreward,2,multi-echo,tedana,mni,NAcc,sr_outcome_primary,Punish-Neutral,6.0,47.271112771966756,74.31615182268361,6.0,283.62667663180054,283.62667663180054,0.0,53.7845075228635,90.06023788452148,6.46,215.138030091454,74.31615182268361
/home/tug87422/scratch/smithlab-shared/night-owls/derivatives/fsl/sub-101/ses-08/L1_sub-101_ses-08_task-sharedreward_model-1_type-act_run-2_space-mni_multi-echo_cnfds-tedana_unsmoothed_FIR.feat,101,8,sharedreward,2,multi-echo,tedana,mni,NAcc,sr_outcome_primary,Reward-Punish,6.0,18.493099663032776,50.03097152709961,0.0,110.95859797819665,114.21963442265987,3.2610364444632265,0.10531148179166383,17.529646459378693,4.0,0.4212459271666553,-5.646816354048876
/home/tug87422/scratch/smithlab-shared/night-owls/derivatives/fsl/sub-101/ses-08/L1_sub-101_ses-08_task-sharedreward_model-1_type-act_run-2_space-mni_single-echo_cnfds-fmriprep_unsmoothed_FIR.feat,101,8,sharedreward,2,single-echo,fmriprep,mni,NAcc,sr_decision_partner_extra,Computer-Stranger,6.0,19.229100783756532,34.66832090240698,6.0,115.37460470253919,116.04594319397901,0.671338491439825,32.405873962613285,34.67812620103359,6.46,129.62349585045314,34.66832090240698
/home/tug87422/scratch/smithlab-shared/night-owls/derivatives/fsl/sub-101/ses-08/L1_sub-101_ses-08_task-sharedreward_model-1_type-act_run-2_space-mni_single-echo_cnfds-fmriprep_unsmoothed_FIR.feat,101,8,sharedreward,2,single-echo,fmriprep,mni,NAcc,sr_outcome_primary,Reward-Neutral,6.0,23.97422927091365,57.64112377166748,3.23,143.8453756254819,146.8145601439476,2.9691845184656875,-2.9092646278334886,36.45609715405632,4.0,-11.637058511333954,-5.141445053620237
/home/tug87422/scratch/smithlab-shared/night-owls/derivatives/fsl/sub-101/ses-08/L1_sub-101_ses-08_task-sharedreward_model-1_type-act_run-2_space-mni_single-echo_cnfds-fmriprep_unsmoothed_FIR.feat,101,8,sharedreward,2,single-echo,fmriprep,mni,NAcc,sr_outcome_primary,Punish-Neutral,6.0,33.834759886744585,68.86144065856934,4.845,203.00855932046753,242.70331856538635,39.69475924491882,39.18120104950094,68.86144065856934,4.845,156.72480419800377,44.197515703207195
/home/tug87422/scratch/smithlab-shared/night-owls/derivatives/fsl/sub-101/ses-08/L1_sub-101_ses-08_task-sharedreward_model-1_type-act_run-2_space-mni_single-echo_cnfds-fmriprep_unsmoothed_FIR.feat,101,8,sharedreward,2,single-echo,fmriprep,mni,NAcc,sr_outcome_primary,Reward-Punish,6.0,-9.86053061583094,72.46070861816406,0.0,-59.16318369498564,58.51202220916748,117.67520590415312,-42.09046567733442,-17.119565706873075,8.0,-168.3618627093377,-49.33896075682743
/home/tug87422/scratch/smithlab-shared/night-owls/derivatives/fsl/sub-101/ses-08/L1_sub-101_ses-08_task-sharedreward_model-1_type-act_run-2_space-mni_single-echo_cnfds-tedana_unsmoothed_FIR.feat,101,8,sharedreward,2,single-echo,tedana,mni,NAcc,sr_decision_partner_extra,Computer-Stranger,6.0,12.931767454072295,29.93323516845703,3.23,77.59060472443377,90.1421182002095,12.55151347577572,17.283540249710942,23.205844858482525,4.0,69.13416099884377,16.68558987523011
/home/tug87422/scratch/smithlab-shared/night-owls/derivatives/fsl/sub-101/ses-08/L1_sub-101_ses-08_task-sharedreward_model-1_type-act_run-2_space-mni_single-echo_cnfds-tedana_unsmoothed_FIR.feat,101,8,sharedreward,2,single-echo,tedana,mni,NAcc,sr_outcome_primary,Reward-Neutral,6.0,65.40650679528774,137.2788257598877,3.23,392.43904077172647,392.43904077172647,0.0,42.56926482993751,94.00621870649118,4.0,170.27705931975004,40.48931193868442
/home/tug87422/scratch/smithlab-shared/night-owls/derivatives/fsl/sub-101/ses-08/L1_sub-101_ses-08_task-sharedreward_model-1_type-act_run-2_space-mni_single-echo_cnfds-tedana_unsmoothed_FIR.feat,101,8,sharedreward,2,single-echo,tedana,mni,NAcc,sr_outcome_primary,Punish-Neutral,6.0,74.08896758506296,134.23774528503418,3.23,444.53380551037776,444.53380551037776,0.0,66.47202060096035,108.96072431393083,4.0,265.8880824038414,69.01640233019188
/home/tug87422/scratch/smithlab-shared/night-owls/derivatives/fsl/sub-101/ses-08/L1_sub-101_ses-08_task-sharedreward_model-1_type-act_run-2_space-mni_single-echo_cnfds-tedana_unsmoothed_FIR.feat,101,8,sharedreward,2,single-echo,tedana,mni,NAcc,sr_outcome_primary,Reward-Punish,6.0,-8.682460789775208,50.0618839263916,0.0,-52.09476473865125,45.33631623744965,97.4310809761009,-23.902755771022832,-7.125653582829801,8.0,-95.61102308409133,-28.527090391507457
/home/tug87422/scratch/smithlab-shared/night-owls/derivatives/fsl/sub-101/ses-09/L1_sub-101_ses-09_task-mid_model-1_type-act_run-1_space-mni_multi-echo_cnfds-fmriprep_unsmoothed_FIR.feat,101,9,mid,1,multi-echo,fmriprep,mni,NAcc,mid_anticipation_primary,Reward-Neutral,5.0,-7.857575306175756,19.072461366653442,1.615,-39.287876530878776,30.802025107145308,70.08990163802409,0.013304991829024893,29.94168945897844,8.0,0.05321996731609957,-0.9874147156443758
/home/tug87422/scratch/smithlab-shared/night-owls/derivatives/fsl/sub-101/ses-09/L1_sub-101_ses-09_task-mid_model-1_type-act_run-1_space-mni_multi-echo_cnfds-fmriprep_unsmoothed_FIR.feat,101,9,mid,1,multi-echo,fmriprep,mni,NAcc,mid_feedback_extra,Positive-Negative,6.0,-29.823850758891354,3.2469520568847656,0.0,-178.94310455334812,2.6219137859344483,181.56501833928257,-36.69346175951854,-29.762529373168945,4.845,-146.77384703807417,-37.72586601658871
/home/tug87422/scratch/smithlab-shared/night-owls/derivatives/fsl/sub-101/ses-09/L1_sub-101_ses-09_task-mid_model-1_type-act_run-1_space-mni_multi-echo_cnfds-tedana_unsmoothed_FIR.feat,101,9,mid,1,multi-echo,tedana,mni,NAcc,mid_anticipation_primary,Reward-Neutral,5.0,-8.620879770307534,15.578716695308685,1.615,-43.10439885153767,25.159627462923527,68.2640263144612,-0.15679908033079393,32.41903363883312,8.0,-0.6271963213231757,-1.5157604239673406
/home/tug87422/scratch/smithlab-shared/night-owls/derivatives/fsl/sub-101/ses-09/L1_sub-101_ses-09_task-mid_model-1_type-act_run-1_space-mni_multi-echo_cnfds-tedana_unsmoothed_FIR.feat,101,9,mid,1,multi-echo,tedana,mni,NAcc,mid_feedback_extra,Positive-Negative,6.0,-24.663881914612556,0.1517486572265625,1.615,-147.98329148767533,0.24507408142089843,148.22836556909624,-42.53386298371081,-32.322075843811035,4.845,-170.13545193484325,-46.419936869535654
/home/tug87422/scratch/smithlab-shared/night-owls/derivatives/fsl/sub-101/ses-09/L1_sub-101_ses-09_task-mid_model-1_type-act_run-1_space-mni_single-echo_cnfds-fmriprep_unsmoothed_FIR.feat,101,9,mid,1,single-echo,fmriprep,mni,NAcc,mid_anticipation_primary,Reward-Neutral,5.0,16.152070342502356,42.26114559173584,1.615,80.76035171251178,80.76035171251178,0.0,11.752190501377125,33.406073539249675,8.0,47.0087620055085,6.960598539641766
/home/tug87422/scratch/smithlab-shared/night-owls/derivatives/fsl/sub-101/ses-09/L1_sub-101_ses-09_task-mid_model-1_type-act_run-1_space-mni_single-echo_cnfds-fmriprep_unsmoothed_FIR.feat,101,9,mid,1,single-echo,fmriprep,mni,NAcc,mid_feedback_extra,Positive-Negative,6.0,-21.000897384167747,1.6479634734868274,6.0,-126.00538430500649,0.951698905938643,126.95708321094513,-8.488289437102896,10.960909426212313,6.46,-33.953157748411584,1.6479634734868274
/home/tug87422/scratch/smithlab-shared/night-owls/derivatives/fsl/sub-101/ses-09/L1_sub-101_ses-09_task-mid_model-1_type-act_run-1_space-mni_single-echo_cnfds-tedana_unsmoothed_FIR.feat,101,9,mid,1,single-echo,tedana,mni,NAcc,mid_anticipation_primary,Reward-Neutral,5.0,20.94563676499804,34.49894976615906,1.615,104.7281838249902,104.7281838249902,0.0,28.377452033516427,43.02091267234401,8.0,113.50980813406571,28.75478231943798
/home/tug87422/scratch/smithlab-shared/night-owls/derivatives/fsl/sub-101/ses-09/L1_sub-101_ses-09_task-mid_model-1_type-act_run-1_space-mni_single-echo_cnfds-tedana_unsmoothed_FIR.feat,101,9,mid,1,single-echo,tedana,mni,NAcc,mid_feedback_extra,Positive-Negative,6.0,-21.512198490660992,18.81039047241211,1.615,-129.07319094396595,30.378780612945558,159.45197155691153,-11.431848371342607,1.4430611495263084,8.0,-45.72739348537043,-7.570857204519927
/home/tug87422/scratch/smithlab-shared/night-owls/derivatives/fsl/sub-101/ses-09/L1_sub-101_ses-09_task-mid_model-1_type-act_run-2_space-mni_multi-echo_cnfds-fmriprep_unsmoothed_FIR.feat,101,9,mid,2,multi-echo,fmriprep,mni,NAcc,mid_anticipation_primary,Reward-Neutral,5.0,18.65535194347739,25.261265754699707,1.615,93.27675971738694,93.27675971738694,0.0,59.38761790034203,107.72728315300249,8.0,237.55047160136812,61.626495243226046
/home/tug87422/scratch/smithlab-shared/night-owls/derivatives/fsl/sub-101/ses-09/L1_sub-101_ses-09_task-mid_model-1_type-act_run-2_space-mni_multi-echo_cnfds-fmriprep_unsmoothed_FIR.feat,101,9,mid,2,multi-echo,fmriprep,mni,NAcc,mid_feedback_extra,Positive-Negative,6.0,-4.393355744833856,31.468845367431644,3.23,-26.360134469003135,74.34052785456181,100.70066232356494,-36.56993980870527,-11.007197719609412,4.0,-146.27975923482109,-36.18397448749365
/home/tug87422/scratch/smithlab-shared/night-owls/derivatives/fsl/sub-101/ses-09/L1_sub-101_ses-09_task-mid_model-1_type-act_run-2_space-mni_multi-echo_cnfds-tedana_unsmoothed_FIR.feat,101,9,mid,2,multi-echo,tedana,mni,NAcc,mid_anticipation_primary,Reward-Neutral,5.0,17.58171211451569,29.678302192097487,5.0,87.90856057257845,87.90856057257845,0.0,62.0194322823657,103.0639060230078,8.0,248.0777291294628,66.05336273122498
/home/tug87422/scratch/smithlab-shared/night-owls/derivatives/fsl/sub-101/ses-09/L1_sub-101_ses-09_task-mid_model-1_type-act_run-2_space-mni_multi-echo_cnfds-tedana_unsmoothed_FIR.feat,101,9,mid,2,multi-echo,tedana,mni,NAcc,mid_feedback_extra,Positive-Negative,6.0,-5.939226038722616,26.35320806503296,3.23,-35.635356232335695,59.44413792073726,95.07949415307297,-32.971754286552176,-12.825494696850383,4.0,-131.8870171462087,-30.767743562397204
/home/tug87422/scratch/smithlab-shared/night-owls/derivatives/fsl/sub-101/ses-09/L1_sub-101_ses-09_task-mid_model-1_type-act_run-2_space-mni_single-echo_cnfds-fmriprep_unsmoothed_FIR.feat,101,9,mid,2,single-echo,fmriprep,mni,NAcc,mid_anticipation_primary,Reward-Neutral,5.0,20.33295028189,58.88301501554602,5.0,101.66475140945,101.66475140945,0.0,82.00836835158314,122.2665035141511,8.0,328.0334734063326,84.92774278977339
/home/tug87422/scratch/smithlab-shared/night-owls/derivatives/fsl/sub-101/ses-09/L1_sub-101_ses-09_task-mid_model-1_type-act_run-2_space-mni_single-echo_cnfds-fmriprep_unsmoothed_FIR.feat,101,9,mid,2,single-echo,fmriprep,mni,NAcc,mid_feedback_extra,Positive-Negative,6.0,-31.170363375518097,5.087087631225586,1.615,-187.0221802531086,15.448689527511597,202.4708697806202,-62.39966103465934,-12.802529160821402,8.0,-249.59864413863735,-65.67940093710696
/home/tug87422/scratch/smithlab-shared/night-owls/derivatives/fsl/sub-101/ses-09/L1_sub-101_ses-09_task-mid_model-1_type-act_run-2_space-mni_single-echo_cnfds-tedana_unsmoothed_FIR.feat,101,9,mid,2,single-echo,tedana,mni,NAcc,mid_anticipation_primary,Reward-Neutral,5.0,17.02427861881588,54.525509719140025,5.0,85.12139309407941,85.12139309407941,0.0,77.41321697886514,117.04771233195491,8.0,309.65286791546055,79.91329141150318
/home/tug87422/scratch/smithlab-shared/night-owls/derivatives/fsl/sub-101/ses-09/L1_sub-101_ses-09_task-mid_model-1_type-act_run-2_space-mni_single-echo_cnfds-tedana_unsmoothed_FIR.feat,101,9,mid,2,single-echo,tedana,mni,NAcc,mid_feedback_extra,Positive-Negative,6.0,-26.77690870215334,16.952763825654984,3.23,-160.66145221292004,27.378713578432794,188.04016579135282,-55.92332773595812,-14.849078506139016,8.0,-223.69331094383247,-59.529246823337424
/home/tug87422/scratch/smithlab-shared/night-owls/derivatives/fsl/sub-101/ses-09/L1_sub-101_ses-09_task-sharedreward_model-1_type-act_run-1_space-mni_multi-echo_cnfds-fmriprep_unsmoothed_FIR.feat,101,9,sharedreward,1,multi-echo,fmriprep,mni,NAcc,sr_decision_partner_extra,Computer-Stranger,6.0,-8.091421252780654,22.745580673217773,0.0,-48.548527516683926,18.36705639362335,66.91558391030728,-15.643854699153279,13.20497844684236,8.0,-62.575418796613114,-19.846334522353605
/home/tug87422/scratch/smithlab-shared/night-owls/derivatives/fsl/sub-101/ses-09/L1_sub-101_ses-09_task-sharedreward_model-1_type-act_run-1_space-mni_multi-echo_cnfds-fmriprep_unsmoothed_FIR.feat,101,9,sharedreward,1,multi-echo,fmriprep,mni,NAcc,sr_outcome_primary,Reward-Neutral,6.0,11.97948691923798,56.2865104675293,4.845,71.87692151542788,119.39615211721545,47.519230601787555,25.64401609291233,56.2865104675293,4.845,102.57606437164932,21.331167646236832
/home/tug87422/scratch/smithlab-shared/night-owls/derivatives/fsl/sub-101/ses-09/L1_sub-101_ses-09_task-sharedreward_model-1_type-act_run-1_space-mni_multi-echo_cnfds-fmriprep_unsmoothed_FIR.feat,101,9,sharedreward,1,multi-echo,fmriprep,mni,NAcc,sr_outcome_primary,Punish-Neutral,6.0,7.12196879840365,49.236724853515625,4.845,42.7318127904219,96.52164773323958,53.78983494281767,29.49029394696741,49.236724853515625,4.845,117.96117578786964,19.23187727086684
/home/tug87422/scratch/smithlab-shared/night-owls/derivatives/fsl/sub-101/ses-09/L1_sub-101_ses-09_task-sharedreward_model-1_type-act_run-1_space-mni_multi-echo_cnfds-fmriprep_unsmoothed_FIR.feat,101,9,sharedreward,1,multi-echo,fmriprep,mni,NAcc,sr_outcome_primary,Reward-Punish,6.0,4.8575181208343325,7.367313385009766,3.23,29.145108725005997,29.145108725005997,0.0,-3.8462778540550784,7.215922435370761,4.0,-15.385111416220314,2.0992903753699874
/home/tug87422/scratch/smithlab-shared/night-owls/derivatives/fsl/sub-101/ses-09/L1_sub-101_ses-09_task-sharedreward_model-1_type-act_run-1_space-mni_multi-echo_cnfds-tedana_unsmoothed_FIR.feat,101,9,sharedreward,1,multi-echo,tedana,mni,NAcc,sr_decision_partner_extra,Computer-Stranger,6.0,-13.937197471972405,19.86585259437561,0.0,-83.62318483183444,16.041675969958305,99.66486080179273,-20.25527780998602,-8.72620877245262,8.0,-81.02111123994408,-20.766616478793022
/home/tug87422/scratch/smithlab-shared/night-owls/derivatives/fsl/sub-101/ses-09/L1_sub-101_ses-09_task-sharedreward_model-1_type-act_run-1_space-mni_multi-echo_cnfds-tedana_unsmoothed_FIR.feat,101,9,sharedreward,1,multi-echo,tedana,mni,NAcc,sr_outcome_primary,Reward-Neutral,6.0,7.411863948021267,60.65610504150392,4.845,44.4711836881276,103.85424503394327,59.38306134581566,33.60176060194571,60.65610504150392,4.845,134.40704240778285,19.8925695389786
/home/tug87422/scratch/smithlab-shared/night-owls/derivatives/fsl/sub-101/ses-09/L1_sub-101_ses-09_task-sharedreward_model-1_type-act_run-1_space-mni_multi-echo_cnfds-tedana_unsmoothed_FIR.feat,101,9,sharedreward,1,multi-echo,tedana,mni,NAcc,sr_outcome_primary,Punish-Neutral,6.0,7.420242106650025,65.57486724853517,4.845,44.52145263990015,121.50815083106608,76.98669819116593,45.13798988767085,77.91634591518913,8.0,180.5519595506834,29.946629686621325
/home/tug87422/scratch/smithlab-shared/night-owls/derivatives/fsl/sub-101/ses-09/L1_sub-101_ses-09_task-sharedreward_model-1_type-act_run-1_space-mni_multi-echo_cnfds-tedana_unsmoothed_FIR.feat,101,9,sharedreward,1,multi-echo,tedana,mni,NAcc,sr_outcome_primary,Reward-Punish,6.0,-0.008378158628756497,7.526927947998047,1.615,-0.05026895177253898,17.603636845350266,17.653905797122803,-11.536229285725131,-3.9764480000309903,4.0,-46.144917142900525,-10.054060147642721
/home/tug87422/scratch/smithlab-shared/night-owls/derivatives/fsl/sub-101/ses-09/L1_sub-101_ses-09_task-sharedreward_model-1_type-act_run-1_space-mni_single-echo_cnfds-fmriprep_unsmoothed_FIR.feat,101,9,sharedreward,1,single-echo,fmriprep,mni,NAcc,sr_decision_partner_extra,Computer-Stranger,6.0,-5.1493467728336135,12.121534645557404,0.0,-30.89608063700168,12.4374990914762,43.333579728477886,-4.8446121657116095,30.489087013268264,8.0,-19.378448662846438,-11.16169578150699
/home/tug87422/scratch/smithlab-shared/night-owls/derivatives/fsl/sub-101/ses-09/L1_sub-101_ses-09_task-sharedreward_model-1_type-act_run-1_space-mni_single-echo_cnfds-fmriprep_unsmoothed_FIR.feat,101,9,sharedreward,1,single-echo,fmriprep,mni,NAcc,sr_outcome_primary,Reward-Neutral,6.0,10.140549628550511,54.73477172851561,4.845,60.84329777130307,124.95258330204905,64.10928553074598,27.796106888690595,54.73477172851561,4.845,111.18442755476238,29.95497030370375
/home/tug87422/scratch/smithlab-shared/night-owls/derivatives/fsl/sub-101/ses-09/L1_sub-101_ses-09_task-sharedreward_model-1_type-act_run-1_space-mni_single-echo_cnfds-fmriprep_unsmoothed_FIR.feat,101,9,sharedreward,1,single-echo,fmriprep,mni,NAcc,sr_outcome_primary,Punish-Neutral,6.0,-2.3617269963548915,73.49420166015624,4.845,-14.17036197812935,124.33594429819206,138.5063062763214,40.212770031037344,73.49420166015624,4.845,160.85108012414938,39.04151514956825
/home/tug87422/scratch/smithlab-shared/night-owls/derivatives/fsl/sub-101/ses-09/L1_sub-101_ses-09_task-sharedreward_model-1_type-act_run-1_space-mni_single-echo_cnfds-fmriprep_unsmoothed_FIR.feat,101,9,sharedreward,1,single-echo,fmriprep,mni,NAcc,sr_outcome_primary,Reward-Punish,6.0,12.502276624905404,34.90365219116211,1.615,75.01365974943242,106.24294985324144,31.229290103809017,-12.41666314234675,1.4870795613102827,4.0,-49.666652569387,-9.0865448458645
/home/tug87422/scratch/smithlab-shared/night-owls/derivatives/fsl/sub-101/ses-09/L1_sub-101_ses-09_task-sharedreward_model-1_type-act_run-1_space-mni_single-echo_cnfds-tedana_unsmoothed_FIR.feat,101,9,sharedreward,1,single-echo,tedana,mni,NAcc,sr_decision_partner_extra,Computer-Stranger,6.0,-7.542501509660784,11.022272109985352,3.23,-45.255009057964706,20.699770596027374,65.95477965399209,-12.69337226222912,9.214688693775862,8.0,-50.77348904891648,-18.635321283488082
/home/tug87422/scratch/smithlab-shared/night-owls/derivatives/fsl/sub-101/ses-09/L1_sub-101_ses-09_task-sharedreward_model-1_type-act_run-1_space-mni_single-echo_cnfds-tedana_unsmoothed_FIR.feat,101,9,sharedreward,1,single-echo,tedana,mni,NAcc,sr_outcome_primary,Reward-Neutral,6.0,11.341370494236527,76.56829833984376,4.845,68.04822296541916,154.57603464764338,86.52781168222424,35.52921866109867,76.56829833984376,4.845,142.11687464439467,29.35051094267759
/home/tug87422/scratch/smithlab-shared/night-owls/derivatives/fsl/sub-101/ses-09/L1_sub-101_ses-09_task-sharedreward_model-1_type-act_run-1_space-mni_single-echo_cnfds-tedana_unsmoothed_FIR.feat,101,9,sharedreward,1,single-echo,tedana,mni,NAcc,sr_outcome_primary,Punish-Neutral,6.0,4.693975182920545,104.07337951660156,4.845,28.16385109752327,171.0404310736051,142.87657997608184,55.7373896902486,104.07337951660156,4.845,222.9495587609944,46.578009425302035
/home/tug87422/scratch/smithlab-shared/night-owls/derivatives/fsl/sub-101/ses-09/L1_sub-101_ses-09_task-sharedreward_model-1_type-act_run-1_space-mni_single-echo_cnfds-tedana_unsmoothed_FIR.feat,101,9,sharedreward,1,single-echo,tedana,mni,NAcc,sr_outcome_primary,Reward-Punish,6.0,6.647395311315983,41.2425537109375,1.615,39.8843718678959,87.92778967142108,48.04341780352517,-20.208171029149927,-11.886467546870453,4.0,-80.83268411659971,-17.227498482624437
/home/tug87422/scratch/smithlab-shared/night-owls/derivatives/fsl/sub-101/ses-09/L1_sub-101_ses-09_task-sharedreward_model-1_type-act_run-2_space-mni_multi-echo_cnfds-fmriprep_unsmoothed_FIR.feat,101,9,sharedreward,2,multi-echo,fmriprep,mni,NAcc,sr_decision_partner_extra,Computer-Stranger,6.0,30.641117347459183,50.774078369140625,4.845,183.8467040847551,183.8467040847551,0.0,24.112898399412813,50.774078369140625,4.845,96.45159359765125,24.27949316656626
/home/tug87422/scratch/smithlab-shared/night-owls/derivatives/fsl/sub-101/ses-09/L1_sub-101_ses-09_task-sharedreward_model-1_type-act_run-2_space-mni_multi-echo_cnfds-fmriprep_unsmoothed_FIR.feat,101,9,sharedreward,2,multi-echo,fmriprep,mni,NAcc,sr_outcome_primary,Reward-Neutral,6.0,-7.052746613410729,18.499998569488522,3.23,-42.316479680464376,45.60408223867415,87.92056191913854,-27.106700796810653,15.093373686905613,4.0,-108.42680318724261,-37.02071847118461
/home/tug87422/scratch/smithlab-shared/night-owls/derivatives/fsl/sub-101/ses-09/L1_sub-101_ses-09_task-sharedreward_model-1_type-act_run-2_space-mni_multi-echo_cnfds-fmriprep_unsmoothed_FIR.feat,101,9,sharedreward,2,multi-echo,fmriprep,mni,NAcc,sr_outcome_primary,Punish-Neutral,6.0,5.73208691218612,24.147055983543396,0.0,34.39252147311672,49.8016281273961,15.409106654279379,-15.62833991327522,13.701891899108887,4.845,-62.51335965310088,-26.682435764985932
/home/tug87422/scratch/smithlab-shared/night-owls/derivatives/fsl/sub-101/ses-09/L1_sub-101_ses-09_task-sharedreward_model-1_type-act_run-2_space-mni_multi-echo_cnfds-fmriprep_unsmoothed_FIR.feat,101,9,sharedreward,2,multi-echo,fmriprep,mni,NAcc,sr_outcome_primary,Reward-Punish,6.0,-12.78483352559685,13.235582828521729,3.23,-76.7090011535811,21.37546626806259,98.0844674216437,-11.478360883535434,5.8061364959268,4.0,-45.913443534141734,-10.33828270619868
/home/tug87422/scratch/smithlab-shared/night-owls/derivatives/fsl/sub-101/ses-09/L1_sub-101_ses-09_task-sharedreward_model-1_type-act_run-2_space-mni_multi-echo_cnfds-tedana_unsmoothed_FIR.feat,101,9,sharedreward,2,multi-echo,tedana,mni,NAcc,sr_decision_partner_extra,Computer-Stranger,6.0,13.383598465800162,33.981268882751465,4.845,80.30159079480097,82.97282820391581,2.6712374091148376,7.472294879512336,33.981268882751465,4.845,29.889179518049342,4.88796849147454
/home/tug87422/scratch/smithlab-shared/night-owls/derivatives/fsl/sub-101/ses-09/L1_sub-101_ses-09_task-sharedreward_model-1_type-act_run-2_space-mni_multi-echo_cnfds-tedana_unsmoothed_FIR.feat,101,9,sharedreward,2,multi-echo,tedana,mni,NAcc,sr_outcome_primary,Reward-Neutral,6.0,-38.58056235068077,-16.867833137512207,3.23,-231.48337410408462,0.0,231.48337410408462,-53.23848733778894,-19.403771134721975,4.0,-212.95394935115576,-63.258679404716375
/home/tug87422/scratch/smithlab-shared/night-owls/derivatives/fsl/sub-101/ses-09/L1_sub-101_ses-09_task-sharedreward_model-1_type-act_run-2_space-mni_multi-echo_cnfds-tedana_unsmoothed_FIR.feat,101,9,sharedreward,2,multi-echo,tedana,mni,NAcc,sr_outcome_primary,Punish-Neutral,6.0,9.637318679999455,22.262741088867188,3.23,57.82391207999673,67.2848257023096,9.460913622312875,-5.659927946461981,19.766531894081517,4.0,-22.639711785847926,-16.38253441093138
/home/tug87422/scratch/smithlab-shared/night-owls/derivatives/fsl/sub-101/ses-09/L1_sub-101_ses-09_task-sharedreward_model-1_type-act_run-2_space-mni_multi-echo_cnfds-tedana_unsmoothed_FIR.feat,101,9,sharedreward,2,multi-echo,tedana,mni,NAcc,sr_outcome_primary,Reward-Punish,6.0,-48.217881030680225,-39.130574226379395,3.23,-289.30728618408136,0.0,289.30728618408136,-47.57855939132695,-39.170303028803495,4.0,-190.3142375653078,-46.876144993785
/home/tug87422/scratch/smithlab-shared/night-owls/derivatives/fsl/sub-101/ses-09/L1_sub-101_ses-09_task-sharedreward_model-1_type-act_run-2_space-mni_single-echo_cnfds-fmriprep_unsmoothed_FIR.feat,101,9,sharedreward,2,single-echo,fmriprep,mni,NAcc,sr_decision_partner_extra,Computer-Stranger,6.0,47.33332774671854,83.30522632598877,4.845,283.99996648031123,283.99996648031123,0.0,75.41606342302572,103.96196451570968,8.0,301.6642536921029,63.97524059520048
/home/tug87422/scratch/smithlab-shared/night-owls/derivatives/fsl/sub-101/ses-09/L1_sub-101_ses-09_task-sharedreward_model-1_type-act_run-2_space-mni_single-echo_cnfds-fmriprep_unsmoothed_FIR.feat,101,9,sharedreward,2,single-echo,fmriprep,mni,NAcc,sr_outcome_primary,Reward-Neutral,6.0,-59.362420499399995,-25.355802536010742,4.845,-356.17452299639996,0.0,356.17452299639996,-65.47357685447685,-25.355802536010742,4.845,-261.8943074179074,-88.72983167156715
/home/tug87422/scratch/smithlab-shared/night-owls/derivatives/fsl/sub-101/ses-09/L1_sub-101_ses-09_task-sharedreward_model-1_type-act_run-2_space-mni_single-echo_cnfds-fmriprep_unsmoothed_FIR.feat,101,9,sharedreward,2,single-echo,fmriprep,mni,NAcc,sr_outcome_primary,Punish-Neutral,6.0,-29.379036143914217,6.405881881713871,1.615,-176.2742168634853,10.345499238967902,186.6197161024532,-50.0493408103121,-6.283007394418591,8.0,-200.1973632412484,-74.2698443740514
/home/tug87422/scratch/smithlab-shared/night-owls/derivatives/fsl/sub-101/ses-09/L1_sub-101_ses-09_task-sharedreward_model-1_type-act_run-2_space-mni_single-echo_cnfds-fmriprep_unsmoothed_FIR.feat,101,9,sharedreward,2,single-echo,fmriprep,mni,NAcc,sr_outcome_primary,Reward-Punish,6.0,-29.98338435548578,9.607857465744019,3.23,-179.90030613291466,15.51668980717659,195.41699594009125,-15.424236044164738,4.062793019386267,4.0,-61.69694417665895,-14.459987297515752
/home/tug87422/scratch/smithlab-shared/night-owls/derivatives/fsl/sub-101/ses-09/L1_sub-101_ses-09_task-sharedreward_model-1_type-act_run-2_space-mni_single-echo_cnfds-tedana_unsmoothed_FIR.feat,101,9,sharedreward,2,single-echo,tedana,mni,NAcc,sr_decision_partner_extra,Computer-Stranger,6.0,31.66457210603544,66.212815284729,4.845,189.98743263621265,205.22029617686206,15.232863540649413,58.11586110915124,91.01929038966037,8.0,232.46344443660496,44.75244703676678
/home/tug87422/scratch/smithlab-shared/night-owls/derivatives/fsl/sub-101/ses-09/L1_sub-101_ses-09_task-sharedreward_model-1_type-act_run-2_space-mni_single-echo_cnfds-tedana_unsmoothed_FIR.feat,101,9,sharedreward,2,single-echo,tedana,mni,NAcc,sr_outcome_primary,Reward-Neutral,6.0,-88.12899711095666,-55.53044044971466,4.845,-528.7739826657399,0.0,528.7739826657399,-84.95744824769281,-51.62379224676831,8.0,-339.82979299077124,-107.84582869556297
/home/tug87422/scratch/smithlab-shared/night-owls/derivatives/fsl/sub-101/ses-09/L1_sub-101_ses-09_task-sharedreward_model-1_type-act_run-2_space-mni_single-echo_cnfds-tedana_unsmoothed_FIR.feat,101,9,sharedreward,2,single-echo,tedana,mni,NAcc,sr_outcome_primary,Punish-Neutral,6.0,-20.114423238473293,9.37771224975586,1.615,-120.68653943083976,15.145005283355713,135.83154471419547,-33.01812534620887,12.813990885259235,8.0,-132.07250138483548,-56.17425663478604
/home/tug87422/scratch/smithlab-shared/night-owls/derivatives/fsl/sub-101/ses-09/L1_sub-101_ses-09_task-sharedreward_model-1_type-act_run-2_space-mni_single-echo_cnfds-tedana_unsmoothed_FIR.feat,101,9,sharedreward,2,single-echo,tedana,mni,NAcc,sr_outcome_primary,Reward-Punish,6.0,-68.01457387248337,-40.145522236824036,4.845,-408.0874432349002,0.0,408.0874432349002,-51.93932290148393,-40.145522236824036,4.845,-207.75729160593573,-51.67157206077694
/home/tug87422/scratch/smithlab-shared/night-owls/derivatives/fsl/sub-101/ses-10/L1_sub-101_ses-10_task-mid_model-1_type-act_run-1_space-mni_multi-echo_cnfds-fmriprep_unsmoothed_FIR.feat,101,10,mid,1,multi-echo,fmriprep,mni,NAcc,mid_anticipation_primary,Reward-Neutral,5.0,-1.5752344549816826,41.46897026850343,5.0,-7.876172274908413,50.43269080583156,58.308863080739975,36.00890534804516,50.38089442253113,6.46,144.03562139218064,47.57302790824843
/home/tug87422/scratch/smithlab-shared/night-owls/derivatives/fsl/sub-101/ses-10/L1_sub-101_ses-10_task-mid_model-1_type-act_run-1_space-mni_multi-echo_cnfds-fmriprep_unsmoothed_FIR.feat,101,10,mid,1,multi-echo,fmriprep,mni,NAcc,mid_feedback_extra,Positive-Negative,6.0,-6.905445733826311,12.46314334869385,0.0,-41.432674402957865,27.72888112984598,69.16155553280385,-1.0074907667644224,21.579517541655086,8.0,-4.02996306705769,-1.6443062891532014
/home/tug87422/scratch/smithlab-shared/night-owls/derivatives/fsl/sub-101/ses-10/L1_sub-101_ses-10_task-mid_model-1_type-act_run-1_space-mni_multi-echo_cnfds-tedana_unsmoothed_FIR.feat,101,10,mid,1,multi-echo,tedana,mni,NAcc,mid_anticipation_primary,Reward-Neutral,5.0,2.332292964832334,25.999116652521188,5.0,11.66146482416167,44.28399187215342,32.62252704799175,24.917096406032236,35.66863441467285,6.46,99.66838562412894,32.62207402385794
/home/tug87422/scratch/smithlab-shared/night-owls/derivatives/fsl/sub-101/ses-10/L1_sub-101_ses-10_task-mid_model-1_type-act_run-1_space-mni_multi-echo_cnfds-tedana_unsmoothed_FIR.feat,101,10,mid,1,multi-echo,tedana,mni,NAcc,mid_feedback_extra,Positive-Negative,6.0,-18.423256512865564,7.024920463562012,0.0,-110.53953907719338,5.672623274326324,116.21216235151971,-18.862285839653236,-10.335406973635079,8.0,-75.44914335861294,-16.37985407826332
/home/tug87422/scratch/smithlab-shared/night-owls/derivatives/fsl/sub-101/ses-10/L1_sub-101_ses-10_task-mid_model-1_type-act_run-1_space-mni_single-echo_cnfds-fmriprep_unsmoothed_FIR.feat,101,10,mid,1,single-echo,fmriprep,mni,NAcc,mid_anticipation_primary,Reward-Neutral,5.0,16.97250341812173,57.58153676986694,3.23,84.86251709060865,126.90442851172882,42.04191142112016,36.43267135579242,46.90255312580073,4.0,145.7306854231697,39.627042891440375
/home/tug87422/scratch/smithlab-shared/night-owls/derivatives/fsl/sub-101/ses-10/L1_sub-101_ses-10_task-mid_model-1_type-act_run-1_space-mni_single-echo_cnfds-fmriprep_unsmoothed_FIR.feat,101,10,mid,1,single-echo,fmriprep,mni,NAcc,mid_feedback_extra,Positive-Negative,6.0,-20.768549925537915,31.699893951416016,0.0,-124.6112995532275,29.088673138308454,153.69997269153598,1.6272899782657655,31.66182017843052,8.0,6.509159913063062,6.045036835567134
/home/tug87422/scratch/smithlab-shared/night-owls/derivatives/fsl/sub-101/ses-10/L1_sub-101_ses-10_task-mid_model-1_type-act_run-1_space-mni_single-echo_cnfds-tedana_unsmoothed_FIR.feat,101,10,mid,1,single-echo,tedana,mni,NAcc,mid_anticipation_primary,Reward-Neutral,5.0,25.01929407590683,63.785186767578125,3.23,125.09647037953415,141.93617402524032,16.839703645706173,35.793037869245644,48.24065749933107,4.0,143.17215147698258,36.1621280439867
/home/tug87422/scratch/smithlab-shared/night-owls/derivatives/fsl/sub-101/ses-10/L1_sub-101_ses-10_task-mid_model-1_type-act_run-1_space-mni_single-echo_cnfds-tedana_unsmoothed_FIR.feat,101,10,mid,1,single-echo,tedana,mni,NAcc,mid_feedback_extra,Positive-Negative,6.0,-31.60301736518141,25.538904190063477,0.0,-189.61810419108846,20.622665133476257,210.2407693245647,-11.326337776297567,19.6347043654498,8.0,-45.30535110519027,-6.128203043627662
/home/tug87422/scratch/smithlab-shared/night-owls/derivatives/fsl/sub-101/ses-10/L1_sub-101_ses-10_task-mid_model-1_type-act_run-2_space-mni_multi-echo_cnfds-fmriprep_unsmoothed_FIR.feat,101,10,mid,2,multi-echo,fmriprep,mni,NAcc,mid_anticipation_primary,Reward-Neutral,5.0,33.77367641247095,66.81936264038086,3.23,168.86838206235473,171.76562877003255,2.897246707677841,59.1603743626348,66.87748527526855,6.46,236.6414974505392,64.83650404159499
/home/tug87422/scratch/smithlab-shared/night-owls/derivatives/fsl/sub-101/ses-10/L1_sub-101_ses-10_task-mid_model-1_type-act_run-2_space-mni_multi-echo_cnfds-fmriprep_unsmoothed_FIR.feat,101,10,mid,2,multi-echo,fmriprep,mni,NAcc,mid_feedback_extra,Positive-Negative,6.0,-42.52110209890194,5.813201904296875,0.0,-255.12661259341166,4.694160537719727,259.8207731311314,-27.61496957012558,37.98159958925044,8.0,-110.45987828050232,-46.646354149738706
/home/tug87422/scratch/smithlab-shared/night-owls/derivatives/fsl/sub-101/ses-10/L1_sub-101_ses-10_task-mid_model-1_type-act_run-2_space-mni_multi-echo_cnfds-tedana_unsmoothed_FIR.feat,101,10,mid,2,multi-echo,tedana,mni,NAcc,mid_anticipation_primary,Reward-Neutral,5.0,33.5567106209318,72.41891860961914,3.23,167.783553104659,176.28036869313325,8.496815588474274,50.0530798248776,64.66457570078941,4.0,200.2123192995104,58.837542291765246
/home/tug87422/scratch/smithlab-shared/night-owls/derivatives/fsl/sub-101/ses-10/L1_sub-101_ses-10_task-mid_model-1_type-act_run-2_space-mni_multi-echo_cnfds-tedana_unsmoothed_FIR.feat,101,10,mid,2,multi-echo,tedana,mni,NAcc,mid_feedback_extra,Positive-Negative,6.0,-53.54740016801191,-28.773155212402344,0.0,-321.2844010080715,0.0,321.2844010080715,-45.93431568288581,7.235746611013535,8.0,-183.73726273154324,-66.58752347515095
/home/tug87422/scratch/smithlab-shared/night-owls/derivatives/fsl/sub-101/ses-10/L1_sub-101_ses-10_task-mid_model-1_type-act_run-2_space-mni_single-echo_cnfds-fmriprep_unsmoothed_FIR.feat,101,10,mid,2,single-echo,fmriprep,mni,NAcc,mid_anticipation_primary,Reward-Neutral,5.0,18.225841594101105,54.80418582892639,5.0,91.12920797050552,110.67518436134415,19.54597639083862,48.65499137588513,63.46275234222412,6.46,194.61996550354053,60.734710838034424
/home/tug87422/scratch/smithlab-shared/night-owls/derivatives/fsl/sub-101/ses-10/L1_sub-101_ses-10_task-mid_model-1_type-act_run-2_space-mni_single-echo_cnfds-fmriprep_unsmoothed_FIR.feat,101,10,mid,2,single-echo,fmriprep,mni,NAcc,mid_feedback_extra,Positive-Negative,6.0,-24.02701336445331,6.262565612792969,0.0,-144.16208018671986,5.057021732330322,149.2191019190502,-26.89729102789802,3.3779740112115904,8.0,-107.58916411159208,-39.81764928622882
/home/tug87422/scratch/smithlab-shared/night-owls/derivatives/fsl/sub-101/ses-10/L1_sub-101_ses-10_task-mid_model-1_type-act_run-2_space-mni_single-echo_cnfds-tedana_unsmoothed_FIR.feat,101,10,mid,2,single-echo,tedana,mni,NAcc,mid_anticipation_primary,Reward-Neutral,5.0,11.371846930697236,36.9346254381233,5.0,56.85923465348618,81.82415522910493,24.964920575618745,25.93827192146896,39.71763467788696,6.46,103.75308768587584,38.84079615029019
/home/tug87422/scratch/smithlab-shared/night-owls/derivatives/fsl/sub-101/ses-10/L1_sub-101_ses-10_task-mid_model-1_type-act_run-2_space-mni_single-echo_cnfds-tedana_unsmoothed_FIR.feat,101,10,mid,2,single-echo,tedana,mni,NAcc,mid_feedback_extra,Positive-Negative,6.0,-29.227235894316365,-15.50162124633789,4.845,-175.3634153658982,0.0,175.3634153658982,-34.722111021712095,-6.899015834087897,8.0,-138.88844408684838,-49.91548061075595
/home/tug87422/scratch/smithlab-shared/night-owls/derivatives/fsl/sub-101/ses-10/L1_sub-101_ses-10_task-sharedreward_model-1_type-act_run-1_space-mni_multi-echo_cnfds-fmriprep_unsmoothed_FIR.feat,101,10,sharedreward,1,multi-echo,fmriprep,mni,NAcc,sr_decision_partner_extra,Computer-Stranger,6.0,24.212535845565046,48.64571212615022,6.0,145.27521507339029,145.27521507339029,0.0,43.57786245965275,52.202378273010254,6.46,174.311449838611,48.64571212615022
/home/tug87422/scratch/smithlab-shared/night-owls/derivatives/fsl/sub-101/ses-10/L1_sub-101_ses-10_task-sharedreward_model-1_type-act_run-1_space-mni_multi-echo_cnfds-fmriprep_unsmoothed_FIR.feat,101,10,sharedreward,1,multi-echo,fmriprep,mni,NAcc,sr_outcome_primary,Reward-Neutral,6.0,-25.572755648880673,0.27744293212890625,1.615,-153.43653389328404,0.4480703353881836,153.88460422867223,-48.684433883904674,-27.25058133388081,8.0,-194.7377355356187,-58.62433162488436
/home/tug87422/scratch/smithlab-shared/night-owls/derivatives/fsl/sub-101/ses-10/L1_sub-101_ses-10_task-sharedreward_model-1_type-act_run-1_space-mni_multi-echo_cnfds-fmriprep_unsmoothed_FIR.feat,101,10,sharedreward,1,multi-echo,fmriprep,mni,NAcc,sr_outcome_primary,Punish-Neutral,6.0,-36.63483522349959,-8.423080444335938,4.845,-219.80901134099756,0.0,219.80901134099756,-40.7693301669769,-8.423080444335938,4.845,-163.0773206679076,-47.86215520569416
/home/tug87422/scratch/smithlab-shared/night-owls/derivatives/fsl/sub-101/ses-10/L1_sub-101_ses-10_task-sharedreward_model-1_type-act_run-1_space-mni_multi-echo_cnfds-fmriprep_unsmoothed_FIR.feat,101,10,sharedreward,1,multi-echo,fmriprep,mni,NAcc,sr_outcome_primary,Reward-Punish,6.0,11.062079574618915,68.24730491638184,0.0,66.37247744771349,129.97983983516693,63.607362387453435,-7.915103716927782,29.349963098118565,8.0,-31.66041486771113,-10.762176419190206
/home/tug87422/scratch/smithlab-shared/night-owls/derivatives/fsl/sub-101/ses-10/L1_sub-101_ses-10_task-sharedreward_model-1_type-act_run-1_space-mni_multi-echo_cnfds-tedana_unsmoothed_FIR.feat,101,10,sharedreward,1,multi-echo,tedana,mni,NAcc,sr_decision_partner_extra,Computer-Stranger,6.0,0.748412639835793,14.736355275192498,6.0,4.490475839014758,33.153405972357504,28.662930133342748,10.874202672429497,16.21696901321411,6.46,43.49681068971799,14.736355275192498
/home/tug87422/scratch/smithlab-shared/night-owls/derivatives/fsl/sub-101/ses-10/L1_sub-101_ses-10_task-sharedreward_model-1_type-act_run-1_space-mni_multi-echo_cnfds-tedana_unsmoothed_FIR.feat,101,10,sharedreward,1,multi-echo,tedana,mni,NAcc,sr_outcome_primary,Reward-Neutral,6.0,-4.1427125097674375,10.704185485839844,3.23,-24.856275058604623,21.560352268218992,46.416627326823615,-22.329399967200985,-2.5394561578614825,4.0,-89.31759986880394,-27.61869258112952
/home/tug87422/scratch/smithlab-shared/night-owls/derivatives/fsl/sub-101/ses-10/L1_sub-101_ses-10_task-sharedreward_model-1_type-act_run-1_space-mni_multi-echo_cnfds-tedana_unsmoothed_FIR.feat,101,10,sharedreward,1,multi-echo,tedana,mni,NAcc,sr_outcome_primary,Punish-Neutral,6.0,-49.286019068802595,-11.753562927246094,4.845,-295.71611441281556,0.0,295.71611441281556,-28.895392957268854,-11.753562927246094,4.845,-115.58157182907541,-31.17444338370403
/home/tug87422/scratch/smithlab-shared/night-owls/derivatives/fsl/sub-101/ses-10/L1_sub-101_ses-10_task-sharedreward_model-1_type-act_run-1_space-mni_multi-echo_cnfds-tedana_unsmoothed_FIR.feat,101,10,sharedreward,1,multi-echo,tedana,mni,NAcc,sr_outcome_primary,Reward-Punish,6.0,45.14330655903516,97.76582336425781,0.0,270.859839354211,278.22734681194413,7.367507457733154,6.565992990067867,28.91180469524749,4.0,26.26397196027147,3.5557508025745133
/home/tug87422/scratch/smithlab-shared/night-owls/derivatives/fsl/sub-101/ses-10/L1_sub-101_ses-10_task-sharedreward_model-1_type-act_run-1_space-mni_single-echo_cnfds-fmriprep_unsmoothed_FIR.feat,101,10,sharedreward,1,single-echo,fmriprep,mni,NAcc,sr_decision_partner_extra,Computer-Stranger,6.0,37.152341202928966,89.06756952008227,6.0,222.9140472175738,242.62214183827848,19.70809462070465,83.92046458341296,93.06765365600586,6.46,335.68185833365186,89.06756952008227
/home/tug87422/scratch/smithlab-shared/night-owls/derivatives/fsl/sub-101/ses-10/L1_sub-101_ses-10_task-sharedreward_model-1_type-act_run-1_space-mni_single-echo_cnfds-fmriprep_unsmoothed_FIR.feat,101,10,sharedreward,1,single-echo,fmriprep,mni,NAcc,sr_outcome_primary,Reward-Neutral,6.0,-33.724542816288086,7.0131072998046875,1.615,-202.34725689772853,11.32616828918457,213.6734251869131,-63.885502181318884,-29.393659715681963,8.0,-255.54200872527554,-87.86217909774544
/home/tug87422/scratch/smithlab-shared/night-owls/derivatives/fsl/sub-101/ses-10/L1_sub-101_ses-10_task-sharedreward_model-1_type-act_run-1_space-mni_single-echo_cnfds-fmriprep_unsmoothed_FIR.feat,101,10,sharedreward,1,single-echo,fmriprep,mni,NAcc,sr_outcome_primary,Punish-Neutral,6.0,-49.45851858924294,-5.1987152099609375,4.845,-296.75111153545765,0.0,296.75111153545765,-55.90034370039639,-5.1987152099609375,4.845,-223.60137480158556,-89.66629187167614
/home/tug87422/scratch/smithlab-shared/night-owls/derivatives/fsl/sub-101/ses-10/L1_sub-101_ses-10_task-sharedreward_model-1_type-act_run-1_space-mni_single-echo_cnfds-fmriprep_unsmoothed_FIR.feat,101,10,sharedreward,1,single-echo,fmriprep,mni,NAcc,sr_outcome_primary,Reward-Punish,6.0,15.733975772954855,65.56663608551025,0.0,94.40385463772913,141.39697902737757,46.99312438964844,-7.985158480922505,16.03590202331543,6.46,-31.94063392369002,1.804112773930697
/home/tug87422/scratch/smithlab-shared/night-owls/derivatives/fsl/sub-101/ses-10/L1_sub-101_ses-10_task-sharedreward_model-1_type-act_run-1_space-mni_single-echo_cnfds-tedana_unsmoothed_FIR.feat,101,10,sharedreward,1,single-echo,tedana,mni,NAcc,sr_decision_partner_extra,Computer-Stranger,6.0,18.22435147946587,54.95826457233252,6.0,109.34610887679523,157.2500974694199,47.903988592624664,53.371995839779224,56.91072079566979,8.0,213.4879833591169,54.95826457233252
/home/tug87422/scratch/smithlab-shared/night-owls/derivatives/fsl/sub-101/ses-10/L1_sub-101_ses-10_task-sharedreward_model-1_type-act_run-1_space-mni_single-echo_cnfds-tedana_unsmoothed_FIR.feat,101,10,sharedreward,1,single-echo,tedana,mni,NAcc,sr_outcome_primary,Reward-Neutral,6.0,-4.178890652255506,20.514846801757812,1.615,-25.073343913533034,49.34748756408689,74.42083147761993,-32.5392984993133,5.5968780517578125,4.845,-130.1571939972532,-55.33382555722453
/home/tug87422/scratch/smithlab-shared/night-owls/derivatives/fsl/sub-101/ses-10/L1_sub-101_ses-10_task-sharedreward_model-1_type-act_run-1_space-mni_single-echo_cnfds-tedana_unsmoothed_FIR.feat,101,10,sharedreward,1,single-echo,tedana,mni,NAcc,sr_outcome_primary,Punish-Neutral,6.0,-63.54468189025658,-11.162368774414062,4.845,-381.26809134153945,0.0,381.26809134153945,-52.87835602944433,-5.7359771086335,8.0,-211.51342411777733,-84.02145246455544
/home/tug87422/scratch/smithlab-shared/night-owls/derivatives/fsl/sub-101/ses-10/L1_sub-101_ses-10_task-sharedreward_model-1_type-act_run-1_space-mni_single-echo_cnfds-tedana_unsmoothed_FIR.feat,101,10,sharedreward,1,single-echo,tedana,mni,NAcc,sr_outcome_primary,Reward-Punish,6.0,59.365791238001066,99.62369155883789,0.0,356.1947474280064,356.1947474280064,0.0,20.339057530131036,41.02753560683306,4.0,81.35623012052415,28.68762690733092
/home/tug87422/scratch/smithlab-shared/night-owls/derivatives/fsl/sub-101/ses-10/L1_sub-101_ses-10_task-sharedreward_model-1_type-act_run-2_space-mni_multi-echo_cnfds-fmriprep_unsmoothed_FIR.feat,101,10,sharedreward,2,multi-echo,fmriprep,mni,NAcc,sr_decision_partner_extra,Computer-Stranger,6.0,14.441343198163304,42.10872745513916,0.0,86.64805918897983,98.90794247950909,12.259883290529253,7.532314992194574,17.694162773274048,8.0,30.129259968778296,8.028594211897245
/home/tug87422/scratch/smithlab-shared/night-owls/derivatives/fsl/sub-101/ses-10/L1_sub-101_ses-10_task-sharedreward_model-1_type-act_run-2_space-mni_multi-echo_cnfds-fmriprep_unsmoothed_FIR.feat,101,10,sharedreward,2,multi-echo,fmriprep,mni,NAcc,sr_outcome_primary,Reward-Neutral,6.0,-42.31714168598715,-18.913085618624375,6.0,-253.90285011592292,0.0,253.90285011592292,-24.596241261903486,-15.638599395751953,6.46,-98.38496504761395,-18.913085618624375
/home/tug87422/scratch/smithlab-shared/night-owls/derivatives/fsl/sub-101/ses-10/L1_sub-101_ses-10_task-sharedreward_model-1_type-act_run-2_space-mni_multi-echo_cnfds-fmriprep_unsmoothed_FIR.feat,101,10,sharedreward,2,multi-echo,fmriprep,mni,NAcc,sr_outcome_primary,Punish-Neutral,6.0,-46.63560283434526,-21.208499967498305,6.0,-279.8136170060716,0.0,279.8136170060716,-37.74712052371942,-16.94287109375,6.46,-150.98848209487767,-21.208499967498305
/home/tug87422/scratch/smithlab-shared/night-owls/derivatives/fsl/sub-101/ses-10/L1_sub-101_ses-10_task-sharedreward_model-1_type-act_run-2_space-mni_multi-echo_cnfds-fmriprep_unsmoothed_FIR.feat,101,10,sharedreward,2,multi-echo,fmriprep,mni,NAcc,sr_outcome_primary,Reward-Punish,6.0,4.318461148358105,20.019633769989014,0.0,25.91076689014863,40.27554575214814,14.364778861999511,13.150879261815934,53.87822514246495,8.0,52.603517047263736,2.29541434887393
/home/tug87422/scratch/smithlab-shared/night-owls/derivatives/fsl/sub-101/ses-10/L1_sub-101_ses-10_task-sharedreward_model-1_type-act_run-2_space-mni_multi-echo_cnfds-tedana_unsmoothed_FIR.feat,101,10,sharedreward,2,multi-echo,tedana,mni,NAcc,sr_decision_partner_extra,Computer-Stranger,6.0,-1.26903874424589,29.12726402282715,0.0,-7.6142324654753395,54.515661294460294,62.129893759935634,-22.016236704409863,-6.618490338694573,4.0,-88.06494681763945,-22.58354416425014
/home/tug87422/scratch/smithlab-shared/night-owls/derivatives/fsl/sub-101/ses-10/L1_sub-101_ses-10_task-sharedreward_model-1_type-act_run-2_space-mni_multi-echo_cnfds-tedana_unsmoothed_FIR.feat,101,10,sharedreward,2,multi-echo,tedana,mni,NAcc,sr_outcome_primary,Reward-Neutral,6.0,-41.63291486151939,-30.66664857244344,6.0,-249.79748916911635,0.0,249.79748916911635,-36.42395136869775,-26.283249855041504,6.46,-145.695805474791,-30.66664857244344
/home/tug87422/scratch/smithlab-shared/night-owls/derivatives/fsl/sub-101/ses-10/L1_sub-101_ses-10_task-sharedreward_model-1_type-act_run-2_space-mni_multi-echo_cnfds-tedana_unsmoothed_FIR.feat,101,10,sharedreward,2,multi-echo,tedana,mni,NAcc,sr_outcome_primary,Punish-Neutral,6.0,-44.311359999528,-23.415549818576306,6.0,-265.868159997168,0.0,265.868159997168,-40.545371293715284,-19.094757080078125,6.46,-162.18148517486114,-23.415549818576306
/home/tug87422/scratch/smithlab-shared/night-owls/derivatives/fsl/sub-101/ses-10/L1_sub-101_ses-10_task-sharedreward_model-1_type-act_run-2_space-mni_multi-echo_cnfds-tedana_unsmoothed_FIR.feat,101,10,sharedreward,2,multi-echo,tedana,mni,NAcc,sr_outcome_primary,Reward-Punish,6.0,2.678445138008602,11.349729299545288,3.23,16.07067082805161,30.51866782665253,14.447996998600917,4.121419925017534,46.65075009821371,8.0,16.485679700070136,-7.251098753867136
/home/tug87422/scratch/smithlab-shared/night-owls/derivatives/fsl/sub-101/ses-10/L1_sub-101_ses-10_task-sharedreward_model-1_type-act_run-2_space-mni_single-echo_cnfds-fmriprep_unsmoothed_FIR.feat,101,10,sharedreward,2,single-echo,fmriprep,mni,NAcc,sr_decision_partner_extra,Computer-Stranger,6.0,9.01575273482423,38.90025329589844,0.0,54.09451640894538,72.75767476797104,18.66315835902566,-11.511921267729978,7.626756690234958,4.0,-46.04768507091991,-18.985273612172982
/home/tug87422/scratch/smithlab-shared/night-owls/derivatives/fsl/sub-101/ses-10/L1_sub-101_ses-10_task-sharedreward_model-1_type-act_run-2_space-mni_single-echo_cnfds-fmriprep_unsmoothed_FIR.feat,101,10,sharedreward,2,single-echo,fmriprep,mni,NAcc,sr_outcome_primary,Reward-Neutral,6.0,-4.947200063434116,27.69243323802948,1.615,-29.6832003806047,52.57148070355134,82.25468108415603,-6.211603449217677,38.14347553253174,6.46,-24.846413796870706,12.486333289013563
/home/tug87422/scratch/smithlab-shared/night-owls/derivatives/fsl/sub-101/ses-10/L1_sub-101_ses-10_task-sharedreward_model-1_type-act_run-2_space-mni_single-echo_cnfds-fmriprep_unsmoothed_FIR.feat,101,10,sharedreward,2,single-echo,fmriprep,mni,NAcc,sr_outcome_primary,Punish-Neutral,6.0,-10.501949069856735,34.43636655807495,1.615,-63.01169441914041,63.54695077180862,126.55864519094904,-33.00442371828822,-15.081208229064941,6.46,-132.0176948731529,-21.72916330567823
/home/tug87422/scratch/smithlab-shared/night-owls/derivatives/fsl/sub-101/ses-10/L1_sub-101_ses-10_task-sharedreward_model-1_type-act_run-2_space-mni_single-echo_cnfds-fmriprep_unsmoothed_FIR.feat,101,10,sharedreward,2,single-echo,fmriprep,mni,NAcc,sr_outcome_primary,Reward-Punish,6.0,5.554749006422621,62.50450897216797,0.0,33.32849403853572,70.23184027846015,36.90334623992443,26.792820269070546,56.56164853713092,8.0,107.17128107628218,34.2154965946918
/home/tug87422/scratch/smithlab-shared/night-owls/derivatives/fsl/sub-101/ses-10/L1_sub-101_ses-10_task-sharedreward_model-1_type-act_run-2_space-mni_single-echo_cnfds-tedana_unsmoothed_FIR.feat,101,10,sharedreward,2,single-echo,tedana,mni,NAcc,sr_decision_partner_extra,Computer-Stranger,6.0,-14.009851107120639,17.4664306640625,3.23,-84.05910664272383,41.066672385931014,125.12577902865485,-60.98942822124383,-12.733094643513121,4.0,-243.9577128849753,-71.51116519077644
/home/tug87422/scratch/smithlab-shared/night-owls/derivatives/fsl/sub-101/ses-10/L1_sub-101_ses-10_task-sharedreward_model-1_type-act_run-2_space-mni_single-echo_cnfds-tedana_unsmoothed_FIR.feat,101,10,sharedreward,2,single-echo,tedana,mni,NAcc,sr_outcome_primary,Reward-Neutral,6.0,6.814666405808569,60.524428367614746,1.615,40.88799843485141,109.12059774095799,68.23259930610658,-0.003259651626320803,43.84383583068848,6.46,-0.013038606505283212,17.768766214234915
/home/tug87422/scratch/smithlab-shared/night-owls/derivatives/fsl/sub-101/ses-10/L1_sub-101_ses-10_task-sharedreward_model-1_type-act_run-2_space-mni_single-echo_cnfds-tedana_unsmoothed_FIR.feat,101,10,sharedreward,2,single-echo,tedana,mni,NAcc,sr_outcome_primary,Punish-Neutral,6.0,-6.576315967694032,39.74374771118164,1.615,-39.45789580616419,64.18615255355834,103.64404835972255,-21.305246910790082,-0.22234344482421875,6.46,-85.22098764316033,-9.167735321233884
/home/tug87422/scratch/smithlab-shared/night-owls/derivatives/fsl/sub-101/ses-10/L1_sub-101_ses-10_task-sharedreward_model-1_type-act_run-2_space-mni_single-echo_cnfds-tedana_unsmoothed_FIR.feat,101,10,sharedreward,2,single-echo,tedana,mni,NAcc,sr_outcome_primary,Reward-Punish,6.0,13.3909823735026,63.84629821777344,0.0,80.3458942410156,102.60822491614074,22.26233067512512,21.301987259163763,49.91868588356042,8.0,85.20794903665505,26.9365015354688
/home/tug87422/scratch/smithlab-shared/night-owls/derivatives/fsl/sub-101/ses-11/L1_sub-101_ses-11_task-mid_model-1_type-act_run-1_space-mni_multi-echo_cnfds-fmriprep_unsmoothed_FIR.feat,101,11,mid,1,multi-echo,fmriprep,mni,NAcc,mid_anticipation_primary,Reward-Neutral,5.0,12.908673179940866,22.446887969970703,4.845,64.54336589970433,64.54336589970433,0.0,19.507452805045958,22.446887969970703,4.845,78.02981122018383,20.515501056293214
/home/tug87422/scratch/smithlab-shared/night-owls/derivatives/fsl/sub-101/ses-11/L1_sub-101_ses-11_task-mid_model-1_type-act_run-1_space-mni_multi-echo_cnfds-fmriprep_unsmoothed_FIR.feat,101,11,mid,1,multi-echo,fmriprep,mni,NAcc,mid_feedback_extra,Positive-Negative,6.0,-40.31681497928528,-6.707481384277344,0.0,-241.9008898757117,0.0,241.9008898757117,-44.042336766217886,-26.714835828302814,8.0,-176.16934706487154,-40.907248248994904
/home/tug87422/scratch/smithlab-shared/night-owls/derivatives/fsl/sub-101/ses-11/L1_sub-101_ses-11_task-mid_model-1_type-act_run-1_space-mni_multi-echo_cnfds-tedana_unsmoothed_FIR.feat,101,11,mid,1,multi-echo,tedana,mni,NAcc,mid_anticipation_primary,Reward-Neutral,5.0,10.122969264397774,16.973202228546146,3.23,50.61484632198887,50.61484632198887,0.0,12.25662649223898,16.707211814797702,4.0,49.02650596895592,12.410465254687672
/home/tug87422/scratch/smithlab-shared/night-owls/derivatives/fsl/sub-101/ses-11/L1_sub-101_ses-11_task-mid_model-1_type-act_run-1_space-mni_multi-echo_cnfds-tedana_unsmoothed_FIR.feat,101,11,mid,1,multi-echo,tedana,mni,NAcc,mid_feedback_extra,Positive-Negative,6.0,-33.41334235888066,-2.3091144561767543,0.0,-200.480054153284,0.0,200.480054153284,-30.40751710100529,-11.171409487724306,6.46,-121.63006840402116,-24.538510807158406
/home/tug87422/scratch/smithlab-shared/night-owls/derivatives/fsl/sub-101/ses-11/L1_sub-101_ses-11_task-mid_model-1_type-act_run-1_space-mni_single-echo_cnfds-fmriprep_unsmoothed_FIR.feat,101,11,mid,1,single-echo,fmriprep,mni,NAcc,mid_anticipation_primary,Reward-Neutral,5.0,9.757991439360122,26.77873992919922,4.845,48.789957196800614,48.789957196800614,0.0,9.886181381899318,26.77873992919922,4.845,39.54472552759727,13.06176217200217
/home/tug87422/scratch/smithlab-shared/night-owls/derivatives/fsl/sub-101/ses-11/L1_sub-101_ses-11_task-mid_model-1_type-act_run-1_space-mni_single-echo_cnfds-fmriprep_unsmoothed_FIR.feat,101,11,mid,1,single-echo,fmriprep,mni,NAcc,mid_feedback_extra,Positive-Negative,6.0,-45.128956603803374,-10.887483596801758,0.0,-270.77373962282024,0.0,270.77373962282024,-45.379322334072164,-15.445040702819824,6.46,-181.51728933628866,-35.86316750883687
/home/tug87422/scratch/smithlab-shared/night-owls/derivatives/fsl/sub-101/ses-11/L1_sub-101_ses-11_task-mid_model-1_type-act_run-1_space-mni_single-echo_cnfds-tedana_unsmoothed_FIR.feat,101,11,mid,1,single-echo,tedana,mni,NAcc,mid_anticipation_primary,Reward-Neutral,5.0,11.744814039700264,31.200737953186035,4.845,58.72407019850132,58.72407019850132,0.0,14.487772200667981,31.200737953186035,4.845,57.951088802671926,17.14067726312407
/home/tug87422/scratch/smithlab-shared/night-owls/derivatives/fsl/sub-101/ses-11/L1_sub-101_ses-11_task-mid_model-1_type-act_run-1_space-mni_single-echo_cnfds-tedana_unsmoothed_FIR.feat,101,11,mid,1,single-echo,tedana,mni,NAcc,mid_feedback_extra,Positive-Negative,6.0,-34.64691926536622,-11.73051643371582,0.0,-207.88151559219733,0.0,207.88151559219733,-33.13084666009958,-2.8640037775039673,6.46,-132.52338664039831,-22.20343552396024
/home/tug87422/scratch/smithlab-shared/night-owls/derivatives/fsl/sub-101/ses-11/L1_sub-101_ses-11_task-mid_model-1_type-act_run-2_space-mni_multi-echo_cnfds-fmriprep_unsmoothed_FIR.feat,101,11,mid,2,multi-echo,fmriprep,mni,NAcc,mid_anticipation_primary,Reward-Neutral,5.0,17.90044585873228,40.96810340881348,3.23,89.5022292936614,94.22354221679478,4.7213129231333735,33.756362600305316,50.56164026260376,6.46,135.02545040122126,43.59398883046011
/home/tug87422/scratch/smithlab-shared/night-owls/derivatives/fsl/sub-101/ses-11/L1_sub-101_ses-11_task-mid_model-1_type-act_run-2_space-mni_multi-echo_cnfds-fmriprep_unsmoothed_FIR.feat,101,11,mid,2,multi-echo,fmriprep,mni,NAcc,mid_feedback_extra,Positive-Negative,6.0,39.394064434777185,67.4222469329834,1.615,236.36438660866312,236.36438660866312,0.0,30.842387858859894,39.60671424865723,6.46,123.36955143543958,37.660254044429436
/home/tug87422/scratch/smithlab-shared/night-owls/derivatives/fsl/sub-101/ses-11/L1_sub-101_ses-11_task-mid_model-1_type-act_run-2_space-mni_multi-echo_cnfds-tedana_unsmoothed_FIR.feat,101,11,mid,2,multi-echo,tedana,mni,NAcc,mid_anticipation_primary,Reward-Neutral,5.0,18.97204583108033,45.956671714782715,3.23,94.86022915540164,101.43585782101279,6.575628665611148,22.115404187224968,35.014495610452656,4.0,88.46161674889987,27.931406422665244
/home/tug87422/scratch/smithlab-shared/night-owls/derivatives/fsl/sub-101/ses-11/L1_sub-101_ses-11_task-mid_model-1_type-act_run-2_space-mni_multi-echo_cnfds-tedana_unsmoothed_FIR.feat,101,11,mid,2,multi-echo,tedana,mni,NAcc,mid_feedback_extra,Positive-Negative,6.0,43.79837966825709,78.81223487854004,1.615,262.79027800954253,262.79027800954253,0.0,33.40822391816994,43.53434371948242,6.46,133.63289567267975,39.90076825640888
/home/tug87422/scratch/smithlab-shared/night-owls/derivatives/fsl/sub-101/ses-11/L1_sub-101_ses-11_task-mid_model-1_type-act_run-2_space-mni_single-echo_cnfds-fmriprep_unsmoothed_FIR.feat,101,11,mid,2,single-echo,fmriprep,mni,NAcc,mid_anticipation_primary,Reward-Neutral,5.0,17.829023354565766,38.933596336435606,5.0,89.14511677282883,89.14511677282883,0.0,41.31347176829359,47.85391616821289,6.46,165.25388707317435,45.04340444039265
/home/tug87422/scratch/smithlab-shared/night-owls/derivatives/fsl/sub-101/ses-11/L1_sub-101_ses-11_task-mid_model-1_type-act_run-2_space-mni_single-echo_cnfds-fmriprep_unsmoothed_FIR.feat,101,11,mid,2,single-echo,fmriprep,mni,NAcc,mid_feedback_extra,Positive-Negative,6.0,42.672426844722104,113.96331977844238,1.615,256.0345610683326,273.6854601955414,17.650899127208785,6.7296917453168374,29.25506830215454,4.845,26.91876698126735,-4.616745945838956
/home/tug87422/scratch/smithlab-shared/night-owls/derivatives/fsl/sub-101/ses-11/L1_sub-101_ses-11_task-mid_model-1_type-act_run-2_space-mni_single-echo_cnfds-tedana_unsmoothed_FIR.feat,101,11,mid,2,single-echo,tedana,mni,NAcc,mid_anticipation_primary,Reward-Neutral,5.0,18.089660660953346,35.314407348632805,4.845,90.44830330476672,91.05847030744464,0.6101670026779175,34.05633196800854,35.314407348632805,4.845,136.22532787203417,34.73043828556781
/home/tug87422/scratch/smithlab-shared/night-owls/derivatives/fsl/sub-101/ses-11/L1_sub-101_ses-11_task-mid_model-1_type-act_run-2_space-mni_single-echo_cnfds-tedana_unsmoothed_FIR.feat,101,11,mid,2,single-echo,tedana,mni,NAcc,mid_feedback_extra,Positive-Negative,6.0,44.320248093391285,117.52593421936035,1.615,265.9214885603477,278.2703932136297,12.348904653281991,8.721584745562023,26.391202330589294,4.845,34.88633898224809,-1.0933604314231316
/home/tug87422/scratch/smithlab-shared/night-owls/derivatives/fsl/sub-101/ses-11/L1_sub-101_ses-11_task-sharedreward_model-1_type-act_run-1_space-mni_multi-echo_cnfds-fmriprep_unsmoothed_FIR.feat,101,11,sharedreward,1,multi-echo,fmriprep,mni,NAcc,sr_decision_partner_extra,Computer-Stranger,6.0,-1.0940509595818078,26.337970733642578,4.845,-6.564305757490846,36.47808946609497,43.042395223585814,-5.074141929088965,26.337970733642578,4.845,-20.29656771635586,-1.1143534692817452
/home/tug87422/scratch/smithlab-shared/night-owls/derivatives/fsl/sub-101/ses-11/L1_sub-101_ses-11_task-sharedreward_model-1_type-act_run-1_space-mni_multi-echo_cnfds-fmriprep_unsmoothed_FIR.feat,101,11,sharedreward,1,multi-echo,fmriprep,mni,NAcc,sr_outcome_primary,Reward-Neutral,6.0,-32.84878083591445,-5.712343674695158,6.0,-197.09268501548667,0.0,197.09268501548667,-12.100918042132221,3.351160407066345,6.46,-48.403672168528885,-5.712343674695158
/home/tug87422/scratch/smithlab-shared/night-owls/derivatives/fsl/sub-101/ses-11/L1_sub-101_ses-11_task-sharedreward_model-1_type-act_run-1_space-mni_multi-echo_cnfds-fmriprep_unsmoothed_FIR.feat,101,11,sharedreward,1,multi-echo,fmriprep,mni,NAcc,sr_outcome_primary,Punish-Neutral,6.0,-32.61123584673116,-7.680905342102051,1.615,-195.66741508038697,0.0,195.66741508038697,-30.19811646111125,-26.880188822746273,6.46,-120.792465844445,-27.46124758919695
/home/tug87422/scratch/smithlab-shared/night-owls/derivatives/fsl/sub-101/ses-11/L1_sub-101_ses-11_task-sharedreward_model-1_type-act_run-1_space-mni_multi-echo_cnfds-fmriprep_unsmoothed_FIR.feat,101,11,sharedreward,1,multi-echo,fmriprep,mni,NAcc,sr_outcome_primary,Reward-Punish,6.0,-0.23754498918328318,21.748903914501792,6.0,-1.4252699350996991,28.000709717305085,29.425979652404784,18.09719841897903,30.23134922981262,6.46,72.38879367591612,21.748903914501792
/home/tug87422/scratch/smithlab-shared/night-owls/derivatives/fsl/sub-101/ses-11/L1_sub-101_ses-11_task-sharedreward_model-1_type-act_run-1_space-mni_multi-echo_cnfds-tedana_unsmoothed_FIR.feat,101,11,sharedreward,1,multi-echo,tedana,mni,NAcc,sr_decision_partner_extra,Computer-Stranger,6.0,-3.87951574500354,28.540050506591797,4.845,-23.27709447002124,49.78277171874333,73.05986618876457,8.016845330213403,28.540050506591797,4.845,32.06738132085361,17.75723249716655
/home/tug87422/scratch/smithlab-shared/night-owls/derivatives/fsl/sub-101/ses-11/L1_sub-101_ses-11_task-sharedreward_model-1_type-act_run-1_space-mni_multi-echo_cnfds-tedana_unsmoothed_FIR.feat,101,11,sharedreward,1,multi-echo,tedana,mni,NAcc,sr_outcome_primary,Reward-Neutral,6.0,-25.944871622065026,-3.6961579027559726,6.0,-155.66922973239016,0.0,155.66922973239016,-4.653204271281281,12.922341879676376,8.0,-18.612817085125123,-3.6961579027559726
/home/tug87422/scratch/smithlab-shared/night-owls/derivatives/fsl/sub-101/ses-11/L1_sub-101_ses-11_task-sharedreward_model-1_type-act_run-1_space-mni_multi-echo_cnfds-tedana_unsmoothed_FIR.feat,101,11,sharedreward,1,multi-echo,tedana,mni,NAcc,sr_outcome_primary,Punish-Neutral,6.0,-19.715215781756644,-4.7023270428180695,1.615,-118.29129469053987,0.0,118.29129469053987,-17.614768686067578,-8.04584312438965,4.845,-70.45907474427031,-16.1974574611652
/home/tug87422/scratch/smithlab-shared/night-owls/derivatives/fsl/sub-101/ses-11/L1_sub-101_ses-11_task-sharedreward_model-1_type-act_run-1_space-mni_multi-echo_cnfds-tedana_unsmoothed_FIR.feat,101,11,sharedreward,1,multi-echo,tedana,mni,NAcc,sr_outcome_primary,Reward-Punish,6.0,-6.229655840308381,12.501299558409228,6.0,-37.377935041850286,25.67000251867823,63.04793756052851,12.961564414786299,39.72043183418251,8.0,51.846257659145195,12.501299558409228
/home/tug87422/scratch/smithlab-shared/night-owls/derivatives/fsl/sub-101/ses-11/L1_sub-101_ses-11_task-sharedreward_model-1_type-act_run-1_space-mni_single-echo_cnfds-fmriprep_unsmoothed_FIR.feat,101,11,sharedreward,1,single-echo,fmriprep,mni,NAcc,sr_decision_partner_extra,Computer-Stranger,6.0,-2.3207528359835856,16.912713050842285,4.845,-13.924517015901515,36.40957001686096,50.334087032762476,-23.532111240276617,16.912713050842285,4.845,-94.12844496110647,-24.011116745302186
/home/tug87422/scratch/smithlab-shared/night-owls/derivatives/fsl/sub-101/ses-11/L1_sub-101_ses-11_task-sharedreward_model-1_type-act_run-1_space-mni_single-echo_cnfds-fmriprep_unsmoothed_FIR.feat,101,11,sharedreward,1,single-echo,fmriprep,mni,NAcc,sr_outcome_primary,Reward-Neutral,6.0,-22.02743669623807,-2.2594594955444336,4.845,-132.16462017742842,0.0,132.16462017742842,-13.502672972545348,2.061526449103115,8.0,-54.01069189018139,-23.1014013615186
/home/tug87422/scratch/smithlab-shared/night-owls/derivatives/fsl/sub-101/ses-11/L1_sub-101_ses-11_task-sharedreward_model-1_type-act_run-1_space-mni_single-echo_cnfds-fmriprep_unsmoothed_FIR.feat,101,11,sharedreward,1,single-echo,fmriprep,mni,NAcc,sr_outcome_primary,Punish-Neutral,6.0,-20.206068239601404,4.423629283905029,3.23,-121.23640943760843,7.144161293506622,128.38057073111506,-18.435215560866766,-4.48543177891073,4.0,-73.74086224346706,-25.883817843977514
/home/tug87422/scratch/smithlab-shared/night-owls/derivatives/fsl/sub-101/ses-11/L1_sub-101_ses-11_task-sharedreward_model-1_type-act_run-1_space-mni_single-echo_cnfds-fmriprep_unsmoothed_FIR.feat,101,11,sharedreward,1,single-echo,fmriprep,mni,NAcc,sr_outcome_primary,Reward-Punish,6.0,-1.8213684566366661,12.002799034118652,4.845,-10.928210739819997,19.076882725031382,30.005093464851377,4.932542588321418,12.002799034118652,4.845,19.730170353285672,2.782416482458911
/home/tug87422/scratch/smithlab-shared/night-owls/derivatives/fsl/sub-101/ses-11/L1_sub-101_ses-11_task-sharedreward_model-1_type-act_run-1_space-mni_single-echo_cnfds-tedana_unsmoothed_FIR.feat,101,11,sharedreward,1,single-echo,tedana,mni,NAcc,sr_decision_partner_extra,Computer-Stranger,6.0,-1.604096196168962,25.77069091796875,0.0,-9.624577177013771,45.687238351855854,55.31181552886962,-5.403753790945833,16.965115070343018,4.845,-21.615015163783333,2.390858983845901
/home/tug87422/scratch/smithlab-shared/night-owls/derivatives/fsl/sub-101/ses-11/L1_sub-101_ses-11_task-sharedreward_model-1_type-act_run-1_space-mni_single-echo_cnfds-tedana_unsmoothed_FIR.feat,101,11,sharedreward,1,single-echo,tedana,mni,NAcc,sr_outcome_primary,Reward-Neutral,6.0,-15.60491738712394,9.644801139831543,4.845,-93.62950432274364,24.647699719667433,118.27720404241106,2.217997312567462,23.270841793379198,8.0,8.871989250269849,-8.313795438122826
/home/tug87422/scratch/smithlab-shared/night-owls/derivatives/fsl/sub-101/ses-11/L1_sub-101_ses-11_task-sharedreward_model-1_type-act_run-1_space-mni_single-echo_cnfds-tedana_unsmoothed_FIR.feat,101,11,sharedreward,1,single-echo,tedana,mni,NAcc,sr_outcome_primary,Punish-Neutral,6.0,-17.44382793636883,6.869016170501709,3.23,-104.66296761821299,16.940928642749785,121.60389626096277,-7.0316377495953555,5.606970457838784,4.0,-28.126550998381422,-9.252433328067557
/home/tug87422/scratch/smithlab-shared/night-owls/derivatives/fsl/sub-101/ses-11/L1_sub-101_ses-11_task-sharedreward_model-1_type-act_run-1_space-mni_single-echo_cnfds-tedana_unsmoothed_FIR.feat,101,11,sharedreward,1,single-echo,tedana,mni,NAcc,sr_outcome_primary,Reward-Punish,6.0,1.8389105492448907,5.422802925109863,4.845,11.033463295469344,12.140579913625775,1.1071166181564303,9.249635062162817,39.66990766731949,8.0,36.99854024865127,0.9386378899447317
/home/tug87422/scratch/smithlab-shared/night-owls/derivatives/fsl/sub-101/ses-11/L1_sub-101_ses-11_task-sharedreward_model-1_type-act_run-2_space-mni_multi-echo_cnfds-fmriprep_unsmoothed_FIR.feat,101,11,sharedreward,2,multi-echo,fmriprep,mni,NAcc,sr_decision_partner_extra,Computer-Stranger,6.0,-2.6870919577474446,36.19710397720337,0.0,-16.122551746484667,59.13076226115226,75.25331400763693,-0.6744206419065812,17.124588986299365,8.0,-2.697682567626325,-5.415807290712007
/home/tug87422/scratch/smithlab-shared/night-owls/derivatives/fsl/sub-101/ses-11/L1_sub-101_ses-11_task-sharedreward_model-1_type-act_run-2_space-mni_multi-echo_cnfds-fmriprep_unsmoothed_FIR.feat,101,11,sharedreward,2,multi-echo,fmriprep,mni,NAcc,sr_outcome_primary,Reward-Neutral,6.0,42.902688244121656,77.18415260314941,4.845,257.4161294647299,257.4161294647299,0.0,46.944735308204876,77.18415260314941,4.845,187.7789412328195,32.10945616565621
/home/tug87422/scratch/smithlab-shared/night-owls/derivatives/fsl/sub-101/ses-11/L1_sub-101_ses-11_task-sharedreward_model-1_type-act_run-2_space-mni_multi-echo_cnfds-fmriprep_unsmoothed_FIR.feat,101,11,sharedreward,2,multi-echo,fmriprep,mni,NAcc,sr_outcome_primary,Punish-Neutral,6.0,12.815144189246098,46.276947021484375,4.845,76.89086513547659,89.08971040262342,12.198845267146826,25.687835139990455,62.20961748483383,8.0,102.75134055996182,7.459313938861288
/home/tug87422/scratch/smithlab-shared/night-owls/derivatives/fsl/sub-101/ses-11/L1_sub-101_ses-11_task-sharedreward_model-1_type-act_run-2_space-mni_multi-echo_cnfds-fmriprep_unsmoothed_FIR.feat,101,11,sharedreward,2,multi-echo,fmriprep,mni,NAcc,sr_outcome_primary,Reward-Punish,6.0,30.087544054875554,32.3034086227417,1.615,180.52526432925333,180.52526432925333,0.0,21.25690016821442,31.073429225768102,4.0,85.02760067285767,24.650142226794923
/home/tug87422/scratch/smithlab-shared/night-owls/derivatives/fsl/sub-101/ses-11/L1_sub-101_ses-11_task-sharedreward_model-1_type-act_run-2_space-mni_multi-echo_cnfds-tedana_unsmoothed_FIR.feat,101,11,sharedreward,2,multi-echo,tedana,mni,NAcc,sr_decision_partner_extra,Computer-Stranger,6.0,-2.2993195031228093,38.85294055938721,0.0,-13.795917018736855,61.615262249623285,75.41117926836014,9.271638138904109,32.86145631595294,8.0,37.086552555616436,3.443875909220694
/home/tug87422/scratch/smithlab-shared/night-owls/derivatives/fsl/sub-101/ses-11/L1_sub-101_ses-11_task-sharedreward_model-1_type-act_run-2_space-mni_multi-echo_cnfds-tedana_unsmoothed_FIR.feat,101,11,sharedreward,2,multi-echo,tedana,mni,NAcc,sr_outcome_primary,Reward-Neutral,6.0,59.070023412904995,79.64809608459473,4.845,354.42014047743,354.42014047743,0.0,49.25546320072176,79.64809608459473,4.845,197.02185280288705,36.75414873719584
/home/tug87422/scratch/smithlab-shared/night-owls/derivatives/fsl/sub-101/ses-11/L1_sub-101_ses-11_task-sharedreward_model-1_type-act_run-2_space-mni_multi-echo_cnfds-tedana_unsmoothed_FIR.feat,101,11,sharedreward,2,multi-echo,tedana,mni,NAcc,sr_outcome_primary,Punish-Neutral,6.0,31.325124074229265,50.85238075256348,4.845,187.9507444453756,187.9507444453756,0.0,28.048963945201677,51.994391607795365,8.0,112.19585578080671,10.796560836650265
/home/tug87422/scratch/smithlab-shared/night-owls/derivatives/fsl/sub-101/ses-11/L1_sub-101_ses-11_task-sharedreward_model-1_type-act_run-2_space-mni_multi-echo_cnfds-tedana_unsmoothed_FIR.feat,101,11,sharedreward,2,multi-echo,tedana,mni,NAcc,sr_outcome_primary,Reward-Punish,6.0,27.744899338675722,34.033875465393066,0.0,166.46939603205433,166.46939603205433,0.0,21.206499255520082,28.79571533203125,4.845,84.82599702208033,25.957587900545576
/home/tug87422/scratch/smithlab-shared/night-owls/derivatives/fsl/sub-101/ses-11/L1_sub-101_ses-11_task-sharedreward_model-1_type-act_run-2_space-mni_single-echo_cnfds-fmriprep_unsmoothed_FIR.feat,101,11,sharedreward,2,single-echo,fmriprep,mni,NAcc,sr_decision_partner_extra,Computer-Stranger,6.0,-8.175158989557419,31.68232250213623,0.0,-49.05095393734452,68.32607177495956,117.37702571230408,-32.1263252018369,13.891061378337278,4.0,-128.5053008073476,-51.59259426778315
/home/tug87422/scratch/smithlab-shared/night-owls/derivatives/fsl/sub-101/ses-11/L1_sub-101_ses-11_task-sharedreward_model-1_type-act_run-2_space-mni_single-echo_cnfds-fmriprep_unsmoothed_FIR.feat,101,11,sharedreward,2,single-echo,fmriprep,mni,NAcc,sr_outcome_primary,Reward-Neutral,6.0,51.83021310178134,147.09872817993164,4.845,310.98127861068804,340.8591126380976,29.877834027409552,51.2621982815104,147.09872817993164,4.845,205.0487931260416,26.123425350838765
/home/tug87422/scratch/smithlab-shared/night-owls/derivatives/fsl/sub-101/ses-11/L1_sub-101_ses-11_task-sharedreward_model-1_type-act_run-2_space-mni_single-echo_cnfds-fmriprep_unsmoothed_FIR.feat,101,11,sharedreward,2,single-echo,fmriprep,mni,NAcc,sr_outcome_primary,Punish-Neutral,6.0,26.84421597567905,101.08503532409667,4.845,161.0652958540743,198.90692089424783,37.841625040173525,35.176029771278515,101.08503532409667,4.845,140.70411908511406,19.213239717040622
/home/tug87422/scratch/smithlab-shared/night-owls/derivatives/fsl/sub-101/ses-11/L1_sub-101_ses-11_task-sharedreward_model-1_type-act_run-2_space-mni_single-echo_cnfds-fmriprep_unsmoothed_FIR.feat,101,11,sharedreward,2,single-echo,fmriprep,mni,NAcc,sr_outcome_primary,Reward-Punish,6.0,24.985997126102294,63.704044342041016,0.0,149.91598275661377,149.91598275661377,0.0,16.08616851023188,46.01369285583496,4.845,64.34467404092752,6.910185633798131
/home/tug87422/scratch/smithlab-shared/night-owls/derivatives/fsl/sub-101/ses-11/L1_sub-101_ses-11_task-sharedreward_model-1_type-act_run-2_space-mni_single-echo_cnfds-tedana_unsmoothed_FIR.feat,101,11,sharedreward,2,single-echo,tedana,mni,NAcc,sr_decision_partner_extra,Computer-Stranger,6.0,-12.323838566251032,49.666913747787476,0.0,-73.94303139750619,65.08183174669742,139.0248631442036,-43.0318524904443,2.5672845678063725,4.0,-172.1274099617772,-63.33216911794232
/home/tug87422/scratch/smithlab-shared/night-owls/derivatives/fsl/sub-101/ses-11/L1_sub-101_ses-11_task-sharedreward_model-1_type-act_run-2_space-mni_single-echo_cnfds-tedana_unsmoothed_FIR.feat,101,11,sharedreward,2,single-echo,tedana,mni,NAcc,sr_outcome_primary,Reward-Neutral,6.0,30.45651594155836,125.65109634399414,4.845,182.73909564935016,268.3761457534914,85.63705010414124,35.861178095722714,125.65109634399414,4.845,143.44471238289086,11.148962457851715
/home/tug87422/scratch/smithlab-shared/night-owls/derivatives/fsl/sub-101/ses-11/L1_sub-101_ses-11_task-sharedreward_model-1_type-act_run-2_space-mni_single-echo_cnfds-tedana_unsmoothed_FIR.feat,101,11,sharedreward,2,single-echo,tedana,mni,NAcc,sr_outcome_primary,Punish-Neutral,6.0,8.67711011792361,77.42154693603516,4.845,52.06266070754166,121.84470687777633,69.78204617023468,18.131334561596717,77.42154693603516,4.845,72.52533824638687,2.7423464772132844
/home/tug87422/scratch/smithlab-shared/night-owls/derivatives/fsl/sub-101/ses-11/L1_sub-101_ses-11_task-sharedreward_model-1_type-act_run-2_space-mni_single-echo_cnfds-tedana_unsmoothed_FIR.feat,101,11,sharedreward,2,single-echo,tedana,mni,NAcc,sr_outcome_primary,Reward-Punish,6.0,21.77940582363475,66.42579650878906,0.0,130.6764349418085,154.43972473673037,23.763289794921874,17.729843534126,48.229549407958984,4.845,70.919374136504,8.406615980638438
/home/tug87422/scratch/smithlab-shared/night-owls/derivatives/fsl/sub-103/ses-01/L1_sub-103_ses-01_task-mid_model-1_type-act_run-1_space-mni_multi-echo_cnfds-fmriprep_unsmoothed_FIR.feat,103,1,mid,1,multi-echo,fmriprep,mni,NAcc,mid_anticipation_primary,Reward-Neutral,5.0,-12.227260269950968,34.31362581253052,4.845,-61.13630134975484,35.86207713449426,96.99837848424912,17.572094442823865,34.31362581253052,4.845,70.28837777129546,11.777021272632725
/home/tug87422/scratch/smithlab-shared/night-owls/derivatives/fsl/sub-103/ses-01/L1_sub-103_ses-01_task-mid_model-1_type-act_run-1_space-mni_multi-echo_cnfds-fmriprep_unsmoothed_FIR.feat,103,1,mid,1,multi-echo,fmriprep,mni,NAcc,mid_feedback_extra,Positive-Negative,6.0,25.150648095490965,89.95953369140625,4.845,150.9038885729458,189.0473463154282,38.143457742482425,55.27918294505069,89.95953369140625,4.845,221.11673178020277,43.18696123601482
/home/tug87422/scratch/smithlab-shared/night-owls/derivatives/fsl/sub-103/ses-01/L1_sub-103_ses-01_task-mid_model-1_type-act_run-1_space-mni_multi-echo_cnfds-tedana_unsmoothed_FIR.feat,103,1,mid,1,multi-echo,tedana,mni,NAcc,mid_anticipation_primary,Reward-Neutral,5.0,-10.422859461096417,15.753499031066895,4.845,-52.11429730548208,17.918977521521388,70.03327482700348,-2.91769132041156,15.753499031066895,4.845,-11.67076528164624,-10.086980255764708
/home/tug87422/scratch/smithlab-shared/night-owls/derivatives/fsl/sub-103/ses-01/L1_sub-103_ses-01_task-mid_model-1_type-act_run-1_space-mni_multi-echo_cnfds-tedana_unsmoothed_FIR.feat,103,1,mid,1,multi-echo,tedana,mni,NAcc,mid_feedback_extra,Positive-Negative,6.0,25.63798258445857,86.7108383178711,4.845,153.82789550675142,190.502361587417,36.67446608066559,46.36247156298475,86.7108383178711,4.845,185.449886251939,30.222238366448835
/home/tug87422/scratch/smithlab-shared/night-owls/derivatives/fsl/sub-103/ses-01/L1_sub-103_ses-01_task-mid_model-1_type-act_run-1_space-mni_single-echo_cnfds-fmriprep_unsmoothed_FIR.feat,103,1,mid,1,single-echo,fmriprep,mni,NAcc,mid_anticipation_primary,Reward-Neutral,5.0,10.008241887387108,32.92967414855957,3.23,50.04120943693554,71.73237261442576,21.691163177490232,36.330208700929454,75.22631485174315,8.0,145.32083480371782,35.58138785642736
/home/tug87422/scratch/smithlab-shared/night-owls/derivatives/fsl/sub-103/ses-01/L1_sub-103_ses-01_task-mid_model-1_type-act_run-1_space-mni_single-echo_cnfds-fmriprep_unsmoothed_FIR.feat,103,1,mid,1,single-echo,fmriprep,mni,NAcc,mid_feedback_extra,Positive-Negative,6.0,-27.13105786083622,32.06611419462198,6.0,-162.7863471650173,39.38875256070597,202.17509972572327,12.413014010300301,52.3058340549469,6.46,49.652056041201206,32.06611419462198
/home/tug87422/scratch/smithlab-shared/night-owls/derivatives/fsl/sub-103/ses-01/L1_sub-103_ses-01_task-mid_model-1_type-act_run-1_space-mni_single-echo_cnfds-tedana_unsmoothed_FIR.feat,103,1,mid,1,single-echo,tedana,mni,NAcc,mid_anticipation_primary,Reward-Neutral,5.0,-18.649450848366087,-1.4404563903808594,0.0,-93.24725424183043,0.0,93.24725424183043,-47.641514653771104,-22.051329547775794,4.0,-190.56605861508442,-52.195425610793265
/home/tug87422/scratch/smithlab-shared/night-owls/derivatives/fsl/sub-103/ses-01/L1_sub-103_ses-01_task-mid_model-1_type-act_run-1_space-mni_single-echo_cnfds-tedana_unsmoothed_FIR.feat,103,1,mid,1,single-echo,tedana,mni,NAcc,mid_feedback_extra,Positive-Negative,6.0,-11.199093440532437,23.917524435202772,6.0,-67.19456064319462,25.477465385438492,92.67202602863311,13.413476186833886,42.17553424835205,6.46,53.653904747335545,23.917524435202772
/home/tug87422/scratch/smithlab-shared/night-owls/derivatives/fsl/sub-103/ses-01/L1_sub-103_ses-01_task-mid_model-1_type-act_run-2_space-mni_multi-echo_cnfds-fmriprep_unsmoothed_FIR.feat,103,1,mid,2,multi-echo,fmriprep,mni,NAcc,mid_anticipation_primary,Reward-Neutral,5.0,-73.19349061404237,61.86156356334686,0.0,-365.9674530702119,49.95321257740259,415.9206656476145,-86.25178933006138,-31.103421211242676,6.46,-345.00715732024554,-49.50434514981674
/home/tug87422/scratch/smithlab-shared/night-owls/derivatives/fsl/sub-103/ses-01/L1_sub-103_ses-01_task-mid_model-1_type-act_run-2_space-mni_multi-echo_cnfds-fmriprep_unsmoothed_FIR.feat,103,1,mid,2,multi-echo,fmriprep,mni,NAcc,mid_feedback_extra,Positive-Negative,6.0,32.58614400336555,94.86860163071576,6.0,195.51686402019328,204.1223280399687,8.60546401977539,89.02796026282587,99.75753021240234,6.46,356.1118410513035,94.86860163071576
/home/tug87422/scratch/smithlab-shared/night-owls/derivatives/fsl/sub-103/ses-01/L1_sub-103_ses-01_task-mid_model-1_type-act_run-2_space-mni_multi-echo_cnfds-tedana_unsmoothed_FIR.feat,103,1,mid,2,multi-echo,tedana,mni,NAcc,mid_anticipation_primary,Reward-Neutral,5.0,-50.19039968761147,39.55547475814819,0.0,-250.95199843805733,31.941045867204664,282.893044305262,-43.57111115103455,39.55775833129883,6.46,-174.2844446041382,-9.841682611235148
/home/tug87422/scratch/smithlab-shared/night-owls/derivatives/fsl/sub-103/ses-01/L1_sub-103_ses-01_task-mid_model-1_type-act_run-2_space-mni_multi-echo_cnfds-tedana_unsmoothed_FIR.feat,103,1,mid,2,multi-echo,tedana,mni,NAcc,mid_feedback_extra,Positive-Negative,6.0,39.107686413129166,102.87704467773438,1.615,234.646118478775,255.83168390750888,21.185565428733824,28.83818612521278,37.286667823791504,4.845,115.35274450085112,28.547195434570312
/home/tug87422/scratch/smithlab-shared/night-owls/derivatives/fsl/sub-103/ses-01/L1_sub-103_ses-01_task-mid_model-1_type-act_run-2_space-mni_single-echo_cnfds-fmriprep_unsmoothed_FIR.feat,103,1,mid,2,single-echo,fmriprep,mni,NAcc,mid_anticipation_primary,Reward-Neutral,5.0,-136.49179812942128,-33.84407806396485,0.0,-682.4589906471064,0.0,682.4589906471064,-152.24784025875778,-100.45747756958008,4.845,-608.9913610350311,-157.8356487167878
/home/tug87422/scratch/smithlab-shared/night-owls/derivatives/fsl/sub-103/ses-01/L1_sub-103_ses-01_task-mid_model-1_type-act_run-2_space-mni_single-echo_cnfds-fmriprep_unsmoothed_FIR.feat,103,1,mid,2,single-echo,fmriprep,mni,NAcc,mid_feedback_extra,Positive-Negative,6.0,56.22634357295414,93.17640686035156,3.23,337.35806143772487,337.3863607789267,0.028299341201782225,96.26703512045623,160.85214826270894,8.0,385.0681404818249,85.9972383245226
/home/tug87422/scratch/smithlab-shared/night-owls/derivatives/fsl/sub-103/ses-01/L1_sub-103_ses-01_task-mid_model-1_type-act_run-2_space-mni_single-echo_cnfds-tedana_unsmoothed_FIR.feat,103,1,mid,2,single-echo,tedana,mni,NAcc,mid_anticipation_primary,Reward-Neutral,5.0,-67.1413043711643,-8.814403533935545,0.0,-335.7065218558215,0.0,335.7065218558215,-53.42713180687866,27.030130801186136,8.0,-213.70852722751465,-64.06792459842221
/home/tug87422/scratch/smithlab-shared/night-owls/derivatives/fsl/sub-103/ses-01/L1_sub-103_ses-01_task-mid_model-1_type-act_run-2_space-mni_single-echo_cnfds-tedana_unsmoothed_FIR.feat,103,1,mid,2,single-echo,tedana,mni,NAcc,mid_feedback_extra,Positive-Negative,6.0,37.988131966359596,83.74854850769043,1.615,227.92879179815756,251.7852191257477,23.85642732759009,2.7852461056369746,37.997782893225136,4.0,11.140984422547898,-5.592021977569297
/home/tug87422/scratch/smithlab-shared/night-owls/derivatives/fsl/sub-103/ses-01/L1_sub-103_ses-01_task-sharedreward_model-1_type-act_run-1_space-mni_multi-echo_cnfds-fmriprep_unsmoothed_FIR.feat,103,1,sharedreward,1,multi-echo,fmriprep,mni,NAcc,sr_decision_partner_extra,Computer-Stranger,6.0,29.19444625939563,100.56286691955,6.0,175.16667755637377,210.23532890949457,35.068651353120806,89.65331042875908,110.5008316040039,6.46,358.61324171503634,100.56286691955
/home/tug87422/scratch/smithlab-shared/night-owls/derivatives/fsl/sub-103/ses-01/L1_sub-103_ses-01_task-sharedreward_model-1_type-act_run-1_space-mni_multi-echo_cnfds-fmriprep_unsmoothed_FIR.feat,103,1,sharedreward,1,multi-echo,fmriprep,mni,NAcc,sr_outcome_primary,Reward-Neutral,6.0,-21.584758737751574,5.713485717773445,0.0,-129.50855242650945,4.613639717102057,134.1221921436115,2.018663791617387,117.30183920845535,8.0,8.074655166469547,-29.80242905749625
/home/tug87422/scratch/smithlab-shared/night-owls/derivatives/fsl/sub-103/ses-01/L1_sub-103_ses-01_task-sharedreward_model-1_type-act_run-1_space-mni_multi-echo_cnfds-fmriprep_unsmoothed_FIR.feat,103,1,sharedreward,1,multi-echo,fmriprep,mni,NAcc,sr_outcome_primary,Punish-Neutral,6.0,-48.607337055162,10.404850006103523,0.0,-291.644022330972,8.401916379928595,300.0459387109006,-19.271890371624515,104.59277969691044,8.0,-77.08756148649806,-45.986283883959885
/home/tug87422/scratch/smithlab-shared/night-owls/derivatives/fsl/sub-103/ses-01/L1_sub-103_ses-01_task-sharedreward_model-1_type-act_run-1_space-mni_multi-echo_cnfds-fmriprep_unsmoothed_FIR.feat,103,1,sharedreward,1,multi-echo,fmriprep,mni,NAcc,sr_outcome_primary,Reward-Punish,6.0,27.022578317410435,44.157798767089844,4.845,162.1354699044626,165.92374656728916,3.788276662826538,21.290554163241904,44.157798767089844,4.845,85.16221665296762,16.18385482646363
/home/tug87422/scratch/smithlab-shared/night-owls/derivatives/fsl/sub-103/ses-01/L1_sub-103_ses-01_task-sharedreward_model-1_type-act_run-1_space-mni_multi-echo_cnfds-tedana_unsmoothed_FIR.feat,103,1,sharedreward,1,multi-echo,tedana,mni,NAcc,sr_decision_partner_extra,Computer-Stranger,6.0,42.59359527345905,105.16539400649883,6.0,255.5615716407543,259.27951580026206,3.7179441595077516,86.98700746888993,115.16197204589844,6.46,347.9480298755597,105.16539400649883
/home/tug87422/scratch/smithlab-shared/night-owls/derivatives/fsl/sub-103/ses-01/L1_sub-103_ses-01_task-sharedreward_model-1_type-act_run-1_space-mni_multi-echo_cnfds-tedana_unsmoothed_FIR.feat,103,1,sharedreward,1,multi-echo,tedana,mni,NAcc,sr_outcome_primary,Reward-Neutral,6.0,-0.48166311069892465,9.241170883178711,1.615,-2.889978664193548,28.019809449613096,30.909788113806645,3.1512239287817883,31.330425306739468,8.0,12.604895715127153,-2.9735180969946895
/home/tug87422/scratch/smithlab-shared/night-owls/derivatives/fsl/sub-103/ses-01/L1_sub-103_ses-01_task-sharedreward_model-1_type-act_run-1_space-mni_multi-echo_cnfds-tedana_unsmoothed_FIR.feat,103,1,sharedreward,1,multi-echo,tedana,mni,NAcc,sr_outcome_primary,Punish-Neutral,6.0,-31.50479885450842,18.221370697021484,0.0,-189.0287931270505,17.154325410425663,206.18311853747616,-49.20969272565097,-15.843318827012002,8.0,-196.83877090260387,-48.42628047340794
/home/tug87422/scratch/smithlab-shared/night-owls/derivatives/fsl/sub-103/ses-01/L1_sub-103_ses-01_task-sharedreward_model-1_type-act_run-1_space-mni_multi-echo_cnfds-tedana_unsmoothed_FIR.feat,103,1,sharedreward,1,multi-echo,tedana,mni,NAcc,sr_outcome_primary,Reward-Punish,6.0,31.0231357438095,88.9015908241272,4.845,186.138814462857,218.39997564239954,32.26116117954254,52.360916654432756,88.9015908241272,4.845,209.44366661773103,45.452762376413254
/home/tug87422/scratch/smithlab-shared/night-owls/derivatives/fsl/sub-103/ses-01/L1_sub-103_ses-01_task-sharedreward_model-1_type-act_run-1_space-mni_single-echo_cnfds-fmriprep_unsmoothed_FIR.feat,103,1,sharedreward,1,single-echo,fmriprep,mni,NAcc,sr_decision_partner_extra,Computer-Stranger,6.0,27.04951246225889,63.867332458496094,3.23,162.29707477355333,162.29707477355333,0.0,23.617022426609562,40.83740006142725,4.0,94.46808970643825,22.40962050426117
/home/tug87422/scratch/smithlab-shared/night-owls/derivatives/fsl/sub-103/ses-01/L1_sub-103_ses-01_task-sharedreward_model-1_type-act_run-1_space-mni_single-echo_cnfds-fmriprep_unsmoothed_FIR.feat,103,1,sharedreward,1,single-echo,fmriprep,mni,NAcc,sr_outcome_primary,Reward-Neutral,6.0,-7.651045619415425,27.957185745239258,4.845,-45.90627371649255,73.98110371251593,119.88737742900847,16.132813113274594,40.59542596303274,8.0,64.53125245309838,12.175891911651327
/home/tug87422/scratch/smithlab-shared/night-owls/derivatives/fsl/sub-103/ses-01/L1_sub-103_ses-01_task-sharedreward_model-1_type-act_run-1_space-mni_single-echo_cnfds-fmriprep_unsmoothed_FIR.feat,103,1,sharedreward,1,single-echo,fmriprep,mni,NAcc,sr_outcome_primary,Punish-Neutral,6.0,-33.88176399371695,26.66331672668457,0.0,-203.2905839623017,21.53062825679779,224.8212122190995,-14.907437805660733,14.745956113833044,8.0,-59.62975122264293,-16.167717357907133
/home/tug87422/scratch/smithlab-shared/night-owls/derivatives/fsl/sub-103/ses-01/L1_sub-103_ses-01_task-sharedreward_model-1_type-act_run-1_space-mni_single-echo_cnfds-fmriprep_unsmoothed_FIR.feat,103,1,sharedreward,1,single-echo,fmriprep,mni,NAcc,sr_outcome_primary,Reward-Punish,6.0,26.230718374301528,59.88934898376465,1.615,157.38431024580916,186.12370666533434,28.739396419525143,31.040250918935328,52.73211097717285,4.845,124.16100367574131,28.343609269558456
/home/tug87422/scratch/smithlab-shared/night-owls/derivatives/fsl/sub-103/ses-01/L1_sub-103_ses-01_task-sharedreward_model-1_type-act_run-1_space-mni_single-echo_cnfds-tedana_unsmoothed_FIR.feat,103,1,sharedreward,1,single-echo,tedana,mni,NAcc,sr_decision_partner_extra,Computer-Stranger,6.0,22.7306528839878,55.234445571899414,3.23,136.3839173039268,142.82039407337413,6.43647676944733,23.57941642907751,44.16918588644211,4.0,94.31766571631005,14.711500392240636
/home/tug87422/scratch/smithlab-shared/night-owls/derivatives/fsl/sub-103/ses-01/L1_sub-103_ses-01_task-sharedreward_model-1_type-act_run-1_space-mni_single-echo_cnfds-tedana_unsmoothed_FIR.feat,103,1,sharedreward,1,single-echo,tedana,mni,NAcc,sr_outcome_primary,Reward-Neutral,6.0,-16.857198452890472,15.707258224487305,1.615,-101.14319071734283,25.367222032546998,126.51041274988984,-20.667622717148376,-7.327340126037598,4.845,-82.6704908685935,-22.831125717044987
/home/tug87422/scratch/smithlab-shared/night-owls/derivatives/fsl/sub-103/ses-01/L1_sub-103_ses-01_task-sharedreward_model-1_type-act_run-1_space-mni_single-echo_cnfds-tedana_unsmoothed_FIR.feat,103,1,sharedreward,1,single-echo,tedana,mni,NAcc,sr_outcome_primary,Punish-Neutral,6.0,-24.135825768010566,15.246208190917969,0.0,-144.8149546080634,12.311313114166259,157.12626772222967,-48.490607570655214,-33.03392344731665,4.0,-193.96243028262086,-47.14204028516362
/home/tug87422/scratch/smithlab-shared/night-owls/derivatives/fsl/sub-103/ses-01/L1_sub-103_ses-01_task-sharedreward_model-1_type-act_run-1_space-mni_single-echo_cnfds-tedana_unsmoothed_FIR.feat,103,1,sharedreward,1,single-echo,tedana,mni,NAcc,sr_outcome_primary,Reward-Punish,6.0,7.278627315120093,51.39302635192871,4.845,43.671763890720555,143.61199088666552,99.94022699594497,27.82298485350683,51.39302635192871,4.845,111.29193941402733,24.310914568118633
/home/tug87422/scratch/smithlab-shared/night-owls/derivatives/fsl/sub-103/ses-01/L1_sub-103_ses-01_task-sharedreward_model-1_type-act_run-2_space-mni_multi-echo_cnfds-fmriprep_unsmoothed_FIR.feat,103,1,sharedreward,2,multi-echo,fmriprep,mni,NAcc,sr_decision_partner_extra,Computer-Stranger,6.0,53.288694760687996,82.86281204223633,0.0,319.73216856412796,319.73216856412796,0.0,71.37726294913804,73.78469753265381,4.845,285.50905179655217,73.71549336902866
/home/tug87422/scratch/smithlab-shared/night-owls/derivatives/fsl/sub-103/ses-01/L1_sub-103_ses-01_task-sharedreward_model-1_type-act_run-2_space-mni_multi-echo_cnfds-fmriprep_unsmoothed_FIR.feat,103,1,sharedreward,2,multi-echo,fmriprep,mni,NAcc,sr_outcome_primary,Reward-Neutral,6.0,71.07535438092778,158.9626350402832,0.0,426.45212628556664,426.45212628556664,0.0,22.899905397648872,99.50127410888672,4.845,91.59962159059549,10.534923977896145
/home/tug87422/scratch/smithlab-shared/night-owls/derivatives/fsl/sub-103/ses-01/L1_sub-103_ses-01_task-sharedreward_model-1_type-act_run-2_space-mni_multi-echo_cnfds-fmriprep_unsmoothed_FIR.feat,103,1,sharedreward,2,multi-echo,fmriprep,mni,NAcc,sr_outcome_primary,Punish-Neutral,6.0,80.18854921845615,198.60112857818604,1.615,481.13129531073685,529.5569234387885,48.425628128051756,47.293018752397856,108.01311111450195,4.845,189.17207500959142,34.026903225541474
/home/tug87422/scratch/smithlab-shared/night-owls/derivatives/fsl/sub-103/ses-01/L1_sub-103_ses-01_task-sharedreward_model-1_type-act_run-2_space-mni_multi-echo_cnfds-fmriprep_unsmoothed_FIR.feat,103,1,sharedreward,2,multi-echo,fmriprep,mni,NAcc,sr_outcome_primary,Reward-Punish,6.0,-9.113194837528367,109.9627523422241,0.0,-54.6791690251702,141.48494439363478,196.164113418805,-24.39311335474899,13.0119807830905,4.0,-97.57245341899596,-23.49197924764533
/home/tug87422/scratch/smithlab-shared/night-owls/derivatives/fsl/sub-103/ses-01/L1_sub-103_ses-01_task-sharedreward_model-1_type-act_run-2_space-mni_multi-echo_cnfds-tedana_unsmoothed_FIR.feat,103,1,sharedreward,2,multi-echo,tedana,mni,NAcc,sr_decision_partner_extra,Computer-Stranger,6.0,57.24749079776253,87.11899757385254,4.845,343.48494478657517,343.48494478657517,0.0,40.68663511155928,87.11899757385254,4.845,162.74654044623713,36.36159690762452
/home/tug87422/scratch/smithlab-shared/night-owls/derivatives/fsl/sub-103/ses-01/L1_sub-103_ses-01_task-sharedreward_model-1_type-act_run-2_space-mni_multi-echo_cnfds-tedana_unsmoothed_FIR.feat,103,1,sharedreward,2,multi-echo,tedana,mni,NAcc,sr_outcome_primary,Reward-Neutral,6.0,39.53942232500012,94.33035802841187,4.845,237.2365339500007,261.3361968547401,24.099662904739375,18.946927298399217,94.33035802841187,4.845,75.78770919359687,18.082509797423988
/home/tug87422/scratch/smithlab-shared/night-owls/derivatives/fsl/sub-103/ses-01/L1_sub-103_ses-01_task-sharedreward_model-1_type-act_run-2_space-mni_multi-echo_cnfds-tedana_unsmoothed_FIR.feat,103,1,sharedreward,2,multi-echo,tedana,mni,NAcc,sr_outcome_primary,Punish-Neutral,6.0,27.311458492234767,94.14164209365845,4.845,163.8687509534086,240.99501985046516,77.12626889705658,28.499461008703385,94.14164209365845,4.845,113.99784403481354,3.942764863879316
/home/tug87422/scratch/smithlab-shared/night-owls/derivatives/fsl/sub-103/ses-01/L1_sub-103_ses-01_task-sharedreward_model-1_type-act_run-2_space-mni_multi-echo_cnfds-tedana_unsmoothed_FIR.feat,103,1,sharedreward,2,multi-echo,tedana,mni,NAcc,sr_outcome_primary,Reward-Punish,6.0,12.227963832765354,32.83381175994873,3.23,73.36778299659213,86.66255289405308,13.294769897460938,-9.55253371030416,19.695998907089233,6.46,-38.21013484121664,14.139744933544668
/home/tug87422/scratch/smithlab-shared/night-owls/derivatives/fsl/sub-103/ses-01/L1_sub-103_ses-01_task-sharedreward_model-1_type-act_run-2_space-mni_single-echo_cnfds-fmriprep_unsmoothed_FIR.feat,103,1,sharedreward,2,single-echo,fmriprep,mni,NAcc,sr_decision_partner_extra,Computer-Stranger,6.0,30.679076452119926,37.4677284317489,6.0,184.07445871271955,184.07445871271955,0.0,39.98727218133562,70.94347795244342,8.0,159.94908872534248,37.4677284317489
/home/tug87422/scratch/smithlab-shared/night-owls/derivatives/fsl/sub-103/ses-01/L1_sub-103_ses-01_task-sharedreward_model-1_type-act_run-2_space-mni_single-echo_cnfds-fmriprep_unsmoothed_FIR.feat,103,1,sharedreward,2,single-echo,fmriprep,mni,NAcc,sr_outcome_primary,Reward-Neutral,6.0,61.53823505171682,121.23401308059692,1.615,369.2294103103009,369.2294103103009,0.0,14.08081128352751,27.7566602813201,4.0,56.32324513411004,17.949638602903384
/home/tug87422/scratch/smithlab-shared/night-owls/derivatives/fsl/sub-103/ses-01/L1_sub-103_ses-01_task-sharedreward_model-1_type-act_run-2_space-mni_single-echo_cnfds-fmriprep_unsmoothed_FIR.feat,103,1,sharedreward,2,single-echo,fmriprep,mni,NAcc,sr_outcome_primary,Punish-Neutral,6.0,60.48433083230068,196.5565643310547,1.615,362.90598499380405,378.2817775078898,15.37579251408577,21.182018799952495,47.39111705461154,8.0,84.72807519980998,23.725675066189133
/home/tug87422/scratch/smithlab-shared/night-owls/derivatives/fsl/sub-103/ses-01/L1_sub-103_ses-01_task-sharedreward_model-1_type-act_run-2_space-mni_single-echo_cnfds-fmriprep_unsmoothed_FIR.feat,103,1,sharedreward,2,single-echo,fmriprep,mni,NAcc,sr_outcome_primary,Reward-Punish,6.0,1.0539042194161492,82.86654090881348,0.0,6.323425316496895,131.30500664353372,124.9815813270368,-7.101207516424985,27.79517960548401,4.845,-28.40483006569994,-5.77603646328575
/home/tug87422/scratch/smithlab-shared/night-owls/derivatives/fsl/sub-103/ses-01/L1_sub-103_ses-01_task-sharedreward_model-1_type-act_run-2_space-mni_single-echo_cnfds-tedana_unsmoothed_FIR.feat,103,1,sharedreward,2,single-echo,tedana,mni,NAcc,sr_decision_partner_extra,Computer-Stranger,6.0,37.323848605082134,67.72034549713135,4.845,223.9430916304928,245.86465016559183,21.92155853509903,49.47880778257138,67.72034549713135,4.845,197.91523113028552,55.55692896828194
/home/tug87422/scratch/smithlab-shared/night-owls/derivatives/fsl/sub-103/ses-01/L1_sub-103_ses-01_task-sharedreward_model-1_type-act_run-2_space-mni_single-echo_cnfds-tedana_unsmoothed_FIR.feat,103,1,sharedreward,2,single-echo,tedana,mni,NAcc,sr_outcome_primary,Reward-Neutral,6.0,7.397988418605874,31.66612434387207,0.0,44.38793051163525,45.41745374247432,1.0295232308390712,-5.793623318414757,4.841429044587693,4.0,-23.174493273659028,-1.7827242092451443
/home/tug87422/scratch/smithlab-shared/night-owls/derivatives/fsl/sub-103/ses-01/L1_sub-103_ses-01_task-sharedreward_model-1_type-act_run-2_space-mni_single-echo_cnfds-tedana_unsmoothed_FIR.feat,103,1,sharedreward,2,single-echo,tedana,mni,NAcc,sr_outcome_primary,Punish-Neutral,6.0,-7.7989614690525,35.89970588684082,0.0,-46.793768814315,73.03314707636832,119.82691589068332,-23.246291601955885,8.826331236045071,8.0,-92.98516640782354,-27.90528706057522
/home/tug87422/scratch/smithlab-shared/night-owls/derivatives/fsl/sub-103/ses-01/L1_sub-103_ses-01_task-sharedreward_model-1_type-act_run-2_space-mni_single-echo_cnfds-tedana_unsmoothed_FIR.feat,103,1,sharedreward,2,single-echo,tedana,mni,NAcc,sr_outcome_primary,Reward-Punish,6.0,15.196949887658375,42.28244113922119,4.845,91.18169932595025,133.47128316706548,42.28958384111523,17.45266828354113,42.28244113922119,4.845,69.81067313416452,26.122562851330073
/home/tug87422/scratch/smithlab-shared/night-owls/derivatives/fsl/sub-103/ses-02/L1_sub-103_ses-02_task-mid_model-1_type-act_run-1_space-mni_multi-echo_cnfds-fmriprep_unsmoothed_FIR.feat,103,2,mid,1,multi-echo,fmriprep,mni,NAcc,mid_anticipation_primary,Reward-Neutral,5.0,-3.94835483428716,14.108277797698975,0.0,-19.7417741714358,11.392434321641922,31.134208493077722,6.405841690399237,21.16522585718256,8.0,25.623366761596948,6.443039653471009
/home/tug87422/scratch/smithlab-shared/night-owls/derivatives/fsl/sub-103/ses-02/L1_sub-103_ses-02_task-mid_model-1_type-act_run-1_space-mni_multi-echo_cnfds-fmriprep_unsmoothed_FIR.feat,103,2,mid,1,multi-echo,fmriprep,mni,NAcc,mid_feedback_extra,Positive-Negative,6.0,-8.772243673432351,28.2598614692688,4.845,-52.633462040594104,58.190052559205995,110.8235145998001,19.321878192424773,28.2598614692688,4.845,77.28751276969909,16.65030980183982
/home/tug87422/scratch/smithlab-shared/night-owls/derivatives/fsl/sub-103/ses-02/L1_sub-103_ses-02_task-mid_model-1_type-act_run-1_space-mni_multi-echo_cnfds-tedana_unsmoothed_FIR.feat,103,2,mid,1,multi-echo,tedana,mni,NAcc,mid_anticipation_primary,Reward-Neutral,5.0,-6.118535368218878,6.706380724906921,0.0,-30.59267684109439,9.526475105211832,40.119151946306225,7.181408148737102,18.296952760994625,8.0,28.725632594948408,7.306983250582551
/home/tug87422/scratch/smithlab-shared/night-owls/derivatives/fsl/sub-103/ses-02/L1_sub-103_ses-02_task-mid_model-1_type-act_run-1_space-mni_multi-echo_cnfds-tedana_unsmoothed_FIR.feat,103,2,mid,1,multi-echo,tedana,mni,NAcc,mid_feedback_extra,Positive-Negative,6.0,-3.814203216126581,31.121451377868652,4.845,-22.885219296759487,74.1812453324138,97.06646462917328,26.794387736593606,31.121451377868652,4.845,107.17755094637442,26.24278922420537
/home/tug87422/scratch/smithlab-shared/night-owls/derivatives/fsl/sub-103/ses-02/L1_sub-103_ses-02_task-mid_model-1_type-act_run-1_space-mni_single-echo_cnfds-fmriprep_unsmoothed_FIR.feat,103,2,mid,1,single-echo,fmriprep,mni,NAcc,mid_anticipation_primary,Reward-Neutral,5.0,8.264641940844133,27.824869990348816,4.845,41.323209704220666,43.202308138668904,1.8790984344482422,25.078685291599104,30.02514680620318,8.0,100.31474116639642,23.971854187755763
/home/tug87422/scratch/smithlab-shared/night-owls/derivatives/fsl/sub-103/ses-02/L1_sub-103_ses-02_task-mid_model-1_type-act_run-1_space-mni_single-echo_cnfds-fmriprep_unsmoothed_FIR.feat,103,2,mid,1,single-echo,fmriprep,mni,NAcc,mid_feedback_extra,Positive-Negative,6.0,-7.070541629001454,28.978829860687256,4.845,-42.423249774008724,83.40622075554757,125.82947052955627,22.634640119869275,32.963377530360745,8.0,90.5385604794771,17.285448033005093
/home/tug87422/scratch/smithlab-shared/night-owls/derivatives/fsl/sub-103/ses-02/L1_sub-103_ses-02_task-mid_model-1_type-act_run-1_space-mni_single-echo_cnfds-tedana_unsmoothed_FIR.feat,103,2,mid,1,single-echo,tedana,mni,NAcc,mid_anticipation_primary,Reward-Neutral,5.0,9.15160355875745,31.30164349079132,4.845,45.75801779378725,50.02932542909456,4.271307635307312,22.771650024490555,31.30164349079132,4.845,91.08660009796222,20.445326642724382
/home/tug87422/scratch/smithlab-shared/night-owls/derivatives/fsl/sub-103/ses-02/L1_sub-103_ses-02_task-mid_model-1_type-act_run-1_space-mni_single-echo_cnfds-tedana_unsmoothed_FIR.feat,103,2,mid,1,single-echo,tedana,mni,NAcc,mid_feedback_extra,Positive-Negative,6.0,-0.04754991522883619,39.513054847717285,4.845,-0.28529949137301713,113.96377843430906,114.24907792568207,32.26891691273488,39.513054847717285,4.845,129.07566765093952,29.3017370678692
/home/tug87422/scratch/smithlab-shared/night-owls/derivatives/fsl/sub-103/ses-02/L1_sub-103_ses-02_task-mid_model-1_type-act_run-2_space-mni_multi-echo_cnfds-fmriprep_unsmoothed_FIR.feat,103,2,mid,2,multi-echo,fmriprep,mni,NAcc,mid_anticipation_primary,Reward-Neutral,5.0,13.13685500236414,55.15810275594517,5.0,65.6842750118207,130.14461613039484,64.46034111857415,71.52793564980614,105.15166664123535,6.46,286.11174259922456,89.40026980066447
/home/tug87422/scratch/smithlab-shared/night-owls/derivatives/fsl/sub-103/ses-02/L1_sub-103_ses-02_task-mid_model-1_type-act_run-2_space-mni_multi-echo_cnfds-fmriprep_unsmoothed_FIR.feat,103,2,mid,2,multi-echo,fmriprep,mni,NAcc,mid_feedback_extra,Positive-Negative,6.0,16.358096782786134,44.3118782043457,0.0,98.1485806967168,111.75048654727638,13.60190585055957,-15.205924446014315,11.104252252969948,4.0,-60.82369778405726,-23.55308372391267
/home/tug87422/scratch/smithlab-shared/night-owls/derivatives/fsl/sub-103/ses-02/L1_sub-103_ses-02_task-mid_model-1_type-act_run-2_space-mni_multi-echo_cnfds-tedana_unsmoothed_FIR.feat,103,2,mid,2,multi-echo,tedana,mni,NAcc,mid_anticipation_primary,Reward-Neutral,5.0,2.498042629986171,42.867082595825195,3.23,12.490213149930856,91.65722500845375,79.1670118585229,43.080395849928394,75.73340034484863,6.46,172.32158339971357,60.68268788931171
/home/tug87422/scratch/smithlab-shared/night-owls/derivatives/fsl/sub-103/ses-02/L1_sub-103_ses-02_task-mid_model-1_type-act_run-2_space-mni_multi-echo_cnfds-tedana_unsmoothed_FIR.feat,103,2,mid,2,multi-echo,tedana,mni,NAcc,mid_feedback_extra,Positive-Negative,6.0,25.608851437016597,40.54763984680176,0.0,153.65310862209958,153.65310862209958,0.0,8.484226003195573,21.1252376147468,4.0,33.93690401278229,1.2993531345213887
/home/tug87422/scratch/smithlab-shared/night-owls/derivatives/fsl/sub-103/ses-02/L1_sub-103_ses-02_task-mid_model-1_type-act_run-2_space-mni_single-echo_cnfds-fmriprep_unsmoothed_FIR.feat,103,2,mid,2,single-echo,fmriprep,mni,NAcc,mid_anticipation_primary,Reward-Neutral,5.0,0.6543050278109658,49.1828498840332,3.23,3.271525139054829,95.45565262719113,92.1841274881363,40.1864448136774,67.22078895568848,6.46,160.7457792547096,48.36657636305865
/home/tug87422/scratch/smithlab-shared/night-owls/derivatives/fsl/sub-103/ses-02/L1_sub-103_ses-02_task-mid_model-1_type-act_run-2_space-mni_single-echo_cnfds-fmriprep_unsmoothed_FIR.feat,103,2,mid,2,single-echo,fmriprep,mni,NAcc,mid_feedback_extra,Positive-Negative,6.0,0.5274301025028443,37.071834564208984,1.615,3.1645806150170657,79.83603477954864,76.67145416453158,-30.72429404811501,-14.167915211373423,8.0,-122.89717619246004,-41.44658740902833
/home/tug87422/scratch/smithlab-shared/night-owls/derivatives/fsl/sub-103/ses-02/L1_sub-103_ses-02_task-mid_model-1_type-act_run-2_space-mni_single-echo_cnfds-tedana_unsmoothed_FIR.feat,103,2,mid,2,single-echo,tedana,mni,NAcc,mid_anticipation_primary,Reward-Neutral,5.0,-18.789955909055404,31.466345787048336,3.23,-93.94977954527702,51.43532636642455,145.3851059117016,5.998263622486888,27.292888909578323,6.46,23.993054489947554,11.343984435494102
/home/tug87422/scratch/smithlab-shared/night-owls/derivatives/fsl/sub-103/ses-02/L1_sub-103_ses-02_task-mid_model-1_type-act_run-2_space-mni_single-echo_cnfds-tedana_unsmoothed_FIR.feat,103,2,mid,2,single-echo,tedana,mni,NAcc,mid_feedback_extra,Positive-Negative,6.0,16.78011574044439,54.40452766418457,1.615,100.68069444266635,126.82256270408631,26.141868261419955,-8.387454102581867,25.000922707950384,8.0,-33.549816410327466,-21.172036858904104
/home/tug87422/scratch/smithlab-shared/night-owls/derivatives/fsl/sub-103/ses-02/L1_sub-103_ses-02_task-sharedreward_model-1_type-act_run-1_space-mni_multi-echo_cnfds-fmriprep_unsmoothed_FIR.feat,103,2,sharedreward,1,multi-echo,fmriprep,mni,NAcc,sr_decision_partner_extra,Computer-Stranger,6.0,13.917605602954993,62.04293382167816,1.615,83.50563361772996,134.09369272530077,50.588059107570835,-38.65074490317619,-4.202937465703156,4.0,-154.60297961270476,-55.4883990213967
/home/tug87422/scratch/smithlab-shared/night-owls/derivatives/fsl/sub-103/ses-02/L1_sub-103_ses-02_task-sharedreward_model-1_type-act_run-1_space-mni_multi-echo_cnfds-fmriprep_unsmoothed_FIR.feat,103,2,sharedreward,1,multi-echo,fmriprep,mni,NAcc,sr_outcome_primary,Reward-Neutral,6.0,-29.234603879680567,27.430562004585386,6.0,-175.4076232780834,38.5961795697788,214.00380284786223,11.959867008182655,31.81188774108887,6.46,47.83946803273062,27.430562004585386
/home/tug87422/scratch/smithlab-shared/night-owls/derivatives/fsl/sub-103/ses-02/L1_sub-103_ses-02_task-sharedreward_model-1_type-act_run-1_space-mni_multi-echo_cnfds-fmriprep_unsmoothed_FIR.feat,103,2,sharedreward,1,multi-echo,fmriprep,mni,NAcc,sr_outcome_primary,Punish-Neutral,6.0,-49.901426981366455,-11.277105018450376,6.0,-299.40856188819873,0.0,299.40856188819873,-28.615316226945577,-7.701459884643551,6.46,-114.46126490778231,-11.277105018450376
/home/tug87422/scratch/smithlab-shared/night-owls/derivatives/fsl/sub-103/ses-02/L1_sub-103_ses-02_task-sharedreward_model-1_type-act_run-1_space-mni_multi-echo_cnfds-fmriprep_unsmoothed_FIR.feat,103,2,sharedreward,1,multi-echo,fmriprep,mni,NAcc,sr_outcome_primary,Reward-Punish,6.0,20.666823101685882,42.172197341918945,1.615,124.0009386101153,141.27009715703986,17.269158546924583,40.575183235128236,61.95851274614365,8.0,162.30073294051294,38.70766702303576
/home/tug87422/scratch/smithlab-shared/night-owls/derivatives/fsl/sub-103/ses-02/L1_sub-103_ses-02_task-sharedreward_model-1_type-act_run-1_space-mni_multi-echo_cnfds-tedana_unsmoothed_FIR.feat,103,2,sharedreward,1,multi-echo,tedana,mni,NAcc,sr_decision_partner_extra,Computer-Stranger,6.0,14.228542162373094,53.562066078186035,1.615,85.37125297423856,130.76998966217042,45.39873668793186,-33.8848467760773,-0.5003947167204662,4.0,-135.5393871043092,-44.36076240421449
/home/tug87422/scratch/smithlab-shared/night-owls/derivatives/fsl/sub-103/ses-02/L1_sub-103_ses-02_task-sharedreward_model-1_type-act_run-1_space-mni_multi-echo_cnfds-tedana_unsmoothed_FIR.feat,103,2,sharedreward,1,multi-echo,tedana,mni,NAcc,sr_outcome_primary,Reward-Neutral,6.0,-28.511877416462102,29.243699749925927,6.0,-171.07126449877262,44.683387200293524,215.75465169906613,12.38062975994204,32.89781188964844,6.46,49.52251903976816,29.243699749925927
/home/tug87422/scratch/smithlab-shared/night-owls/derivatives/fsl/sub-103/ses-02/L1_sub-103_ses-02_task-sharedreward_model-1_type-act_run-1_space-mni_multi-echo_cnfds-tedana_unsmoothed_FIR.feat,103,2,sharedreward,1,multi-echo,tedana,mni,NAcc,sr_outcome_primary,Punish-Neutral,6.0,-46.13863995799493,-5.705391567927027,6.0,-276.8318397479696,0.0,276.8318397479696,-26.037026578601306,-4.520168304443359,6.46,-104.14810631440523,-5.705391567927027
/home/tug87422/scratch/smithlab-shared/night-owls/derivatives/fsl/sub-103/ses-02/L1_sub-103_ses-02_task-sharedreward_model-1_type-act_run-1_space-mni_multi-echo_cnfds-tedana_unsmoothed_FIR.feat,103,2,sharedreward,1,multi-echo,tedana,mni,NAcc,sr_outcome_primary,Reward-Punish,6.0,17.626762541532827,34.949091317852954,6.0,105.76057524919696,118.62662741601653,12.866052166819573,38.41765633854335,68.56534492563539,8.0,153.6706253541734,34.949091317852954
/home/tug87422/scratch/smithlab-shared/night-owls/derivatives/fsl/sub-103/ses-02/L1_sub-103_ses-02_task-sharedreward_model-1_type-act_run-1_space-mni_single-echo_cnfds-fmriprep_unsmoothed_FIR.feat,103,2,sharedreward,1,single-echo,fmriprep,mni,NAcc,sr_decision_partner_extra,Computer-Stranger,6.0,21.71756302391658,73.9262466430664,1.615,130.30537814349947,180.51382740974424,50.20844926624477,-31.988007136254858,0.6086846638021055,4.0,-127.95202854501943,-50.749277994728686
/home/tug87422/scratch/smithlab-shared/night-owls/derivatives/fsl/sub-103/ses-02/L1_sub-103_ses-02_task-sharedreward_model-1_type-act_run-1_space-mni_single-echo_cnfds-fmriprep_unsmoothed_FIR.feat,103,2,sharedreward,1,single-echo,fmriprep,mni,NAcc,sr_outcome_primary,Reward-Neutral,6.0,-42.01870943444186,13.583101272583008,4.845,-252.11225660665116,23.864934894012592,275.97719150066376,-7.407020164460594,13.583101272583008,4.845,-29.628080657842375,8.7486400545197
/home/tug87422/scratch/smithlab-shared/night-owls/derivatives/fsl/sub-103/ses-02/L1_sub-103_ses-02_task-sharedreward_model-1_type-act_run-1_space-mni_single-echo_cnfds-fmriprep_unsmoothed_FIR.feat,103,2,sharedreward,1,single-echo,fmriprep,mni,NAcc,sr_outcome_primary,Punish-Neutral,6.0,-54.96584775056386,-22.457075119018555,4.845,-329.7950865033832,0.0,329.7950865033832,-31.665598359410147,-22.457075119018555,4.845,-126.66239343764059,-24.557253856777038
/home/tug87422/scratch/smithlab-shared/night-owls/derivatives/fsl/sub-103/ses-02/L1_sub-103_ses-02_task-sharedreward_model-1_type-act_run-1_space-mni_single-echo_cnfds-fmriprep_unsmoothed_FIR.feat,103,2,sharedreward,1,single-echo,fmriprep,mni,NAcc,sr_outcome_primary,Reward-Punish,6.0,12.947138316122002,36.04017639160156,4.845,77.68282989673202,82.5885166125733,4.905686715841293,24.258578194949553,36.04017639160156,4.845,97.03431277979821,33.305893911296735
/home/tug87422/scratch/smithlab-shared/night-owls/derivatives/fsl/sub-103/ses-02/L1_sub-103_ses-02_task-sharedreward_model-1_type-act_run-1_space-mni_single-echo_cnfds-tedana_unsmoothed_FIR.feat,103,2,sharedreward,1,single-echo,tedana,mni,NAcc,sr_decision_partner_extra,Computer-Stranger,6.0,16.379979955208924,65.91871547698975,1.615,98.27987973125354,164.05062790870664,65.7707481774531,-34.21477203474879,-6.933026892481947,4.0,-136.85908813899516,-47.44043520877236
/home/tug87422/scratch/smithlab-shared/night-owls/derivatives/fsl/sub-103/ses-02/L1_sub-103_ses-02_task-sharedreward_model-1_type-act_run-1_space-mni_single-echo_cnfds-tedana_unsmoothed_FIR.feat,103,2,sharedreward,1,single-echo,tedana,mni,NAcc,sr_outcome_primary,Reward-Neutral,6.0,-45.834898846769484,9.430534362792969,4.845,-275.0093930806169,14.90332183465869,289.91271491527556,-9.20008957237836,9.430534362792969,4.845,-36.80035828951344,3.1896653544423
/home/tug87422/scratch/smithlab-shared/night-owls/derivatives/fsl/sub-103/ses-02/L1_sub-103_ses-02_task-sharedreward_model-1_type-act_run-1_space-mni_single-echo_cnfds-tedana_unsmoothed_FIR.feat,103,2,sharedreward,1,single-echo,tedana,mni,NAcc,sr_outcome_primary,Punish-Neutral,6.0,-55.55594428811279,-20.17303156852722,4.845,-333.33566572867676,0.0,333.33566572867676,-34.080390790580964,-20.17303156852722,4.845,-136.32156316232386,-31.344790418819745
/home/tug87422/scratch/smithlab-shared/night-owls/derivatives/fsl/sub-103/ses-02/L1_sub-103_ses-02_task-sharedreward_model-1_type-act_run-1_space-mni_single-echo_cnfds-tedana_unsmoothed_FIR.feat,103,2,sharedreward,1,single-echo,tedana,mni,NAcc,sr_outcome_primary,Reward-Punish,6.0,9.72104544134332,34.534455773262046,6.0,58.32627264805991,78.45400426694113,20.127731618881224,24.880301218202607,36.49827337265015,6.46,99.52120487281043,34.534455773262046
/home/tug87422/scratch/smithlab-shared/night-owls/derivatives/fsl/sub-103/ses-02/L1_sub-103_ses-02_task-sharedreward_model-1_type-act_run-2_space-mni_multi-echo_cnfds-fmriprep_unsmoothed_FIR.feat,103,2,sharedreward,2,multi-echo,fmriprep,mni,NAcc,sr_decision_partner_extra,Computer-Stranger,6.0,5.672472831764643,35.1205749651965,6.0,34.034836990587856,38.65689997410074,4.622062983512879,40.49020501150667,101.59839338045742,8.0,161.96082004602667,35.1205749651965
/home/tug87422/scratch/smithlab-shared/night-owls/derivatives/fsl/sub-103/ses-02/L1_sub-103_ses-02_task-sharedreward_model-1_type-act_run-2_space-mni_multi-echo_cnfds-fmriprep_unsmoothed_FIR.feat,103,2,sharedreward,2,multi-echo,fmriprep,mni,NAcc,sr_outcome_primary,Reward-Neutral,6.0,-28.22515548635378,26.817497730255127,0.0,-169.35093291812268,21.655129417181016,191.00606233530368,-42.46450467108573,-6.185704098397353,8.0,-169.8580186843429,-46.915113472717096
/home/tug87422/scratch/smithlab-shared/night-owls/derivatives/fsl/sub-103/ses-02/L1_sub-103_ses-02_task-sharedreward_model-1_type-act_run-2_space-mni_multi-echo_cnfds-fmriprep_unsmoothed_FIR.feat,103,2,sharedreward,2,multi-echo,fmriprep,mni,NAcc,sr_outcome_primary,Punish-Neutral,6.0,-41.94403933873486,13.32379150390625,0.0,-251.66423603240918,10.758961639404296,262.4231976718135,-81.51784718453331,-49.34146548055644,4.0,-326.07138873813324,-89.62592381220483
/home/tug87422/scratch/smithlab-shared/night-owls/derivatives/fsl/sub-103/ses-02/L1_sub-103_ses-02_task-sharedreward_model-1_type-act_run-2_space-mni_multi-echo_cnfds-fmriprep_unsmoothed_FIR.feat,103,2,sharedreward,2,multi-echo,fmriprep,mni,NAcc,sr_outcome_primary,Reward-Punish,6.0,13.718883852381088,42.71081033948774,6.0,82.31330311428653,111.90353415142641,29.59023103713989,39.05334251344758,55.71140479450994,8.0,156.21337005379033,42.71081033948774
/home/tug87422/scratch/smithlab-shared/night-owls/derivatives/fsl/sub-103/ses-02/L1_sub-103_ses-02_task-sharedreward_model-1_type-act_run-2_space-mni_multi-echo_cnfds-tedana_unsmoothed_FIR.feat,103,2,sharedreward,2,multi-echo,tedana,mni,NAcc,sr_decision_partner_extra,Computer-Stranger,6.0,15.201158697888085,49.94895695901877,6.0,91.20695218732851,91.20695218732851,0.0,52.66513615180557,100.7057890021026,8.0,210.66054460722228,49.94895695901877
/home/tug87422/scratch/smithlab-shared/night-owls/derivatives/fsl/sub-103/ses-02/L1_sub-103_ses-02_task-sharedreward_model-1_type-act_run-2_space-mni_multi-echo_cnfds-tedana_unsmoothed_FIR.feat,103,2,sharedreward,2,multi-echo,tedana,mni,NAcc,sr_outcome_primary,Reward-Neutral,6.0,-29.562452145007867,38.92776966094971,0.0,-177.3747128700472,31.43417400121689,208.8088868712641,-45.07784486479434,-1.657833920174691,8.0,-180.31137945917737,-52.373198405876984
/home/tug87422/scratch/smithlab-shared/night-owls/derivatives/fsl/sub-103/ses-02/L1_sub-103_ses-02_task-sharedreward_model-1_type-act_run-2_space-mni_multi-echo_cnfds-tedana_unsmoothed_FIR.feat,103,2,sharedreward,2,multi-echo,tedana,mni,NAcc,sr_outcome_primary,Punish-Neutral,6.0,-37.74371964277759,23.126967310905457,0.0,-226.46231785666555,20.12368622928858,246.58600408595413,-78.75605845651391,-47.426344833137826,4.0,-315.02423382605565,-88.42029629403224
/home/tug87422/scratch/smithlab-shared/night-owls/derivatives/fsl/sub-103/ses-02/L1_sub-103_ses-02_task-sharedreward_model-1_type-act_run-2_space-mni_multi-echo_cnfds-tedana_unsmoothed_FIR.feat,103,2,sharedreward,2,multi-echo,tedana,mni,NAcc,sr_outcome_primary,Reward-Punish,6.0,8.18126749776973,36.04709788815525,6.0,49.08760498661837,93.11318611759981,44.025581130981436,33.67821359171956,49.646126679222654,8.0,134.71285436687825,36.04709788815525
/home/tug87422/scratch/smithlab-shared/night-owls/derivatives/fsl/sub-103/ses-02/L1_sub-103_ses-02_task-sharedreward_model-1_type-act_run-2_space-mni_single-echo_cnfds-fmriprep_unsmoothed_FIR.feat,103,2,sharedreward,2,single-echo,fmriprep,mni,NAcc,sr_decision_partner_extra,Computer-Stranger,6.0,-0.15345133516564533,21.54814052581787,0.0,-0.9207080109938719,25.64227515856179,26.56298316955566,20.45220820445026,69.99713923097029,8.0,81.80883281780105,14.272124128075946
/home/tug87422/scratch/smithlab-shared/night-owls/derivatives/fsl/sub-103/ses-02/L1_sub-103_ses-02_task-sharedreward_model-1_type-act_run-2_space-mni_single-echo_cnfds-fmriprep_unsmoothed_FIR.feat,103,2,sharedreward,2,single-echo,fmriprep,mni,NAcc,sr_outcome_primary,Reward-Neutral,6.0,8.08327541797342,77.64336109161377,0.0,48.499652507840516,100.52527535401283,52.025622846172325,-14.07667681962713,0.9321577703989733,8.0,-56.30670727850852,-14.926832358534488
/home/tug87422/scratch/smithlab-shared/night-owls/derivatives/fsl/sub-103/ses-02/L1_sub-103_ses-02_task-sharedreward_model-1_type-act_run-2_space-mni_single-echo_cnfds-fmriprep_unsmoothed_FIR.feat,103,2,sharedreward,2,single-echo,fmriprep,mni,NAcc,sr_outcome_primary,Punish-Neutral,6.0,-21.064029817426167,49.52500343322754,0.0,-126.384178904557,81.3821654510498,207.7663443556068,-74.42489129965888,-26.28488478645819,8.0,-297.6995651986355,-84.10798610179417
/home/tug87422/scratch/smithlab-shared/night-owls/derivatives/fsl/sub-103/ses-02/L1_sub-103_ses-02_task-sharedreward_model-1_type-act_run-2_space-mni_single-echo_cnfds-fmriprep_unsmoothed_FIR.feat,103,2,sharedreward,2,single-echo,fmriprep,mni,NAcc,sr_outcome_primary,Reward-Punish,6.0,29.14730523539959,83.60188102722168,4.845,174.88383141239754,183.49823444364242,8.614403031244874,60.34821448003175,83.60188102722168,4.845,241.392857920127,69.18115374325967
/home/tug87422/scratch/smithlab-shared/night-owls/derivatives/fsl/sub-103/ses-02/L1_sub-103_ses-02_task-sharedreward_model-1_type-act_run-2_space-mni_single-echo_cnfds-tedana_unsmoothed_FIR.feat,103,2,sharedreward,2,single-echo,tedana,mni,NAcc,sr_decision_partner_extra,Computer-Stranger,6.0,13.375144048252588,35.19891075157898,6.0,80.25086428951553,80.25086428951553,0.0,38.4793207176551,72.40006442261924,8.0,153.9172828706204,35.19891075157898
/home/tug87422/scratch/smithlab-shared/night-owls/derivatives/fsl/sub-103/ses-02/L1_sub-103_ses-02_task-sharedreward_model-1_type-act_run-2_space-mni_single-echo_cnfds-tedana_unsmoothed_FIR.feat,103,2,sharedreward,2,single-echo,tedana,mni,NAcc,sr_outcome_primary,Reward-Neutral,6.0,13.214003205272311,90.64921569824219,0.0,79.28401923163386,127.93846453189849,48.654445300264626,-9.39087913174378,14.420075454948128,8.0,-37.56351652697512,-12.567673910513012
/home/tug87422/scratch/smithlab-shared/night-owls/derivatives/fsl/sub-103/ses-02/L1_sub-103_ses-02_task-sharedreward_model-1_type-act_run-2_space-mni_single-echo_cnfds-tedana_unsmoothed_FIR.feat,103,2,sharedreward,2,single-echo,tedana,mni,NAcc,sr_outcome_primary,Punish-Neutral,6.0,-5.5430361529271295,61.727999210357666,0.0,-33.25821691756278,145.98634435534478,179.24456127290756,-57.13331356436106,-5.361133941555888,8.0,-228.53325425744424,-67.29392034571976
/home/tug87422/scratch/smithlab-shared/night-owls/derivatives/fsl/sub-103/ses-02/L1_sub-103_ses-02_task-sharedreward_model-1_type-act_run-2_space-mni_single-echo_cnfds-tedana_unsmoothed_FIR.feat,103,2,sharedreward,2,single-echo,tedana,mni,NAcc,sr_outcome_primary,Reward-Punish,6.0,18.757039358199446,71.4698257446289,4.845,112.54223614919667,153.9439982866097,41.40176213741303,47.74243443261728,71.4698257446289,4.845,190.96973773046912,54.72624643520674
/home/tug87422/scratch/smithlab-shared/night-owls/derivatives/fsl/sub-103/ses-03/L1_sub-103_ses-03_task-mid_model-1_type-act_run-1_space-mni_multi-echo_cnfds-fmriprep_unsmoothed_FIR.feat,103,3,mid,1,multi-echo,fmriprep,mni,NAcc,mid_anticipation_primary,Reward-Neutral,5.0,10.30543486567612,41.3929181098938,3.23,51.527174328380596,78.828376365119,27.301202036738395,14.258436489594589,39.763994569195326,8.0,57.033745958378354,7.130917025977983
/home/tug87422/scratch/smithlab-shared/night-owls/derivatives/fsl/sub-103/ses-03/L1_sub-103_ses-03_task-mid_model-1_type-act_run-1_space-mni_multi-echo_cnfds-fmriprep_unsmoothed_FIR.feat,103,3,mid,1,multi-echo,fmriprep,mni,NAcc,mid_feedback_extra,Positive-Negative,6.0,20.543985310970843,45.09016799926758,4.845,123.26391186582507,134.92262455987392,11.65871269404888,19.158046200396985,45.09016799926758,4.845,76.63218480158794,7.407379035610158
/home/tug87422/scratch/smithlab-shared/night-owls/derivatives/fsl/sub-103/ses-03/L1_sub-103_ses-03_task-mid_model-1_type-act_run-1_space-mni_multi-echo_cnfds-tedana_unsmoothed_FIR.feat,103,3,mid,1,multi-echo,tedana,mni,NAcc,mid_anticipation_primary,Reward-Neutral,5.0,-11.770887116560258,7.855098724365231,3.23,-58.854435582801294,12.685984439849847,71.54042002265113,18.28295556939424,65.70429624197286,8.0,73.13182227757696,14.927191530587876
/home/tug87422/scratch/smithlab-shared/night-owls/derivatives/fsl/sub-103/ses-03/L1_sub-103_ses-03_task-mid_model-1_type-act_run-1_space-mni_multi-echo_cnfds-tedana_unsmoothed_FIR.feat,103,3,mid,1,multi-echo,tedana,mni,NAcc,mid_feedback_extra,Positive-Negative,6.0,3.7728121424316434,46.946285247802734,4.845,22.63687285458986,82.10778899228518,59.47091613769531,24.470664439700286,46.946285247802734,4.845,97.88265775880114,25.533339463889412
/home/tug87422/scratch/smithlab-shared/night-owls/derivatives/fsl/sub-103/ses-03/L1_sub-103_ses-03_task-mid_model-1_type-act_run-1_space-mni_single-echo_cnfds-fmriprep_unsmoothed_FIR.feat,103,3,mid,1,single-echo,fmriprep,mni,NAcc,mid_anticipation_primary,Reward-Neutral,5.0,0.6421185504633581,11.819280862808228,1.615,3.2105927523167903,22.235414958217934,19.024822205901145,4.352758700591127,36.48052172764169,8.0,17.411034802364508,-5.773591708841709
/home/tug87422/scratch/smithlab-shared/night-owls/derivatives/fsl/sub-103/ses-03/L1_sub-103_ses-03_task-mid_model-1_type-act_run-1_space-mni_single-echo_cnfds-fmriprep_unsmoothed_FIR.feat,103,3,mid,1,single-echo,fmriprep,mni,NAcc,mid_feedback_extra,Positive-Negative,6.0,19.402057328470843,66.13374900817871,4.845,116.41234397082506,157.72453016071495,41.31218618988991,37.60332448264948,66.13374900817871,4.845,150.4132979305979,35.62638561496794
/home/tug87422/scratch/smithlab-shared/night-owls/derivatives/fsl/sub-103/ses-03/L1_sub-103_ses-03_task-mid_model-1_type-act_run-1_space-mni_single-echo_cnfds-tedana_unsmoothed_FIR.feat,103,3,mid,1,single-echo,tedana,mni,NAcc,mid_anticipation_primary,Reward-Neutral,5.0,-1.0276386052329471,6.448972879179491,5.0,-5.1381930261647355,6.004453095814023,11.14264612197876,13.695857672307516,40.92273914703276,8.0,54.783430689230066,8.304208968076912
/home/tug87422/scratch/smithlab-shared/night-owls/derivatives/fsl/sub-103/ses-03/L1_sub-103_ses-03_task-mid_model-1_type-act_run-1_space-mni_single-echo_cnfds-tedana_unsmoothed_FIR.feat,103,3,mid,1,single-echo,tedana,mni,NAcc,mid_feedback_extra,Positive-Negative,6.0,6.398920681090918,52.351972579956055,4.845,38.39352408654551,98.02654497749666,59.63302089095116,32.00864249926971,52.351972579956055,4.845,128.03456999707885,44.18885360044592
/home/tug87422/scratch/smithlab-shared/night-owls/derivatives/fsl/sub-103/ses-03/L1_sub-103_ses-03_task-mid_model-1_type-act_run-2_space-mni_multi-echo_cnfds-fmriprep_unsmoothed_FIR.feat,103,3,mid,2,multi-echo,fmriprep,mni,NAcc,mid_anticipation_primary,Reward-Neutral,5.0,20.59829083032431,42.958970069885254,3.23,102.99145415162154,102.99145415162154,0.0,57.412581968248446,83.04715582608439,8.0,229.65032787299378,61.000442082667874
/home/tug87422/scratch/smithlab-shared/night-owls/derivatives/fsl/sub-103/ses-03/L1_sub-103_ses-03_task-mid_model-1_type-act_run-2_space-mni_multi-echo_cnfds-fmriprep_unsmoothed_FIR.feat,103,3,mid,2,multi-echo,fmriprep,mni,NAcc,mid_feedback_extra,Positive-Negative,6.0,-23.34567125270364,10.352747917175293,0.0,-140.07402751622183,9.78454307794571,149.85857059416756,-16.01801523309559,1.0286636352539062,4.845,-64.07206093238236,-13.585475053580554
/home/tug87422/scratch/smithlab-shared/night-owls/derivatives/fsl/sub-103/ses-03/L1_sub-103_ses-03_task-mid_model-1_type-act_run-2_space-mni_multi-echo_cnfds-tedana_unsmoothed_FIR.feat,103,3,mid,2,multi-echo,tedana,mni,NAcc,mid_anticipation_primary,Reward-Neutral,5.0,37.46812940379341,61.980751037597656,3.23,187.34064701896705,187.34064701896705,0.0,61.71736539303333,71.20122528076172,6.46,246.86946157213333,65.27642286082171
/home/tug87422/scratch/smithlab-shared/night-owls/derivatives/fsl/sub-103/ses-03/L1_sub-103_ses-03_task-mid_model-1_type-act_run-2_space-mni_multi-echo_cnfds-tedana_unsmoothed_FIR.feat,103,3,mid,2,multi-echo,tedana,mni,NAcc,mid_feedback_extra,Positive-Negative,6.0,-23.90562788410483,7.309055328369137,0.0,-143.433767304629,11.41961030989885,154.85337761452783,-14.46805416333717,3.9837892651557922,4.845,-57.87221665334868,-13.724777632822565
/home/tug87422/scratch/smithlab-shared/night-owls/derivatives/fsl/sub-103/ses-03/L1_sub-103_ses-03_task-mid_model-1_type-act_run-2_space-mni_single-echo_cnfds-fmriprep_unsmoothed_FIR.feat,103,3,mid,2,single-echo,fmriprep,mni,NAcc,mid_anticipation_primary,Reward-Neutral,5.0,8.040219334270192,32.25875425338745,3.23,40.20109667135096,52.09788811922073,11.896791447869765,17.654876966592703,66.42845228951046,8.0,70.61950786637081,7.986265172161185
/home/tug87422/scratch/smithlab-shared/night-owls/derivatives/fsl/sub-103/ses-03/L1_sub-103_ses-03_task-mid_model-1_type-act_run-2_space-mni_single-echo_cnfds-fmriprep_unsmoothed_FIR.feat,103,3,mid,2,single-echo,fmriprep,mni,NAcc,mid_feedback_extra,Positive-Negative,6.0,-15.920127846973385,34.76334095001221,3.23,-95.5207670818403,56.14279563426971,151.66356271611002,-28.7339304495792,10.563179228697026,4.0,-114.9357217983168,-41.339009631528945
/home/tug87422/scratch/smithlab-shared/night-owls/derivatives/fsl/sub-103/ses-03/L1_sub-103_ses-03_task-mid_model-1_type-act_run-2_space-mni_single-echo_cnfds-tedana_unsmoothed_FIR.feat,103,3,mid,2,single-echo,tedana,mni,NAcc,mid_anticipation_primary,Reward-Neutral,5.0,13.390847490602141,38.35263442993164,3.23,66.9542374530107,73.29336155176162,6.339124098750921,16.34818636392304,37.559559402820135,8.0,65.39274545569216,15.175816117056387
/home/tug87422/scratch/smithlab-shared/night-owls/derivatives/fsl/sub-103/ses-03/L1_sub-103_ses-03_task-mid_model-1_type-act_run-2_space-mni_single-echo_cnfds-tedana_unsmoothed_FIR.feat,103,3,mid,2,single-echo,tedana,mni,NAcc,mid_feedback_extra,Positive-Negative,6.0,-11.72689828533814,45.450037479400635,3.23,-70.36138971202884,73.40181052923202,143.76320024126085,-23.292599758638687,17.139443034358063,4.0,-93.17039903455475,-34.91382160422972
/home/tug87422/scratch/smithlab-shared/night-owls/derivatives/fsl/sub-103/ses-03/L1_sub-103_ses-03_task-sharedreward_model-1_type-act_run-1_space-mni_multi-echo_cnfds-fmriprep_unsmoothed_FIR.feat,103,3,sharedreward,1,multi-echo,fmriprep,mni,NAcc,sr_decision_partner_extra,Computer-Stranger,6.0,11.6564659947526,63.43205387599697,6.0,69.93879596851559,125.64059841297359,55.70180244445801,54.417513813033196,71.3919677734375,6.46,217.67005525213278,63.43205387599697
/home/tug87422/scratch/smithlab-shared/night-owls/derivatives/fsl/sub-103/ses-03/L1_sub-103_ses-03_task-sharedreward_model-1_type-act_run-1_space-mni_multi-echo_cnfds-fmriprep_unsmoothed_FIR.feat,103,3,sharedreward,1,multi-echo,fmriprep,mni,NAcc,sr_outcome_primary,Reward-Neutral,6.0,-23.368816813456487,48.66211990435426,6.0,-140.2129008807389,74.22868937118366,214.4415902519226,20.63487946402789,72.59099036455154,6.46,82.53951785611156,48.66211990435426
/home/tug87422/scratch/smithlab-shared/night-owls/derivatives/fsl/sub-103/ses-03/L1_sub-103_ses-03_task-sharedreward_model-1_type-act_run-1_space-mni_multi-echo_cnfds-fmriprep_unsmoothed_FIR.feat,103,3,sharedreward,1,multi-echo,fmriprep,mni,NAcc,sr_outcome_primary,Punish-Neutral,6.0,-31.347307647482037,15.902654647827148,1.615,-188.0838458848922,29.055740436223275,217.1395863211155,-18.328923370711756,49.43587875366211,6.46,-73.31569348284702,5.840611567069143
/home/tug87422/scratch/smithlab-shared/night-owls/derivatives/fsl/sub-103/ses-03/L1_sub-103_ses-03_task-sharedreward_model-1_type-act_run-1_space-mni_multi-echo_cnfds-fmriprep_unsmoothed_FIR.feat,103,3,sharedreward,1,multi-echo,fmriprep,mni,NAcc,sr_outcome_primary,Reward-Punish,6.0,7.978490834025546,92.20126533508301,4.845,47.87094500415328,172.87170142405034,125.00075641989707,38.96380283473964,92.20126533508301,4.845,155.85521133895855,42.821508337285124
/home/tug87422/scratch/smithlab-shared/night-owls/derivatives/fsl/sub-103/ses-03/L1_sub-103_ses-03_task-sharedreward_model-1_type-act_run-1_space-mni_multi-echo_cnfds-tedana_unsmoothed_FIR.feat,103,3,sharedreward,1,multi-echo,tedana,mni,NAcc,sr_decision_partner_extra,Computer-Stranger,6.0,20.78015774741692,76.42747121403461,6.0,124.68094648450152,179.3331427821471,54.65219629764557,67.94374867675151,82.51712226867676,6.46,271.77499470700604,76.42747121403461
/home/tug87422/scratch/smithlab-shared/night-owls/derivatives/fsl/sub-103/ses-03/L1_sub-103_ses-03_task-sharedreward_model-1_type-act_run-1_space-mni_multi-echo_cnfds-tedana_unsmoothed_FIR.feat,103,3,sharedreward,1,multi-echo,tedana,mni,NAcc,sr_outcome_primary,Reward-Neutral,6.0,-9.958034884242878,52.46037166037427,6.0,-59.748209305457266,112.58857763702471,172.33678694248198,23.74673624056273,80.75481247901917,6.46,94.98694496225092,52.46037166037427
/home/tug87422/scratch/smithlab-shared/night-owls/derivatives/fsl/sub-103/ses-03/L1_sub-103_ses-03_task-sharedreward_model-1_type-act_run-1_space-mni_multi-echo_cnfds-tedana_unsmoothed_FIR.feat,103,3,sharedreward,1,multi-echo,tedana,mni,NAcc,sr_outcome_primary,Punish-Neutral,6.0,-28.660165043275793,25.97182273864746,1.615,-171.96099025965475,47.66939083813884,219.6303810977936,-20.1403727856749,57.7962589263916,6.46,-80.5614911426996,3.9682087794915195
/home/tug87422/scratch/smithlab-shared/night-owls/derivatives/fsl/sub-103/ses-03/L1_sub-103_ses-03_task-sharedreward_model-1_type-act_run-1_space-mni_multi-echo_cnfds-tedana_unsmoothed_FIR.feat,103,3,sharedreward,1,multi-echo,tedana,mni,NAcc,sr_outcome_primary,Reward-Punish,6.0,18.702130159032908,112.60372543334961,4.845,112.21278095419746,224.30860306914195,112.09582211494447,43.887109026237624,112.60372543334961,4.845,175.5484361049505,48.49216288088275
/home/tug87422/scratch/smithlab-shared/night-owls/derivatives/fsl/sub-103/ses-03/L1_sub-103_ses-03_task-sharedreward_model-1_type-act_run-1_space-mni_single-echo_cnfds-fmriprep_unsmoothed_FIR.feat,103,3,sharedreward,1,single-echo,fmriprep,mni,NAcc,sr_decision_partner_extra,Computer-Stranger,6.0,1.7660686396053922,22.30258846282959,4.845,10.596411837632353,51.09268554239958,40.49627370476722,17.606568414816635,22.30258846282959,4.845,70.42627365926654,17.425529443073568
/home/tug87422/scratch/smithlab-shared/night-owls/derivatives/fsl/sub-103/ses-03/L1_sub-103_ses-03_task-sharedreward_model-1_type-act_run-1_space-mni_single-echo_cnfds-fmriprep_unsmoothed_FIR.feat,103,3,sharedreward,1,single-echo,fmriprep,mni,NAcc,sr_outcome_primary,Reward-Neutral,6.0,-7.2052027679526125,49.029110633920965,6.0,-43.23121660771567,62.000787931654855,105.23200453937052,32.679762177359166,59.66475868225098,6.46,130.71904870943666,49.029110633920965
/home/tug87422/scratch/smithlab-shared/night-owls/derivatives/fsl/sub-103/ses-03/L1_sub-103_ses-03_task-sharedreward_model-1_type-act_run-1_space-mni_single-echo_cnfds-fmriprep_unsmoothed_FIR.feat,103,3,sharedreward,1,single-echo,fmriprep,mni,NAcc,sr_outcome_primary,Punish-Neutral,6.0,15.390427990148249,49.93666362762451,1.615,92.3425679408895,128.47418154352772,36.13161360263824,4.003533126781737,27.59958028793335,6.46,16.01413250712695,12.307816539386478
/home/tug87422/scratch/smithlab-shared/night-owls/derivatives/fsl/sub-103/ses-03/L1_sub-103_ses-03_task-sharedreward_model-1_type-act_run-1_space-mni_single-echo_cnfds-fmriprep_unsmoothed_FIR.feat,103,3,sharedreward,1,single-echo,fmriprep,mni,NAcc,sr_outcome_primary,Reward-Punish,6.0,-22.595630758100867,48.412193298339844,4.845,-135.5737845486052,88.25743505779434,223.83121960639954,28.676229050577426,48.412193298339844,4.845,114.7049162023097,36.72129409453448
/home/tug87422/scratch/smithlab-shared/night-owls/derivatives/fsl/sub-103/ses-03/L1_sub-103_ses-03_task-sharedreward_model-1_type-act_run-1_space-mni_single-echo_cnfds-tedana_unsmoothed_FIR.feat,103,3,sharedreward,1,single-echo,tedana,mni,NAcc,sr_decision_partner_extra,Computer-Stranger,6.0,5.795160744050893,42.926374435424805,4.845,34.77096446430536,83.47089205062241,48.69992758631706,31.25911426852547,42.926374435424805,4.845,125.03645707410188,32.48005857260973
/home/tug87422/scratch/smithlab-shared/night-owls/derivatives/fsl/sub-103/ses-03/L1_sub-103_ses-03_task-sharedreward_model-1_type-act_run-1_space-mni_single-echo_cnfds-tedana_unsmoothed_FIR.feat,103,3,sharedreward,1,single-echo,tedana,mni,NAcc,sr_outcome_primary,Reward-Neutral,6.0,-3.3583982809158606,43.772882472619926,6.0,-20.150389685495163,65.9890536220238,86.13944330751896,32.37280698530791,49.49967384338379,6.46,129.49122794123164,43.772882472619926
/home/tug87422/scratch/smithlab-shared/night-owls/derivatives/fsl/sub-103/ses-03/L1_sub-103_ses-03_task-sharedreward_model-1_type-act_run-1_space-mni_single-echo_cnfds-tedana_unsmoothed_FIR.feat,103,3,sharedreward,1,single-echo,tedana,mni,NAcc,sr_outcome_primary,Punish-Neutral,6.0,12.095925881896008,32.070343017578125,1.615,72.57555529137605,104.08526341438292,31.509708123006874,-1.2040241815232822,33.275610525172574,8.0,-4.816096726093129,-9.779381531310895
/home/tug87422/scratch/smithlab-shared/night-owls/derivatives/fsl/sub-103/ses-03/L1_sub-103_ses-03_task-sharedreward_model-1_type-act_run-1_space-mni_single-echo_cnfds-tedana_unsmoothed_FIR.feat,103,3,sharedreward,1,single-echo,tedana,mni,NAcc,sr_outcome_primary,Reward-Punish,6.0,-15.45432416281187,53.552264003930816,6.0,-92.72594497687122,97.49876174503066,190.2247067219019,33.57683116683119,55.73700523376465,6.46,134.30732466732476,53.552264003930816
/home/tug87422/scratch/smithlab-shared/night-owls/derivatives/fsl/sub-103/ses-03/L1_sub-103_ses-03_task-sharedreward_model-1_type-act_run-2_space-mni_multi-echo_cnfds-fmriprep_unsmoothed_FIR.feat,103,3,sharedreward,2,multi-echo,fmriprep,mni,NAcc,sr_decision_partner_extra,Computer-Stranger,6.0,13.385912088005659,33.94471549987793,4.845,80.31547252803395,80.31547252803395,0.0,9.822802599304971,33.94471549987793,4.845,39.291210397219885,3.1806256084619284
/home/tug87422/scratch/smithlab-shared/night-owls/derivatives/fsl/sub-103/ses-03/L1_sub-103_ses-03_task-sharedreward_model-1_type-act_run-2_space-mni_multi-echo_cnfds-fmriprep_unsmoothed_FIR.feat,103,3,sharedreward,2,multi-echo,fmriprep,mni,NAcc,sr_outcome_primary,Reward-Neutral,6.0,1.6817952852297147,53.06572961807251,1.615,10.090771711378288,102.33500100851059,92.2442292971323,-14.725492488251016,12.009998321533203,4.845,-58.90196995300406,-15.498219020595494
/home/tug87422/scratch/smithlab-shared/night-owls/derivatives/fsl/sub-103/ses-03/L1_sub-103_ses-03_task-sharedreward_model-1_type-act_run-2_space-mni_multi-echo_cnfds-fmriprep_unsmoothed_FIR.feat,103,3,sharedreward,2,multi-echo,fmriprep,mni,NAcc,sr_outcome_primary,Punish-Neutral,6.0,-8.035553511988573,34.791316986083984,3.23,-48.21332107193143,73.83705310821533,122.05037418014678,-37.45145378697399,24.279123607434723,4.0,-149.80581514789597,-46.84323699998413
/home/tug87422/scratch/smithlab-shared/night-owls/derivatives/fsl/sub-103/ses-03/L1_sub-103_ses-03_task-sharedreward_model-1_type-act_run-2_space-mni_multi-echo_cnfds-fmriprep_unsmoothed_FIR.feat,103,3,sharedreward,2,multi-echo,fmriprep,mni,NAcc,sr_outcome_primary,Reward-Punish,6.0,9.717348797218287,63.53639817237854,1.615,58.30409278330973,124.16205890593699,65.85796612262725,22.725961298722968,44.12068557739258,6.46,90.90384519489187,31.34501797938864
/home/tug87422/scratch/smithlab-shared/night-owls/derivatives/fsl/sub-103/ses-03/L1_sub-103_ses-03_task-sharedreward_model-1_type-act_run-2_space-mni_multi-echo_cnfds-tedana_unsmoothed_FIR.feat,103,3,sharedreward,2,multi-echo,tedana,mni,NAcc,sr_decision_partner_extra,Computer-Stranger,6.0,5.208378636258721,28.503546714782715,4.845,31.250271817552324,56.40308488066721,25.15281306311488,28.931926853330143,46.70157533681061,8.0,115.72770741332057,25.653342068379878
/home/tug87422/scratch/smithlab-shared/night-owls/derivatives/fsl/sub-103/ses-03/L1_sub-103_ses-03_task-sharedreward_model-1_type-act_run-2_space-mni_multi-echo_cnfds-tedana_unsmoothed_FIR.feat,103,3,sharedreward,2,multi-echo,tedana,mni,NAcc,sr_outcome_primary,Reward-Neutral,6.0,11.094557340322263,50.73569869995117,1.615,66.56734404193358,118.82034794436889,52.2530039024353,-2.8017733941155765,13.591426849365233,4.845,-11.207093576462306,8.872949180957333
/home/tug87422/scratch/smithlab-shared/night-owls/derivatives/fsl/sub-103/ses-03/L1_sub-103_ses-03_task-sharedreward_model-1_type-act_run-2_space-mni_multi-echo_cnfds-tedana_unsmoothed_FIR.feat,103,3,sharedreward,2,multi-echo,tedana,mni,NAcc,sr_outcome_primary,Punish-Neutral,6.0,-15.77786120241087,50.823580741882324,3.23,-94.66716721446522,82.08008289813995,176.74725011260517,-57.28277418870398,10.843914631350483,4.0,-229.13109675481593,-65.33946319113575
/home/tug87422/scratch/smithlab-shared/night-owls/derivatives/fsl/sub-103/ses-03/L1_sub-103_ses-03_task-sharedreward_model-1_type-act_run-2_space-mni_multi-echo_cnfds-tedana_unsmoothed_FIR.feat,103,3,sharedreward,2,multi-echo,tedana,mni,NAcc,sr_outcome_primary,Reward-Punish,6.0,26.87241854273314,74.21241237209308,6.0,161.23451125639883,230.38065394896472,69.14614269256592,54.48100079458841,85.20107984542847,6.46,217.92400317835364,74.21241237209308
/home/tug87422/scratch/smithlab-shared/night-owls/derivatives/fsl/sub-103/ses-03/L1_sub-103_ses-03_task-sharedreward_model-1_type-act_run-2_space-mni_single-echo_cnfds-fmriprep_unsmoothed_FIR.feat,103,3,sharedreward,2,single-echo,fmriprep,mni,NAcc,sr_decision_partner_extra,Computer-Stranger,6.0,26.808255414677348,70.32841777801514,1.615,160.84953248806409,185.10438438892362,24.254851900859528,-20.14063694676932,9.879027927623072,4.0,-80.56254778707728,-34.96677829163732
/home/tug87422/scratch/smithlab-shared/night-owls/derivatives/fsl/sub-103/ses-03/L1_sub-103_ses-03_task-sharedreward_model-1_type-act_run-2_space-mni_single-echo_cnfds-fmriprep_unsmoothed_FIR.feat,103,3,sharedreward,2,single-echo,fmriprep,mni,NAcc,sr_outcome_primary,Reward-Neutral,6.0,-12.242285916060363,23.628492355346673,4.845,-73.45371549636218,32.72546191215514,106.17917740851732,-14.504288483109368,23.628492355346673,4.845,-58.01715393243747,-4.586968602041714
/home/tug87422/scratch/smithlab-shared/night-owls/derivatives/fsl/sub-103/ses-03/L1_sub-103_ses-03_task-sharedreward_model-1_type-act_run-2_space-mni_single-echo_cnfds-fmriprep_unsmoothed_FIR.feat,103,3,sharedreward,2,single-echo,fmriprep,mni,NAcc,sr_outcome_primary,Punish-Neutral,6.0,10.013614050684454,73.04548454284668,4.845,60.08168430410672,140.809552244771,80.72786794066428,46.705563789413716,73.04548454284668,4.845,186.82225515765487,68.64338727779803
/home/tug87422/scratch/smithlab-shared/night-owls/derivatives/fsl/sub-103/ses-03/L1_sub-103_ses-03_task-sharedreward_model-1_type-act_run-2_space-mni_single-echo_cnfds-fmriprep_unsmoothed_FIR.feat,103,3,sharedreward,2,single-echo,fmriprep,mni,NAcc,sr_outcome_primary,Reward-Punish,6.0,-22.255899966744824,12.925308227539062,1.615,-133.53539980046895,20.874372787475586,154.40977258794453,-61.20985227252308,-33.03215584887809,4.0,-244.83940909009232,-73.23035587983975
/home/tug87422/scratch/smithlab-shared/night-owls/derivatives/fsl/sub-103/ses-03/L1_sub-103_ses-03_task-sharedreward_model-1_type-act_run-2_space-mni_single-echo_cnfds-tedana_unsmoothed_FIR.feat,103,3,sharedreward,2,single-echo,tedana,mni,NAcc,sr_decision_partner_extra,Computer-Stranger,6.0,5.988605108280793,39.98063659667969,1.615,35.931630649684756,84.9513108921051,49.01968024242035,-13.063278002835832,6.165743836677489,8.0,-52.253112011343326,-16.715061022401223
/home/tug87422/scratch/smithlab-shared/night-owls/derivatives/fsl/sub-103/ses-03/L1_sub-103_ses-03_task-sharedreward_model-1_type-act_run-2_space-mni_single-echo_cnfds-tedana_unsmoothed_FIR.feat,103,3,sharedreward,2,single-echo,tedana,mni,NAcc,sr_outcome_primary,Reward-Neutral,6.0,-12.656522435672478,36.48282432556152,4.845,-75.93913461403487,66.87167132212282,142.8108059361577,3.6186736861397133,36.48282432556152,4.845,14.474694744558853,28.299497196917933
/home/tug87422/scratch/smithlab-shared/night-owls/derivatives/fsl/sub-103/ses-03/L1_sub-103_ses-03_task-sharedreward_model-1_type-act_run-2_space-mni_single-echo_cnfds-tedana_unsmoothed_FIR.feat,103,3,sharedreward,2,single-echo,tedana,mni,NAcc,sr_outcome_primary,Punish-Neutral,6.0,-8.05883954199029,25.37778105602914,6.0,-48.353037251941736,34.506237903423724,82.85927515536547,10.138854296332907,35.626155853271484,6.46,40.55541718533163,25.37778105602914
/home/tug87422/scratch/smithlab-shared/night-owls/derivatives/fsl/sub-103/ses-03/L1_sub-103_ses-03_task-sharedreward_model-1_type-act_run-2_space-mni_single-echo_cnfds-tedana_unsmoothed_FIR.feat,103,3,sharedreward,2,single-echo,tedana,mni,NAcc,sr_outcome_primary,Reward-Punish,6.0,-4.597682893682189,36.83737564086914,4.845,-27.58609736209314,53.853858873792475,81.43995623588562,-6.520180610193192,36.83737564086914,4.845,-26.080722440772767,2.9217161408887904
/home/tug87422/scratch/smithlab-shared/night-owls/derivatives/fsl/sub-103/ses-04/L1_sub-103_ses-04_task-mid_model-1_type-act_run-1_space-mni_multi-echo_cnfds-fmriprep_unsmoothed_FIR.feat,103,4,mid,1,multi-echo,fmriprep,mni,NAcc,mid_anticipation_primary,Reward-Neutral,5.0,-1.4315542379326114,22.29758892708888,5.0,-7.157771189663057,20.62524026110446,27.783011450767514,27.20166614252716,50.8664436340332,6.46,108.80666457010864,41.8652976304754
/home/tug87422/scratch/smithlab-shared/night-owls/derivatives/fsl/sub-103/ses-04/L1_sub-103_ses-04_task-mid_model-1_type-act_run-1_space-mni_multi-echo_cnfds-fmriprep_unsmoothed_FIR.feat,103,4,mid,1,multi-echo,fmriprep,mni,NAcc,mid_feedback_extra,Positive-Negative,6.0,19.921931189451175,48.04956245422363,3.23,119.53158713670706,126.51261906953786,6.981031932830811,15.40976929067642,36.82563304901123,6.46,61.63907716270568,30.275400489476443
/home/tug87422/scratch/smithlab-shared/night-owls/derivatives/fsl/sub-103/ses-04/L1_sub-103_ses-04_task-mid_model-1_type-act_run-1_space-mni_multi-echo_cnfds-tedana_unsmoothed_FIR.feat,103,4,mid,1,multi-echo,tedana,mni,NAcc,mid_anticipation_primary,Reward-Neutral,5.0,-10.383678999847671,5.747938156127933,1.615,-51.91839499923836,11.359608764648442,63.2780037638868,-12.729689798923468,10.596556837713763,8.0,-50.91875919569387,-13.31606742693544
/home/tug87422/scratch/smithlab-shared/night-owls/derivatives/fsl/sub-103/ses-04/L1_sub-103_ses-04_task-mid_model-1_type-act_run-1_space-mni_multi-echo_cnfds-tedana_unsmoothed_FIR.feat,103,4,mid,1,multi-echo,tedana,mni,NAcc,mid_feedback_extra,Positive-Negative,6.0,5.225656848279805,28.892991065979004,0.0,31.353941089678834,60.50190828518971,29.147967195510876,-1.027804334123072,11.072402186438024,4.0,-4.111217336492288,5.979978915707615
/home/tug87422/scratch/smithlab-shared/night-owls/derivatives/fsl/sub-103/ses-04/L1_sub-103_ses-04_task-mid_model-1_type-act_run-1_space-mni_single-echo_cnfds-fmriprep_unsmoothed_FIR.feat,103,4,mid,1,single-echo,fmriprep,mni,NAcc,mid_anticipation_primary,Reward-Neutral,5.0,-10.031996507135705,24.05119117051825,5.0,-50.15998253567853,19.48967961983046,69.64966215550899,41.85597044462021,72.88834762573242,6.46,167.42388177848085,57.50129833162385
/home/tug87422/scratch/smithlab-shared/night-owls/derivatives/fsl/sub-103/ses-04/L1_sub-103_ses-04_task-mid_model-1_type-act_run-1_space-mni_single-echo_cnfds-fmriprep_unsmoothed_FIR.feat,103,4,mid,1,single-echo,fmriprep,mni,NAcc,mid_feedback_extra,Positive-Negative,6.0,24.437000259871144,51.255470275878906,4.845,146.62200155922687,146.62200155922687,0.0,23.669039411150354,51.255470275878906,4.845,94.67615764460142,24.93774354937645
/home/tug87422/scratch/smithlab-shared/night-owls/derivatives/fsl/sub-103/ses-04/L1_sub-103_ses-04_task-mid_model-1_type-act_run-1_space-mni_single-echo_cnfds-tedana_unsmoothed_FIR.feat,103,4,mid,1,single-echo,tedana,mni,NAcc,mid_anticipation_primary,Reward-Neutral,5.0,-10.675529290287857,9.46819019317627,1.615,-53.37764645143928,15.463328206539153,68.84097465797844,-5.30741164324822,35.90683296073703,8.0,-21.22964657299288,-7.368244301054866
/home/tug87422/scratch/smithlab-shared/night-owls/derivatives/fsl/sub-103/ses-04/L1_sub-103_ses-04_task-mid_model-1_type-act_run-1_space-mni_single-echo_cnfds-tedana_unsmoothed_FIR.feat,103,4,mid,1,single-echo,tedana,mni,NAcc,mid_feedback_extra,Positive-Negative,6.0,0.9000049780935081,25.37547278404236,4.845,5.400029868561049,39.78533934950829,34.385309480947235,-3.1828835085435747,25.37547278404236,4.845,-12.731534034174299,-8.285953413222229
/home/tug87422/scratch/smithlab-shared/night-owls/derivatives/fsl/sub-103/ses-04/L1_sub-103_ses-04_task-mid_model-1_type-act_run-2_space-mni_multi-echo_cnfds-fmriprep_unsmoothed_FIR.feat,103,4,mid,2,multi-echo,fmriprep,mni,NAcc,mid_anticipation_primary,Reward-Neutral,5.0,6.756010834413418,34.937501458560725,5.0,33.78005417206709,43.162547576217094,9.382493404150008,62.066698622558235,127.03954364197914,8.0,248.26679449023294,55.89713119058048
/home/tug87422/scratch/smithlab-shared/night-owls/derivatives/fsl/sub-103/ses-04/L1_sub-103_ses-04_task-mid_model-1_type-act_run-2_space-mni_multi-echo_cnfds-fmriprep_unsmoothed_FIR.feat,103,4,mid,2,multi-echo,fmriprep,mni,NAcc,mid_feedback_extra,Positive-Negative,6.0,7.800625655189758,18.127485275268555,1.615,46.803753931138544,62.04242082595826,15.238666894819717,-11.923737942074471,14.089946746826172,4.845,-47.694951768297884,-26.3873019823718
/home/tug87422/scratch/smithlab-shared/night-owls/derivatives/fsl/sub-103/ses-04/L1_sub-103_ses-04_task-mid_model-1_type-act_run-2_space-mni_multi-echo_cnfds-tedana_unsmoothed_FIR.feat,103,4,mid,2,multi-echo,tedana,mni,NAcc,mid_anticipation_primary,Reward-Neutral,5.0,9.216417284028081,43.829949133905465,5.0,46.082086420140406,63.82033881433978,17.73825239419937,61.48593953387841,127.73823280452578,8.0,245.94375813551363,50.81983269847952
/home/tug87422/scratch/smithlab-shared/night-owls/derivatives/fsl/sub-103/ses-04/L1_sub-103_ses-04_task-mid_model-1_type-act_run-2_space-mni_multi-echo_cnfds-tedana_unsmoothed_FIR.feat,103,4,mid,2,multi-echo,tedana,mni,NAcc,mid_feedback_extra,Positive-Negative,6.0,13.389238072824428,30.975502014160156,1.615,80.33542843694657,91.12785061836243,10.792422181415859,-4.306332063822552,21.93411636352539,4.845,-17.225328255290208,-18.688176937516634
/home/tug87422/scratch/smithlab-shared/night-owls/derivatives/fsl/sub-103/ses-04/L1_sub-103_ses-04_task-mid_model-1_type-act_run-2_space-mni_single-echo_cnfds-fmriprep_unsmoothed_FIR.feat,103,4,mid,2,single-echo,fmriprep,mni,NAcc,mid_anticipation_primary,Reward-Neutral,5.0,14.276063155800935,36.26632425290513,5.0,71.38031577900468,71.38031577900468,0.0,77.48109145138056,163.84836276618324,8.0,309.92436580552226,71.46845041635237
/home/tug87422/scratch/smithlab-shared/night-owls/derivatives/fsl/sub-103/ses-04/L1_sub-103_ses-04_task-mid_model-1_type-act_run-2_space-mni_single-echo_cnfds-fmriprep_unsmoothed_FIR.feat,103,4,mid,2,single-echo,fmriprep,mni,NAcc,mid_feedback_extra,Positive-Negative,6.0,32.942536984918284,58.499640464782715,4.845,197.6552219095097,197.6552219095097,0.0,17.415092594195446,58.499640464782715,4.845,69.66037037678178,0.1993962101891984
/home/tug87422/scratch/smithlab-shared/night-owls/derivatives/fsl/sub-103/ses-04/L1_sub-103_ses-04_task-mid_model-1_type-act_run-2_space-mni_single-echo_cnfds-tedana_unsmoothed_FIR.feat,103,4,mid,2,single-echo,tedana,mni,NAcc,mid_anticipation_primary,Reward-Neutral,5.0,24.228114491452928,53.34665358066559,0.0,121.14057245726464,121.14057245726464,0.0,84.57862135501469,176.78349088072412,8.0,338.31448542005876,74.71020109808482
/home/tug87422/scratch/smithlab-shared/night-owls/derivatives/fsl/sub-103/ses-04/L1_sub-103_ses-04_task-mid_model-1_type-act_run-2_space-mni_single-echo_cnfds-tedana_unsmoothed_FIR.feat,103,4,mid,2,single-echo,tedana,mni,NAcc,mid_feedback_extra,Positive-Negative,6.0,35.281663168212326,68.61484813690186,4.845,211.68997900927397,211.68997900927397,0.0,27.29094242508843,68.61484813690186,4.845,109.16376970035373,17.3048815535318
/home/tug87422/scratch/smithlab-shared/night-owls/derivatives/fsl/sub-103/ses-04/L1_sub-103_ses-04_task-sharedreward_model-1_type-act_run-1_space-mni_multi-echo_cnfds-fmriprep_unsmoothed_FIR.feat,103,4,sharedreward,1,multi-echo,fmriprep,mni,NAcc,sr_decision_partner_extra,Computer-Stranger,6.0,56.499188645202196,149.56382751464844,4.845,338.9951318712132,350.3008245689766,11.305692697763442,101.03928957657547,149.56382751464844,4.845,404.1571583063019,105.00113132937405
/home/tug87422/scratch/smithlab-shared/night-owls/derivatives/fsl/sub-103/ses-04/L1_sub-103_ses-04_task-sharedreward_model-1_type-act_run-1_space-mni_multi-echo_cnfds-fmriprep_unsmoothed_FIR.feat,103,4,sharedreward,1,multi-echo,fmriprep,mni,NAcc,sr_outcome_primary,Reward-Neutral,6.0,33.43670135438258,107.00610733032227,3.23,200.62020812629547,230.55734405158844,29.937135925292992,50.078292800911456,144.74194295192288,8.0,200.31317120364582,23.645282491441854
/home/tug87422/scratch/smithlab-shared/night-owls/derivatives/fsl/sub-103/ses-04/L1_sub-103_ses-04_task-sharedreward_model-1_type-act_run-1_space-mni_multi-echo_cnfds-fmriprep_unsmoothed_FIR.feat,103,4,sharedreward,1,multi-echo,fmriprep,mni,NAcc,sr_outcome_primary,Punish-Neutral,6.0,31.296283153774073,81.54641342163086,3.23,187.77769892264445,236.71341942835886,48.935720505714414,25.138144276119974,67.7235279083252,6.46,100.5525771044799,38.37006541745213
/home/tug87422/scratch/smithlab-shared/night-owls/derivatives/fsl/sub-103/ses-04/L1_sub-103_ses-04_task-sharedreward_model-1_type-act_run-1_space-mni_multi-echo_cnfds-fmriprep_unsmoothed_FIR.feat,103,4,sharedreward,1,multi-echo,fmriprep,mni,NAcc,sr_outcome_primary,Reward-Punish,6.0,2.1404182006084986,51.58204746246338,4.845,12.842509203650991,112.55854139804839,99.7160321943974,24.94014852479147,110.62689485343253,8.0,99.76059409916589,-14.724782926010278
/home/tug87422/scratch/smithlab-shared/night-owls/derivatives/fsl/sub-103/ses-04/L1_sub-103_ses-04_task-sharedreward_model-1_type-act_run-1_space-mni_multi-echo_cnfds-tedana_unsmoothed_FIR.feat,103,4,sharedreward,1,multi-echo,tedana,mni,NAcc,sr_decision_partner_extra,Computer-Stranger,6.0,44.09582327809619,111.64172744750977,4.845,264.57493966857714,276.43606392423436,11.861124255657199,60.441356578015316,111.64172744750977,4.845,241.76542631206127,59.612125954760856
/home/tug87422/scratch/smithlab-shared/night-owls/derivatives/fsl/sub-103/ses-04/L1_sub-103_ses-04_task-sharedreward_model-1_type-act_run-1_space-mni_multi-echo_cnfds-tedana_unsmoothed_FIR.feat,103,4,sharedreward,1,multi-echo,tedana,mni,NAcc,sr_outcome_primary,Reward-Neutral,6.0,9.238048602845767,98.31091594696045,3.23,55.428291617074606,159.2145378732681,103.7862462561935,14.094320849123019,75.17088887123134,8.0,56.377283396492075,-3.0430889779200103
/home/tug87422/scratch/smithlab-shared/night-owls/derivatives/fsl/sub-103/ses-04/L1_sub-103_ses-04_task-sharedreward_model-1_type-act_run-1_space-mni_multi-echo_cnfds-tedana_unsmoothed_FIR.feat,103,4,sharedreward,1,multi-echo,tedana,mni,NAcc,sr_outcome_primary,Punish-Neutral,6.0,4.713421217032139,51.096529960632324,3.23,28.280527302192837,107.11156865732589,78.83104135513307,-3.1184610464938314,36.38102722167969,6.46,-12.473844185975326,12.620077127273614
/home/tug87422/scratch/smithlab-shared/night-owls/derivatives/fsl/sub-103/ses-04/L1_sub-103_ses-04_task-sharedreward_model-1_type-act_run-1_space-mni_multi-echo_cnfds-tedana_unsmoothed_FIR.feat,103,4,sharedreward,1,multi-echo,tedana,mni,NAcc,sr_outcome_primary,Reward-Punish,6.0,4.52462738581363,47.214385986328125,3.23,27.147764314881776,112.9071658706665,85.75940155578472,17.212781895616857,93.12491156516067,8.0,68.85112758246743,-15.663166105193625
/home/tug87422/scratch/smithlab-shared/night-owls/derivatives/fsl/sub-103/ses-04/L1_sub-103_ses-04_task-sharedreward_model-1_type-act_run-1_space-mni_single-echo_cnfds-fmriprep_unsmoothed_FIR.feat,103,4,sharedreward,1,single-echo,fmriprep,mni,NAcc,sr_decision_partner_extra,Computer-Stranger,6.0,19.628609634710582,58.60886192321777,4.845,117.77165780826348,134.1286026548675,16.35694484660402,45.92547987872233,58.60886192321777,4.845,183.7019195148893,48.49327316520384
/home/tug87422/scratch/smithlab-shared/night-owls/derivatives/fsl/sub-103/ses-04/L1_sub-103_ses-04_task-sharedreward_model-1_type-act_run-1_space-mni_single-echo_cnfds-fmriprep_unsmoothed_FIR.feat,103,4,sharedreward,1,single-echo,fmriprep,mni,NAcc,sr_outcome_primary,Reward-Neutral,6.0,5.991683548322587,26.529841780662537,3.23,35.950101289935525,73.50331058759254,37.55320929765701,20.500694580021616,73.11729333127617,8.0,82.00277832008646,16.677738331419764
/home/tug87422/scratch/smithlab-shared/night-owls/derivatives/fsl/sub-103/ses-04/L1_sub-103_ses-04_task-sharedreward_model-1_type-act_run-1_space-mni_single-echo_cnfds-fmriprep_unsmoothed_FIR.feat,103,4,sharedreward,1,single-echo,fmriprep,mni,NAcc,sr_outcome_primary,Punish-Neutral,6.0,25.84385445037032,61.85412919521332,3.23,155.06312670222192,163.86548262110617,8.802355918884277,12.030105210711302,46.9079805616255,8.0,48.120420842845206,1.5560686566143218
/home/tug87422/scratch/smithlab-shared/night-owls/derivatives/fsl/sub-103/ses-04/L1_sub-103_ses-04_task-sharedreward_model-1_type-act_run-1_space-mni_single-echo_cnfds-fmriprep_unsmoothed_FIR.feat,103,4,sharedreward,1,single-echo,fmriprep,mni,NAcc,sr_outcome_primary,Reward-Punish,6.0,-19.852170902047728,15.121669674805446,6.0,-119.11302541228638,8.732764237200147,127.84578964948653,8.470589369310316,27.017688751220703,6.46,33.882357477241264,15.121669674805446
/home/tug87422/scratch/smithlab-shared/night-owls/derivatives/fsl/sub-103/ses-04/L1_sub-103_ses-04_task-sharedreward_model-1_type-act_run-1_space-mni_single-echo_cnfds-tedana_unsmoothed_FIR.feat,103,4,sharedreward,1,single-echo,tedana,mni,NAcc,sr_decision_partner_extra,Computer-Stranger,6.0,15.290968887672612,38.68107223510742,4.845,91.74581332603567,95.70556868711584,3.9597553610801697,28.718613028094495,38.68107223510742,4.845,114.87445211237798,28.633778823049443
/home/tug87422/scratch/smithlab-shared/night-owls/derivatives/fsl/sub-103/ses-04/L1_sub-103_ses-04_task-sharedreward_model-1_type-act_run-1_space-mni_single-echo_cnfds-tedana_unsmoothed_FIR.feat,103,4,sharedreward,1,single-echo,tedana,mni,NAcc,sr_outcome_primary,Reward-Neutral,6.0,-2.9068163569005545,33.7164421081543,3.23,-17.440898141403327,68.6670393614577,86.10793750286102,1.0274855486970136,36.05857849121092,6.46,4.109942194788054,10.274137183977716
/home/tug87422/scratch/smithlab-shared/night-owls/derivatives/fsl/sub-103/ses-04/L1_sub-103_ses-04_task-sharedreward_model-1_type-act_run-1_space-mni_single-echo_cnfds-tedana_unsmoothed_FIR.feat,103,4,sharedreward,1,single-echo,tedana,mni,NAcc,sr_outcome_primary,Punish-Neutral,6.0,14.566516787186492,48.53495407104492,3.23,87.39910072311895,128.1110483121872,40.71194758906822,-6.286775585689781,14.748976657265104,4.0,-25.147102342759123,-11.990049568861261
/home/tug87422/scratch/smithlab-shared/night-owls/derivatives/fsl/sub-103/ses-04/L1_sub-103_ses-04_task-sharedreward_model-1_type-act_run-1_space-mni_single-echo_cnfds-tedana_unsmoothed_FIR.feat,103,4,sharedreward,1,single-echo,tedana,mni,NAcc,sr_outcome_primary,Reward-Punish,6.0,-17.473333144087047,22.264186752838977,6.0,-104.83999886452229,12.857567849764513,117.69756671428681,7.314261134386793,43.93141174316405,6.46,29.257044537547173,22.264186752838977
/home/tug87422/scratch/smithlab-shared/night-owls/derivatives/fsl/sub-103/ses-04/L1_sub-103_ses-04_task-sharedreward_model-1_type-act_run-2_space-mni_multi-echo_cnfds-fmriprep_unsmoothed_FIR.feat,103,4,sharedreward,2,multi-echo,fmriprep,mni,NAcc,sr_decision_partner_extra,Computer-Stranger,6.0,-0.043426468753870275,24.346978306770325,4.845,-0.26055881252322166,40.0146714357492,40.27523024827242,12.137407670415499,24.346978306770325,4.845,48.549630681661995,10.898885681164153
/home/tug87422/scratch/smithlab-shared/night-owls/derivatives/fsl/sub-103/ses-04/L1_sub-103_ses-04_task-sharedreward_model-1_type-act_run-2_space-mni_multi-echo_cnfds-fmriprep_unsmoothed_FIR.feat,103,4,sharedreward,2,multi-echo,fmriprep,mni,NAcc,sr_outcome_primary,Reward-Neutral,6.0,-12.304418992195338,34.8118793964386,3.23,-73.82651395317203,56.221185225248334,130.04769917842037,-36.49734515230953,2.2268601430827935,4.0,-145.9893806092381,-52.45124096471828
/home/tug87422/scratch/smithlab-shared/night-owls/derivatives/fsl/sub-103/ses-04/L1_sub-103_ses-04_task-sharedreward_model-1_type-act_run-2_space-mni_multi-echo_cnfds-fmriprep_unsmoothed_FIR.feat,103,4,sharedreward,2,multi-echo,fmriprep,mni,NAcc,sr_outcome_primary,Punish-Neutral,6.0,-26.216798047922378,-7.958043813705444,3.23,-157.30078828753426,0.0,157.30078828753426,-32.594042595329896,-1.7487739782215086,8.0,-130.37617038131958,-44.486114223306025
/home/tug87422/scratch/smithlab-shared/night-owls/derivatives/fsl/sub-103/ses-04/L1_sub-103_ses-04_task-sharedreward_model-1_type-act_run-2_space-mni_multi-echo_cnfds-fmriprep_unsmoothed_FIR.feat,103,4,sharedreward,2,multi-echo,fmriprep,mni,NAcc,sr_outcome_primary,Reward-Punish,6.0,13.912379055727037,42.76992321014404,3.23,83.47427433436222,109.97996366322042,26.505689328858175,-3.90330255697963,23.691391243654135,4.0,-15.61321022791852,-7.965126741412253
/home/tug87422/scratch/smithlab-shared/night-owls/derivatives/fsl/sub-103/ses-04/L1_sub-103_ses-04_task-sharedreward_model-1_type-act_run-2_space-mni_multi-echo_cnfds-tedana_unsmoothed_FIR.feat,103,4,sharedreward,2,multi-echo,tedana,mni,NAcc,sr_decision_partner_extra,Computer-Stranger,6.0,12.828657571831789,40.46160888671875,4.845,76.97194543099073,77.72340275501874,0.7514573240280151,27.27615377082406,40.46160888671875,4.845,109.10461508329624,25.214636583446346
/home/tug87422/scratch/smithlab-shared/night-owls/derivatives/fsl/sub-103/ses-04/L1_sub-103_ses-04_task-sharedreward_model-1_type-act_run-2_space-mni_multi-echo_cnfds-tedana_unsmoothed_FIR.feat,103,4,sharedreward,2,multi-echo,tedana,mni,NAcc,sr_outcome_primary,Reward-Neutral,6.0,-13.391810785701388,29.16572299599647,3.23,-80.35086471420833,47.40155539259314,127.75242010680145,-44.960511160773095,-1.081838312809691,4.0,-179.84204464309238,-65.17956020662291
/home/tug87422/scratch/smithlab-shared/night-owls/derivatives/fsl/sub-103/ses-04/L1_sub-103_ses-04_task-sharedreward_model-1_type-act_run-2_space-mni_multi-echo_cnfds-tedana_unsmoothed_FIR.feat,103,4,sharedreward,2,multi-echo,tedana,mni,NAcc,sr_outcome_primary,Punish-Neutral,6.0,-27.264700380524904,-8.280658572912216,3.23,-163.58820228314943,0.0,163.58820228314943,-42.67822645038521,2.8918622964676293,8.0,-170.71290580154084,-59.33752614425801
/home/tug87422/scratch/smithlab-shared/night-owls/derivatives/fsl/sub-103/ses-04/L1_sub-103_ses-04_task-sharedreward_model-1_type-act_run-2_space-mni_multi-echo_cnfds-tedana_unsmoothed_FIR.feat,103,4,sharedreward,2,multi-echo,tedana,mni,NAcc,sr_outcome_primary,Reward-Punish,6.0,13.872889594823521,37.44638156890869,3.23,83.23733756894113,102.57090548157692,19.33356791263579,-2.2822847103878825,27.128784184116327,4.0,-9.12913884155153,-5.842034062364891
/home/tug87422/scratch/smithlab-shared/night-owls/derivatives/fsl/sub-103/ses-04/L1_sub-103_ses-04_task-sharedreward_model-1_type-act_run-2_space-mni_single-echo_cnfds-fmriprep_unsmoothed_FIR.feat,103,4,sharedreward,2,single-echo,fmriprep,mni,NAcc,sr_decision_partner_extra,Computer-Stranger,6.0,2.539771355293514,24.503364324569702,4.845,15.238628131761086,44.63372760415077,29.395099472389685,-1.5365278191839122,24.503364324569702,4.845,-6.146111276735649,-5.125489275152842
/home/tug87422/scratch/smithlab-shared/night-owls/derivatives/fsl/sub-103/ses-04/L1_sub-103_ses-04_task-sharedreward_model-1_type-act_run-2_space-mni_single-echo_cnfds-fmriprep_unsmoothed_FIR.feat,103,4,sharedreward,2,single-echo,fmriprep,mni,NAcc,sr_outcome_primary,Reward-Neutral,6.0,15.343224289478007,70.88222217559814,3.23,92.05934573686804,121.36202479094266,29.302679054074623,-9.636351168831528,33.641513585306164,4.0,-38.54540467532611,-24.55240884063414
/home/tug87422/scratch/smithlab-shared/night-owls/derivatives/fsl/sub-103/ses-04/L1_sub-103_ses-04_task-sharedreward_model-1_type-act_run-2_space-mni_single-echo_cnfds-fmriprep_unsmoothed_FIR.feat,103,4,sharedreward,2,single-echo,fmriprep,mni,NAcc,sr_outcome_primary,Punish-Neutral,6.0,-6.310925014295045,45.60210859775543,0.0,-37.86555008577027,106.05269323660217,143.91824332237243,-2.6775739362402255,27.95013427734375,6.46,-10.710295744960902,5.710119253341629
/home/tug87422/scratch/smithlab-shared/night-owls/derivatives/fsl/sub-103/ses-04/L1_sub-103_ses-04_task-sharedreward_model-1_type-act_run-2_space-mni_single-echo_cnfds-fmriprep_unsmoothed_FIR.feat,103,4,sharedreward,2,single-echo,fmriprep,mni,NAcc,sr_outcome_primary,Reward-Punish,6.0,21.654149303773053,42.954172134399414,1.615,129.92489582263832,177.3379725122452,47.41307668960686,-6.958777232591303,42.905120849609375,4.845,-27.835108930365212,-30.262528093975774
/home/tug87422/scratch/smithlab-shared/night-owls/derivatives/fsl/sub-103/ses-04/L1_sub-103_ses-04_task-sharedreward_model-1_type-act_run-2_space-mni_single-echo_cnfds-tedana_unsmoothed_FIR.feat,103,4,sharedreward,2,single-echo,tedana,mni,NAcc,sr_decision_partner_extra,Computer-Stranger,6.0,19.54624785237768,44.62666988372803,4.845,117.27748711426608,117.27748711426608,0.0,17.218002266017116,44.62666988372803,4.845,68.87200906406846,15.687689844484298
/home/tug87422/scratch/smithlab-shared/night-owls/derivatives/fsl/sub-103/ses-04/L1_sub-103_ses-04_task-sharedreward_model-1_type-act_run-2_space-mni_single-echo_cnfds-tedana_unsmoothed_FIR.feat,103,4,sharedreward,2,single-echo,tedana,mni,NAcc,sr_outcome_primary,Reward-Neutral,6.0,-3.2429990660732155,44.68366098403931,3.23,-19.457994396439293,72.16411248922347,91.62210688566276,-32.244019093161945,11.719018075488293,4.0,-128.97607637264778,-52.539460551258955
/home/tug87422/scratch/smithlab-shared/night-owls/derivatives/fsl/sub-103/ses-04/L1_sub-103_ses-04_task-sharedreward_model-1_type-act_run-2_space-mni_single-echo_cnfds-tedana_unsmoothed_FIR.feat,103,4,sharedreward,2,single-echo,tedana,mni,NAcc,sr_outcome_primary,Punish-Neutral,6.0,-13.973591623569545,31.636805534362793,3.23,-83.84154974141727,68.84774744033813,152.6892971817554,-24.244518657699455,14.990393151439761,8.0,-96.97807463079782,-26.115256613622137
/home/tug87422/scratch/smithlab-shared/night-owls/derivatives/fsl/sub-103/ses-04/L1_sub-103_ses-04_task-sharedreward_model-1_type-act_run-2_space-mni_single-echo_cnfds-tedana_unsmoothed_FIR.feat,103,4,sharedreward,2,single-echo,tedana,mni,NAcc,sr_outcome_primary,Reward-Punish,6.0,10.730592557496328,47.64536094665527,4.845,64.38355534497796,103.98872985005379,39.60517450507581,-7.999500435462492,47.64536094665527,4.845,-31.99800174184997,-26.42420393763682
/home/tug87422/scratch/smithlab-shared/night-owls/derivatives/fsl/sub-103/ses-05/L1_sub-103_ses-05_task-mid_model-1_type-act_run-1_space-mni_multi-echo_cnfds-fmriprep_unsmoothed_FIR.feat,103,5,mid,1,multi-echo,fmriprep,mni,NAcc,mid_anticipation_primary,Reward-Neutral,5.0,-14.932629925184944,11.36740493774414,3.23,-74.66314962592472,18.358358974456785,93.0215086003815,-15.451772828305565,-2.352744817733765,6.46,-61.80709131322226,-10.624446899160143
/home/tug87422/scratch/smithlab-shared/night-owls/derivatives/fsl/sub-103/ses-05/L1_sub-103_ses-05_task-mid_model-1_type-act_run-1_space-mni_multi-echo_cnfds-fmriprep_unsmoothed_FIR.feat,103,5,mid,1,multi-echo,fmriprep,mni,NAcc,mid_feedback_extra,Positive-Negative,6.0,-6.11189996877568,15.66946864128113,1.615,-36.67139981265408,36.80776400208473,73.47916381473881,-31.4397386891065,-5.147747172659769,4.0,-125.758954756426,-47.460141596779366
/home/tug87422/scratch/smithlab-shared/night-owls/derivatives/fsl/sub-103/ses-05/L1_sub-103_ses-05_task-mid_model-1_type-act_run-1_space-mni_multi-echo_cnfds-tedana_unsmoothed_FIR.feat,103,5,mid,1,multi-echo,tedana,mni,NAcc,mid_anticipation_primary,Reward-Neutral,5.0,-8.903444997005051,23.460479736328125,3.23,-44.51722498502526,37.888674774169914,82.40589975919517,-2.3400782261175292,15.496723175048828,6.46,-9.360312904470117,5.104631299943009
/home/tug87422/scratch/smithlab-shared/night-owls/derivatives/fsl/sub-103/ses-05/L1_sub-103_ses-05_task-mid_model-1_type-act_run-1_space-mni_multi-echo_cnfds-tedana_unsmoothed_FIR.feat,103,5,mid,1,multi-echo,tedana,mni,NAcc,mid_feedback_extra,Positive-Negative,6.0,0.06406667884412087,26.65672731399536,1.615,0.38440007306472523,76.07649178981781,75.69209171675308,-35.403796578632324,3.735511280065717,4.0,-141.6151863145293,-55.97701986360108
/home/tug87422/scratch/smithlab-shared/night-owls/derivatives/fsl/sub-103/ses-05/L1_sub-103_ses-05_task-mid_model-1_type-act_run-1_space-mni_single-echo_cnfds-fmriprep_unsmoothed_FIR.feat,103,5,mid,1,single-echo,fmriprep,mni,NAcc,mid_anticipation_primary,Reward-Neutral,5.0,-2.631441165385233,17.72737628221512,1.615,-13.157205826926166,52.490765671432015,65.64797149835819,-14.066662344093846,8.530401266765303,8.0,-56.26664937637538,-12.815105442661245
/home/tug87422/scratch/smithlab-shared/night-owls/derivatives/fsl/sub-103/ses-05/L1_sub-103_ses-05_task-mid_model-1_type-act_run-1_space-mni_single-echo_cnfds-fmriprep_unsmoothed_FIR.feat,103,5,mid,1,single-echo,fmriprep,mni,NAcc,mid_feedback_extra,Positive-Negative,6.0,0.7855294350678896,44.21176256425679,4.845,4.713176610407338,71.16373235938138,66.45055574897407,5.413311378654467,44.21176256425679,4.845,21.65324551461787,-4.241967171361391
/home/tug87422/scratch/smithlab-shared/night-owls/derivatives/fsl/sub-103/ses-05/L1_sub-103_ses-05_task-mid_model-1_type-act_run-1_space-mni_single-echo_cnfds-tedana_unsmoothed_FIR.feat,103,5,mid,1,single-echo,tedana,mni,NAcc,mid_anticipation_primary,Reward-Neutral,5.0,-3.2375569201707863,18.375194549560547,3.23,-16.18778460085393,36.12672985970974,52.31451446056367,-14.177188045238562,8.657597101878826,8.0,-56.70875218095425,-10.778800964355467
/home/tug87422/scratch/smithlab-shared/night-owls/derivatives/fsl/sub-103/ses-05/L1_sub-103_ses-05_task-mid_model-1_type-act_run-1_space-mni_single-echo_cnfds-tedana_unsmoothed_FIR.feat,103,5,mid,1,single-echo,tedana,mni,NAcc,mid_feedback_extra,Positive-Negative,6.0,-0.18303511652968693,48.786651611328125,4.845,-1.0982106991781215,87.851388412714,88.94959911189213,-0.2083030065040674,48.786651611328125,4.845,-0.8332120260162696,-14.697652999830696
/home/tug87422/scratch/smithlab-shared/night-owls/derivatives/fsl/sub-103/ses-05/L1_sub-103_ses-05_task-mid_model-1_type-act_run-2_space-mni_multi-echo_cnfds-fmriprep_unsmoothed_FIR.feat,103,5,mid,2,multi-echo,fmriprep,mni,NAcc,mid_anticipation_primary,Reward-Neutral,5.0,18.230130623536766,64.90782451629639,4.845,91.15065311768383,96.50057520696254,5.349922089278698,48.313919659725656,64.90782451629639,4.845,193.25567863890262,48.80996612867703
/home/tug87422/scratch/smithlab-shared/night-owls/derivatives/fsl/sub-103/ses-05/L1_sub-103_ses-05_task-mid_model-1_type-act_run-2_space-mni_multi-echo_cnfds-fmriprep_unsmoothed_FIR.feat,103,5,mid,2,multi-echo,fmriprep,mni,NAcc,mid_feedback_extra,Positive-Negative,6.0,-25.31208588510967,-10.6468505859375,3.23,-151.87251531065803,0.0,151.87251531065803,-29.640056600696163,-21.952041625976562,6.46,-118.56022640278465,-27.385811466181607
/home/tug87422/scratch/smithlab-shared/night-owls/derivatives/fsl/sub-103/ses-05/L1_sub-103_ses-05_task-mid_model-1_type-act_run-2_space-mni_multi-echo_cnfds-tedana_unsmoothed_FIR.feat,103,5,mid,2,multi-echo,tedana,mni,NAcc,mid_anticipation_primary,Reward-Neutral,5.0,7.461376958507503,31.727078914642334,4.845,37.30688479253752,51.761335863561456,14.454451071023941,24.144651481365273,31.727078914642334,4.845,96.57860592546109,25.254996119637976
/home/tug87422/scratch/smithlab-shared/night-owls/derivatives/fsl/sub-103/ses-05/L1_sub-103_ses-05_task-mid_model-1_type-act_run-2_space-mni_multi-echo_cnfds-tedana_unsmoothed_FIR.feat,103,5,mid,2,multi-echo,tedana,mni,NAcc,mid_feedback_extra,Positive-Negative,6.0,-30.957852509475103,-10.250770568847656,0.0,-185.74711505685062,0.0,185.74711505685062,-39.02079989501509,-31.7046529307454,4.0,-156.08319958006035,-39.83310794165998
/home/tug87422/scratch/smithlab-shared/night-owls/derivatives/fsl/sub-103/ses-05/L1_sub-103_ses-05_task-mid_model-1_type-act_run-2_space-mni_single-echo_cnfds-fmriprep_unsmoothed_FIR.feat,103,5,mid,2,single-echo,fmriprep,mni,NAcc,mid_anticipation_primary,Reward-Neutral,5.0,20.77358768731005,52.65715765953064,4.845,103.86793843655026,109.39337094454206,5.52543250799179,34.44136257996593,52.65715765953064,4.845,137.76545031986373,26.304355004254507
/home/tug87422/scratch/smithlab-shared/night-owls/derivatives/fsl/sub-103/ses-05/L1_sub-103_ses-05_task-mid_model-1_type-act_run-2_space-mni_single-echo_cnfds-fmriprep_unsmoothed_FIR.feat,103,5,mid,2,single-echo,fmriprep,mni,NAcc,mid_feedback_extra,Positive-Negative,6.0,1.5654271722219744,18.125097653445078,6.0,9.392563033331847,36.815081071187464,27.422518037855625,3.883896305800264,28.815293312072754,6.46,15.535585223201055,18.125097653445078
/home/tug87422/scratch/smithlab-shared/night-owls/derivatives/fsl/sub-103/ses-05/L1_sub-103_ses-05_task-mid_model-1_type-act_run-2_space-mni_single-echo_cnfds-tedana_unsmoothed_FIR.feat,103,5,mid,2,single-echo,tedana,mni,NAcc,mid_anticipation_primary,Reward-Neutral,5.0,-3.1424250658422066,3.0587921142578125,0.0,-15.712125329211032,2.4699746322631837,18.182099961474215,-14.544324681339985,10.710023121199022,8.0,-58.17729872535994,-25.011271317307795
/home/tug87422/scratch/smithlab-shared/night-owls/derivatives/fsl/sub-103/ses-05/L1_sub-103_ses-05_task-mid_model-1_type-act_run-2_space-mni_single-echo_cnfds-tedana_unsmoothed_FIR.feat,103,5,mid,2,single-echo,tedana,mni,NAcc,mid_feedback_extra,Positive-Negative,6.0,-5.067308738941809,4.487126350402834,1.615,-30.403852433650854,7.246709055900577,37.650561489551436,-8.678662443974812,-4.045530319213869,4.845,-34.71464977589925,-5.165849809676135
/home/tug87422/scratch/smithlab-shared/night-owls/derivatives/fsl/sub-103/ses-05/L1_sub-103_ses-05_task-sharedreward_model-1_type-act_run-1_space-mni_multi-echo_cnfds-fmriprep_unsmoothed_FIR.feat,103,5,sharedreward,1,multi-echo,fmriprep,mni,NAcc,sr_decision_partner_extra,Computer-Stranger,6.0,14.243316386307141,32.41482067108154,0.0,85.45989831784284,90.62329199322974,5.163393675386906,6.585831696000813,19.749600701287804,4.0,26.343326784003253,8.741552476912457
/home/tug87422/scratch/smithlab-shared/night-owls/derivatives/fsl/sub-103/ses-05/L1_sub-103_ses-05_task-sharedreward_model-1_type-act_run-1_space-mni_multi-echo_cnfds-fmriprep_unsmoothed_FIR.feat,103,5,sharedreward,1,multi-echo,fmriprep,mni,NAcc,sr_outcome_primary,Reward-Neutral,6.0,-28.775303100458856,51.49576187133789,0.0,-172.65181860275314,41.582827711105345,214.2346463138585,-35.29252784025835,-8.731009960174559,6.46,-141.1701113610334,-22.934740286493447
/home/tug87422/scratch/smithlab-shared/night-owls/derivatives/fsl/sub-103/ses-05/L1_sub-103_ses-05_task-sharedreward_model-1_type-act_run-1_space-mni_multi-echo_cnfds-fmriprep_unsmoothed_FIR.feat,103,5,sharedreward,1,multi-echo,fmriprep,mni,NAcc,sr_outcome_primary,Punish-Neutral,6.0,1.4346981361902031,30.997855186462402,3.23,8.608188817141219,68.81027264535427,60.20208382821305,-24.607932555378408,6.964417118037075,4.0,-98.43173022151363,-20.58133187604024
/home/tug87422/scratch/smithlab-shared/night-owls/derivatives/fsl/sub-103/ses-05/L1_sub-103_ses-05_task-sharedreward_model-1_type-act_run-1_space-mni_multi-echo_cnfds-fmriprep_unsmoothed_FIR.feat,103,5,sharedreward,1,multi-echo,fmriprep,mni,NAcc,sr_outcome_primary,Reward-Punish,6.0,-30.210001236649052,28.27751231193542,0.0,-181.26000741989432,22.834091191887854,204.0940986117822,-10.684595284879943,12.316850185394287,6.46,-42.738381139519774,-2.3534084104532047
/home/tug87422/scratch/smithlab-shared/night-owls/derivatives/fsl/sub-103/ses-05/L1_sub-103_ses-05_task-sharedreward_model-1_type-act_run-1_space-mni_multi-echo_cnfds-tedana_unsmoothed_FIR.feat,103,5,sharedreward,1,multi-echo,tedana,mni,NAcc,sr_decision_partner_extra,Computer-Stranger,6.0,16.138104351289932,43.82817840576172,0.0,96.8286261077396,98.84227497756481,2.013648869825223,-2.0081591571950526,15.853868470472447,4.0,-8.03263662878021,-3.4868378698272253
/home/tug87422/scratch/smithlab-shared/night-owls/derivatives/fsl/sub-103/ses-05/L1_sub-103_ses-05_task-sharedreward_model-1_type-act_run-1_space-mni_multi-echo_cnfds-tedana_unsmoothed_FIR.feat,103,5,sharedreward,1,multi-echo,tedana,mni,NAcc,sr_outcome_primary,Reward-Neutral,6.0,-29.697117235371447,70.35114479064941,0.0,-178.18270341222868,56.8085494184494,234.9912528306781,-42.48730036621308,-8.329762458801268,6.46,-169.9492014648523,-24.902570680199023
/home/tug87422/scratch/smithlab-shared/night-owls/derivatives/fsl/sub-103/ses-05/L1_sub-103_ses-05_task-sharedreward_model-1_type-act_run-1_space-mni_multi-echo_cnfds-tedana_unsmoothed_FIR.feat,103,5,sharedreward,1,multi-echo,tedana,mni,NAcc,sr_outcome_primary,Punish-Neutral,6.0,0.6573435223826856,44.53397178649902,0.0,3.9440611342961134,86.24541047096251,82.3013493366664,-26.32855707990081,5.841408060062041,4.0,-105.31422831960325,-23.210708665404894
/home/tug87422/scratch/smithlab-shared/night-owls/derivatives/fsl/sub-103/ses-05/L1_sub-103_ses-05_task-sharedreward_model-1_type-act_run-1_space-mni_multi-echo_cnfds-tedana_unsmoothed_FIR.feat,103,5,sharedreward,1,multi-echo,tedana,mni,NAcc,sr_outcome_primary,Reward-Punish,6.0,-30.354460757754136,25.81717300415039,0.0,-182.1267645465248,20.84736720085144,202.97413174737625,-16.158743286312273,15.396323680877687,6.46,-64.63497314524909,-1.6918620147941266
/home/tug87422/scratch/smithlab-shared/night-owls/derivatives/fsl/sub-103/ses-05/L1_sub-103_ses-05_task-sharedreward_model-1_type-act_run-1_space-mni_single-echo_cnfds-fmriprep_unsmoothed_FIR.feat,103,5,sharedreward,1,single-echo,fmriprep,mni,NAcc,sr_decision_partner_extra,Computer-Stranger,6.0,10.335703288117736,21.654812691012403,6.0,62.01421972870642,81.01476074099355,19.00054101228714,18.138749079172364,22.509462594985962,6.46,72.55499631668945,21.654812691012403
/home/tug87422/scratch/smithlab-shared/night-owls/derivatives/fsl/sub-103/ses-05/L1_sub-103_ses-05_task-sharedreward_model-1_type-act_run-1_space-mni_single-echo_cnfds-fmriprep_unsmoothed_FIR.feat,103,5,sharedreward,1,single-echo,fmriprep,mni,NAcc,sr_outcome_primary,Reward-Neutral,6.0,-4.062799757237559,60.30186700820923,4.845,-24.376798543425352,90.2895341970603,114.66633274048567,8.70498825190975,60.30186700820923,4.845,34.819953007639,11.725451758771483
/home/tug87422/scratch/smithlab-shared/night-owls/derivatives/fsl/sub-103/ses-05/L1_sub-103_ses-05_task-sharedreward_model-1_type-act_run-1_space-mni_single-echo_cnfds-fmriprep_unsmoothed_FIR.feat,103,5,sharedreward,1,single-echo,fmriprep,mni,NAcc,sr_outcome_primary,Punish-Neutral,6.0,25.413962284998718,96.8687915802002,4.845,152.4837737099923,183.0198390703,30.536065360307692,26.769559973583497,96.8687915802002,4.845,107.07823989433399,28.20534275338376
/home/tug87422/scratch/smithlab-shared/night-owls/derivatives/fsl/sub-103/ses-05/L1_sub-103_ses-05_task-sharedreward_model-1_type-act_run-1_space-mni_single-echo_cnfds-fmriprep_unsmoothed_FIR.feat,103,5,sharedreward,1,single-echo,fmriprep,mni,NAcc,sr_outcome_primary,Reward-Punish,6.0,-29.476762042236277,-16.479890994612273,6.0,-176.86057225341767,0.0,176.86057225341767,-18.064571721673747,-2.1463812423564304,8.0,-72.25828688669499,-16.479890994612273
/home/tug87422/scratch/smithlab-shared/night-owls/derivatives/fsl/sub-103/ses-05/L1_sub-103_ses-05_task-sharedreward_model-1_type-act_run-1_space-mni_single-echo_cnfds-tedana_unsmoothed_FIR.feat,103,5,sharedreward,1,single-echo,tedana,mni,NAcc,sr_decision_partner_extra,Computer-Stranger,6.0,18.07340743331544,43.970436096191406,4.845,108.44044459989266,112.48514315528766,4.044698555395007,25.253239411022456,43.970436096191406,4.845,101.01295764408982,21.981578949435203
/home/tug87422/scratch/smithlab-shared/night-owls/derivatives/fsl/sub-103/ses-05/L1_sub-103_ses-05_task-sharedreward_model-1_type-act_run-1_space-mni_single-echo_cnfds-tedana_unsmoothed_FIR.feat,103,5,sharedreward,1,single-echo,tedana,mni,NAcc,sr_outcome_primary,Reward-Neutral,6.0,2.775529146882157,51.463435888290405,4.845,16.65317488129294,92.05301839525855,75.3998435139656,6.870230186913307,51.463435888290405,4.845,27.48092074765323,7.519879157329123
/home/tug87422/scratch/smithlab-shared/night-owls/derivatives/fsl/sub-103/ses-05/L1_sub-103_ses-05_task-sharedreward_model-1_type-act_run-1_space-mni_single-echo_cnfds-tedana_unsmoothed_FIR.feat,103,5,sharedreward,1,single-echo,tedana,mni,NAcc,sr_outcome_primary,Punish-Neutral,6.0,23.405894802256697,80.75539016723633,4.845,140.43536881354018,161.39667497780485,20.96130616426468,16.940301376232878,80.75539016723633,4.845,67.76120550493151,13.865589392074488
/home/tug87422/scratch/smithlab-shared/night-owls/derivatives/fsl/sub-103/ses-05/L1_sub-103_ses-05_task-sharedreward_model-1_type-act_run-1_space-mni_single-echo_cnfds-tedana_unsmoothed_FIR.feat,103,5,sharedreward,1,single-echo,tedana,mni,NAcc,sr_outcome_primary,Reward-Punish,6.0,-20.63036565537454,-6.345710234745366,6.0,-123.78219393224724,0.0,123.78219393224724,-10.070071189319572,2.79305362701416,6.46,-40.28028475727829,-6.345710234745366
/home/tug87422/scratch/smithlab-shared/night-owls/derivatives/fsl/sub-103/ses-05/L1_sub-103_ses-05_task-sharedreward_model-1_type-act_run-2_space-mni_multi-echo_cnfds-fmriprep_unsmoothed_FIR.feat,103,5,sharedreward,2,multi-echo,fmriprep,mni,NAcc,sr_decision_partner_extra,Computer-Stranger,6.0,1.617582921314413,41.929955836789155,6.0,9.705497527886479,89.26694021420583,79.56144268631935,37.232683878104105,42.23987293243408,6.46,148.93073551241642,41.929955836789155
/home/tug87422/scratch/smithlab-shared/night-owls/derivatives/fsl/sub-103/ses-05/L1_sub-103_ses-05_task-sharedreward_model-1_type-act_run-2_space-mni_multi-echo_cnfds-fmriprep_unsmoothed_FIR.feat,103,5,sharedreward,2,multi-echo,fmriprep,mni,NAcc,sr_outcome_primary,Reward-Neutral,6.0,-0.4689188947311038,79.48326110839844,0.0,-2.813513368386623,132.0067019844055,134.82021535279216,-52.777266855186355,-1.1316210389506416,4.0,-211.10906742074542,-44.462782647218496
/home/tug87422/scratch/smithlab-shared/night-owls/derivatives/fsl/sub-103/ses-05/L1_sub-103_ses-05_task-sharedreward_model-1_type-act_run-2_space-mni_multi-echo_cnfds-fmriprep_unsmoothed_FIR.feat,103,5,sharedreward,2,multi-echo,fmriprep,mni,NAcc,sr_outcome_primary,Punish-Neutral,6.0,-24.360985848140917,48.562642097473145,0.0,-146.1659150888455,70.43186598062515,216.59778106947067,-70.97202599602957,-20.108149717466755,4.0,-283.8881039841183,-76.83762195752502
/home/tug87422/scratch/smithlab-shared/night-owls/derivatives/fsl/sub-103/ses-05/L1_sub-103_ses-05_task-sharedreward_model-1_type-act_run-2_space-mni_multi-echo_cnfds-fmriprep_unsmoothed_FIR.feat,103,5,sharedreward,2,multi-echo,fmriprep,mni,NAcc,sr_outcome_primary,Reward-Punish,6.0,23.89206695340981,32.37483931030651,6.0,143.35240172045886,143.35240172045886,0.0,18.194759140843203,39.32371520996094,6.46,72.77903656337281,32.37483931030651
/home/tug87422/scratch/smithlab-shared/night-owls/derivatives/fsl/sub-103/ses-05/L1_sub-103_ses-05_task-sharedreward_model-1_type-act_run-2_space-mni_multi-echo_cnfds-tedana_unsmoothed_FIR.feat,103,5,sharedreward,2,multi-echo,tedana,mni,NAcc,sr_decision_partner_extra,Computer-Stranger,6.0,11.28903517694773,53.5627520741324,6.0,67.73421106168638,98.44256025144469,30.7083491897583,44.100866166462104,62.62842655181885,6.46,176.40346466584842,53.5627520741324
/home/tug87422/scratch/smithlab-shared/night-owls/derivatives/fsl/sub-103/ses-05/L1_sub-103_ses-05_task-sharedreward_model-1_type-act_run-2_space-mni_multi-echo_cnfds-tedana_unsmoothed_FIR.feat,103,5,sharedreward,2,multi-echo,tedana,mni,NAcc,sr_outcome_primary,Reward-Neutral,6.0,-35.49421243222997,16.100958824157715,1.615,-212.96527459337983,36.39809545993805,249.3633700533179,-98.02859147372077,-67.3987765976519,4.0,-392.11436589488306,-87.29800971890381
/home/tug87422/scratch/smithlab-shared/night-owls/derivatives/fsl/sub-103/ses-05/L1_sub-103_ses-05_task-sharedreward_model-1_type-act_run-2_space-mni_multi-echo_cnfds-tedana_unsmoothed_FIR.feat,103,5,sharedreward,2,multi-echo,tedana,mni,NAcc,sr_outcome_primary,Punish-Neutral,6.0,-16.81520950596276,39.14139270782471,0.0,-100.89125703577656,60.01264968395233,160.90390671972887,-62.99779009401799,-43.87209740216518,4.0,-251.99116037607195,-57.11862665654704
/home/tug87422/scratch/smithlab-shared/night-owls/derivatives/fsl/sub-103/ses-05/L1_sub-103_ses-05_task-sharedreward_model-1_type-act_run-2_space-mni_multi-echo_cnfds-tedana_unsmoothed_FIR.feat,103,5,sharedreward,2,multi-echo,tedana,mni,NAcc,sr_outcome_primary,Reward-Punish,6.0,-18.679002926267216,-1.4878802299499512,1.615,-112.0740175576033,0.0,112.0740175576033,-35.03080137970278,-18.32417917251587,4.845,-140.12320551881112,-30.179383062356766
/home/tug87422/scratch/smithlab-shared/night-owls/derivatives/fsl/sub-103/ses-05/L1_sub-103_ses-05_task-sharedreward_model-1_type-act_run-2_space-mni_single-echo_cnfds-fmriprep_unsmoothed_FIR.feat,103,5,sharedreward,2,single-echo,fmriprep,mni,NAcc,sr_decision_partner_extra,Computer-Stranger,6.0,16.98246299476693,88.71718406677246,4.845,101.89477796860157,161.37684580870092,59.48206784009933,63.619043315960894,88.71718406677246,4.845,254.47617326384358,64.47995804411708
/home/tug87422/scratch/smithlab-shared/night-owls/derivatives/fsl/sub-103/ses-05/L1_sub-103_ses-05_task-sharedreward_model-1_type-act_run-2_space-mni_single-echo_cnfds-fmriprep_unsmoothed_FIR.feat,103,5,sharedreward,2,single-echo,fmriprep,mni,NAcc,sr_outcome_primary,Reward-Neutral,6.0,91.9625053121437,225.15564346313477,3.23,551.7750318728622,597.1677080392838,45.3926761664215,-4.307208923864469,146.92217816214074,4.0,-17.228835695457875,-78.60203665181211
/home/tug87422/scratch/smithlab-shared/night-owls/derivatives/fsl/sub-103/ses-05/L1_sub-103_ses-05_task-sharedreward_model-1_type-act_run-2_space-mni_single-echo_cnfds-fmriprep_unsmoothed_FIR.feat,103,5,sharedreward,2,single-echo,fmriprep,mni,NAcc,sr_outcome_primary,Punish-Neutral,6.0,62.15427474073457,202.3853416442871,3.23,372.92564844440744,481.58280616044993,108.65715771604253,-34.234846262632864,132.9874183194187,4.0,-136.93938505053146,-124.92167182898746
/home/tug87422/scratch/smithlab-shared/night-owls/derivatives/fsl/sub-103/ses-05/L1_sub-103_ses-05_task-sharedreward_model-1_type-act_run-2_space-mni_single-echo_cnfds-fmriprep_unsmoothed_FIR.feat,103,5,sharedreward,2,single-echo,fmriprep,mni,NAcc,sr_outcome_primary,Reward-Punish,6.0,29.80823057140913,60.219672203063965,0.0,178.8493834284548,178.8493834284548,0.0,29.9276373387684,63.07917642593384,6.46,119.7105493550736,46.319635177175336
/home/tug87422/scratch/smithlab-shared/night-owls/derivatives/fsl/sub-103/ses-05/L1_sub-103_ses-05_task-sharedreward_model-1_type-act_run-2_space-mni_single-echo_cnfds-tedana_unsmoothed_FIR.feat,103,5,sharedreward,2,single-echo,tedana,mni,NAcc,sr_decision_partner_extra,Computer-Stranger,6.0,17.8373408753338,41.16739559173584,4.845,107.02404525200281,119.62672113815697,12.602675886154168,24.223539578878192,41.16739559173584,4.845,96.89415831551277,32.02189143154274
/home/tug87422/scratch/smithlab-shared/night-owls/derivatives/fsl/sub-103/ses-05/L1_sub-103_ses-05_task-sharedreward_model-1_type-act_run-2_space-mni_single-echo_cnfds-tedana_unsmoothed_FIR.feat,103,5,sharedreward,2,single-echo,tedana,mni,NAcc,sr_outcome_primary,Reward-Neutral,6.0,-15.111815927118469,33.88791465759277,3.23,-90.67089556271081,99.48931040048598,190.1602059631968,-93.15879266793513,12.909528324847697,8.0,-372.6351706717405,-149.55140141584556
/home/tug87422/scratch/smithlab-shared/night-owls/derivatives/fsl/sub-103/ses-05/L1_sub-103_ses-05_task-sharedreward_model-1_type-act_run-2_space-mni_single-echo_cnfds-tedana_unsmoothed_FIR.feat,103,5,sharedreward,2,single-echo,tedana,mni,NAcc,sr_outcome_primary,Punish-Neutral,6.0,35.70181997604414,84.49442291259766,3.23,214.21091985626484,268.6479940867424,54.43707423047755,-32.74733649704478,54.97597285173266,8.0,-130.9893459881791,-94.2633320008269
/home/tug87422/scratch/smithlab-shared/night-owls/derivatives/fsl/sub-103/ses-05/L1_sub-103_ses-05_task-sharedreward_model-1_type-act_run-2_space-mni_single-echo_cnfds-tedana_unsmoothed_FIR.feat,103,5,sharedreward,2,single-echo,tedana,mni,NAcc,sr_outcome_primary,Reward-Punish,6.0,-50.813635903162606,-12.696354866027832,0.0,-304.88181541897563,0.0,304.88181541897563,-60.41145617089036,-39.56447982788086,6.46,-241.64582468356144,-55.28806941501865
/home/tug87422/scratch/smithlab-shared/night-owls/derivatives/fsl/sub-103/ses-06/L1_sub-103_ses-06_task-mid_model-1_type-act_run-1_space-mni_multi-echo_cnfds-fmriprep_unsmoothed_FIR.feat,103,6,mid,1,multi-echo,fmriprep,mni,NAcc,mid_anticipation_primary,Reward-Neutral,5.0,-11.283045093965603,0.8489780610559917,5.0,-56.415225469828016,0.06579579973183947,56.481021269559854,9.784958652280064,21.049184957894013,8.0,39.13983460912026,10.958537362308325
/home/tug87422/scratch/smithlab-shared/night-owls/derivatives/fsl/sub-103/ses-06/L1_sub-103_ses-06_task-mid_model-1_type-act_run-1_space-mni_multi-echo_cnfds-fmriprep_unsmoothed_FIR.feat,103,6,mid,1,multi-echo,fmriprep,mni,NAcc,mid_feedback_extra,Positive-Negative,6.0,17.51316054165056,68.66934606829665,6.0,105.07896324990335,142.8904624831492,37.81149923324585,54.82078471116421,73.69417190551758,6.46,219.28313884465683,68.66934606829665
/home/tug87422/scratch/smithlab-shared/night-owls/derivatives/fsl/sub-103/ses-06/L1_sub-103_ses-06_task-mid_model-1_type-act_run-1_space-mni_multi-echo_cnfds-tedana_unsmoothed_FIR.feat,103,6,mid,1,multi-echo,tedana,mni,NAcc,mid_anticipation_primary,Reward-Neutral,5.0,-6.4211896621905975,2.0689468383789062,1.615,-32.10594831095299,3.3413491439819336,35.447297454934926,3.4217001508016005,16.428695207778883,8.0,13.686800603206402,5.949315643901059
/home/tug87422/scratch/smithlab-shared/night-owls/derivatives/fsl/sub-103/ses-06/L1_sub-103_ses-06_task-mid_model-1_type-act_run-1_space-mni_multi-echo_cnfds-tedana_unsmoothed_FIR.feat,103,6,mid,1,multi-echo,tedana,mni,NAcc,mid_feedback_extra,Positive-Negative,6.0,23.67624590953868,50.599761962890625,4.845,142.05747545723207,142.05747545723207,0.0,37.60805006598541,50.599761962890625,4.845,150.43220026394164,42.75339919051888
/home/tug87422/scratch/smithlab-shared/night-owls/derivatives/fsl/sub-103/ses-06/L1_sub-103_ses-06_task-mid_model-1_type-act_run-1_space-mni_single-echo_cnfds-fmriprep_unsmoothed_FIR.feat,103,6,mid,1,single-echo,fmriprep,mni,NAcc,mid_anticipation_primary,Reward-Neutral,5.0,-8.41781074904768,13.56038236618042,0.0,-42.0890537452384,20.29146657410421,62.38052031934261,28.839439303952474,46.527475357055664,6.46,115.3577572158099,35.95777561790065
/home/tug87422/scratch/smithlab-shared/night-owls/derivatives/fsl/sub-103/ses-06/L1_sub-103_ses-06_task-mid_model-1_type-act_run-1_space-mni_single-echo_cnfds-fmriprep_unsmoothed_FIR.feat,103,6,mid,1,single-echo,fmriprep,mni,NAcc,mid_feedback_extra,Positive-Negative,6.0,7.411791249868549,50.55238139740085,6.0,44.47074749921129,96.91655471776292,52.445807218551636,43.2347427520405,57.97925853729248,6.46,172.938971008162,50.55238139740085
/home/tug87422/scratch/smithlab-shared/night-owls/derivatives/fsl/sub-103/ses-06/L1_sub-103_ses-06_task-mid_model-1_type-act_run-1_space-mni_single-echo_cnfds-tedana_unsmoothed_FIR.feat,103,6,mid,1,single-echo,tedana,mni,NAcc,mid_anticipation_primary,Reward-Neutral,5.0,2.380044997075024,14.24036957235898,5.0,11.900224985375122,19.666162418617926,7.765937433242803,31.624903639337226,53.759965896606445,6.46,126.4996145573489,41.308586232802455
/home/tug87422/scratch/smithlab-shared/night-owls/derivatives/fsl/sub-103/ses-06/L1_sub-103_ses-06_task-mid_model-1_type-act_run-1_space-mni_single-echo_cnfds-tedana_unsmoothed_FIR.feat,103,6,mid,1,single-echo,tedana,mni,NAcc,mid_feedback_extra,Positive-Negative,6.0,18.786191354898964,37.149553298950195,4.845,112.71714812939379,122.30134056751942,9.58419243812561,27.476023074171675,37.149553298950195,4.845,109.9040922966867,24.92147226156465
/home/tug87422/scratch/smithlab-shared/night-owls/derivatives/fsl/sub-103/ses-06/L1_sub-103_ses-06_task-mid_model-1_type-act_run-2_space-mni_multi-echo_cnfds-fmriprep_unsmoothed_FIR.feat,103,6,mid,2,multi-echo,fmriprep,mni,NAcc,mid_anticipation_primary,Reward-Neutral,5.0,32.78901737649748,84.32468223571777,3.23,163.9450868824874,183.6292168895905,19.684130007103086,49.10971207780712,61.457440392889836,4.0,196.43884831122847,49.61089930150531
/home/tug87422/scratch/smithlab-shared/night-owls/derivatives/fsl/sub-103/ses-06/L1_sub-103_ses-06_task-mid_model-1_type-act_run-2_space-mni_multi-echo_cnfds-fmriprep_unsmoothed_FIR.feat,103,6,mid,2,multi-echo,fmriprep,mni,NAcc,mid_feedback_extra,Positive-Negative,6.0,-13.32282241265348,2.7353973388671893,3.23,-79.93693447592088,4.417666702270511,84.35460117819139,-18.15156639341046,-9.096758275578265,4.0,-72.60626557364183,-21.55628445864462
/home/tug87422/scratch/smithlab-shared/night-owls/derivatives/fsl/sub-103/ses-06/L1_sub-103_ses-06_task-mid_model-1_type-act_run-2_space-mni_multi-echo_cnfds-tedana_unsmoothed_FIR.feat,103,6,mid,2,multi-echo,tedana,mni,NAcc,mid_anticipation_primary,Reward-Neutral,5.0,63.56396389481231,128.47496223449707,3.23,317.81981947406155,319.45371291144716,1.6338934373855591,69.0288162908973,89.72848553997075,4.0,276.1152651635892,70.16196440174114
/home/tug87422/scratch/smithlab-shared/night-owls/derivatives/fsl/sub-103/ses-06/L1_sub-103_ses-06_task-mid_model-1_type-act_run-2_space-mni_multi-echo_cnfds-tedana_unsmoothed_FIR.feat,103,6,mid,2,multi-echo,tedana,mni,NAcc,mid_feedback_extra,Positive-Negative,6.0,-33.85538707128911,19.079101356928565,6.0,-203.13232242773466,11.018181033626249,214.1505034613609,1.9406837366934235,36.72472822666168,6.46,7.762734946773694,19.079101356928565
/home/tug87422/scratch/smithlab-shared/night-owls/derivatives/fsl/sub-103/ses-06/L1_sub-103_ses-06_task-mid_model-1_type-act_run-2_space-mni_single-echo_cnfds-fmriprep_unsmoothed_FIR.feat,103,6,mid,2,single-echo,fmriprep,mni,NAcc,mid_anticipation_primary,Reward-Neutral,5.0,34.651589086292546,76.4925318030012,5.0,173.25794543146273,181.67682331052728,8.41887787906453,79.07247873162521,98.87577056884766,6.46,316.28991492650084,91.82351725906041
/home/tug87422/scratch/smithlab-shared/night-owls/derivatives/fsl/sub-103/ses-06/L1_sub-103_ses-06_task-mid_model-1_type-act_run-2_space-mni_single-echo_cnfds-fmriprep_unsmoothed_FIR.feat,103,6,mid,2,single-echo,fmriprep,mni,NAcc,mid_feedback_extra,Positive-Negative,6.0,22.376952122710026,54.96745491027832,1.615,134.26171273626017,160.12175382732974,25.86004109106958,17.329083741579446,35.95281982421875,6.46,69.31633496631778,26.12797092874722
/home/tug87422/scratch/smithlab-shared/night-owls/derivatives/fsl/sub-103/ses-06/L1_sub-103_ses-06_task-mid_model-1_type-act_run-2_space-mni_single-echo_cnfds-tedana_unsmoothed_FIR.feat,103,6,mid,2,single-echo,tedana,mni,NAcc,mid_anticipation_primary,Reward-Neutral,5.0,41.598221987972316,73.79905939102173,3.23,207.9911099398616,208.34604496245413,0.35493502259254456,88.00542980372444,118.47597122192383,6.46,352.02171921489776,102.6923427404634
/home/tug87422/scratch/smithlab-shared/night-owls/derivatives/fsl/sub-103/ses-06/L1_sub-103_ses-06_task-mid_model-1_type-act_run-2_space-mni_single-echo_cnfds-tedana_unsmoothed_FIR.feat,103,6,mid,2,single-echo,tedana,mni,NAcc,mid_feedback_extra,Positive-Negative,6.0,8.220684633891343,52.22896907794587,6.0,49.324107803348056,98.39696382010317,49.0728560167551,26.662825625002746,76.65814971923828,6.46,106.65130250001098,52.22896907794587
/home/tug87422/scratch/smithlab-shared/night-owls/derivatives/fsl/sub-103/ses-06/L1_sub-103_ses-06_task-sharedreward_model-1_type-act_run-1_space-mni_multi-echo_cnfds-fmriprep_unsmoothed_FIR.feat,103,6,sharedreward,1,multi-echo,fmriprep,mni,NAcc,sr_decision_partner_extra,Computer-Stranger,6.0,15.508727303115949,63.198157762226316,6.0,93.0523638186957,125.88597289424197,32.83360907554626,51.22022997924603,84.55330276489258,6.46,204.8809199169841,63.198157762226316
/home/tug87422/scratch/smithlab-shared/night-owls/derivatives/fsl/sub-103/ses-06/L1_sub-103_ses-06_task-sharedreward_model-1_type-act_run-1_space-mni_multi-echo_cnfds-fmriprep_unsmoothed_FIR.feat,103,6,sharedreward,1,multi-echo,fmriprep,mni,NAcc,sr_outcome_primary,Reward-Neutral,6.0,16.421028062252958,78.20864677429199,3.23,98.52616837351775,162.18847132294633,63.66230294942855,50.05139504074498,138.69909536580187,8.0,200.2055801629799,42.437011231578914
/home/tug87422/scratch/smithlab-shared/night-owls/derivatives/fsl/sub-103/ses-06/L1_sub-103_ses-06_task-sharedreward_model-1_type-act_run-1_space-mni_multi-echo_cnfds-fmriprep_unsmoothed_FIR.feat,103,6,sharedreward,1,multi-echo,fmriprep,mni,NAcc,sr_outcome_primary,Punish-Neutral,6.0,15.44864585994828,28.465585708618164,0.0,92.69187515968969,94.00373635619879,1.3118611965090883,29.107964395679573,140.30469956412782,8.0,116.4318575827183,-2.271621119496256
/home/tug87422/scratch/smithlab-shared/night-owls/derivatives/fsl/sub-103/ses-06/L1_sub-103_ses-06_task-sharedreward_model-1_type-act_run-1_space-mni_multi-echo_cnfds-fmriprep_unsmoothed_FIR.feat,103,6,sharedreward,1,multi-echo,fmriprep,mni,NAcc,sr_outcome_primary,Reward-Punish,6.0,0.9723822023046772,58.94908905029297,3.23,5.834293213828063,121.02201399896906,115.18772078514098,20.943430645065405,75.72372722625732,6.46,83.77372258026162,44.708632351075174
/home/tug87422/scratch/smithlab-shared/night-owls/derivatives/fsl/sub-103/ses-06/L1_sub-103_ses-06_task-sharedreward_model-1_type-act_run-1_space-mni_multi-echo_cnfds-tedana_unsmoothed_FIR.feat,103,6,sharedreward,1,multi-echo,tedana,mni,NAcc,sr_decision_partner_extra,Computer-Stranger,6.0,16.9774385051886,49.164188385009766,3.23,101.86463103113161,130.90986833748804,29.04523730635643,40.46398880212115,67.36207675933838,6.46,161.8559552084846,48.99290665605859
/home/tug87422/scratch/smithlab-shared/night-owls/derivatives/fsl/sub-103/ses-06/L1_sub-103_ses-06_task-sharedreward_model-1_type-act_run-1_space-mni_multi-echo_cnfds-tedana_unsmoothed_FIR.feat,103,6,sharedreward,1,multi-echo,tedana,mni,NAcc,sr_outcome_primary,Reward-Neutral,6.0,9.060004827897492,70.25463104248047,3.23,54.360028967384956,158.01602718306032,103.65599821567534,46.445040348598475,165.96531300500456,8.0,185.7801613943939,34.38854151392131
/home/tug87422/scratch/smithlab-shared/night-owls/derivatives/fsl/sub-103/ses-06/L1_sub-103_ses-06_task-sharedreward_model-1_type-act_run-1_space-mni_multi-echo_cnfds-tedana_unsmoothed_FIR.feat,103,6,sharedreward,1,multi-echo,tedana,mni,NAcc,sr_outcome_primary,Punish-Neutral,6.0,16.608943603074923,48.453192710876465,1.615,99.65366161844955,124.11307840845811,24.459416790008547,32.486292495471744,174.5153769461364,8.0,129.94516998188698,2.712771659665067
/home/tug87422/scratch/smithlab-shared/night-owls/derivatives/fsl/sub-103/ses-06/L1_sub-103_ses-06_task-sharedreward_model-1_type-act_run-1_space-mni_multi-echo_cnfds-tedana_unsmoothed_FIR.feat,103,6,sharedreward,1,multi-echo,tedana,mni,NAcc,sr_outcome_primary,Reward-Punish,6.0,-7.548938775177432,53.206024169921875,3.23,-45.29363265106459,104.22048612525683,149.5141187763214,13.958747853126733,53.81818449497223,6.46,55.83499141250693,31.67576985425625
/home/tug87422/scratch/smithlab-shared/night-owls/derivatives/fsl/sub-103/ses-06/L1_sub-103_ses-06_task-sharedreward_model-1_type-act_run-1_space-mni_single-echo_cnfds-fmriprep_unsmoothed_FIR.feat,103,6,sharedreward,1,single-echo,fmriprep,mni,NAcc,sr_decision_partner_extra,Computer-Stranger,6.0,-23.353135347520723,14.955438985913162,6.0,-140.11881208512435,26.474573593405378,166.59338567852973,-10.861024354703662,44.535560607910156,6.46,-43.44409741881465,14.955438985913162
/home/tug87422/scratch/smithlab-shared/night-owls/derivatives/fsl/sub-103/ses-06/L1_sub-103_ses-06_task-sharedreward_model-1_type-act_run-1_space-mni_single-echo_cnfds-fmriprep_unsmoothed_FIR.feat,103,6,sharedreward,1,single-echo,fmriprep,mni,NAcc,sr_outcome_primary,Reward-Neutral,6.0,28.864950871188636,107.25908279418945,3.23,173.1897052271318,222.09527623009203,48.9055710029602,65.71458296919155,158.4165950256974,8.0,262.8583318767662,59.6311179809157
/home/tug87422/scratch/smithlab-shared/night-owls/derivatives/fsl/sub-103/ses-06/L1_sub-103_ses-06_task-sharedreward_model-1_type-act_run-1_space-mni_single-echo_cnfds-fmriprep_unsmoothed_FIR.feat,103,6,sharedreward,1,single-echo,fmriprep,mni,NAcc,sr_outcome_primary,Punish-Neutral,6.0,43.117313990667384,105.30537748336792,0.0,258.7038839440043,270.5500937253237,11.846209781319374,29.029497865434553,135.76307477818193,8.0,116.11799146173821,-20.512917370249994
/home/tug87422/scratch/smithlab-shared/night-owls/derivatives/fsl/sub-103/ses-06/L1_sub-103_ses-06_task-sharedreward_model-1_type-act_run-1_space-mni_single-echo_cnfds-fmriprep_unsmoothed_FIR.feat,103,6,sharedreward,1,single-echo,fmriprep,mni,NAcc,sr_outcome_primary,Reward-Punish,6.0,-14.252363119478746,80.14403535116571,6.0,-85.51417871687248,135.11981631305383,220.6339950299263,36.685085103757004,141.63752365112305,6.46,146.74034041502802,80.14403535116571
/home/tug87422/scratch/smithlab-shared/night-owls/derivatives/fsl/sub-103/ses-06/L1_sub-103_ses-06_task-sharedreward_model-1_type-act_run-1_space-mni_single-echo_cnfds-tedana_unsmoothed_FIR.feat,103,6,sharedreward,1,single-echo,tedana,mni,NAcc,sr_decision_partner_extra,Computer-Stranger,6.0,-21.849780343818193,38.09402847290039,3.23,-131.09868206290915,62.933921525493126,194.03260358840228,-20.56689650383712,28.319571495056152,6.46,-82.26758601534848,2.4451351372450194
/home/tug87422/scratch/smithlab-shared/night-owls/derivatives/fsl/sub-103/ses-06/L1_sub-103_ses-06_task-sharedreward_model-1_type-act_run-1_space-mni_single-echo_cnfds-tedana_unsmoothed_FIR.feat,103,6,sharedreward,1,single-echo,tedana,mni,NAcc,sr_outcome_primary,Reward-Neutral,6.0,-1.7206445837186954,77.54984474182129,3.23,-10.323867502312172,131.32882628073264,141.6526937830448,32.744104306860244,174.9433844894079,8.0,130.97641722744098,10.538228610720806
/home/tug87422/scratch/smithlab-shared/night-owls/derivatives/fsl/sub-103/ses-06/L1_sub-103_ses-06_task-sharedreward_model-1_type-act_run-1_space-mni_single-echo_cnfds-tedana_unsmoothed_FIR.feat,103,6,sharedreward,1,single-echo,tedana,mni,NAcc,sr_outcome_primary,Punish-Neutral,6.0,22.375886028615067,75.90001773834229,0.0,134.2553161716904,159.3053749370575,25.050058765367098,10.757768523325879,145.9253742466033,8.0,43.031074093303516,-43.37672513483479
/home/tug87422/scratch/smithlab-shared/night-owls/derivatives/fsl/sub-103/ses-06/L1_sub-103_ses-06_task-sharedreward_model-1_type-act_run-1_space-mni_single-echo_cnfds-tedana_unsmoothed_FIR.feat,103,6,sharedreward,1,single-echo,tedana,mni,NAcc,sr_outcome_primary,Reward-Punish,6.0,-24.096530612333765,53.91495374555559,6.0,-144.5791836740026,109.85964741334827,254.43883108735088,21.986335783534372,107.17188835144043,6.46,87.94534313413749,53.91495374555559
/home/tug87422/scratch/smithlab-shared/night-owls/derivatives/fsl/sub-103/ses-06/L1_sub-103_ses-06_task-sharedreward_model-1_type-act_run-2_space-mni_multi-echo_cnfds-fmriprep_unsmoothed_FIR.feat,103,6,sharedreward,2,multi-echo,fmriprep,mni,NAcc,sr_decision_partner_extra,Computer-Stranger,6.0,-11.390056297926712,19.63873291015625,3.23,-68.34033778756027,31.71655364990234,100.05689143746261,-38.99984688473929,-1.8820058391559267,4.0,-155.99938753895717,-40.53178911238632
/home/tug87422/scratch/smithlab-shared/night-owls/derivatives/fsl/sub-103/ses-06/L1_sub-103_ses-06_task-sharedreward_model-1_type-act_run-2_space-mni_multi-echo_cnfds-fmriprep_unsmoothed_FIR.feat,103,6,sharedreward,2,multi-echo,fmriprep,mni,NAcc,sr_outcome_primary,Reward-Neutral,6.0,-75.45528769121388,-32.772850036621094,0.0,-452.7317261472833,0.0,452.7317261472833,-55.96587993777712,-47.055354646853985,8.0,-223.86351975110847,-52.7863912670974
/home/tug87422/scratch/smithlab-shared/night-owls/derivatives/fsl/sub-103/ses-06/L1_sub-103_ses-06_task-sharedreward_model-1_type-act_run-2_space-mni_multi-echo_cnfds-fmriprep_unsmoothed_FIR.feat,103,6,sharedreward,2,multi-echo,fmriprep,mni,NAcc,sr_outcome_primary,Punish-Neutral,6.0,-19.112500354604578,48.2775821685791,0.0,-114.67500212762747,38.984147601127624,153.6591497287551,-46.932759798604174,-15.494811534881592,4.845,-187.7310391944167,-60.2362624366217
/home/tug87422/scratch/smithlab-shared/night-owls/derivatives/fsl/sub-103/ses-06/L1_sub-103_ses-06_task-sharedreward_model-1_type-act_run-2_space-mni_multi-echo_cnfds-fmriprep_unsmoothed_FIR.feat,103,6,sharedreward,2,multi-echo,fmriprep,mni,NAcc,sr_outcome_primary,Reward-Punish,6.0,-56.3427873366093,7.449871169524304,6.0,-338.0567240196558,4.302300600400287,342.3590246200561,-9.03312013917294,30.608272552490234,6.46,-36.13248055669176,7.449871169524304
/home/tug87422/scratch/smithlab-shared/night-owls/derivatives/fsl/sub-103/ses-06/L1_sub-103_ses-06_task-sharedreward_model-1_type-act_run-2_space-mni_multi-echo_cnfds-tedana_unsmoothed_FIR.feat,103,6,sharedreward,2,multi-echo,tedana,mni,NAcc,sr_decision_partner_extra,Computer-Stranger,6.0,-21.428078444145537,-12.570225715637209,1.615,-128.56847066487322,0.0,128.56847066487322,-65.91949997927014,-18.77584745271287,4.0,-263.67799991708057,-67.81202578175548
/home/tug87422/scratch/smithlab-shared/night-owls/derivatives/fsl/sub-103/ses-06/L1_sub-103_ses-06_task-sharedreward_model-1_type-act_run-2_space-mni_multi-echo_cnfds-tedana_unsmoothed_FIR.feat,103,6,sharedreward,2,multi-echo,tedana,mni,NAcc,sr_outcome_primary,Reward-Neutral,6.0,-47.43092091078483,8.09832763671875,0.0,-284.58552546470895,6.539399566650391,291.12492503135934,-35.80897189842288,-1.420587592818769,8.0,-143.23588759369153,-42.47282796452289
/home/tug87422/scratch/smithlab-shared/night-owls/derivatives/fsl/sub-103/ses-06/L1_sub-103_ses-06_task-sharedreward_model-1_type-act_run-2_space-mni_multi-echo_cnfds-tedana_unsmoothed_FIR.feat,103,6,sharedreward,2,multi-echo,tedana,mni,NAcc,sr_outcome_primary,Punish-Neutral,6.0,-14.561856767134772,46.47041320800781,0.0,-87.37114060280864,37.52485866546631,124.89599926827495,-52.54784647394628,-12.474106059354858,8.0,-210.19138589578512,-74.42645475665114
/home/tug87422/scratch/smithlab-shared/night-owls/derivatives/fsl/sub-103/ses-06/L1_sub-103_ses-06_task-sharedreward_model-1_type-act_run-2_space-mni_multi-echo_cnfds-tedana_unsmoothed_FIR.feat,103,6,sharedreward,2,multi-echo,tedana,mni,NAcc,sr_outcome_primary,Reward-Punish,6.0,-32.86906414365006,31.953626792128244,6.0,-197.21438486190036,18.453219472454066,215.66760433435442,16.738874575523397,47.095947265625,6.46,66.95549830209359,31.953626792128244
/home/tug87422/scratch/smithlab-shared/night-owls/derivatives/fsl/sub-103/ses-06/L1_sub-103_ses-06_task-sharedreward_model-1_type-act_run-2_space-mni_single-echo_cnfds-fmriprep_unsmoothed_FIR.feat,103,6,sharedreward,2,single-echo,fmriprep,mni,NAcc,sr_decision_partner_extra,Computer-Stranger,6.0,16.291747658633184,94.7810415025835,6.0,97.7504859517991,165.0143419206991,67.26385596890003,84.18615020105713,111.13916778564453,6.46,336.7446008042285,94.7810415025835
/home/tug87422/scratch/smithlab-shared/night-owls/derivatives/fsl/sub-103/ses-06/L1_sub-103_ses-06_task-sharedreward_model-1_type-act_run-2_space-mni_single-echo_cnfds-fmriprep_unsmoothed_FIR.feat,103,6,sharedreward,2,single-echo,fmriprep,mni,NAcc,sr_outcome_primary,Reward-Neutral,6.0,-51.241107025928954,-14.981715680460441,6.0,-307.4466421555737,0.0,307.4466421555737,-25.601183861232894,-7.795190811157227,6.46,-102.40473544493157,-14.981715680460441
/home/tug87422/scratch/smithlab-shared/night-owls/derivatives/fsl/sub-103/ses-06/L1_sub-103_ses-06_task-sharedreward_model-1_type-act_run-2_space-mni_single-echo_cnfds-fmriprep_unsmoothed_FIR.feat,103,6,sharedreward,2,single-echo,fmriprep,mni,NAcc,sr_outcome_primary,Punish-Neutral,6.0,-39.63839119158785,1.2233257293701172,0.0,-237.8303471495271,0.9878355264663696,238.81818267599348,-32.030556492598805,-2.489444732666019,4.845,-128.12222597039522,-33.38569615130824
/home/tug87422/scratch/smithlab-shared/night-owls/derivatives/fsl/sub-103/ses-06/L1_sub-103_ses-06_task-sharedreward_model-1_type-act_run-2_space-mni_single-echo_cnfds-fmriprep_unsmoothed_FIR.feat,103,6,sharedreward,2,single-echo,fmriprep,mni,NAcc,sr_outcome_primary,Reward-Punish,6.0,-11.602715834341097,18.40398047084779,6.0,-69.61629500604658,35.29880157053979,104.91509657658636,6.4293726313659105,37.89550590515137,6.46,25.717490525463642,18.40398047084779
/home/tug87422/scratch/smithlab-shared/night-owls/derivatives/fsl/sub-103/ses-06/L1_sub-103_ses-06_task-sharedreward_model-1_type-act_run-2_space-mni_single-echo_cnfds-tedana_unsmoothed_FIR.feat,103,6,sharedreward,2,single-echo,tedana,mni,NAcc,sr_decision_partner_extra,Computer-Stranger,6.0,17.171563055126743,63.82838949608983,6.0,103.02937833076045,118.05558382993266,15.02620549917221,58.90007143905803,68.33678872324526,6.46,235.60028575623213,63.82838949608983
/home/tug87422/scratch/smithlab-shared/night-owls/derivatives/fsl/sub-103/ses-06/L1_sub-103_ses-06_task-sharedreward_model-1_type-act_run-2_space-mni_single-echo_cnfds-tedana_unsmoothed_FIR.feat,103,6,sharedreward,2,single-echo,tedana,mni,NAcc,sr_outcome_primary,Reward-Neutral,6.0,-27.754198695395687,28.20374631881714,0.0,-166.52519217237412,31.562510001216513,198.08770217359066,5.392488939633402,25.649724006652832,6.46,21.56995575853361,15.21728978142281
/home/tug87422/scratch/smithlab-shared/night-owls/derivatives/fsl/sub-103/ses-06/L1_sub-103_ses-06_task-sharedreward_model-1_type-act_run-2_space-mni_single-echo_cnfds-tedana_unsmoothed_FIR.feat,103,6,sharedreward,2,single-echo,tedana,mni,NAcc,sr_outcome_primary,Punish-Neutral,6.0,-38.01615655265879,6.502266407012938,0.0,-228.09693931595274,5.250580123662947,233.34751943961572,-41.58705104036735,-26.239558004373354,8.0,-166.3482041614694,-49.78050194288555
/home/tug87422/scratch/smithlab-shared/night-owls/derivatives/fsl/sub-103/ses-06/L1_sub-103_ses-06_task-sharedreward_model-1_type-act_run-2_space-mni_single-echo_cnfds-tedana_unsmoothed_FIR.feat,103,6,sharedreward,2,single-echo,tedana,mni,NAcc,sr_outcome_primary,Reward-Punish,6.0,10.261957857263102,64.99779172430836,6.0,61.57174714357861,121.31142924339778,59.739682099819184,46.97953998000075,81.80665302276611,6.46,187.918159920003,64.99779172430836
/home/tug87422/scratch/smithlab-shared/night-owls/derivatives/fsl/sub-103/ses-07/L1_sub-103_ses-07_task-mid_model-1_type-act_run-1_space-mni_multi-echo_cnfds-fmriprep_unsmoothed_FIR.feat,103,7,mid,1,multi-echo,fmriprep,mni,NAcc,mid_anticipation_primary,Reward-Neutral,5.0,79.61419747780832,155.6090475737864,5.0,398.0709873890416,398.0709873890416,0.0,152.00494672161136,164.35655212402344,6.46,608.0197868864454,161.6004890465515
/home/tug87422/scratch/smithlab-shared/night-owls/derivatives/fsl/sub-103/ses-07/L1_sub-103_ses-07_task-mid_model-1_type-act_run-1_space-mni_multi-echo_cnfds-fmriprep_unsmoothed_FIR.feat,103,7,mid,1,multi-echo,fmriprep,mni,NAcc,mid_feedback_extra,Positive-Negative,6.0,-0.06349728435954442,45.10721057930229,6.0,-0.3809837061572665,31.093710841495934,31.4746945476532,28.773892459990712,64.84740614891052,6.46,115.09556983996285,45.10721057930229
/home/tug87422/scratch/smithlab-shared/night-owls/derivatives/fsl/sub-103/ses-07/L1_sub-103_ses-07_task-mid_model-1_type-act_run-1_space-mni_multi-echo_cnfds-tedana_unsmoothed_FIR.feat,103,7,mid,1,multi-echo,tedana,mni,NAcc,mid_anticipation_primary,Reward-Neutral,5.0,76.77191416491296,152.3284879276996,5.0,383.8595708245648,383.8595708245648,0.0,151.71230555904907,171.6172866821289,6.46,606.8492222361963,165.53999392388405
/home/tug87422/scratch/smithlab-shared/night-owls/derivatives/fsl/sub-103/ses-07/L1_sub-103_ses-07_task-mid_model-1_type-act_run-1_space-mni_multi-echo_cnfds-tedana_unsmoothed_FIR.feat,103,7,mid,1,multi-echo,tedana,mni,NAcc,mid_feedback_extra,Positive-Negative,6.0,-0.6099839670173394,45.053139807639106,6.0,-3.6599038021040364,41.56701745110031,45.226921253204345,27.705693127547992,65.49030685424805,6.46,110.82277251019197,45.053139807639106
/home/tug87422/scratch/smithlab-shared/night-owls/derivatives/fsl/sub-103/ses-07/L1_sub-103_ses-07_task-mid_model-1_type-act_run-1_space-mni_single-echo_cnfds-fmriprep_unsmoothed_FIR.feat,103,7,mid,1,single-echo,fmriprep,mni,NAcc,mid_anticipation_primary,Reward-Neutral,5.0,26.52928648331881,77.32249069213867,4.845,132.64643241659405,158.09996443644764,25.453532019853593,54.50281412971462,77.32249069213867,4.845,218.0112565188585,50.553297279050845
/home/tug87422/scratch/smithlab-shared/night-owls/derivatives/fsl/sub-103/ses-07/L1_sub-103_ses-07_task-mid_model-1_type-act_run-1_space-mni_single-echo_cnfds-fmriprep_unsmoothed_FIR.feat,103,7,mid,1,single-echo,fmriprep,mni,NAcc,mid_feedback_extra,Positive-Negative,6.0,15.483782531932627,33.53799891471863,4.845,92.90269519159577,92.90269519159577,0.0,22.936015098038425,33.53799891471863,4.845,91.7440603921537,30.485899400046737
/home/tug87422/scratch/smithlab-shared/night-owls/derivatives/fsl/sub-103/ses-07/L1_sub-103_ses-07_task-mid_model-1_type-act_run-1_space-mni_single-echo_cnfds-tedana_unsmoothed_FIR.feat,103,7,mid,1,single-echo,tedana,mni,NAcc,mid_anticipation_primary,Reward-Neutral,5.0,24.585070012658743,59.09304976463318,4.845,122.92535006329372,146.26980375572995,23.34445369243622,38.75889563983623,59.09304976463318,4.845,155.03558255934493,35.867592720055356
/home/tug87422/scratch/smithlab-shared/night-owls/derivatives/fsl/sub-103/ses-07/L1_sub-103_ses-07_task-mid_model-1_type-act_run-1_space-mni_single-echo_cnfds-tedana_unsmoothed_FIR.feat,103,7,mid,1,single-echo,tedana,mni,NAcc,mid_feedback_extra,Positive-Negative,6.0,16.880621050478137,35.18289848304016,6.0,101.28372630286881,101.28372630286881,0.0,23.26218695313015,40.04102897644043,6.46,93.0487478125206,35.18289848304016
/home/tug87422/scratch/smithlab-shared/night-owls/derivatives/fsl/sub-103/ses-07/L1_sub-103_ses-07_task-mid_model-1_type-act_run-2_space-mni_multi-echo_cnfds-fmriprep_unsmoothed_FIR.feat,103,7,mid,2,multi-echo,fmriprep,mni,NAcc,mid_anticipation_primary,Reward-Neutral,5.0,-6.065953611892259,9.784470081329346,0.0,-30.329768059461294,17.901051385402678,48.230819444863975,-14.76181098822308,5.4735751561705275,8.0,-59.04724395289232,-20.406111778120508
/home/tug87422/scratch/smithlab-shared/night-owls/derivatives/fsl/sub-103/ses-07/L1_sub-103_ses-07_task-mid_model-1_type-act_run-2_space-mni_multi-echo_cnfds-fmriprep_unsmoothed_FIR.feat,103,7,mid,2,multi-echo,fmriprep,mni,NAcc,mid_feedback_extra,Positive-Negative,6.0,-17.420064007891465,26.662557005882263,1.615,-104.5203840473488,43.06002956449986,147.58041361184866,-4.817583780068174,39.943724106708935,8.0,-19.270335120272694,-7.003231969780227
/home/tug87422/scratch/smithlab-shared/night-owls/derivatives/fsl/sub-103/ses-07/L1_sub-103_ses-07_task-mid_model-1_type-act_run-2_space-mni_multi-echo_cnfds-tedana_unsmoothed_FIR.feat,103,7,mid,2,multi-echo,tedana,mni,NAcc,mid_anticipation_primary,Reward-Neutral,5.0,-5.566441007233812,15.067838907241821,3.23,-27.83220503616906,28.94172885417938,56.77393389034844,-12.268326112833044,10.246975073135317,8.0,-49.07330445133218,-17.563147797673107
/home/tug87422/scratch/smithlab-shared/night-owls/derivatives/fsl/sub-103/ses-07/L1_sub-103_ses-07_task-mid_model-1_type-act_run-2_space-mni_multi-echo_cnfds-tedana_unsmoothed_FIR.feat,103,7,mid,2,multi-echo,tedana,mni,NAcc,mid_feedback_extra,Positive-Negative,6.0,-14.139082596622506,34.69605731964111,1.615,-84.83449557973503,56.0341325712204,140.86862815095543,-5.146360000132034,35.17846147047109,8.0,-20.585440000528138,-7.498907635455528
/home/tug87422/scratch/smithlab-shared/night-owls/derivatives/fsl/sub-103/ses-07/L1_sub-103_ses-07_task-mid_model-1_type-act_run-2_space-mni_single-echo_cnfds-fmriprep_unsmoothed_FIR.feat,103,7,mid,2,single-echo,fmriprep,mni,NAcc,mid_anticipation_primary,Reward-Neutral,5.0,-13.466929610673855,6.94104528427124,0.0,-67.33464805336928,5.604894067049027,72.93954212041831,-9.025610524590356,3.9687500000000018,6.46,-36.10244209836142,-2.7922596119505685
/home/tug87422/scratch/smithlab-shared/night-owls/derivatives/fsl/sub-103/ses-07/L1_sub-103_ses-07_task-mid_model-1_type-act_run-2_space-mni_single-echo_cnfds-fmriprep_unsmoothed_FIR.feat,103,7,mid,2,single-echo,fmriprep,mni,NAcc,mid_feedback_extra,Positive-Negative,6.0,-22.57192085993456,6.213489294052124,0.0,-135.43152515960736,5.01739260494709,140.44891776455444,-13.73707880436082,20.152954184233973,8.0,-54.94831521744328,-19.69935459101532
/home/tug87422/scratch/smithlab-shared/night-owls/derivatives/fsl/sub-103/ses-07/L1_sub-103_ses-07_task-mid_model-1_type-act_run-2_space-mni_single-echo_cnfds-tedana_unsmoothed_FIR.feat,103,7,mid,2,single-echo,tedana,mni,NAcc,mid_anticipation_primary,Reward-Neutral,5.0,-12.986600432471041,4.947452545166014,0.0,-64.93300216235521,3.9950679302215564,68.92807009257676,-10.849188593894407,5.820280075073242,6.46,-43.39675437557763,-3.309263347472198
/home/tug87422/scratch/smithlab-shared/night-owls/derivatives/fsl/sub-103/ses-07/L1_sub-103_ses-07_task-mid_model-1_type-act_run-2_space-mni_single-echo_cnfds-tedana_unsmoothed_FIR.feat,103,7,mid,2,single-echo,tedana,mni,NAcc,mid_feedback_extra,Positive-Negative,6.0,-19.365072068103633,-5.007514953613278,3.23,-116.19043240862179,0.0,116.19043240862179,-18.138897839847363,13.04578013464395,8.0,-72.55559135938945,-26.561247586465843
/home/tug87422/scratch/smithlab-shared/night-owls/derivatives/fsl/sub-103/ses-07/L1_sub-103_ses-07_task-sharedreward_model-1_type-act_run-1_space-mni_multi-echo_cnfds-fmriprep_unsmoothed_FIR.feat,103,7,sharedreward,1,multi-echo,fmriprep,mni,NAcc,sr_decision_partner_extra,Computer-Stranger,6.0,15.660709875503436,55.76187610626221,1.615,93.96425925302061,121.54628776788711,27.582028514866494,0.15761734970860264,53.674343055984956,8.0,0.6304693988344106,-17.380849176885175
/home/tug87422/scratch/smithlab-shared/night-owls/derivatives/fsl/sub-103/ses-07/L1_sub-103_ses-07_task-sharedreward_model-1_type-act_run-1_space-mni_multi-echo_cnfds-fmriprep_unsmoothed_FIR.feat,103,7,sharedreward,1,multi-echo,fmriprep,mni,NAcc,sr_outcome_primary,Reward-Neutral,6.0,-40.546668008754125,36.05752658843994,1.615,-243.28000805252475,58.232905440330505,301.51291349285526,-51.51860612740457,36.3315474861547,8.0,-206.07442450961827,-76.55139270581698
/home/tug87422/scratch/smithlab-shared/night-owls/derivatives/fsl/sub-103/ses-07/L1_sub-103_ses-07_task-sharedreward_model-1_type-act_run-1_space-mni_multi-echo_cnfds-fmriprep_unsmoothed_FIR.feat,103,7,sharedreward,1,multi-echo,fmriprep,mni,NAcc,sr_outcome_primary,Punish-Neutral,6.0,-79.30944754660929,47.55921268463135,0.0,-475.8566852796558,45.785858218669894,521.6425434983257,-153.41592655202183,41.36232514278079,8.0,-613.6637062080873,-210.80492193263382
/home/tug87422/scratch/smithlab-shared/night-owls/derivatives/fsl/sub-103/ses-07/L1_sub-103_ses-07_task-sharedreward_model-1_type-act_run-1_space-mni_multi-echo_cnfds-fmriprep_unsmoothed_FIR.feat,103,7,sharedreward,1,multi-echo,fmriprep,mni,NAcc,sr_outcome_primary,Reward-Punish,6.0,38.762779537855174,153.61221313476562,4.845,232.57667722713103,341.1354397846376,108.55876255750655,101.89732042461725,153.61221313476562,4.845,407.589281698469,134.25352922681685
/home/tug87422/scratch/smithlab-shared/night-owls/derivatives/fsl/sub-103/ses-07/L1_sub-103_ses-07_task-sharedreward_model-1_type-act_run-1_space-mni_multi-echo_cnfds-tedana_unsmoothed_FIR.feat,103,7,sharedreward,1,multi-echo,tedana,mni,NAcc,sr_decision_partner_extra,Computer-Stranger,6.0,13.229995384810124,27.266642570495605,1.615,79.37997230886074,79.37997230886074,0.0,19.589937476671363,51.30228773949687,8.0,78.35974990668545,14.877908360109243
/home/tug87422/scratch/smithlab-shared/night-owls/derivatives/fsl/sub-103/ses-07/L1_sub-103_ses-07_task-sharedreward_model-1_type-act_run-1_space-mni_multi-echo_cnfds-tedana_unsmoothed_FIR.feat,103,7,sharedreward,1,multi-echo,tedana,mni,NAcc,sr_outcome_primary,Reward-Neutral,6.0,-70.4761556826435,-5.774360656738281,1.615,-422.856934095861,0.0,422.856934095861,-75.40573060906708,1.5178857395892875,8.0,-301.6229224362683,-90.63262472359389
/home/tug87422/scratch/smithlab-shared/night-owls/derivatives/fsl/sub-103/ses-07/L1_sub-103_ses-07_task-sharedreward_model-1_type-act_run-1_space-mni_multi-echo_cnfds-tedana_unsmoothed_FIR.feat,103,7,sharedreward,1,multi-echo,tedana,mni,NAcc,sr_outcome_primary,Punish-Neutral,6.0,-75.82090533536055,-27.095277786254883,3.23,-454.9254320121633,0.0,454.9254320121633,-93.59025488394701,22.35806986569626,8.0,-374.36101953578805,-121.70378285222009
/home/tug87422/scratch/smithlab-shared/night-owls/derivatives/fsl/sub-103/ses-07/L1_sub-103_ses-07_task-sharedreward_model-1_type-act_run-1_space-mni_multi-echo_cnfds-tedana_unsmoothed_FIR.feat,103,7,sharedreward,1,multi-echo,tedana,mni,NAcc,sr_outcome_primary,Reward-Punish,6.0,5.344749652717045,55.11062526702881,1.615,32.06849791630227,164.73932330383974,132.67082538753746,18.184524274879934,41.727126121520996,4.845,72.73809709951973,31.071158128626205
/home/tug87422/scratch/smithlab-shared/night-owls/derivatives/fsl/sub-103/ses-07/L1_sub-103_ses-07_task-sharedreward_model-1_type-act_run-1_space-mni_single-echo_cnfds-fmriprep_unsmoothed_FIR.feat,103,7,sharedreward,1,single-echo,fmriprep,mni,NAcc,sr_decision_partner_extra,Computer-Stranger,6.0,33.46170434684591,88.38556671142578,0.0,200.77022608107546,247.73690632373092,46.96668024265547,-38.77601361764762,20.510359050135122,4.0,-155.10405447059048,-81.32758483576703
/home/tug87422/scratch/smithlab-shared/night-owls/derivatives/fsl/sub-103/ses-07/L1_sub-103_ses-07_task-sharedreward_model-1_type-act_run-1_space-mni_single-echo_cnfds-fmriprep_unsmoothed_FIR.feat,103,7,sharedreward,1,single-echo,fmriprep,mni,NAcc,sr_outcome_primary,Reward-Neutral,6.0,-30.838777810026375,50.517662048339844,4.845,-185.03266686015826,168.5484578418732,353.5811247020314,-72.01265391834932,168.97390163646043,8.0,-288.05061567339726,-192.94347837465838
/home/tug87422/scratch/smithlab-shared/night-owls/derivatives/fsl/sub-103/ses-07/L1_sub-103_ses-07_task-sharedreward_model-1_type-act_run-1_space-mni_single-echo_cnfds-fmriprep_unsmoothed_FIR.feat,103,7,sharedreward,1,single-echo,fmriprep,mni,NAcc,sr_outcome_primary,Punish-Neutral,6.0,-131.8175229281181,68.8799467086792,0.0,-790.9051375687086,55.62055696725845,846.525694535967,-275.83529396206967,90.54580929404837,8.0,-1103.3411758482787,-428.92898106058317
/home/tug87422/scratch/smithlab-shared/night-owls/derivatives/fsl/sub-103/ses-07/L1_sub-103_ses-07_task-sharedreward_model-1_type-act_run-1_space-mni_single-echo_cnfds-fmriprep_unsmoothed_FIR.feat,103,7,sharedreward,1,single-echo,fmriprep,mni,NAcc,sr_outcome_primary,Reward-Punish,6.0,100.97874511809174,292.6105194091797,4.845,605.8724707085504,644.9706527645005,39.09818205595017,203.82264004372036,292.6105194091797,4.845,815.2905601748814,235.98550268592479
/home/tug87422/scratch/smithlab-shared/night-owls/derivatives/fsl/sub-103/ses-07/L1_sub-103_ses-07_task-sharedreward_model-1_type-act_run-1_space-mni_single-echo_cnfds-tedana_unsmoothed_FIR.feat,103,7,sharedreward,1,single-echo,tedana,mni,NAcc,sr_decision_partner_extra,Computer-Stranger,6.0,38.768664508049206,68.82180547714233,3.23,232.61198704829525,232.61198704829525,0.0,22.822773974096812,54.49746060888095,4.0,91.29109589638725,6.492971052695349
/home/tug87422/scratch/smithlab-shared/night-owls/derivatives/fsl/sub-103/ses-07/L1_sub-103_ses-07_task-sharedreward_model-1_type-act_run-1_space-mni_single-echo_cnfds-tedana_unsmoothed_FIR.feat,103,7,sharedreward,1,single-echo,tedana,mni,NAcc,sr_outcome_primary,Reward-Neutral,6.0,-77.66349379377684,13.340429306030273,1.615,-465.980962762661,21.544793329238892,487.52575609189995,-97.78168519409215,73.50354627116188,8.0,-391.1267407763686,-166.97167837435248
/home/tug87422/scratch/smithlab-shared/night-owls/derivatives/fsl/sub-103/ses-07/L1_sub-103_ses-07_task-sharedreward_model-1_type-act_run-1_space-mni_single-echo_cnfds-tedana_unsmoothed_FIR.feat,103,7,sharedreward,1,single-echo,tedana,mni,NAcc,sr_outcome_primary,Punish-Neutral,6.0,-87.62846337114202,-26.11641693115233,3.23,-525.7707802268521,0.0,525.7707802268521,-142.95053683791735,38.32521380728624,8.0,-571.8021473516694,-220.61940385092154
/home/tug87422/scratch/smithlab-shared/night-owls/derivatives/fsl/sub-103/ses-07/L1_sub-103_ses-07_task-sharedreward_model-1_type-act_run-1_space-mni_single-echo_cnfds-tedana_unsmoothed_FIR.feat,103,7,sharedreward,1,single-echo,tedana,mni,NAcc,sr_outcome_primary,Reward-Punish,6.0,9.964969577365183,74.1123218536377,1.615,59.7898174641911,243.59135402901808,183.80153656482696,45.16885164382519,67.08909225463867,4.845,180.67540657530077,53.647725476569065
/home/tug87422/scratch/smithlab-shared/night-owls/derivatives/fsl/sub-103/ses-07/L1_sub-103_ses-07_task-sharedreward_model-1_type-act_run-2_space-mni_multi-echo_cnfds-fmriprep_unsmoothed_FIR.feat,103,7,sharedreward,2,multi-echo,fmriprep,mni,NAcc,sr_decision_partner_extra,Computer-Stranger,6.0,18.363717728818777,37.187479972839355,1.615,110.18230637291266,113.89442401626899,3.7121176433563203,-5.8382532689796545,24.39781665802002,4.845,-23.353013075918618,0.6901308980888612
/home/tug87422/scratch/smithlab-shared/night-owls/derivatives/fsl/sub-103/ses-07/L1_sub-103_ses-07_task-sharedreward_model-1_type-act_run-2_space-mni_multi-echo_cnfds-fmriprep_unsmoothed_FIR.feat,103,7,sharedreward,2,multi-echo,fmriprep,mni,NAcc,sr_outcome_primary,Reward-Neutral,6.0,61.50191113755921,120.547607421875,0.0,369.0114668253553,369.0114668253553,0.0,55.91428387086735,131.7822708386017,8.0,223.6571354834694,41.07501889160912
/home/tug87422/scratch/smithlab-shared/night-owls/derivatives/fsl/sub-103/ses-07/L1_sub-103_ses-07_task-sharedreward_model-1_type-act_run-2_space-mni_multi-echo_cnfds-fmriprep_unsmoothed_FIR.feat,103,7,sharedreward,2,multi-echo,fmriprep,mni,NAcc,sr_outcome_primary,Punish-Neutral,6.0,36.848793722713445,96.16828060150146,0.0,221.09276233628069,221.09276233628069,0.0,18.668314045541244,37.315229539531686,8.0,74.67325618216498,8.410396422395026
/home/tug87422/scratch/smithlab-shared/night-owls/derivatives/fsl/sub-103/ses-07/L1_sub-103_ses-07_task-sharedreward_model-1_type-act_run-2_space-mni_multi-echo_cnfds-fmriprep_unsmoothed_FIR.feat,103,7,sharedreward,2,multi-echo,fmriprep,mni,NAcc,sr_outcome_primary,Reward-Punish,6.0,24.65311741484577,45.25770568847656,1.615,147.91870448907463,149.66117897828667,1.7424744892120363,37.245969825326114,94.46704129907002,8.0,148.98387930130446,32.664622469214095
/home/tug87422/scratch/smithlab-shared/night-owls/derivatives/fsl/sub-103/ses-07/L1_sub-103_ses-07_task-sharedreward_model-1_type-act_run-2_space-mni_multi-echo_cnfds-tedana_unsmoothed_FIR.feat,103,7,sharedreward,2,multi-echo,tedana,mni,NAcc,sr_decision_partner_extra,Computer-Stranger,6.0,37.561071676829336,59.33980131149292,0.0,225.36643006097603,225.36643006097603,0.0,14.21838814662129,47.784542083740234,4.845,56.87355258648516,20.723953762290645
/home/tug87422/scratch/smithlab-shared/night-owls/derivatives/fsl/sub-103/ses-07/L1_sub-103_ses-07_task-sharedreward_model-1_type-act_run-2_space-mni_multi-echo_cnfds-tedana_unsmoothed_FIR.feat,103,7,sharedreward,2,multi-echo,tedana,mni,NAcc,sr_outcome_primary,Reward-Neutral,6.0,26.627187333089775,79.92319297790527,0.0,159.76312399853865,168.42102038860324,8.657896390064586,-0.3932914516615773,29.065811452481793,8.0,-1.5731658066463092,-14.992028381064214
/home/tug87422/scratch/smithlab-shared/night-owls/derivatives/fsl/sub-103/ses-07/L1_sub-103_ses-07_task-sharedreward_model-1_type-act_run-2_space-mni_multi-echo_cnfds-tedana_unsmoothed_FIR.feat,103,7,sharedreward,2,multi-echo,tedana,mni,NAcc,sr_outcome_primary,Punish-Neutral,6.0,12.428917241346385,42.69828987121582,1.615,74.57350344807831,102.078573884964,27.505070436885674,-21.75751764591795,4.8096160888671875,4.845,-87.0300705836718,-32.05738590856086
/home/tug87422/scratch/smithlab-shared/night-owls/derivatives/fsl/sub-103/ses-07/L1_sub-103_ses-07_task-sharedreward_model-1_type-act_run-2_space-mni_multi-echo_cnfds-tedana_unsmoothed_FIR.feat,103,7,sharedreward,2,multi-echo,tedana,mni,NAcc,sr_outcome_primary,Reward-Punish,6.0,14.198270091743384,47.155988693237305,0.0,85.1896205504603,85.1896205504603,0.0,21.36422619425637,53.677546920791144,8.0,85.45690477702549,17.06535752749664
/home/tug87422/scratch/smithlab-shared/night-owls/derivatives/fsl/sub-103/ses-07/L1_sub-103_ses-07_task-sharedreward_model-1_type-act_run-2_space-mni_single-echo_cnfds-fmriprep_unsmoothed_FIR.feat,103,7,sharedreward,2,single-echo,fmriprep,mni,NAcc,sr_decision_partner_extra,Computer-Stranger,6.0,-15.808139953575145,19.811967849731445,1.615,-94.84883972145087,31.996328077316285,126.84516779876714,-67.4273164345993,-22.91014719009399,4.845,-269.7092657383972,-61.33214107903164
/home/tug87422/scratch/smithlab-shared/night-owls/derivatives/fsl/sub-103/ses-07/L1_sub-103_ses-07_task-sharedreward_model-1_type-act_run-2_space-mni_single-echo_cnfds-fmriprep_unsmoothed_FIR.feat,103,7,sharedreward,2,single-echo,fmriprep,mni,NAcc,sr_outcome_primary,Reward-Neutral,6.0,68.2852702110926,141.64357376098633,0.0,409.71162126655554,409.71162126655554,0.0,116.144972245648,194.20814675369502,8.0,464.579888982592,123.3545724673906
/home/tug87422/scratch/smithlab-shared/night-owls/derivatives/fsl/sub-103/ses-07/L1_sub-103_ses-07_task-sharedreward_model-1_type-act_run-2_space-mni_single-echo_cnfds-fmriprep_unsmoothed_FIR.feat,103,7,sharedreward,2,single-echo,fmriprep,mni,NAcc,sr_outcome_primary,Punish-Neutral,6.0,63.116243647808766,103.14717617566372,6.0,378.6974618868526,378.6974618868526,0.0,95.35002055479785,115.25424253977489,8.0,381.4000822191914,103.14717617566372
/home/tug87422/scratch/smithlab-shared/night-owls/derivatives/fsl/sub-103/ses-07/L1_sub-103_ses-07_task-sharedreward_model-1_type-act_run-2_space-mni_single-echo_cnfds-fmriprep_unsmoothed_FIR.feat,103,7,sharedreward,2,single-echo,fmriprep,mni,NAcc,sr_outcome_primary,Reward-Punish,6.0,5.16902656328383,49.350802421569824,0.0,31.014159379702978,70.08504113267081,39.070881752967836,20.794951690850155,78.95390421392011,8.0,83.17980676340062,20.207396291726887
/home/tug87422/scratch/smithlab-shared/night-owls/derivatives/fsl/sub-103/ses-07/L1_sub-103_ses-07_task-sharedreward_model-1_type-act_run-2_space-mni_single-echo_cnfds-tedana_unsmoothed_FIR.feat,103,7,sharedreward,2,single-echo,tedana,mni,NAcc,sr_decision_partner_extra,Computer-Stranger,6.0,29.4313718044604,57.646484375,0.0,176.5882308267624,193.48457704663275,16.896346219870324,-2.295591123960339,50.946624755859375,4.845,-9.182364495841355,-4.711660275887411
/home/tug87422/scratch/smithlab-shared/night-owls/derivatives/fsl/sub-103/ses-07/L1_sub-103_ses-07_task-sharedreward_model-1_type-act_run-2_space-mni_single-echo_cnfds-tedana_unsmoothed_FIR.feat,103,7,sharedreward,2,single-echo,tedana,mni,NAcc,sr_outcome_primary,Reward-Neutral,6.0,-20.04911053630705,22.219621181488037,0.0,-120.29466321784231,25.880198767930267,146.17486198577257,-22.09341352737737,5.731303006410599,4.845,-88.37365410950947,-26.221214693397197
/home/tug87422/scratch/smithlab-shared/night-owls/derivatives/fsl/sub-103/ses-07/L1_sub-103_ses-07_task-sharedreward_model-1_type-act_run-2_space-mni_single-echo_cnfds-tedana_unsmoothed_FIR.feat,103,7,sharedreward,2,single-echo,tedana,mni,NAcc,sr_outcome_primary,Punish-Neutral,6.0,-22.845420716825657,25.941702365875244,4.845,-137.07252430095394,35.92925777673722,173.00178207769113,-11.900523980683406,25.941702365875244,4.845,-47.602095922733625,-7.05992765987621
/home/tug87422/scratch/smithlab-shared/night-owls/derivatives/fsl/sub-103/ses-07/L1_sub-103_ses-07_task-sharedreward_model-1_type-act_run-2_space-mni_single-echo_cnfds-tedana_unsmoothed_FIR.feat,103,7,sharedreward,2,single-echo,tedana,mni,NAcc,sr_outcome_primary,Reward-Punish,6.0,2.7963101805186024,79.12906074523926,0.0,16.777861083111613,96.7736887383461,79.99582765523449,-10.192889546693962,17.176664222504716,8.0,-40.77155818677585,-19.161287033520985
/home/tug87422/scratch/smithlab-shared/night-owls/derivatives/fsl/sub-103/ses-08/L1_sub-103_ses-08_task-mid_model-1_type-act_run-1_space-mni_multi-echo_cnfds-fmriprep_unsmoothed_FIR.feat,103,8,mid,1,multi-echo,fmriprep,mni,NAcc,mid_anticipation_primary,Reward-Neutral,5.0,-29.072784643400837,1.8732265067912537,5.0,-145.36392321700419,0.1451750542763224,145.50909827128052,-3.5249551610173526,40.23712968826294,6.46,-14.09982064406941,28.14987252149789
/home/tug87422/scratch/smithlab-shared/night-owls/derivatives/fsl/sub-103/ses-08/L1_sub-103_ses-08_task-mid_model-1_type-act_run-1_space-mni_multi-echo_cnfds-fmriprep_unsmoothed_FIR.feat,103,8,mid,1,multi-echo,fmriprep,mni,NAcc,mid_feedback_extra,Positive-Negative,6.0,17.26542430836073,87.808056473732,4.845,103.59254585016437,201.9224003249407,98.3298544747763,21.659767228163343,87.808056473732,4.845,86.63906891265337,-0.9168348696209836
/home/tug87422/scratch/smithlab-shared/night-owls/derivatives/fsl/sub-103/ses-08/L1_sub-103_ses-08_task-mid_model-1_type-act_run-1_space-mni_multi-echo_cnfds-tedana_unsmoothed_FIR.feat,103,8,mid,1,multi-echo,tedana,mni,NAcc,mid_anticipation_primary,Reward-Neutral,5.0,-5.735277769424963,49.64975870947352,5.0,-28.676388847124816,56.098985284077884,84.7753741312027,48.27955045378152,105.94484663009644,6.46,193.11820181512607,88.20803810716045
/home/tug87422/scratch/smithlab-shared/night-owls/derivatives/fsl/sub-103/ses-08/L1_sub-103_ses-08_task-mid_model-1_type-act_run-1_space-mni_multi-echo_cnfds-tedana_unsmoothed_FIR.feat,103,8,mid,1,multi-echo,tedana,mni,NAcc,mid_feedback_extra,Positive-Negative,6.0,22.88645394950213,122.17997550964355,4.845,137.31872369701279,244.76096758300676,107.44224388599396,37.116027738143785,122.17997550964355,4.845,148.46411095257514,21.422074362220396
/home/tug87422/scratch/smithlab-shared/night-owls/derivatives/fsl/sub-103/ses-08/L1_sub-103_ses-08_task-mid_model-1_type-act_run-1_space-mni_single-echo_cnfds-fmriprep_unsmoothed_FIR.feat,103,8,mid,1,single-echo,fmriprep,mni,NAcc,mid_anticipation_primary,Reward-Neutral,5.0,-9.732100686049682,6.654262542724609,0.0,-48.66050343024841,5.373317003250122,54.03382043349854,-17.973480238235407,1.41864013671875,6.46,-71.89392095294163,-2.651877813664013
/home/tug87422/scratch/smithlab-shared/night-owls/derivatives/fsl/sub-103/ses-08/L1_sub-103_ses-08_task-mid_model-1_type-act_run-1_space-mni_single-echo_cnfds-fmriprep_unsmoothed_FIR.feat,103,8,mid,1,single-echo,fmriprep,mni,NAcc,mid_feedback_extra,Positive-Negative,6.0,-35.83098395486119,26.713130950927734,0.0,-214.98590372916715,21.570853242874147,236.55675697204128,-45.52833362860206,16.27774522031428,8.0,-182.11333451440825,-65.87604065059509
/home/tug87422/scratch/smithlab-shared/night-owls/derivatives/fsl/sub-103/ses-08/L1_sub-103_ses-08_task-mid_model-1_type-act_run-1_space-mni_single-echo_cnfds-tedana_unsmoothed_FIR.feat,103,8,mid,1,single-echo,tedana,mni,NAcc,mid_anticipation_primary,Reward-Neutral,5.0,1.058295401661204,26.56136178970337,4.845,5.29147700830602,35.96708496614599,30.675607957839972,1.9681467208339996,26.56136178970337,4.845,7.872586883335998,20.67155557667877
/home/tug87422/scratch/smithlab-shared/night-owls/derivatives/fsl/sub-103/ses-08/L1_sub-103_ses-08_task-mid_model-1_type-act_run-1_space-mni_single-echo_cnfds-tedana_unsmoothed_FIR.feat,103,8,mid,1,single-echo,tedana,mni,NAcc,mid_feedback_extra,Positive-Negative,6.0,-10.48078274656376,74.48808288574217,0.0,-62.884696479382555,84.96338131427763,147.8480777936602,-22.632746868484155,28.303620344345084,8.0,-90.53098747393662,-46.460810938855815
/home/tug87422/scratch/smithlab-shared/night-owls/derivatives/fsl/sub-103/ses-08/L1_sub-103_ses-08_task-mid_model-1_type-act_run-2_space-mni_multi-echo_cnfds-fmriprep_unsmoothed_FIR.feat,103,8,mid,2,multi-echo,fmriprep,mni,NAcc,mid_anticipation_primary,Reward-Neutral,5.0,47.35133150660438,96.4763445854187,4.845,236.75665753302192,252.1418780022583,15.385220469236375,72.78869600075318,96.4763445854187,4.845,291.1547840030127,81.81047081135375
/home/tug87422/scratch/smithlab-shared/night-owls/derivatives/fsl/sub-103/ses-08/L1_sub-103_ses-08_task-mid_model-1_type-act_run-2_space-mni_multi-echo_cnfds-fmriprep_unsmoothed_FIR.feat,103,8,mid,2,multi-echo,fmriprep,mni,NAcc,mid_feedback_extra,Positive-Negative,6.0,2.436352014204541,44.9094352722168,4.845,14.618112085227246,101.47759180545806,86.85947972023082,-11.917468108497904,44.9094352722168,4.845,-47.669872433991614,-31.89241883186365
/home/tug87422/scratch/smithlab-shared/night-owls/derivatives/fsl/sub-103/ses-08/L1_sub-103_ses-08_task-mid_model-1_type-act_run-2_space-mni_multi-echo_cnfds-tedana_unsmoothed_FIR.feat,103,8,mid,2,multi-echo,tedana,mni,NAcc,mid_anticipation_primary,Reward-Neutral,5.0,43.932594647414916,147.23492050170898,4.845,219.66297323707457,231.74049411777372,12.077520880699156,125.45376876818692,147.23492050170898,4.845,501.8150750727477,126.6433464794336
/home/tug87422/scratch/smithlab-shared/night-owls/derivatives/fsl/sub-103/ses-08/L1_sub-103_ses-08_task-mid_model-1_type-act_run-2_space-mni_multi-echo_cnfds-tedana_unsmoothed_FIR.feat,103,8,mid,2,multi-echo,tedana,mni,NAcc,mid_feedback_extra,Positive-Negative,6.0,25.505686042953446,55.44596862792969,4.845,153.03411625772068,170.1454806414182,17.11136438369751,39.00379622822021,55.44596862792969,4.845,156.01518491288084,45.77240150262697
/home/tug87422/scratch/smithlab-shared/night-owls/derivatives/fsl/sub-103/ses-08/L1_sub-103_ses-08_task-mid_model-1_type-act_run-2_space-mni_single-echo_cnfds-fmriprep_unsmoothed_FIR.feat,103,8,mid,2,single-echo,fmriprep,mni,NAcc,mid_anticipation_primary,Reward-Neutral,5.0,12.149085698339777,49.52754431962967,1.615,60.74542849169888,113.8981320759654,53.152703584266526,-10.761634775641902,3.1996586802574125,8.0,-43.04653910256761,-11.029843758503347
/home/tug87422/scratch/smithlab-shared/night-owls/derivatives/fsl/sub-103/ses-08/L1_sub-103_ses-08_task-mid_model-1_type-act_run-2_space-mni_single-echo_cnfds-fmriprep_unsmoothed_FIR.feat,103,8,mid,2,single-echo,fmriprep,mni,NAcc,mid_feedback_extra,Positive-Negative,6.0,3.172064130190597,78.75284576416016,3.23,19.032384781143584,182.34313647270204,163.31075169155844,-57.40643349285096,60.192705101273006,4.0,-229.62573397140383,-113.87660409791552
/home/tug87422/scratch/smithlab-shared/night-owls/derivatives/fsl/sub-103/ses-08/L1_sub-103_ses-08_task-mid_model-1_type-act_run-2_space-mni_single-echo_cnfds-tedana_unsmoothed_FIR.feat,103,8,mid,2,single-echo,tedana,mni,NAcc,mid_anticipation_primary,Reward-Neutral,5.0,13.164661280645584,44.95747470855713,1.615,65.82330640322792,105.41822499982344,39.59491859659552,15.008244626843794,41.96195446226991,8.0,60.03297850737518,1.7121802409735971
/home/tug87422/scratch/smithlab-shared/night-owls/derivatives/fsl/sub-103/ses-08/L1_sub-103_ses-08_task-mid_model-1_type-act_run-2_space-mni_single-echo_cnfds-tedana_unsmoothed_FIR.feat,103,8,mid,2,single-echo,tedana,mni,NAcc,mid_feedback_extra,Positive-Negative,6.0,15.707986859952946,38.68023490905762,3.23,94.24792115971768,103.3033547592163,9.055433599498622,3.0992047119472796,31.5279010087713,4.0,12.396818847789119,-12.777767027863781
/home/tug87422/scratch/smithlab-shared/night-owls/derivatives/fsl/sub-103/ses-08/L1_sub-103_ses-08_task-sharedreward_model-1_type-act_run-1_space-mni_multi-echo_cnfds-fmriprep_unsmoothed_FIR.feat,103,8,sharedreward,1,multi-echo,fmriprep,mni,NAcc,sr_decision_partner_extra,Computer-Stranger,6.0,-7.661355660141314,8.012648582458498,1.615,-45.96813396084789,17.52402285218239,63.49215681303028,-34.94039849995737,3.309455156326294,4.845,-139.76159399982947,-40.867890913050985
/home/tug87422/scratch/smithlab-shared/night-owls/derivatives/fsl/sub-103/ses-08/L1_sub-103_ses-08_task-sharedreward_model-1_type-act_run-1_space-mni_multi-echo_cnfds-fmriprep_unsmoothed_FIR.feat,103,8,sharedreward,1,multi-echo,fmriprep,mni,NAcc,sr_outcome_primary,Reward-Neutral,6.0,26.019806550225734,72.75718307495119,1.615,156.1188393013544,221.12383068967532,65.00499138832092,32.024294199039325,59.341108322143555,4.845,128.0971767961573,37.114363631965944
/home/tug87422/scratch/smithlab-shared/night-owls/derivatives/fsl/sub-103/ses-08/L1_sub-103_ses-08_task-sharedreward_model-1_type-act_run-1_space-mni_multi-echo_cnfds-fmriprep_unsmoothed_FIR.feat,103,8,sharedreward,1,multi-echo,fmriprep,mni,NAcc,sr_outcome_primary,Punish-Neutral,6.0,0.06916935417182717,53.553012847900405,1.615,0.41501612503096297,108.58334637243314,108.16833024740218,25.31561563270011,53.934410095214844,6.46,101.26246253080043,38.260139607054526
/home/tug87422/scratch/smithlab-shared/night-owls/derivatives/fsl/sub-103/ses-08/L1_sub-103_ses-08_task-sharedreward_model-1_type-act_run-1_space-mni_multi-echo_cnfds-fmriprep_unsmoothed_FIR.feat,103,8,sharedreward,1,multi-echo,fmriprep,mni,NAcc,sr_outcome_primary,Reward-Punish,6.0,25.950637196053908,60.4370174407959,4.845,155.70382317632345,164.8939443683624,9.190121192038985,6.708678566339209,60.4370174407959,4.845,26.834714265356837,-1.1457759750885932
/home/tug87422/scratch/smithlab-shared/night-owls/derivatives/fsl/sub-103/ses-08/L1_sub-103_ses-08_task-sharedreward_model-1_type-act_run-1_space-mni_multi-echo_cnfds-tedana_unsmoothed_FIR.feat,103,8,sharedreward,1,multi-echo,tedana,mni,NAcc,sr_decision_partner_extra,Computer-Stranger,6.0,-13.235714986076582,2.0236682891845703,3.23,-79.4142899164595,3.268224287033081,82.68251420349259,-41.13438736275161,-7.922191863458594,4.0,-164.53754945100644,-45.884460286828386
/home/tug87422/scratch/smithlab-shared/night-owls/derivatives/fsl/sub-103/ses-08/L1_sub-103_ses-08_task-sharedreward_model-1_type-act_run-1_space-mni_multi-echo_cnfds-tedana_unsmoothed_FIR.feat,103,8,sharedreward,1,multi-echo,tedana,mni,NAcc,sr_outcome_primary,Reward-Neutral,6.0,26.329642879987528,90.2077579498291,1.615,157.97785727992516,224.91422864928703,66.93637136936186,23.62512886186871,45.21686935424805,4.845,94.50051544747484,28.75036451026751
/home/tug87422/scratch/smithlab-shared/night-owls/derivatives/fsl/sub-103/ses-08/L1_sub-103_ses-08_task-sharedreward_model-1_type-act_run-1_space-mni_multi-echo_cnfds-tedana_unsmoothed_FIR.feat,103,8,sharedreward,1,multi-echo,tedana,mni,NAcc,sr_outcome_primary,Punish-Neutral,6.0,23.34014159844264,85.90079879760742,1.615,140.04084959065582,173.40870537793305,33.36785578727722,26.0571761393584,42.36983976570815,8.0,104.2287045574336,27.810593147395934
/home/tug87422/scratch/smithlab-shared/night-owls/derivatives/fsl/sub-103/ses-08/L1_sub-103_ses-08_task-sharedreward_model-1_type-act_run-1_space-mni_multi-echo_cnfds-tedana_unsmoothed_FIR.feat,103,8,sharedreward,1,multi-echo,tedana,mni,NAcc,sr_outcome_primary,Reward-Punish,6.0,2.9895012815448894,32.64870834350586,4.845,17.937007689269336,52.71691804865196,34.779910359382626,-2.432047277489687,32.64870834350586,4.845,-9.728189109958748,0.9397713628715743
/home/tug87422/scratch/smithlab-shared/night-owls/derivatives/fsl/sub-103/ses-08/L1_sub-103_ses-08_task-sharedreward_model-1_type-act_run-1_space-mni_single-echo_cnfds-fmriprep_unsmoothed_FIR.feat,103,8,sharedreward,1,single-echo,fmriprep,mni,NAcc,sr_decision_partner_extra,Computer-Stranger,6.0,4.233642669153412,65.62243747711182,4.845,25.401856014920476,116.69483841915249,91.29298240423202,31.363976088180078,65.62243747711182,4.845,125.45590435272031,35.724036485418075
/home/tug87422/scratch/smithlab-shared/night-owls/derivatives/fsl/sub-103/ses-08/L1_sub-103_ses-08_task-sharedreward_model-1_type-act_run-1_space-mni_single-echo_cnfds-fmriprep_unsmoothed_FIR.feat,103,8,sharedreward,1,single-echo,fmriprep,mni,NAcc,sr_outcome_primary,Reward-Neutral,6.0,-16.375988233425602,26.75962344559354,6.0,-98.25592940055361,22.25935795105464,120.51528735160826,17.426648894752788,35.46010661125183,6.46,69.70659557901115,26.75962344559354
/home/tug87422/scratch/smithlab-shared/night-owls/derivatives/fsl/sub-103/ses-08/L1_sub-103_ses-08_task-sharedreward_model-1_type-act_run-1_space-mni_single-echo_cnfds-fmriprep_unsmoothed_FIR.feat,103,8,sharedreward,1,single-echo,fmriprep,mni,NAcc,sr_outcome_primary,Punish-Neutral,6.0,-33.546128922531416,24.61698138012606,6.0,-201.27677353518848,14.216306747022802,215.49308028221128,2.368712980383227,35.9413001537323,6.46,9.474851921532908,24.61698138012606
/home/tug87422/scratch/smithlab-shared/night-owls/derivatives/fsl/sub-103/ses-08/L1_sub-103_ses-08_task-sharedreward_model-1_type-act_run-1_space-mni_single-echo_cnfds-fmriprep_unsmoothed_FIR.feat,103,8,sharedreward,1,single-echo,fmriprep,mni,NAcc,sr_outcome_primary,Reward-Punish,6.0,17.17014068910581,50.23653221130371,3.23,103.02084413463486,120.18903206760301,17.168187932968138,15.05793591436956,48.55581425291837,8.0,60.23174365747824,2.1426420654674794
/home/tug87422/scratch/smithlab-shared/night-owls/derivatives/fsl/sub-103/ses-08/L1_sub-103_ses-08_task-sharedreward_model-1_type-act_run-1_space-mni_single-echo_cnfds-tedana_unsmoothed_FIR.feat,103,8,sharedreward,1,single-echo,tedana,mni,NAcc,sr_decision_partner_extra,Computer-Stranger,6.0,9.431930317079074,67.96337413787842,4.845,56.591581902474445,116.88548151013283,60.29389960765839,36.80952070900899,67.96337413787842,4.845,147.23808283603597,39.40468974748263
/home/tug87422/scratch/smithlab-shared/night-owls/derivatives/fsl/sub-103/ses-08/L1_sub-103_ses-08_task-sharedreward_model-1_type-act_run-1_space-mni_single-echo_cnfds-tedana_unsmoothed_FIR.feat,103,8,sharedreward,1,single-echo,tedana,mni,NAcc,sr_outcome_primary,Reward-Neutral,6.0,-11.234551839811266,26.957366943359375,1.615,-67.40731103886759,63.08620943079792,130.49352046966553,14.010915991156466,30.921941946165482,8.0,56.043663964625864,18.9163848416355
/home/tug87422/scratch/smithlab-shared/night-owls/derivatives/fsl/sub-103/ses-08/L1_sub-103_ses-08_task-sharedreward_model-1_type-act_run-1_space-mni_single-echo_cnfds-tedana_unsmoothed_FIR.feat,103,8,sharedreward,1,single-echo,tedana,mni,NAcc,sr_outcome_primary,Punish-Neutral,6.0,-12.325191905345955,17.522454589513064,6.0,-73.95115143207573,30.944393554649118,104.89554498672484,5.752659309519332,18.51263999938965,6.46,23.01063723807733,17.522454589513064
/home/tug87422/scratch/smithlab-shared/night-owls/derivatives/fsl/sub-103/ses-08/L1_sub-103_ses-08_task-sharedreward_model-1_type-act_run-1_space-mni_single-echo_cnfds-tedana_unsmoothed_FIR.feat,103,8,sharedreward,1,single-echo,tedana,mni,NAcc,sr_outcome_primary,Reward-Punish,6.0,1.0906400655346864,31.368328094482422,1.615,6.543840393208118,51.464844593189824,44.9210041999817,8.258256681637134,49.651600143857806,8.0,33.033026726548535,1.3939302521224373
/home/tug87422/scratch/smithlab-shared/night-owls/derivatives/fsl/sub-103/ses-08/L1_sub-103_ses-08_task-sharedreward_model-1_type-act_run-2_space-mni_multi-echo_cnfds-fmriprep_unsmoothed_FIR.feat,103,8,sharedreward,2,multi-echo,fmriprep,mni,NAcc,sr_decision_partner_extra,Computer-Stranger,6.0,8.892009666356017,36.21538209915161,1.615,53.352057998136104,76.92631245847087,23.574254460334775,7.833493597979889,30.285968703751237,8.0,31.333974391919558,5.199616370186349
/home/tug87422/scratch/smithlab-shared/night-owls/derivatives/fsl/sub-103/ses-08/L1_sub-103_ses-08_task-sharedreward_model-1_type-act_run-2_space-mni_multi-echo_cnfds-fmriprep_unsmoothed_FIR.feat,103,8,sharedreward,2,multi-echo,fmriprep,mni,NAcc,sr_outcome_primary,Reward-Neutral,6.0,-13.41052147787176,38.2182792480516,6.0,-80.46312886723055,47.465061097063895,127.92818996429443,29.830091980306356,46.39659023284912,6.46,119.32036792122543,38.2182792480516
/home/tug87422/scratch/smithlab-shared/night-owls/derivatives/fsl/sub-103/ses-08/L1_sub-103_ses-08_task-sharedreward_model-1_type-act_run-2_space-mni_multi-echo_cnfds-fmriprep_unsmoothed_FIR.feat,103,8,sharedreward,2,multi-echo,fmriprep,mni,NAcc,sr_outcome_primary,Punish-Neutral,6.0,31.923468303705643,68.60075378417969,4.845,191.54080982223385,215.50651945725315,23.965709635019305,45.58406473747624,68.60075378417969,4.845,182.33625894990496,50.6330547067034
/home/tug87422/scratch/smithlab-shared/night-owls/derivatives/fsl/sub-103/ses-08/L1_sub-103_ses-08_task-sharedreward_model-1_type-act_run-2_space-mni_multi-echo_cnfds-fmriprep_unsmoothed_FIR.feat,103,8,sharedreward,2,multi-echo,fmriprep,mni,NAcc,sr_outcome_primary,Reward-Punish,6.0,-45.333989781577394,24.233455181121826,0.0,-272.00393868946435,19.568515058755874,291.57245374822025,-15.753972757169887,22.897021999300087,8.0,-63.01589102867955,-12.414775458651798
/home/tug87422/scratch/smithlab-shared/night-owls/derivatives/fsl/sub-103/ses-08/L1_sub-103_ses-08_task-sharedreward_model-1_type-act_run-2_space-mni_multi-echo_cnfds-tedana_unsmoothed_FIR.feat,103,8,sharedreward,2,multi-echo,tedana,mni,NAcc,sr_decision_partner_extra,Computer-Stranger,6.0,-2.339830849597575,20.996288299560547,0.0,-14.03898509758545,19.369283361257786,33.40826845884324,6.813257711346122,41.36871693377894,8.0,27.253030845384487,4.18143819803055
/home/tug87422/scratch/smithlab-shared/night-owls/derivatives/fsl/sub-103/ses-08/L1_sub-103_ses-08_task-sharedreward_model-1_type-act_run-2_space-mni_multi-echo_cnfds-tedana_unsmoothed_FIR.feat,103,8,sharedreward,2,multi-echo,tedana,mni,NAcc,sr_outcome_primary,Reward-Neutral,6.0,-14.835342242749343,37.97326850891113,4.845,-89.01205345649606,66.97879686098211,155.99085031747816,21.093105558532145,37.97326850891113,4.845,84.37242223412858,24.91051078119514
/home/tug87422/scratch/smithlab-shared/night-owls/derivatives/fsl/sub-103/ses-08/L1_sub-103_ses-08_task-sharedreward_model-1_type-act_run-2_space-mni_multi-echo_cnfds-tedana_unsmoothed_FIR.feat,103,8,sharedreward,2,multi-echo,tedana,mni,NAcc,sr_outcome_primary,Punish-Neutral,6.0,43.85815066660828,81.60718822479248,4.845,263.1489039996497,298.8078251031272,35.658921103477475,34.27968945227079,81.60718822479248,4.845,137.11875780908315,33.00256654869291
/home/tug87422/scratch/smithlab-shared/night-owls/derivatives/fsl/sub-103/ses-08/L1_sub-103_ses-08_task-sharedreward_model-1_type-act_run-2_space-mni_multi-echo_cnfds-tedana_unsmoothed_FIR.feat,103,8,sharedreward,2,multi-echo,tedana,mni,NAcc,sr_outcome_primary,Reward-Punish,6.0,-58.69349290935764,10.821730613708496,0.0,-352.1609574561458,8.73854747056961,360.8995049267154,-13.186583893738637,20.384052108869472,8.0,-52.74633557495455,-8.09205576749778
/home/tug87422/scratch/smithlab-shared/night-owls/derivatives/fsl/sub-103/ses-08/L1_sub-103_ses-08_task-sharedreward_model-1_type-act_run-2_space-mni_single-echo_cnfds-fmriprep_unsmoothed_FIR.feat,103,8,sharedreward,2,single-echo,fmriprep,mni,NAcc,sr_decision_partner_extra,Computer-Stranger,6.0,2.1233220215324793,35.75684640282079,6.0,12.739932129194875,35.76752068262353,23.02758855342865,30.94626034542411,53.93371890425313,8.0,123.78504138169644,35.75684640282079
/home/tug87422/scratch/smithlab-shared/night-owls/derivatives/fsl/sub-103/ses-08/L1_sub-103_ses-08_task-sharedreward_model-1_type-act_run-2_space-mni_single-echo_cnfds-fmriprep_unsmoothed_FIR.feat,103,8,sharedreward,2,single-echo,fmriprep,mni,NAcc,sr_outcome_primary,Reward-Neutral,6.0,-55.62504511387785,-17.863548278808594,0.0,-333.7502706832671,0.0,333.7502706832671,-33.55821373874096,-2.126808014447474,8.0,-134.23285495496384,-28.43206359727463
/home/tug87422/scratch/smithlab-shared/night-owls/derivatives/fsl/sub-103/ses-08/L1_sub-103_ses-08_task-sharedreward_model-1_type-act_run-2_space-mni_single-echo_cnfds-fmriprep_unsmoothed_FIR.feat,103,8,sharedreward,2,single-echo,fmriprep,mni,NAcc,sr_outcome_primary,Punish-Neutral,6.0,-13.257836638278759,28.168058742310613,6.0,-79.54701982967255,19.56725243099335,99.1142722606659,7.38553651031787,48.53109407424927,6.46,29.54214604127148,28.168058742310613
/home/tug87422/scratch/smithlab-shared/night-owls/derivatives/fsl/sub-103/ses-08/L1_sub-103_ses-08_task-sharedreward_model-1_type-act_run-2_space-mni_single-echo_cnfds-fmriprep_unsmoothed_FIR.feat,103,8,sharedreward,2,single-echo,fmriprep,mni,NAcc,sr_outcome_primary,Reward-Punish,6.0,-42.36720847559911,-21.95048141479493,0.0,-254.20325085359462,0.0,254.20325085359462,-40.94375024905884,6.319358494997793,8.0,-163.77500099623535,-56.60012233958525
/home/tug87422/scratch/smithlab-shared/night-owls/derivatives/fsl/sub-103/ses-08/L1_sub-103_ses-08_task-sharedreward_model-1_type-act_run-2_space-mni_single-echo_cnfds-tedana_unsmoothed_FIR.feat,103,8,sharedreward,2,single-echo,tedana,mni,NAcc,sr_decision_partner_extra,Computer-Stranger,6.0,16.344541793539275,52.20983453874618,6.0,98.06725076123566,103.31916362538428,5.251912864148617,46.92711909047729,62.000356674194336,6.46,187.70847636190916,52.20983453874618
/home/tug87422/scratch/smithlab-shared/night-owls/derivatives/fsl/sub-103/ses-08/L1_sub-103_ses-08_task-sharedreward_model-1_type-act_run-2_space-mni_single-echo_cnfds-tedana_unsmoothed_FIR.feat,103,8,sharedreward,2,single-echo,tedana,mni,NAcc,sr_outcome_primary,Reward-Neutral,6.0,-64.2805051173591,-38.39360696981566,6.0,-385.6830307041546,0.0,385.6830307041546,-42.91245336713897,-20.85773302527035,8.0,-171.6498134685559,-38.39360696981566
/home/tug87422/scratch/smithlab-shared/night-owls/derivatives/fsl/sub-103/ses-08/L1_sub-103_ses-08_task-sharedreward_model-1_type-act_run-2_space-mni_single-echo_cnfds-tedana_unsmoothed_FIR.feat,103,8,sharedreward,2,single-echo,tedana,mni,NAcc,sr_outcome_primary,Punish-Neutral,6.0,-23.343075375503428,8.975600453722222,6.0,-140.05845225302056,5.183409262024584,145.24186151504514,-9.606871798497052,25.965766429901123,6.46,-38.427487193988206,8.975600453722222
/home/tug87422/scratch/smithlab-shared/night-owls/derivatives/fsl/sub-103/ses-08/L1_sub-103_ses-08_task-sharedreward_model-1_type-act_run-2_space-mni_single-echo_cnfds-tedana_unsmoothed_FIR.feat,103,8,sharedreward,2,single-echo,tedana,mni,NAcc,sr_outcome_primary,Reward-Punish,6.0,-40.93742974185567,-16.363588333129883,3.23,-245.624578451134,0.0,245.624578451134,-33.30558156864192,5.290987540324804,8.0,-133.22232627456768,-47.36920742353788
/home/tug87422/scratch/smithlab-shared/night-owls/derivatives/fsl/sub-103/ses-09/L1_sub-103_ses-09_task-mid_model-1_type-act_run-1_space-mni_multi-echo_cnfds-fmriprep_unsmoothed_FIR.feat,103,9,mid,1,multi-echo,fmriprep,mni,NAcc,mid_anticipation_primary,Reward-Neutral,5.0,-25.888538109104708,17.311662673950195,0.0,-129.44269054552353,23.850428786277767,153.29311933180128,-5.146783841348283,28.819242217592414,8.0,-20.58713536539313,0.3767116269091037
/home/tug87422/scratch/smithlab-shared/night-owls/derivatives/fsl/sub-103/ses-09/L1_sub-103_ses-09_task-mid_model-1_type-act_run-1_space-mni_multi-echo_cnfds-fmriprep_unsmoothed_FIR.feat,103,9,mid,1,multi-echo,fmriprep,mni,NAcc,mid_feedback_extra,Positive-Negative,6.0,15.139027933945536,38.82559417718705,6.0,90.83416760367322,95.59240672749449,4.758239123821259,15.754263856041906,53.01657152175903,6.46,63.01705542416762,38.82559417718705
/home/tug87422/scratch/smithlab-shared/night-owls/derivatives/fsl/sub-103/ses-09/L1_sub-103_ses-09_task-mid_model-1_type-act_run-1_space-mni_multi-echo_cnfds-tedana_unsmoothed_FIR.feat,103,9,mid,1,multi-echo,tedana,mni,NAcc,mid_anticipation_primary,Reward-Neutral,5.0,-43.83238231288169,-5.605999469757078,0.0,-219.16191156440846,0.0,219.16191156440846,-64.47252985393024,-40.101631436185556,8.0,-257.89011941572096,-72.45546658636985
/home/tug87422/scratch/smithlab-shared/night-owls/derivatives/fsl/sub-103/ses-09/L1_sub-103_ses-09_task-mid_model-1_type-act_run-1_space-mni_multi-echo_cnfds-tedana_unsmoothed_FIR.feat,103,9,mid,1,multi-echo,tedana,mni,NAcc,mid_feedback_extra,Positive-Negative,6.0,26.051280766611285,67.80699157714844,4.845,156.3076845996677,170.3833840124904,14.075699412822722,48.947174124675264,67.80699157714844,4.845,195.78869649870106,64.48684328185516
/home/tug87422/scratch/smithlab-shared/night-owls/derivatives/fsl/sub-103/ses-09/L1_sub-103_ses-09_task-mid_model-1_type-act_run-1_space-mni_single-echo_cnfds-fmriprep_unsmoothed_FIR.feat,103,9,mid,1,single-echo,fmriprep,mni,NAcc,mid_anticipation_primary,Reward-Neutral,5.0,0.9821063695330354,31.00735378265381,3.23,4.910531847665177,58.047345609664916,53.13681376199973,-0.7700680354468235,25.669259548187256,6.46,-3.080272141787294,7.9128529147097995
/home/tug87422/scratch/smithlab-shared/night-owls/derivatives/fsl/sub-103/ses-09/L1_sub-103_ses-09_task-mid_model-1_type-act_run-1_space-mni_single-echo_cnfds-fmriprep_unsmoothed_FIR.feat,103,9,mid,1,single-echo,fmriprep,mni,NAcc,mid_feedback_extra,Positive-Negative,6.0,8.457140054758966,36.61199760437012,4.845,50.7428403285538,89.13184080157626,38.38900047302246,13.453905528089367,36.61199760437012,4.845,53.81562211235747,20.68734976178721
/home/tug87422/scratch/smithlab-shared/night-owls/derivatives/fsl/sub-103/ses-09/L1_sub-103_ses-09_task-mid_model-1_type-act_run-1_space-mni_single-echo_cnfds-tedana_unsmoothed_FIR.feat,103,9,mid,1,single-echo,tedana,mni,NAcc,mid_anticipation_primary,Reward-Neutral,5.0,-9.877956823929733,-0.000766754150390625,3.23,-49.38978411964866,0.0,49.38978411964866,-21.283639931298403,-9.873078227043152,6.46,-85.13455972519361,-18.548846667396024
/home/tug87422/scratch/smithlab-shared/night-owls/derivatives/fsl/sub-103/ses-09/L1_sub-103_ses-09_task-mid_model-1_type-act_run-1_space-mni_single-echo_cnfds-tedana_unsmoothed_FIR.feat,103,9,mid,1,single-echo,tedana,mni,NAcc,mid_feedback_extra,Positive-Negative,6.0,10.53941930249587,39.43476867675781,4.845,63.23651581497522,112.01756604881616,48.78105023384094,20.429903358325372,39.43476867675781,4.845,81.71961343330149,22.51852892980487
/home/tug87422/scratch/smithlab-shared/night-owls/derivatives/fsl/sub-103/ses-09/L1_sub-103_ses-09_task-mid_model-1_type-act_run-2_space-mni_multi-echo_cnfds-fmriprep_unsmoothed_FIR.feat,103,9,mid,2,multi-echo,fmriprep,mni,NAcc,mid_anticipation_primary,Reward-Neutral,5.0,-5.444869676867506,23.880087852478027,4.845,-27.224348384337528,58.122672747177965,85.3470211315155,1.9259914297123801,23.880087852478027,4.845,7.7039657188495205,-2.8455511984810395
/home/tug87422/scratch/smithlab-shared/night-owls/derivatives/fsl/sub-103/ses-09/L1_sub-103_ses-09_task-mid_model-1_type-act_run-2_space-mni_multi-echo_cnfds-fmriprep_unsmoothed_FIR.feat,103,9,mid,2,multi-echo,fmriprep,mni,NAcc,mid_feedback_extra,Positive-Negative,6.0,-14.381635601796726,25.549819946289062,1.615,-86.28981361078036,41.262959213256835,127.55277282403719,-53.380977387561146,-24.73525605039331,4.0,-213.52390955024458,-61.26999681726698
/home/tug87422/scratch/smithlab-shared/night-owls/derivatives/fsl/sub-103/ses-09/L1_sub-103_ses-09_task-mid_model-1_type-act_run-2_space-mni_multi-echo_cnfds-tedana_unsmoothed_FIR.feat,103,9,mid,2,multi-echo,tedana,mni,NAcc,mid_anticipation_primary,Reward-Neutral,5.0,-14.178088749641233,9.571983337402344,4.845,-70.89044374820617,19.344075295954667,90.23451904416083,-1.9247986018399321,9.571983337402344,4.845,-7.6991944073597285,-7.425719125352041
/home/tug87422/scratch/smithlab-shared/night-owls/derivatives/fsl/sub-103/ses-09/L1_sub-103_ses-09_task-mid_model-1_type-act_run-2_space-mni_multi-echo_cnfds-tedana_unsmoothed_FIR.feat,103,9,mid,2,multi-echo,tedana,mni,NAcc,mid_feedback_extra,Positive-Negative,6.0,-21.960957901797517,10.239300608634949,1.615,-131.7657474107851,16.536470482945443,148.30221789373056,-41.57432067023065,-31.74011408802894,8.0,-166.2972826809226,-46.87747919891641
/home/tug87422/scratch/smithlab-shared/night-owls/derivatives/fsl/sub-103/ses-09/L1_sub-103_ses-09_task-mid_model-1_type-act_run-2_space-mni_single-echo_cnfds-fmriprep_unsmoothed_FIR.feat,103,9,mid,2,single-echo,fmriprep,mni,NAcc,mid_anticipation_primary,Reward-Neutral,5.0,4.197485628236282,41.634156227111816,4.845,20.98742814118141,52.35528061518544,31.36785247400403,30.474637700837143,41.634156227111816,4.845,121.89855080334857,34.74112375159012
/home/tug87422/scratch/smithlab-shared/night-owls/derivatives/fsl/sub-103/ses-09/L1_sub-103_ses-09_task-mid_model-1_type-act_run-2_space-mni_single-echo_cnfds-fmriprep_unsmoothed_FIR.feat,103,9,mid,2,single-echo,fmriprep,mni,NAcc,mid_feedback_extra,Positive-Negative,6.0,-17.00063391628926,16.783592224121094,1.615,-102.00380349773556,27.105501441955568,129.10930493969113,-27.300516009059944,-5.337458252906799,4.845,-109.20206403623978,-31.922673123539788
/home/tug87422/scratch/smithlab-shared/night-owls/derivatives/fsl/sub-103/ses-09/L1_sub-103_ses-09_task-mid_model-1_type-act_run-2_space-mni_single-echo_cnfds-tedana_unsmoothed_FIR.feat,103,9,mid,2,single-echo,tedana,mni,NAcc,mid_anticipation_primary,Reward-Neutral,5.0,1.4515031898813546,28.522791862487786,4.845,7.257515949406773,27.416700326474494,20.15918437706772,22.191875603643577,28.522791862487786,4.845,88.76750241457431,25.014587779128604
/home/tug87422/scratch/smithlab-shared/night-owls/derivatives/fsl/sub-103/ses-09/L1_sub-103_ses-09_task-mid_model-1_type-act_run-2_space-mni_single-echo_cnfds-tedana_unsmoothed_FIR.feat,103,9,mid,2,single-echo,tedana,mni,NAcc,mid_feedback_extra,Positive-Negative,6.0,-15.211004775841445,11.307781219482422,1.615,-91.26602865504867,18.26206666946411,109.52809532451278,-20.19601991826697,-5.327650547027588,4.845,-80.78407967306788,-24.895019538262314
/home/tug87422/scratch/smithlab-shared/night-owls/derivatives/fsl/sub-103/ses-09/L1_sub-103_ses-09_task-sharedreward_model-1_type-act_run-1_space-mni_multi-echo_cnfds-fmriprep_unsmoothed_FIR.feat,103,9,sharedreward,1,multi-echo,fmriprep,mni,NAcc,sr_decision_partner_extra,Computer-Stranger,6.0,2.3670672703405753,20.179051399230957,3.23,14.202403622043452,54.858988335132594,40.656584713089146,-36.897981732906544,9.776886253303417,4.0,-147.59192693162618,-51.01124484463373
/home/tug87422/scratch/smithlab-shared/night-owls/derivatives/fsl/sub-103/ses-09/L1_sub-103_ses-09_task-sharedreward_model-1_type-act_run-1_space-mni_multi-echo_cnfds-fmriprep_unsmoothed_FIR.feat,103,9,sharedreward,1,multi-echo,fmriprep,mni,NAcc,sr_outcome_primary,Reward-Neutral,6.0,27.392828102756457,111.55135345458984,4.845,164.35696861653875,166.11219005017827,1.7552214336395207,18.471898576441923,111.55135345458984,4.845,73.88759430576769,6.97880523492676
/home/tug87422/scratch/smithlab-shared/night-owls/derivatives/fsl/sub-103/ses-09/L1_sub-103_ses-09_task-sharedreward_model-1_type-act_run-1_space-mni_multi-echo_cnfds-fmriprep_unsmoothed_FIR.feat,103,9,sharedreward,1,multi-echo,fmriprep,mni,NAcc,sr_outcome_primary,Punish-Neutral,6.0,45.7777248078394,67.79029369354248,1.615,274.6663488470364,274.6663488470364,0.0,14.17231818598859,53.57294940948486,4.845,56.68927274395436,9.508137304347366
/home/tug87422/scratch/smithlab-shared/night-owls/derivatives/fsl/sub-103/ses-09/L1_sub-103_ses-09_task-sharedreward_model-1_type-act_run-1_space-mni_multi-echo_cnfds-fmriprep_unsmoothed_FIR.feat,103,9,sharedreward,1,multi-echo,fmriprep,mni,NAcc,sr_outcome_primary,Reward-Punish,6.0,-18.38489670508294,57.97840404510498,4.845,-110.30938023049764,80.3000896024704,190.60946983296805,4.29958039045334,57.97840404510498,4.845,17.19832156181336,-2.5293320694205974
/home/tug87422/scratch/smithlab-shared/night-owls/derivatives/fsl/sub-103/ses-09/L1_sub-103_ses-09_task-sharedreward_model-1_type-act_run-1_space-mni_multi-echo_cnfds-tedana_unsmoothed_FIR.feat,103,9,sharedreward,1,multi-echo,tedana,mni,NAcc,sr_decision_partner_extra,Computer-Stranger,6.0,-1.766749762494132,11.569283723831177,3.23,-10.600498574964792,41.81232419729232,52.412822772257115,-38.10373902322476,8.529247015991444,4.0,-152.41495609289905,-58.16740273395929
/home/tug87422/scratch/smithlab-shared/night-owls/derivatives/fsl/sub-103/ses-09/L1_sub-103_ses-09_task-sharedreward_model-1_type-act_run-1_space-mni_multi-echo_cnfds-tedana_unsmoothed_FIR.feat,103,9,sharedreward,1,multi-echo,tedana,mni,NAcc,sr_outcome_primary,Reward-Neutral,6.0,10.29814660436721,78.17220115661621,4.845,61.788879626203254,138.55859746258326,76.76971783638001,11.113835702311508,78.17220115661621,4.845,44.455342809246034,9.612765403723932
/home/tug87422/scratch/smithlab-shared/night-owls/derivatives/fsl/sub-103/ses-09/L1_sub-103_ses-09_task-sharedreward_model-1_type-act_run-1_space-mni_multi-echo_cnfds-tedana_unsmoothed_FIR.feat,103,9,sharedreward,1,multi-echo,tedana,mni,NAcc,sr_outcome_primary,Punish-Neutral,6.0,27.325010585987286,69.84571647644043,1.615,163.95006351592372,211.11630319239922,47.16623967647553,11.889521818682319,49.76284623146057,4.845,47.558087274729274,10.982137234218342
/home/tug87422/scratch/smithlab-shared/night-owls/derivatives/fsl/sub-103/ses-09/L1_sub-103_ses-09_task-sharedreward_model-1_type-act_run-1_space-mni_multi-echo_cnfds-tedana_unsmoothed_FIR.feat,103,9,sharedreward,1,multi-echo,tedana,mni,NAcc,sr_outcome_primary,Reward-Punish,6.0,-17.026863981620075,28.409354925155643,4.845,-102.16118388972045,43.821531533002855,145.9827154227233,-0.7756861163708102,28.409354925155643,4.845,-3.102744465483241,-1.369371830494411
/home/tug87422/scratch/smithlab-shared/night-owls/derivatives/fsl/sub-103/ses-09/L1_sub-103_ses-09_task-sharedreward_model-1_type-act_run-1_space-mni_single-echo_cnfds-fmriprep_unsmoothed_FIR.feat,103,9,sharedreward,1,single-echo,fmriprep,mni,NAcc,sr_decision_partner_extra,Computer-Stranger,6.0,10.318960907430656,19.68721342086792,4.845,61.91376544458394,69.97901483416558,8.065249389581638,-4.281867696640569,19.68721342086792,4.845,-17.127470786562277,-8.624690653738961
/home/tug87422/scratch/smithlab-shared/night-owls/derivatives/fsl/sub-103/ses-09/L1_sub-103_ses-09_task-sharedreward_model-1_type-act_run-1_space-mni_single-echo_cnfds-fmriprep_unsmoothed_FIR.feat,103,9,sharedreward,1,single-echo,fmriprep,mni,NAcc,sr_outcome_primary,Reward-Neutral,6.0,13.478391797184036,41.912203788757324,4.845,80.87035078310421,114.8901225712245,34.019771788120266,9.601871126378212,41.912203788757324,4.845,38.40748450551285,5.341691492327222
/home/tug87422/scratch/smithlab-shared/night-owls/derivatives/fsl/sub-103/ses-09/L1_sub-103_ses-09_task-sharedreward_model-1_type-act_run-1_space-mni_single-echo_cnfds-fmriprep_unsmoothed_FIR.feat,103,9,sharedreward,1,single-echo,fmriprep,mni,NAcc,sr_outcome_primary,Punish-Neutral,6.0,21.658609119736127,50.20918273925781,1.615,129.95165471841676,136.07460162639617,6.122946907979419,4.051787366619791,37.26681041717529,4.845,16.207149466479166,-10.60250546836263
/home/tug87422/scratch/smithlab-shared/night-owls/derivatives/fsl/sub-103/ses-09/L1_sub-103_ses-09_task-sharedreward_model-1_type-act_run-1_space-mni_single-echo_cnfds-fmriprep_unsmoothed_FIR.feat,103,9,sharedreward,1,single-echo,fmriprep,mni,NAcc,sr_outcome_primary,Reward-Punish,6.0,-8.18021732255209,32.675713539123535,3.23,-49.08130393531254,68.412920930124,117.49422486543655,5.5500837597584205,20.444153368473053,6.46,22.200335039033682,15.944196960689853
/home/tug87422/scratch/smithlab-shared/night-owls/derivatives/fsl/sub-103/ses-09/L1_sub-103_ses-09_task-sharedreward_model-1_type-act_run-1_space-mni_single-echo_cnfds-tedana_unsmoothed_FIR.feat,103,9,sharedreward,1,single-echo,tedana,mni,NAcc,sr_decision_partner_extra,Computer-Stranger,6.0,7.864338583623138,18.197351455688477,4.845,47.18603150173883,54.06569262742997,6.87966112569113,-2.8824614395999326,18.197351455688477,4.845,-11.52984575839973,-7.9039199669663756
/home/tug87422/scratch/smithlab-shared/night-owls/derivatives/fsl/sub-103/ses-09/L1_sub-103_ses-09_task-sharedreward_model-1_type-act_run-1_space-mni_single-echo_cnfds-tedana_unsmoothed_FIR.feat,103,9,sharedreward,1,single-echo,tedana,mni,NAcc,sr_outcome_primary,Reward-Neutral,6.0,6.953215980032772,23.030169010162354,3.23,41.71929588019663,61.219059434531275,19.499763554334642,-2.2182491214208957,16.415784465270146,4.0,-8.872996485683583,2.342238542834302
/home/tug87422/scratch/smithlab-shared/night-owls/derivatives/fsl/sub-103/ses-09/L1_sub-103_ses-09_task-sharedreward_model-1_type-act_run-1_space-mni_single-echo_cnfds-tedana_unsmoothed_FIR.feat,103,9,sharedreward,1,single-echo,tedana,mni,NAcc,sr_outcome_primary,Punish-Neutral,6.0,7.016502747714089,37.2067232131958,1.615,42.09901648628453,77.30907165884972,35.210055172565184,-15.453696975209764,6.525102376937866,4.845,-61.81478790083906,-21.83704226378686
/home/tug87422/scratch/smithlab-shared/night-owls/derivatives/fsl/sub-103/ses-09/L1_sub-103_ses-09_task-sharedreward_model-1_type-act_run-1_space-mni_single-echo_cnfds-tedana_unsmoothed_FIR.feat,103,9,sharedreward,1,single-echo,tedana,mni,NAcc,sr_outcome_primary,Reward-Punish,6.0,-0.06328676768131765,37.02345895767212,3.23,-0.3797206060879059,77.40179532480313,77.78151593089103,13.235447853788868,32.76086616516113,6.46,52.94179141515547,24.17928080662116
/home/tug87422/scratch/smithlab-shared/night-owls/derivatives/fsl/sub-103/ses-09/L1_sub-103_ses-09_task-sharedreward_model-1_type-act_run-2_space-mni_multi-echo_cnfds-fmriprep_unsmoothed_FIR.feat,103,9,sharedreward,2,multi-echo,fmriprep,mni,NAcc,sr_decision_partner_extra,Computer-Stranger,6.0,-77.37773772110266,-44.30990791320801,1.615,-464.26642632661594,0.0,464.26642632661594,-61.902476278288795,58.695042559975136,8.0,-247.60990511315518,-88.88157711088104
/home/tug87422/scratch/smithlab-shared/night-owls/derivatives/fsl/sub-103/ses-09/L1_sub-103_ses-09_task-sharedreward_model-1_type-act_run-2_space-mni_multi-echo_cnfds-fmriprep_unsmoothed_FIR.feat,103,9,sharedreward,2,multi-echo,fmriprep,mni,NAcc,sr_outcome_primary,Reward-Neutral,6.0,-41.83454817096453,52.9688720703125,0.0,-251.0072890257872,49.6096268117391,300.6169158375263,5.694674722292113,54.078402457222495,8.0,22.778698889168453,11.839415783483549
/home/tug87422/scratch/smithlab-shared/night-owls/derivatives/fsl/sub-103/ses-09/L1_sub-103_ses-09_task-sharedreward_model-1_type-act_run-2_space-mni_multi-echo_cnfds-fmriprep_unsmoothed_FIR.feat,103,9,sharedreward,2,multi-echo,fmriprep,mni,NAcc,sr_outcome_primary,Punish-Neutral,6.0,-15.162513779188332,125.71885299682617,0.0,-90.97508267513,106.39880209931648,197.3738847744465,-29.050630743510965,28.586078643798828,6.46,-116.20252297404386,8.451650743514032
/home/tug87422/scratch/smithlab-shared/night-owls/derivatives/fsl/sub-103/ses-09/L1_sub-103_ses-09_task-sharedreward_model-1_type-act_run-2_space-mni_multi-echo_cnfds-fmriprep_unsmoothed_FIR.feat,103,9,sharedreward,2,multi-echo,fmriprep,mni,NAcc,sr_outcome_primary,Reward-Punish,6.0,-26.672034391776204,22.467422485351562,4.845,-160.03220635065722,59.238608459141965,219.2708148097992,34.74530546580308,175.890931404043,8.0,138.9812218632123,3.3877650399695223
/home/tug87422/scratch/smithlab-shared/night-owls/derivatives/fsl/sub-103/ses-09/L1_sub-103_ses-09_task-sharedreward_model-1_type-act_run-2_space-mni_multi-echo_cnfds-tedana_unsmoothed_FIR.feat,103,9,sharedreward,2,multi-echo,tedana,mni,NAcc,sr_decision_partner_extra,Computer-Stranger,6.0,-60.6743974304922,-7.371272802352907,0.0,-364.0463845829532,0.0,364.0463845829532,-64.27155483824272,-18.38994822782627,8.0,-257.0862193529709,-68.93944431458463
/home/tug87422/scratch/smithlab-shared/night-owls/derivatives/fsl/sub-103/ses-09/L1_sub-103_ses-09_task-sharedreward_model-1_type-act_run-2_space-mni_multi-echo_cnfds-tedana_unsmoothed_FIR.feat,103,9,sharedreward,2,multi-echo,tedana,mni,NAcc,sr_outcome_primary,Reward-Neutral,6.0,-87.35487392108138,28.855945587158203,0.0,-524.1292435264883,23.301176061630247,547.4304195881185,-79.92215492517586,-27.41907298232747,8.0,-319.68861970070344,-80.8736906464993
/home/tug87422/scratch/smithlab-shared/night-owls/derivatives/fsl/sub-103/ses-09/L1_sub-103_ses-09_task-sharedreward_model-1_type-act_run-2_space-mni_multi-echo_cnfds-tedana_unsmoothed_FIR.feat,103,9,sharedreward,2,multi-echo,tedana,mni,NAcc,sr_outcome_primary,Punish-Neutral,6.0,-52.247221924943084,28.537864685058594,0.0,-313.4833315496585,23.044325733184813,336.52765728284334,-59.7924887154023,-9.751421689987183,4.845,-239.1699548616092,-77.60330912646126
/home/tug87422/scratch/smithlab-shared/night-owls/derivatives/fsl/sub-103/ses-09/L1_sub-103_ses-09_task-sharedreward_model-1_type-act_run-2_space-mni_multi-echo_cnfds-tedana_unsmoothed_FIR.feat,103,9,sharedreward,2,multi-echo,tedana,mni,NAcc,sr_outcome_primary,Reward-Punish,6.0,-35.107651996138294,9.5587158203125,1.615,-210.64591197682978,15.694176378250122,226.3400883550799,-20.129666209773568,37.88566684722901,6.46,-80.51866483909427,-3.2703815200380397
/home/tug87422/scratch/smithlab-shared/night-owls/derivatives/fsl/sub-103/ses-09/L1_sub-103_ses-09_task-sharedreward_model-1_type-act_run-2_space-mni_single-echo_cnfds-fmriprep_unsmoothed_FIR.feat,103,9,sharedreward,2,single-echo,fmriprep,mni,NAcc,sr_decision_partner_extra,Computer-Stranger,6.0,-26.42539818517687,-0.7978744506835938,1.615,-158.55238911106122,0.0,158.55238911106122,-56.824979117449956,-19.50169746646937,8.0,-227.29991646979983,-76.27028973405206
/home/tug87422/scratch/smithlab-shared/night-owls/derivatives/fsl/sub-103/ses-09/L1_sub-103_ses-09_task-sharedreward_model-1_type-act_run-2_space-mni_single-echo_cnfds-fmriprep_unsmoothed_FIR.feat,103,9,sharedreward,2,single-echo,fmriprep,mni,NAcc,sr_outcome_primary,Reward-Neutral,6.0,10.924918539686471,89.59016990661621,0.0,65.54951123811882,128.95168856241386,63.40217732429504,32.99220306812979,60.96248245239258,6.46,131.96881227251916,49.375972204533156
/home/tug87422/scratch/smithlab-shared/night-owls/derivatives/fsl/sub-103/ses-09/L1_sub-103_ses-09_task-sharedreward_model-1_type-act_run-2_space-mni_single-echo_cnfds-fmriprep_unsmoothed_FIR.feat,103,9,sharedreward,2,single-echo,fmriprep,mni,NAcc,sr_outcome_primary,Punish-Neutral,6.0,-6.578651433606143,96.16204071044922,0.0,-39.471908601636855,77.65084787368774,117.12275647532459,-32.467371765834635,0.34161376953125,6.46,-129.86948706333854,-12.172992151219036
/home/tug87422/scratch/smithlab-shared/night-owls/derivatives/fsl/sub-103/ses-09/L1_sub-103_ses-09_task-sharedreward_model-1_type-act_run-2_space-mni_single-echo_cnfds-fmriprep_unsmoothed_FIR.feat,103,9,sharedreward,2,single-echo,fmriprep,mni,NAcc,sr_outcome_primary,Reward-Punish,6.0,17.503569973292613,63.87929153442383,4.845,105.02141983975568,124.0173456906239,18.995925850868222,65.45957483396442,97.73039197183617,8.0,261.8382993358577,61.5489643557522
/home/tug87422/scratch/smithlab-shared/night-owls/derivatives/fsl/sub-103/ses-09/L1_sub-103_ses-09_task-sharedreward_model-1_type-act_run-2_space-mni_single-echo_cnfds-tedana_unsmoothed_FIR.feat,103,9,sharedreward,2,single-echo,tedana,mni,NAcc,sr_decision_partner_extra,Computer-Stranger,6.0,-19.754033824863495,11.46640804409981,1.615,-118.52420294918097,18.518248991221192,137.04245194040217,-47.60065638047992,-33.248481840541125,4.0,-190.40262552191967,-50.2691967037071
/home/tug87422/scratch/smithlab-shared/night-owls/derivatives/fsl/sub-103/ses-09/L1_sub-103_ses-09_task-sharedreward_model-1_type-act_run-2_space-mni_single-echo_cnfds-tedana_unsmoothed_FIR.feat,103,9,sharedreward,2,single-echo,tedana,mni,NAcc,sr_outcome_primary,Reward-Neutral,6.0,-25.537212220448833,33.0560245513916,0.0,-153.223273322693,26.69273982524872,179.9160131479417,-25.974275821513807,-5.462942123413086,6.46,-103.89710328605523,-16.767697012461372
/home/tug87422/scratch/smithlab-shared/night-owls/derivatives/fsl/sub-103/ses-09/L1_sub-103_ses-09_task-sharedreward_model-1_type-act_run-2_space-mni_single-echo_cnfds-tedana_unsmoothed_FIR.feat,103,9,sharedreward,2,single-echo,tedana,mni,NAcc,sr_outcome_primary,Punish-Neutral,6.0,-19.332094951879128,23.409564971923828,0.0,-115.99256971127477,18.903223714828492,134.89579342610324,-6.489025072265333,4.908882660762453,8.0,-25.956100289061332,-9.994922254107685
/home/tug87422/scratch/smithlab-shared/night-owls/derivatives/fsl/sub-103/ses-09/L1_sub-103_ses-09_task-sharedreward_model-1_type-act_run-2_space-mni_single-echo_cnfds-tedana_unsmoothed_FIR.feat,103,9,sharedreward,2,single-echo,tedana,mni,NAcc,sr_outcome_primary,Reward-Punish,6.0,-6.205117268569702,9.646459579467773,0.0,-37.230703611418214,26.995426030158974,64.22612964157719,-19.485250749248472,7.8738861083984375,6.46,-77.94100299699389,-6.77277475835369
/home/tug87422/scratch/smithlab-shared/night-owls/derivatives/fsl/sub-103/ses-10/L1_sub-103_ses-10_task-mid_model-1_type-act_run-1_space-mni_multi-echo_cnfds-fmriprep_unsmoothed_FIR.feat,103,10,mid,1,multi-echo,fmriprep,mni,NAcc,mid_anticipation_primary,Reward-Neutral,5.0,36.769035779473214,65.94160556793213,3.23,183.84517889736605,183.84517889736605,0.0,42.447662507637006,83.81429957457743,8.0,169.79065003054802,32.442439011375974
/home/tug87422/scratch/smithlab-shared/night-owls/derivatives/fsl/sub-103/ses-10/L1_sub-103_ses-10_task-mid_model-1_type-act_run-1_space-mni_multi-echo_cnfds-fmriprep_unsmoothed_FIR.feat,103,10,mid,1,multi-echo,fmriprep,mni,NAcc,mid_feedback_extra,Positive-Negative,6.0,41.4567185574973,96.7883552825857,6.0,248.74031134498378,264.67970427167677,15.939392926692962,74.8794395341768,106.05382108688356,6.46,299.5177581367072,96.7883552825857
/home/tug87422/scratch/smithlab-shared/night-owls/derivatives/fsl/sub-103/ses-10/L1_sub-103_ses-10_task-mid_model-1_type-act_run-1_space-mni_multi-echo_cnfds-tedana_unsmoothed_FIR.feat,103,10,mid,1,multi-echo,tedana,mni,NAcc,mid_anticipation_primary,Reward-Neutral,5.0,16.237421153000263,28.952917098999023,3.23,81.1871057650013,90.50976706326007,9.322661298258755,15.92993726627746,70.66557096770676,8.0,63.71974906510984,4.902750948265242
/home/tug87422/scratch/smithlab-shared/night-owls/derivatives/fsl/sub-103/ses-10/L1_sub-103_ses-10_task-mid_model-1_type-act_run-1_space-mni_multi-echo_cnfds-tedana_unsmoothed_FIR.feat,103,10,mid,1,multi-echo,tedana,mni,NAcc,mid_feedback_extra,Positive-Negative,6.0,-0.1211604392639245,36.902864840008526,6.0,-0.726962635583547,60.58577332251582,61.31273595809936,24.02215352323771,40.306434631347656,6.46,96.08861409295083,36.902864840008526
/home/tug87422/scratch/smithlab-shared/night-owls/derivatives/fsl/sub-103/ses-10/L1_sub-103_ses-10_task-mid_model-1_type-act_run-1_space-mni_single-echo_cnfds-fmriprep_unsmoothed_FIR.feat,103,10,mid,1,single-echo,fmriprep,mni,NAcc,mid_anticipation_primary,Reward-Neutral,5.0,31.398080764490015,51.83922576904297,3.23,156.99040382245008,156.99040382245008,0.0,41.855678668768604,68.82782414823126,8.0,167.42271467507442,34.85523389367496
/home/tug87422/scratch/smithlab-shared/night-owls/derivatives/fsl/sub-103/ses-10/L1_sub-103_ses-10_task-mid_model-1_type-act_run-1_space-mni_single-echo_cnfds-fmriprep_unsmoothed_FIR.feat,103,10,mid,1,single-echo,fmriprep,mni,NAcc,mid_feedback_extra,Positive-Negative,6.0,25.310854717125796,67.13419124437928,6.0,151.86512830275478,165.76350885610464,13.898380553349853,49.21874716670335,69.83174228668213,6.46,196.8749886668134,67.13419124437928
/home/tug87422/scratch/smithlab-shared/night-owls/derivatives/fsl/sub-103/ses-10/L1_sub-103_ses-10_task-mid_model-1_type-act_run-1_space-mni_single-echo_cnfds-tedana_unsmoothed_FIR.feat,103,10,mid,1,single-echo,tedana,mni,NAcc,mid_anticipation_primary,Reward-Neutral,5.0,11.55906607972819,16.98769509792328,1.615,57.79533039864095,66.28832132667303,8.492990928032082,14.975245688988515,56.72738806160613,8.0,59.90098275595406,9.000948553114855
/home/tug87422/scratch/smithlab-shared/night-owls/derivatives/fsl/sub-103/ses-10/L1_sub-103_ses-10_task-mid_model-1_type-act_run-1_space-mni_single-echo_cnfds-tedana_unsmoothed_FIR.feat,103,10,mid,1,single-echo,tedana,mni,NAcc,mid_feedback_extra,Positive-Negative,6.0,3.889415030183408,36.24182891845703,4.845,23.336490181100448,69.14540004522809,45.808909864127635,18.243198301627903,36.24182891845703,4.845,72.97279320651161,32.81466146002613
/home/tug87422/scratch/smithlab-shared/night-owls/derivatives/fsl/sub-103/ses-10/L1_sub-103_ses-10_task-mid_model-1_type-act_run-2_space-mni_multi-echo_cnfds-fmriprep_unsmoothed_FIR.feat,103,10,mid,2,multi-echo,fmriprep,mni,NAcc,mid_anticipation_primary,Reward-Neutral,5.0,-28.80496296007567,94.21321678161621,0.0,-144.02481480037835,80.13322868824005,224.15804348861838,-115.27235946222217,-87.53949612139179,4.0,-461.0894378488887,-114.7853066530021
/home/tug87422/scratch/smithlab-shared/night-owls/derivatives/fsl/sub-103/ses-10/L1_sub-103_ses-10_task-mid_model-1_type-act_run-2_space-mni_multi-echo_cnfds-fmriprep_unsmoothed_FIR.feat,103,10,mid,2,multi-echo,fmriprep,mni,NAcc,mid_feedback_extra,Positive-Negative,6.0,52.283119898464896,90.71651840209961,1.615,313.6987193907894,313.6987193907894,0.0,16.10846618331992,40.98789360353454,8.0,64.43386473327968,3.7200245694848393
/home/tug87422/scratch/smithlab-shared/night-owls/derivatives/fsl/sub-103/ses-10/L1_sub-103_ses-10_task-mid_model-1_type-act_run-2_space-mni_multi-echo_cnfds-tedana_unsmoothed_FIR.feat,103,10,mid,2,multi-echo,tedana,mni,NAcc,mid_anticipation_primary,Reward-Neutral,5.0,-19.529552047276646,49.54177474975586,0.0,-97.64776023638322,40.00498311042786,137.6527433468111,-51.107801864034855,-16.718178881949303,8.0,-204.43120745613942,-55.74635024410283
/home/tug87422/scratch/smithlab-shared/night-owls/derivatives/fsl/sub-103/ses-10/L1_sub-103_ses-10_task-mid_model-1_type-act_run-2_space-mni_multi-echo_cnfds-tedana_unsmoothed_FIR.feat,103,10,mid,2,multi-echo,tedana,mni,NAcc,mid_feedback_extra,Positive-Negative,6.0,-56.15933059990899,-26.181164741516113,0.0,-336.95598359945393,0.0,336.95598359945393,-43.49208175795458,2.3599600540964425,8.0,-173.96832703181832,-51.38312248548856
/home/tug87422/scratch/smithlab-shared/night-owls/derivatives/fsl/sub-103/ses-10/L1_sub-103_ses-10_task-mid_model-1_type-act_run-2_space-mni_single-echo_cnfds-fmriprep_unsmoothed_FIR.feat,103,10,mid,2,single-echo,fmriprep,mni,NAcc,mid_anticipation_primary,Reward-Neutral,5.0,-9.183512575768836,60.9241886138916,0.0,-45.91756287884418,76.81885933279992,122.73642221164408,-68.0093147666351,-47.90502864140844,4.0,-272.0372590665404,-65.41040819717266
/home/tug87422/scratch/smithlab-shared/night-owls/derivatives/fsl/sub-103/ses-10/L1_sub-103_ses-10_task-mid_model-1_type-act_run-2_space-mni_single-echo_cnfds-fmriprep_unsmoothed_FIR.feat,103,10,mid,2,single-echo,fmriprep,mni,NAcc,mid_feedback_extra,Positive-Negative,6.0,37.787065926912035,52.60130214691162,1.615,226.7223955614722,226.83624372124675,0.11384815977453891,16.010818658065133,52.339252210622995,8.0,64.04327463226053,-0.19713967060526214
/home/tug87422/scratch/smithlab-shared/night-owls/derivatives/fsl/sub-103/ses-10/L1_sub-103_ses-10_task-mid_model-1_type-act_run-2_space-mni_single-echo_cnfds-tedana_unsmoothed_FIR.feat,103,10,mid,2,single-echo,tedana,mni,NAcc,mid_anticipation_primary,Reward-Neutral,5.0,19.211744533428835,33.370158195495605,0.0,96.05872266714417,100.7011691582203,4.642446491076112,16.69786690775501,37.37592601776123,6.46,66.79146763102004,25.262716863177513
/home/tug87422/scratch/smithlab-shared/night-owls/derivatives/fsl/sub-103/ses-10/L1_sub-103_ses-10_task-mid_model-1_type-act_run-2_space-mni_single-echo_cnfds-tedana_unsmoothed_FIR.feat,103,10,mid,2,single-echo,tedana,mni,NAcc,mid_feedback_extra,Positive-Negative,6.0,-42.155408601291455,-26.3720064163208,0.0,-252.93245160774873,0.0,252.93245160774873,-29.683168308626588,42.983900068160594,8.0,-118.73267323450635,-49.347691616222214
/home/tug87422/scratch/smithlab-shared/night-owls/derivatives/fsl/sub-103/ses-10/L1_sub-103_ses-10_task-sharedreward_model-1_type-act_run-1_space-mni_multi-echo_cnfds-fmriprep_unsmoothed_FIR.feat,103,10,sharedreward,1,multi-echo,fmriprep,mni,NAcc,sr_decision_partner_extra,Computer-Stranger,6.0,-11.836530778117714,20.34663438796997,1.615,-71.01918466870629,49.4594016313553,120.47858630006158,-15.232933873799933,11.985261440277103,4.845,-60.93173549519973,-9.915200655674418
/home/tug87422/scratch/smithlab-shared/night-owls/derivatives/fsl/sub-103/ses-10/L1_sub-103_ses-10_task-sharedreward_model-1_type-act_run-1_space-mni_multi-echo_cnfds-fmriprep_unsmoothed_FIR.feat,103,10,sharedreward,1,multi-echo,fmriprep,mni,NAcc,sr_outcome_primary,Reward-Neutral,6.0,10.939714491481714,119.78094863891602,0.0,65.63828694889028,102.17199025304694,36.53370330415666,-7.756054582220764,13.448833465576172,6.46,-31.024218328883055,9.435280046964948
/home/tug87422/scratch/smithlab-shared/night-owls/derivatives/fsl/sub-103/ses-10/L1_sub-103_ses-10_task-sharedreward_model-1_type-act_run-1_space-mni_multi-echo_cnfds-fmriprep_unsmoothed_FIR.feat,103,10,sharedreward,1,multi-echo,fmriprep,mni,NAcc,sr_outcome_primary,Punish-Neutral,6.0,14.918105982872317,107.58209228515625,0.0,89.5086358972339,143.6125238196252,54.103887922391294,2.6560068045090546,30.02155303955078,4.845,10.624027218036218,9.44141136382017
/home/tug87422/scratch/smithlab-shared/night-owls/derivatives/fsl/sub-103/ses-10/L1_sub-103_ses-10_task-sharedreward_model-1_type-act_run-1_space-mni_multi-echo_cnfds-fmriprep_unsmoothed_FIR.feat,103,10,sharedreward,1,multi-echo,fmriprep,mni,NAcc,sr_outcome_primary,Reward-Punish,6.0,-3.9783914913906018,28.013611316680908,1.615,-23.87034894834361,55.09255878210068,78.96290773044429,-10.41206138672982,12.203842163085938,6.46,-41.64824554691928,-0.006131316855222575
/home/tug87422/scratch/smithlab-shared/night-owls/derivatives/fsl/sub-103/ses-10/L1_sub-103_ses-10_task-sharedreward_model-1_type-act_run-1_space-mni_multi-echo_cnfds-tedana_unsmoothed_FIR.feat,103,10,sharedreward,1,multi-echo,tedana,mni,NAcc,sr_decision_partner_extra,Computer-Stranger,6.0,-23.76163572812659,-10.400028705596924,0.0,-142.56981436875952,0.0,142.56981436875952,-46.46295692482647,-22.41816520690918,4.845,-185.8518276993059,-38.350095654419704
/home/tug87422/scratch/smithlab-shared/night-owls/derivatives/fsl/sub-103/ses-10/L1_sub-103_ses-10_task-sharedreward_model-1_type-act_run-1_space-mni_multi-echo_cnfds-tedana_unsmoothed_FIR.feat,103,10,sharedreward,1,multi-echo,tedana,mni,NAcc,sr_outcome_primary,Reward-Neutral,6.0,-21.53989610939203,22.338088035583496,0.0,-129.23937665635216,49.09060842818151,178.3299850845337,1.0905352652515798,21.524520874023438,4.845,4.362141061006319,2.1491617816889614
/home/tug87422/scratch/smithlab-shared/night-owls/derivatives/fsl/sub-103/ses-10/L1_sub-103_ses-10_task-sharedreward_model-1_type-act_run-1_space-mni_multi-echo_cnfds-tedana_unsmoothed_FIR.feat,103,10,sharedreward,1,multi-echo,tedana,mni,NAcc,sr_outcome_primary,Punish-Neutral,6.0,1.7560742617803697,74.381667137146,4.845,10.536445570682218,143.14222369263047,132.60577812194825,16.774930215669862,74.381667137146,4.845,67.09972086267945,6.97231985393323
/home/tug87422/scratch/smithlab-shared/night-owls/derivatives/fsl/sub-103/ses-10/L1_sub-103_ses-10_task-sharedreward_model-1_type-act_run-1_space-mni_multi-echo_cnfds-tedana_unsmoothed_FIR.feat,103,10,sharedreward,1,multi-echo,tedana,mni,NAcc,sr_outcome_primary,Reward-Punish,6.0,-23.295970371172398,14.411066055297852,1.615,-139.77582222703438,23.27387167930603,163.04969390634045,-15.684394950418282,14.30726146697998,6.46,-62.73757980167313,-4.823158072244272
/home/tug87422/scratch/smithlab-shared/night-owls/derivatives/fsl/sub-103/ses-10/L1_sub-103_ses-10_task-sharedreward_model-1_type-act_run-1_space-mni_single-echo_cnfds-fmriprep_unsmoothed_FIR.feat,103,10,sharedreward,1,single-echo,fmriprep,mni,NAcc,sr_decision_partner_extra,Computer-Stranger,6.0,15.756942597392666,52.04996871948242,4.845,94.541655584356,114.56605933763663,20.024403753280637,21.884524038308545,52.04996871948242,4.845,87.53809615323418,20.10422556909614
/home/tug87422/scratch/smithlab-shared/night-owls/derivatives/fsl/sub-103/ses-10/L1_sub-103_ses-10_task-sharedreward_model-1_type-act_run-1_space-mni_single-echo_cnfds-fmriprep_unsmoothed_FIR.feat,103,10,sharedreward,1,single-echo,fmriprep,mni,NAcc,sr_outcome_primary,Reward-Neutral,6.0,4.442261094149392,36.03565692901611,1.615,26.65356656489635,70.06026218829417,43.40669562339782,6.700946637130004,31.450597763061523,6.46,26.803786548520016,19.198305755945924
/home/tug87422/scratch/smithlab-shared/night-owls/derivatives/fsl/sub-103/ses-10/L1_sub-103_ses-10_task-sharedreward_model-1_type-act_run-1_space-mni_single-echo_cnfds-fmriprep_unsmoothed_FIR.feat,103,10,sharedreward,1,single-echo,fmriprep,mni,NAcc,sr_outcome_primary,Punish-Neutral,6.0,13.854462696465179,38.56070327758788,0.0,83.12677617879108,97.6714916595955,14.544715480804442,7.194069548926487,17.808945711921247,8.0,28.77627819570595,5.284957726304376
/home/tug87422/scratch/smithlab-shared/night-owls/derivatives/fsl/sub-103/ses-10/L1_sub-103_ses-10_task-sharedreward_model-1_type-act_run-1_space-mni_single-echo_cnfds-fmriprep_unsmoothed_FIR.feat,103,10,sharedreward,1,single-echo,fmriprep,mni,NAcc,sr_outcome_primary,Reward-Punish,6.0,-9.412201602315783,13.913348029641545,6.0,-56.473209613894696,12.057324638927685,68.53053425282238,-0.49312291179648393,26.736953735351562,6.46,-1.9724916471859357,13.913348029641545
/home/tug87422/scratch/smithlab-shared/night-owls/derivatives/fsl/sub-103/ses-10/L1_sub-103_ses-10_task-sharedreward_model-1_type-act_run-1_space-mni_single-echo_cnfds-tedana_unsmoothed_FIR.feat,103,10,sharedreward,1,single-echo,tedana,mni,NAcc,sr_decision_partner_extra,Computer-Stranger,6.0,10.811905662011357,30.095343589782715,1.615,64.87143397206815,77.7393967139721,12.867962741903938,-11.696953357311065,9.216118812561035,4.845,-46.78781342924426,-10.369385226038588
/home/tug87422/scratch/smithlab-shared/night-owls/derivatives/fsl/sub-103/ses-10/L1_sub-103_ses-10_task-sharedreward_model-1_type-act_run-1_space-mni_single-echo_cnfds-tedana_unsmoothed_FIR.feat,103,10,sharedreward,1,single-echo,tedana,mni,NAcc,sr_outcome_primary,Reward-Neutral,6.0,6.9468617309579175,25.83874797821045,1.615,41.68117038574751,83.28717825141484,41.606007865667344,11.215370258280185,16.293976068496704,4.845,44.86148103312074,9.056707160760743
/home/tug87422/scratch/smithlab-shared/night-owls/derivatives/fsl/sub-103/ses-10/L1_sub-103_ses-10_task-sharedreward_model-1_type-act_run-1_space-mni_single-echo_cnfds-tedana_unsmoothed_FIR.feat,103,10,sharedreward,1,single-echo,tedana,mni,NAcc,sr_outcome_primary,Punish-Neutral,6.0,32.46239633542373,55.242289543151855,4.845,194.7743780125424,204.48799719929696,9.71361918675457,13.041364282797277,55.242289543151855,4.845,52.16545713118911,-16.820119803904014
/home/tug87422/scratch/smithlab-shared/night-owls/derivatives/fsl/sub-103/ses-10/L1_sub-103_ses-10_task-sharedreward_model-1_type-act_run-1_space-mni_single-echo_cnfds-tedana_unsmoothed_FIR.feat,103,10,sharedreward,1,single-echo,tedana,mni,NAcc,sr_outcome_primary,Reward-Punish,6.0,-25.515534604465813,25.87682696466476,6.0,-153.09320762679488,23.444098518634735,176.5373061454296,-1.8259940245170947,51.694631814956665,6.46,-7.303976098068379,25.87682696466476
/home/tug87422/scratch/smithlab-shared/night-owls/derivatives/fsl/sub-103/ses-10/L1_sub-103_ses-10_task-sharedreward_model-1_type-act_run-2_space-mni_multi-echo_cnfds-fmriprep_unsmoothed_FIR.feat,103,10,sharedreward,2,multi-echo,fmriprep,mni,NAcc,sr_decision_partner_extra,Computer-Stranger,6.0,15.341798842720328,64.3506760597229,0.0,92.05079305632196,172.11276821119867,80.0619751548767,52.336303262033326,99.17152940968612,8.0,209.3452130481333,50.288002020065264
/home/tug87422/scratch/smithlab-shared/night-owls/derivatives/fsl/sub-103/ses-10/L1_sub-103_ses-10_task-sharedreward_model-1_type-act_run-2_space-mni_multi-echo_cnfds-fmriprep_unsmoothed_FIR.feat,103,10,sharedreward,2,multi-echo,fmriprep,mni,NAcc,sr_outcome_primary,Reward-Neutral,6.0,2.368201305607279,69.464759349823,0.0,14.209207833643674,174.54501359784197,160.3358057641983,29.41793795985518,78.7507209777832,6.46,117.67175183942072,49.93755909828211
/home/tug87422/scratch/smithlab-shared/night-owls/derivatives/fsl/sub-103/ses-10/L1_sub-103_ses-10_task-sharedreward_model-1_type-act_run-2_space-mni_multi-echo_cnfds-fmriprep_unsmoothed_FIR.feat,103,10,sharedreward,2,multi-echo,fmriprep,mni,NAcc,sr_outcome_primary,Punish-Neutral,6.0,-3.1067029286685703,99.52265548706055,0.0,-18.640217572011423,117.83035662098936,136.4705741930008,9.436006736360472,66.48595428466797,6.46,37.74402694544189,27.2190035769814
/home/tug87422/scratch/smithlab-shared/night-owls/derivatives/fsl/sub-103/ses-10/L1_sub-103_ses-10_task-sharedreward_model-1_type-act_run-2_space-mni_multi-echo_cnfds-fmriprep_unsmoothed_FIR.feat,103,10,sharedreward,2,multi-echo,fmriprep,mni,NAcc,sr_outcome_primary,Reward-Punish,6.0,5.474904234275852,78.77970218658447,3.23,32.84942540565511,208.16800303259868,175.31857762694358,19.981931223494712,64.56543235955961,4.0,79.92772489397885,22.7185555213007
/home/tug87422/scratch/smithlab-shared/night-owls/derivatives/fsl/sub-103/ses-10/L1_sub-103_ses-10_task-sharedreward_model-1_type-act_run-2_space-mni_multi-echo_cnfds-tedana_unsmoothed_FIR.feat,103,10,sharedreward,2,multi-echo,tedana,mni,NAcc,sr_decision_partner_extra,Computer-Stranger,6.0,21.584319410062673,51.73638720261423,6.0,129.50591646037603,168.22400381765866,38.71808735728264,51.98897879804343,70.09599939883678,8.0,207.95591519217373,51.73638720261423
/home/tug87422/scratch/smithlab-shared/night-owls/derivatives/fsl/sub-103/ses-10/L1_sub-103_ses-10_task-sharedreward_model-1_type-act_run-2_space-mni_multi-echo_cnfds-tedana_unsmoothed_FIR.feat,103,10,sharedreward,2,multi-echo,tedana,mni,NAcc,sr_outcome_primary,Reward-Neutral,6.0,-10.926205395515796,32.03374099731445,3.23,-65.55723237309478,66.08029765512921,131.63753002822398,19.220427506180375,42.710365295410156,6.46,76.8817100247215,24.841222414660383
/home/tug87422/scratch/smithlab-shared/night-owls/derivatives/fsl/sub-103/ses-10/L1_sub-103_ses-10_task-sharedreward_model-1_type-act_run-2_space-mni_multi-echo_cnfds-tedana_unsmoothed_FIR.feat,103,10,sharedreward,2,multi-echo,tedana,mni,NAcc,sr_outcome_primary,Punish-Neutral,6.0,-36.475047346166534,9.96091079711914,0.0,-218.8502840769992,8.043435468673707,226.89371954567292,-3.2155177285612098,50.36755661624876,8.0,-12.862070914244839,-3.3273070840274537
/home/tug87422/scratch/smithlab-shared/night-owls/derivatives/fsl/sub-103/ses-10/L1_sub-103_ses-10_task-sharedreward_model-1_type-act_run-2_space-mni_multi-echo_cnfds-tedana_unsmoothed_FIR.feat,103,10,sharedreward,2,multi-echo,tedana,mni,NAcc,sr_outcome_primary,Reward-Punish,6.0,25.54884195065074,62.959136962890625,3.23,153.29305170390444,168.80514598700836,15.512094283103943,22.435945234741588,45.63622054817507,4.0,89.74378093896635,28.16852949868784
/home/tug87422/scratch/smithlab-shared/night-owls/derivatives/fsl/sub-103/ses-10/L1_sub-103_ses-10_task-sharedreward_model-1_type-act_run-2_space-mni_single-echo_cnfds-fmriprep_unsmoothed_FIR.feat,103,10,sharedreward,2,single-echo,fmriprep,mni,NAcc,sr_decision_partner_extra,Computer-Stranger,6.0,-5.531345065634071,41.50989532470703,0.0,-33.18807039380442,44.30607697248459,77.49414736628901,8.567877020022083,42.43890333618544,8.0,34.27150808008833,-1.2622363619021968
/home/tug87422/scratch/smithlab-shared/night-owls/derivatives/fsl/sub-103/ses-10/L1_sub-103_ses-10_task-sharedreward_model-1_type-act_run-2_space-mni_single-echo_cnfds-fmriprep_unsmoothed_FIR.feat,103,10,sharedreward,2,single-echo,fmriprep,mni,NAcc,sr_outcome_primary,Reward-Neutral,6.0,8.5591121465712,85.4924545288086,0.0,51.3546728794272,206.52153063699558,155.16685775756835,26.685660764623897,75.8635025024414,6.46,106.74264305849559,49.52963963086391
/home/tug87422/scratch/smithlab-shared/night-owls/derivatives/fsl/sub-103/ses-10/L1_sub-103_ses-10_task-sharedreward_model-1_type-act_run-2_space-mni_single-echo_cnfds-fmriprep_unsmoothed_FIR.feat,103,10,sharedreward,2,single-echo,fmriprep,mni,NAcc,sr_outcome_primary,Punish-Neutral,6.0,16.904540499587792,116.04595565795898,0.0,101.42724299752676,152.46052157723867,51.03327857971191,26.955787950787375,77.86465835571289,6.46,107.8231518031495,51.33499786802121
/home/tug87422/scratch/smithlab-shared/night-owls/derivatives/fsl/sub-103/ses-10/L1_sub-103_ses-10_task-sharedreward_model-1_type-act_run-2_space-mni_single-echo_cnfds-fmriprep_unsmoothed_FIR.feat,103,10,sharedreward,2,single-echo,fmriprep,mni,NAcc,sr_outcome_primary,Reward-Punish,6.0,-8.345428353016592,49.39662885665894,3.23,-50.072570118099556,79.77555560350419,129.84812572160374,-0.27012718616347997,25.218931698577688,4.0,-1.0805087446539199,-1.805358237157298
/home/tug87422/scratch/smithlab-shared/night-owls/derivatives/fsl/sub-103/ses-10/L1_sub-103_ses-10_task-sharedreward_model-1_type-act_run-2_space-mni_single-echo_cnfds-tedana_unsmoothed_FIR.feat,103,10,sharedreward,2,single-echo,tedana,mni,NAcc,sr_decision_partner_extra,Computer-Stranger,6.0,4.555505124843219,17.738534927368164,4.845,27.33303074905931,42.37232453951894,15.039293790459633,4.074768776674018,17.738534927368164,4.845,16.299075106696073,3.289082184664604
/home/tug87422/scratch/smithlab-shared/night-owls/derivatives/fsl/sub-103/ses-10/L1_sub-103_ses-10_task-sharedreward_model-1_type-act_run-2_space-mni_single-echo_cnfds-tedana_unsmoothed_FIR.feat,103,10,sharedreward,2,single-echo,tedana,mni,NAcc,sr_outcome_primary,Reward-Neutral,6.0,4.266990451810284,38.5117974281311,3.23,25.601942710861703,107.63333470343068,82.03139199256897,24.680742382671998,50.875444412231445,6.46,98.72296953068799,33.56442926247423
/home/tug87422/scratch/smithlab-shared/night-owls/derivatives/fsl/sub-103/ses-10/L1_sub-103_ses-10_task-sharedreward_model-1_type-act_run-2_space-mni_single-echo_cnfds-tedana_unsmoothed_FIR.feat,103,10,sharedreward,2,single-echo,tedana,mni,NAcc,sr_outcome_primary,Punish-Neutral,6.0,-1.5801015236515503,44.03416728973389,0.0,-9.480609141909301,87.88548442689259,97.36609356880187,28.610750867526967,51.27012518537305,8.0,114.44300347010787,24.15706088889863
/home/tug87422/scratch/smithlab-shared/night-owls/derivatives/fsl/sub-103/ses-10/L1_sub-103_ses-10_task-sharedreward_model-1_type-act_run-2_space-mni_single-echo_cnfds-tedana_unsmoothed_FIR.feat,103,10,sharedreward,2,single-echo,tedana,mni,NAcc,sr_outcome_primary,Reward-Punish,6.0,5.847091975461834,41.11324739456177,3.23,35.082551852771005,96.67727112919923,61.59471927642822,-3.9300084848549757,28.133073806762695,6.46,-15.720033939419903,9.407368373575599
/home/tug87422/scratch/smithlab-shared/night-owls/derivatives/fsl/sub-103/ses-11/L1_sub-103_ses-11_task-mid_model-1_type-act_run-1_space-mni_multi-echo_cnfds-fmriprep_unsmoothed_FIR.feat,103,11,mid,1,multi-echo,fmriprep,mni,NAcc,mid_anticipation_primary,Reward-Neutral,5.0,-13.17817187901326,54.673147201538086,0.0,-65.8908593950663,80.39955384373664,146.29041323880296,-127.06913594169929,-64.70134307061188,4.0,-508.27654376679715,-121.30079892988175
/home/tug87422/scratch/smithlab-shared/night-owls/derivatives/fsl/sub-103/ses-11/L1_sub-103_ses-11_task-mid_model-1_type-act_run-1_space-mni_multi-echo_cnfds-fmriprep_unsmoothed_FIR.feat,103,11,mid,1,multi-echo,fmriprep,mni,NAcc,mid_feedback_extra,Positive-Negative,6.0,-13.05749711500971,55.000497817993164,0.0,-78.34498269005826,47.52640765265414,125.8713903427124,-11.998212454754512,34.4975128173828,6.46,-47.99284981901805,5.391351800215868
/home/tug87422/scratch/smithlab-shared/night-owls/derivatives/fsl/sub-103/ses-11/L1_sub-103_ses-11_task-mid_model-1_type-act_run-1_space-mni_multi-echo_cnfds-tedana_unsmoothed_FIR.feat,103,11,mid,1,multi-echo,tedana,mni,NAcc,mid_anticipation_primary,Reward-Neutral,5.0,6.2308104774819055,37.911728858947754,0.0,31.15405238740953,81.6075140106678,50.45346162325827,-36.266690739957916,-12.89044189453125,6.46,-145.06676295983166,-24.237087078507837
/home/tug87422/scratch/smithlab-shared/night-owls/derivatives/fsl/sub-103/ses-11/L1_sub-103_ses-11_task-mid_model-1_type-act_run-1_space-mni_multi-echo_cnfds-tedana_unsmoothed_FIR.feat,103,11,mid,1,multi-echo,tedana,mni,NAcc,mid_feedback_extra,Positive-Negative,6.0,-8.611460099699146,36.08359384536743,0.0,-51.66876059819487,58.302402201294896,109.97116279948978,-34.877837137363784,-20.48876190185547,6.46,-139.51134854945514,-33.31252488410879
/home/tug87422/scratch/smithlab-shared/night-owls/derivatives/fsl/sub-103/ses-11/L1_sub-103_ses-11_task-mid_model-1_type-act_run-1_space-mni_single-echo_cnfds-fmriprep_unsmoothed_FIR.feat,103,11,mid,1,single-echo,fmriprep,mni,NAcc,mid_anticipation_primary,Reward-Neutral,5.0,-19.81095574646321,35.03823947906494,0.0,-99.05477873231605,28.29337837934494,127.34815711166098,-77.55575447694252,-50.94802006405573,4.0,-310.2230179077701,-75.75154016335313
/home/tug87422/scratch/smithlab-shared/night-owls/derivatives/fsl/sub-103/ses-11/L1_sub-103_ses-11_task-mid_model-1_type-act_run-1_space-mni_single-echo_cnfds-fmriprep_unsmoothed_FIR.feat,103,11,mid,1,single-echo,fmriprep,mni,NAcc,mid_feedback_extra,Positive-Negative,6.0,-24.04936531705322,-11.533932192775854,6.0,-144.29619190231932,0.0,144.29619190231932,-14.355172496934424,-5.23150634765625,6.46,-57.420689987737696,-11.533932192775854
/home/tug87422/scratch/smithlab-shared/night-owls/derivatives/fsl/sub-103/ses-11/L1_sub-103_ses-11_task-mid_model-1_type-act_run-1_space-mni_single-echo_cnfds-tedana_unsmoothed_FIR.feat,103,11,mid,1,single-echo,tedana,mni,NAcc,mid_anticipation_primary,Reward-Neutral,5.0,-13.863924168363445,17.760602951049805,0.0,-69.31962084181723,14.341686882972716,83.66130772478995,-39.60206120430385,-27.672918502760368,8.0,-158.4082448172154,-44.48360227578934
/home/tug87422/scratch/smithlab-shared/night-owls/derivatives/fsl/sub-103/ses-11/L1_sub-103_ses-11_task-mid_model-1_type-act_run-1_space-mni_single-echo_cnfds-tedana_unsmoothed_FIR.feat,103,11,mid,1,single-echo,tedana,mni,NAcc,mid_feedback_extra,Positive-Negative,6.0,-8.802972340646544,9.202917098999022,3.23,-52.817834043879266,17.24593026161193,70.0637643054912,-10.081800561514063,0.37520536180620656,8.0,-40.32720224605625,-12.809945156699733
/home/tug87422/scratch/smithlab-shared/night-owls/derivatives/fsl/sub-103/ses-11/L1_sub-103_ses-11_task-mid_model-1_type-act_run-2_space-mni_multi-echo_cnfds-fmriprep_unsmoothed_FIR.feat,103,11,mid,2,multi-echo,fmriprep,mni,NAcc,mid_anticipation_primary,Reward-Neutral,5.0,-12.095555963753085,-5.592251479625702,0.0,-60.47777981876543,0.0,60.47777981876543,-21.635504896108856,-8.2328790666149,8.0,-86.54201958443542,-29.67571460573297
/home/tug87422/scratch/smithlab-shared/night-owls/derivatives/fsl/sub-103/ses-11/L1_sub-103_ses-11_task-mid_model-1_type-act_run-2_space-mni_multi-echo_cnfds-fmriprep_unsmoothed_FIR.feat,103,11,mid,2,multi-echo,fmriprep,mni,NAcc,mid_feedback_extra,Positive-Negative,6.0,27.33798276642897,69.40129470825195,1.615,164.02789659857382,164.02789659857382,0.0,26.58557123226462,42.544712066650376,6.46,106.34228492905848,34.958411449987445
/home/tug87422/scratch/smithlab-shared/night-owls/derivatives/fsl/sub-103/ses-11/L1_sub-103_ses-11_task-mid_model-1_type-act_run-2_space-mni_multi-echo_cnfds-tedana_unsmoothed_FIR.feat,103,11,mid,2,multi-echo,tedana,mni,NAcc,mid_anticipation_primary,Reward-Neutral,5.0,-15.01023239418449,8.88416051864624,3.23,-75.05116197092245,14.347919237613677,89.39908120853613,-31.397103067419664,-0.2454914515232535,4.0,-125.58841226967866,-37.74664085494476
/home/tug87422/scratch/smithlab-shared/night-owls/derivatives/fsl/sub-103/ses-11/L1_sub-103_ses-11_task-mid_model-1_type-act_run-2_space-mni_multi-echo_cnfds-tedana_unsmoothed_FIR.feat,103,11,mid,2,multi-echo,tedana,mni,NAcc,mid_feedback_extra,Positive-Negative,6.0,24.48584912431221,52.0847110748291,1.615,146.91509474587326,167.95189138424286,21.036796638369562,5.765672598534692,24.934819974397353,4.0,23.06269039413877,2.6443807348009236
/home/tug87422/scratch/smithlab-shared/night-owls/derivatives/fsl/sub-103/ses-11/L1_sub-103_ses-11_task-mid_model-1_type-act_run-2_space-mni_single-echo_cnfds-fmriprep_unsmoothed_FIR.feat,103,11,mid,2,single-echo,fmriprep,mni,NAcc,mid_anticipation_primary,Reward-Neutral,5.0,6.462183103191779,13.759880065917969,4.845,32.3109155159589,32.3109155159589,0.0,7.516465656740976,14.762676348258104,8.0,30.065862626963906,2.867280505389988
/home/tug87422/scratch/smithlab-shared/night-owls/derivatives/fsl/sub-103/ses-11/L1_sub-103_ses-11_task-mid_model-1_type-act_run-2_space-mni_single-echo_cnfds-fmriprep_unsmoothed_FIR.feat,103,11,mid,2,single-echo,fmriprep,mni,NAcc,mid_feedback_extra,Positive-Negative,6.0,3.915131804066547,37.759964494144214,6.0,23.49079082439928,55.04638292263536,31.555592098236083,21.321307827010976,51.583210945129395,6.46,85.2852313080439,37.759964494144214
/home/tug87422/scratch/smithlab-shared/night-owls/derivatives/fsl/sub-103/ses-11/L1_sub-103_ses-11_task-mid_model-1_type-act_run-2_space-mni_single-echo_cnfds-tedana_unsmoothed_FIR.feat,103,11,mid,2,single-echo,tedana,mni,NAcc,mid_anticipation_primary,Reward-Neutral,5.0,2.913338153369315,9.713066518306732,3.23,14.566690766846575,23.186684305107033,8.61999353826046,-14.575498663057141,8.934302480793313,4.0,-58.301994652228565,-18.51677976186523
/home/tug87422/scratch/smithlab-shared/night-owls/derivatives/fsl/sub-103/ses-11/L1_sub-103_ses-11_task-mid_model-1_type-act_run-2_space-mni_single-echo_cnfds-tedana_unsmoothed_FIR.feat,103,11,mid,2,single-echo,tedana,mni,NAcc,mid_feedback_extra,Positive-Negative,6.0,-4.562206732780509,18.190420203902775,6.0,-27.373240396683055,10.504967667753855,37.87820806443691,5.257389191732316,29.253589630126953,6.46,21.029556766929264,18.190420203902775
/home/tug87422/scratch/smithlab-shared/night-owls/derivatives/fsl/sub-103/ses-11/L1_sub-103_ses-11_task-sharedreward_model-1_type-act_run-1_space-mni_multi-echo_cnfds-fmriprep_unsmoothed_FIR.feat,103,11,sharedreward,1,multi-echo,fmriprep,mni,NAcc,sr_decision_partner_extra,Computer-Stranger,6.0,-31.857686459369518,43.81580686569214,1.615,-191.1461187562171,96.74367257326841,287.88979132948555,-46.60408172066988,3.9516564873350144,8.0,-186.41632688267953,-50.20134857822867
/home/tug87422/scratch/smithlab-shared/night-owls/derivatives/fsl/sub-103/ses-11/L1_sub-103_ses-11_task-sharedreward_model-1_type-act_run-1_space-mni_multi-echo_cnfds-fmriprep_unsmoothed_FIR.feat,103,11,sharedreward,1,multi-echo,fmriprep,mni,NAcc,sr_outcome_primary,Reward-Neutral,6.0,120.00276144525583,193.24943161010742,3.23,720.016568671535,720.016568671535,0.0,35.979671283727825,121.71064941359008,4.0,143.9186851349113,25.104109147015738
/home/tug87422/scratch/smithlab-shared/night-owls/derivatives/fsl/sub-103/ses-11/L1_sub-103_ses-11_task-sharedreward_model-1_type-act_run-1_space-mni_multi-echo_cnfds-fmriprep_unsmoothed_FIR.feat,103,11,sharedreward,1,multi-echo,fmriprep,mni,NAcc,sr_outcome_primary,Punish-Neutral,6.0,31.15936250069562,121.8494758605957,3.23,186.95617500417373,295.6407263576283,108.68455135345458,31.19241692195366,92.63446807861328,6.46,124.76966768781465,44.82357563691982
/home/tug87422/scratch/smithlab-shared/night-owls/derivatives/fsl/sub-103/ses-11/L1_sub-103_ses-11_task-sharedreward_model-1_type-act_run-1_space-mni_multi-echo_cnfds-fmriprep_unsmoothed_FIR.feat,103,11,sharedreward,1,multi-echo,fmriprep,mni,NAcc,sr_outcome_primary,Reward-Punish,6.0,88.8433989445602,118.66059112548828,1.615,533.0603936673613,544.4483855652809,11.387991897919603,4.78725436177416,118.42714309692383,4.845,19.14901744709664,-19.71946648990407
/home/tug87422/scratch/smithlab-shared/night-owls/derivatives/fsl/sub-103/ses-11/L1_sub-103_ses-11_task-sharedreward_model-1_type-act_run-1_space-mni_multi-echo_cnfds-tedana_unsmoothed_FIR.feat,103,11,sharedreward,1,multi-echo,tedana,mni,NAcc,sr_decision_partner_extra,Computer-Stranger,6.0,30.018766253748666,83.98270511627197,0.0,180.112597522492,180.112597522492,0.0,20.733223565211606,50.12539401216773,8.0,82.93289426084642,11.388990538039074
/home/tug87422/scratch/smithlab-shared/night-owls/derivatives/fsl/sub-103/ses-11/L1_sub-103_ses-11_task-sharedreward_model-1_type-act_run-1_space-mni_multi-echo_cnfds-tedana_unsmoothed_FIR.feat,103,11,sharedreward,1,multi-echo,tedana,mni,NAcc,sr_outcome_primary,Reward-Neutral,6.0,38.43325372852407,104.27971076965332,3.23,230.59952237114445,259.587995531559,28.988473160414507,-0.6481971573183762,47.8115676844452,4.0,-2.592788629273505,-16.244878021925228
/home/tug87422/scratch/smithlab-shared/night-owls/derivatives/fsl/sub-103/ses-11/L1_sub-103_ses-11_task-sharedreward_model-1_type-act_run-1_space-mni_multi-echo_cnfds-tedana_unsmoothed_FIR.feat,103,11,sharedreward,1,multi-echo,tedana,mni,NAcc,sr_outcome_primary,Punish-Neutral,6.0,-18.574863106428165,53.28735637664795,0.0,-111.449178638569,84.68614896059036,196.13532759915933,-55.43388394316653,-31.0539149883731,4.0,-221.7355357726661,-54.137478506602
/home/tug87422/scratch/smithlab-shared/night-owls/derivatives/fsl/sub-103/ses-11/L1_sub-103_ses-11_task-sharedreward_model-1_type-act_run-1_space-mni_multi-echo_cnfds-tedana_unsmoothed_FIR.feat,103,11,sharedreward,1,multi-echo,tedana,mni,NAcc,sr_outcome_primary,Reward-Punish,6.0,57.00811683495224,79.28176879882812,4.845,342.04870100971345,342.04870100971345,0.0,54.78568678584814,79.28176879882812,4.845,219.14274714339257,37.89260048467677
/home/tug87422/scratch/smithlab-shared/night-owls/derivatives/fsl/sub-103/ses-11/L1_sub-103_ses-11_task-sharedreward_model-1_type-act_run-1_space-mni_single-echo_cnfds-fmriprep_unsmoothed_FIR.feat,103,11,sharedreward,1,single-echo,fmriprep,mni,NAcc,sr_decision_partner_extra,Computer-Stranger,6.0,-26.231527610340596,55.32710075378418,1.615,-157.38916566204358,90.55073615074159,247.93990181278514,-36.41101325589251,17.615483599919678,8.0,-145.64405302357005,-40.311718025443724
/home/tug87422/scratch/smithlab-shared/night-owls/derivatives/fsl/sub-103/ses-11/L1_sub-103_ses-11_task-sharedreward_model-1_type-act_run-1_space-mni_single-echo_cnfds-fmriprep_unsmoothed_FIR.feat,103,11,sharedreward,1,single-echo,fmriprep,mni,NAcc,sr_outcome_primary,Reward-Neutral,6.0,114.10369275502252,168.77556610107422,1.615,684.6221565301352,684.6221565301352,0.0,32.661003762295366,103.89693925698104,4.0,130.64401504918146,28.515748062369994
/home/tug87422/scratch/smithlab-shared/night-owls/derivatives/fsl/sub-103/ses-11/L1_sub-103_ses-11_task-sharedreward_model-1_type-act_run-1_space-mni_single-echo_cnfds-fmriprep_unsmoothed_FIR.feat,103,11,sharedreward,1,single-echo,fmriprep,mni,NAcc,sr_outcome_primary,Punish-Neutral,6.0,36.60332616897559,95.6089859008789,3.23,219.61995701385356,277.33236557556006,57.71240856170654,14.219761819263727,46.159759521484375,6.46,56.87904727705491,21.14334493820144
/home/tug87422/scratch/smithlab-shared/night-owls/derivatives/fsl/sub-103/ses-11/L1_sub-103_ses-11_task-sharedreward_model-1_type-act_run-1_space-mni_single-echo_cnfds-fmriprep_unsmoothed_FIR.feat,103,11,sharedreward,1,single-echo,fmriprep,mni,NAcc,sr_outcome_primary,Reward-Punish,6.0,77.50036658604694,105.29089736938477,1.615,465.0021995162816,465.0021995162816,0.0,18.441241943031642,84.73484802246094,4.845,73.76496777212657,7.37240312416856
/home/tug87422/scratch/smithlab-shared/night-owls/derivatives/fsl/sub-103/ses-11/L1_sub-103_ses-11_task-sharedreward_model-1_type-act_run-1_space-mni_single-echo_cnfds-tedana_unsmoothed_FIR.feat,103,11,sharedreward,1,single-echo,tedana,mni,NAcc,sr_decision_partner_extra,Computer-Stranger,6.0,20.13016130666615,38.67604875564575,0.0,120.78096783999689,120.78096783999689,0.0,19.667445920647666,31.079551696777344,6.46,78.66978368259066,26.24351149520638
/home/tug87422/scratch/smithlab-shared/night-owls/derivatives/fsl/sub-103/ses-11/L1_sub-103_ses-11_task-sharedreward_model-1_type-act_run-1_space-mni_single-echo_cnfds-tedana_unsmoothed_FIR.feat,103,11,sharedreward,1,single-echo,tedana,mni,NAcc,sr_outcome_primary,Reward-Neutral,6.0,15.352988597893988,35.25341033935547,1.615,92.11793158736393,104.92291417598726,12.804982588623336,-2.4615097738899263,36.29104817393397,8.0,-9.846039095559705,-22.173130023590186
/home/tug87422/scratch/smithlab-shared/night-owls/derivatives/fsl/sub-103/ses-11/L1_sub-103_ses-11_task-sharedreward_model-1_type-act_run-1_space-mni_single-echo_cnfds-tedana_unsmoothed_FIR.feat,103,11,sharedreward,1,single-echo,tedana,mni,NAcc,sr_outcome_primary,Punish-Neutral,6.0,-20.75268096030804,18.69647216796875,1.615,-124.51608576184825,30.194802551269532,154.71088831311778,-34.891656492075676,-2.5835396704658735,8.0,-139.5666259683027,-48.89391884050871
/home/tug87422/scratch/smithlab-shared/night-owls/derivatives/fsl/sub-103/ses-11/L1_sub-103_ses-11_task-sharedreward_model-1_type-act_run-1_space-mni_single-echo_cnfds-tedana_unsmoothed_FIR.feat,103,11,sharedreward,1,single-echo,tedana,mni,NAcc,sr_outcome_primary,Reward-Punish,6.0,36.10566955820203,60.882366180419936,3.23,216.63401734921217,216.63401734921217,0.0,32.43014671818575,48.11334083840574,4.0,129.720586872743,26.720788816918528
/home/tug87422/scratch/smithlab-shared/night-owls/derivatives/fsl/sub-103/ses-11/L1_sub-103_ses-11_task-sharedreward_model-1_type-act_run-2_space-mni_multi-echo_cnfds-fmriprep_unsmoothed_FIR.feat,103,11,sharedreward,2,multi-echo,fmriprep,mni,NAcc,sr_decision_partner_extra,Computer-Stranger,6.0,36.15148168132893,63.27392292022705,1.615,216.9088900879736,217.23300641335203,0.32411632537841795,47.983909433728016,82.36430248013777,8.0,191.93563773491206,48.85603574924056
/home/tug87422/scratch/smithlab-shared/night-owls/derivatives/fsl/sub-103/ses-11/L1_sub-103_ses-11_task-sharedreward_model-1_type-act_run-2_space-mni_multi-echo_cnfds-fmriprep_unsmoothed_FIR.feat,103,11,sharedreward,2,multi-echo,fmriprep,mni,NAcc,sr_outcome_primary,Reward-Neutral,6.0,-5.555787463295201,31.99814796447754,3.23,-33.33472477977121,80.96322780544912,114.29795258522033,-6.521560592979847,17.974274018231558,4.0,-26.086242371919386,5.502945477748434
/home/tug87422/scratch/smithlab-shared/night-owls/derivatives/fsl/sub-103/ses-11/L1_sub-103_ses-11_task-sharedreward_model-1_type-act_run-2_space-mni_multi-echo_cnfds-fmriprep_unsmoothed_FIR.feat,103,11,sharedreward,2,multi-echo,fmriprep,mni,NAcc,sr_outcome_primary,Punish-Neutral,6.0,-2.6410031063494865,35.66679573059082,3.23,-15.84601863809692,89.85875674537553,105.70477538347244,-4.243779071145017,25.754668911913228,4.0,-16.975116284580068,1.4530975265030504
/home/tug87422/scratch/smithlab-shared/night-owls/derivatives/fsl/sub-103/ses-11/L1_sub-103_ses-11_task-sharedreward_model-1_type-act_run-2_space-mni_multi-echo_cnfds-fmriprep_unsmoothed_FIR.feat,103,11,sharedreward,2,multi-echo,fmriprep,mni,NAcc,sr_outcome_primary,Reward-Punish,6.0,-2.9147843569457166,14.508795142173765,0.0,-17.4887061416743,14.054639269149526,31.543345410823825,-2.277781521834826,10.55854320526123,6.46,-9.111126087339304,4.0498479512453835
/home/tug87422/scratch/smithlab-shared/night-owls/derivatives/fsl/sub-103/ses-11/L1_sub-103_ses-11_task-sharedreward_model-1_type-act_run-2_space-mni_multi-echo_cnfds-tedana_unsmoothed_FIR.feat,103,11,sharedreward,2,multi-echo,tedana,mni,NAcc,sr_decision_partner_extra,Computer-Stranger,6.0,11.844939383055525,64.30261898040771,1.615,71.06963629833315,152.6419781446457,81.57234184631254,-23.258865325886394,12.786032089138953,8.0,-93.03546130354557,-46.477916121113786
/home/tug87422/scratch/smithlab-shared/night-owls/derivatives/fsl/sub-103/ses-11/L1_sub-103_ses-11_task-sharedreward_model-1_type-act_run-2_space-mni_multi-echo_cnfds-tedana_unsmoothed_FIR.feat,103,11,sharedreward,2,multi-echo,tedana,mni,NAcc,sr_outcome_primary,Reward-Neutral,6.0,-53.77504093134797,-16.110305786132812,1.615,-322.6502455880878,0.0,322.6502455880878,-40.36418528244869,-12.932788848876953,6.46,-161.45674112979475,-26.726965555834692
/home/tug87422/scratch/smithlab-shared/night-owls/derivatives/fsl/sub-103/ses-11/L1_sub-103_ses-11_task-sharedreward_model-1_type-act_run-2_space-mni_multi-echo_cnfds-tedana_unsmoothed_FIR.feat,103,11,sharedreward,2,multi-echo,tedana,mni,NAcc,sr_outcome_primary,Punish-Neutral,6.0,-32.06243764556291,1.28240966796875,1.615,-192.37462587337745,2.071091613769531,194.44571748714696,-24.39589962742923,-18.389301300048828,6.46,-97.58359850971692,-18.94122550362035
/home/tug87422/scratch/smithlab-shared/night-owls/derivatives/fsl/sub-103/ses-11/L1_sub-103_ses-11_task-sharedreward_model-1_type-act_run-2_space-mni_multi-echo_cnfds-tedana_unsmoothed_FIR.feat,103,11,sharedreward,2,multi-echo,tedana,mni,NAcc,sr_outcome_primary,Reward-Punish,6.0,-21.71260328578506,33.93438911437988,0.0,-130.27561971471036,27.402019209861756,157.67763892457214,-15.968285655019455,5.456512451171875,6.46,-63.87314262007782,-7.785740052214344
/home/tug87422/scratch/smithlab-shared/night-owls/derivatives/fsl/sub-103/ses-11/L1_sub-103_ses-11_task-sharedreward_model-1_type-act_run-2_space-mni_single-echo_cnfds-fmriprep_unsmoothed_FIR.feat,103,11,sharedreward,2,single-echo,fmriprep,mni,NAcc,sr_decision_partner_extra,Computer-Stranger,6.0,20.975299772032766,41.950480461120605,1.615,125.8517986321966,138.62010282760068,12.768304195404053,31.471044995810594,60.47704541351036,8.0,125.88417998324238,26.240570617534058
/home/tug87422/scratch/smithlab-shared/night-owls/derivatives/fsl/sub-103/ses-11/L1_sub-103_ses-11_task-sharedreward_model-1_type-act_run-2_space-mni_single-echo_cnfds-fmriprep_unsmoothed_FIR.feat,103,11,sharedreward,2,single-echo,fmriprep,mni,NAcc,sr_outcome_primary,Reward-Neutral,6.0,24.46727775277306,46.066115379333496,0.0,146.80366651663837,166.3828496158123,19.579183099173918,-7.734951546107278,34.83014625218634,8.0,-30.939806184429113,-33.9033473578769
/home/tug87422/scratch/smithlab-shared/night-owls/derivatives/fsl/sub-103/ses-11/L1_sub-103_ses-11_task-sharedreward_model-1_type-act_run-2_space-mni_single-echo_cnfds-fmriprep_unsmoothed_FIR.feat,103,11,sharedreward,2,single-echo,fmriprep,mni,NAcc,sr_outcome_primary,Punish-Neutral,6.0,34.12753484792507,64.2367525100708,0.0,204.76520908755043,215.5192925739288,10.75408348637838,4.73127175093251,39.14728762269389,4.0,18.92508700373004,-18.621789586802386
/home/tug87422/scratch/smithlab-shared/night-owls/derivatives/fsl/sub-103/ses-11/L1_sub-103_ses-11_task-sharedreward_model-1_type-act_run-2_space-mni_single-echo_cnfds-fmriprep_unsmoothed_FIR.feat,103,11,sharedreward,2,single-echo,fmriprep,mni,NAcc,sr_outcome_primary,Reward-Punish,6.0,-9.66025709515201,1.3916797637939453,3.23,-57.961542570912066,2.912297385931015,60.87383995684308,-12.46622329703979,6.765734104180122,8.0,-49.86489318815916,-15.281557771074512
/home/tug87422/scratch/smithlab-shared/night-owls/derivatives/fsl/sub-103/ses-11/L1_sub-103_ses-11_task-sharedreward_model-1_type-act_run-2_space-mni_single-echo_cnfds-tedana_unsmoothed_FIR.feat,103,11,sharedreward,2,single-echo,tedana,mni,NAcc,sr_decision_partner_extra,Computer-Stranger,6.0,-0.5502528727817358,38.40891075134277,1.615,-3.3015172366904153,62.03039086341858,65.33190810010899,-14.851049375777642,1.7171470476747057,8.0,-59.40419750311057,-21.6471535413996
/home/tug87422/scratch/smithlab-shared/night-owls/derivatives/fsl/sub-103/ses-11/L1_sub-103_ses-11_task-sharedreward_model-1_type-act_run-2_space-mni_single-echo_cnfds-tedana_unsmoothed_FIR.feat,103,11,sharedreward,2,single-echo,tedana,mni,NAcc,sr_outcome_primary,Reward-Neutral,6.0,-27.397838878068146,-10.341061592102049,3.23,-164.38703326840889,0.0,164.38703326840889,-31.19965791430082,10.81945843888512,8.0,-124.79863165720327,-38.2979259845273
/home/tug87422/scratch/smithlab-shared/night-owls/derivatives/fsl/sub-103/ses-11/L1_sub-103_ses-11_task-sharedreward_model-1_type-act_run-2_space-mni_single-echo_cnfds-tedana_unsmoothed_FIR.feat,103,11,sharedreward,2,single-echo,tedana,mni,NAcc,sr_outcome_primary,Punish-Neutral,6.0,8.540058284627642,18.433216094970703,1.615,51.24034970776585,54.60133165836335,3.360981950597499,2.5690794289222834,17.281668919896944,8.0,10.276317715689133,-5.819882165536794
/home/tug87422/scratch/smithlab-shared/night-owls/derivatives/fsl/sub-103/ses-11/L1_sub-103_ses-11_task-sharedreward_model-1_type-act_run-2_space-mni_single-echo_cnfds-tedana_unsmoothed_FIR.feat,103,11,sharedreward,2,single-echo,tedana,mni,NAcc,sr_outcome_primary,Reward-Punish,6.0,-35.93789716269578,-16.005789756774902,3.23,-215.62738297617472,0.0,215.62738297617472,-33.768737343223094,-6.462210481011825,8.0,-135.07494937289238,-32.478043818990514
/home/tug87422/scratch/smithlab-shared/night-owls/derivatives/fsl/sub-104/ses-01/L1_sub-104_ses-01_task-mid_model-1_type-act_run-1_space-mni_multi-echo_cnfds-fmriprep_unsmoothed_FIR.feat,104,1,mid,1,multi-echo,fmriprep,mni,NAcc,mid_anticipation_primary,Reward-Neutral,5.0,16.560190665205035,21.0903832539916,1.615,82.80095332602517,82.80095332602517,0.0,8.743980147436018,17.7669095993042,4.845,34.97592058974407,7.709765042775185
/home/tug87422/scratch/smithlab-shared/night-owls/derivatives/fsl/sub-104/ses-01/L1_sub-104_ses-01_task-mid_model-1_type-act_run-1_space-mni_multi-echo_cnfds-fmriprep_unsmoothed_FIR.feat,104,1,mid,1,multi-echo,fmriprep,mni,NAcc,mid_feedback_extra,Positive-Negative,6.0,-3.615450795148302,30.572193145751953,0.0,-21.69270477088981,56.55083812713623,78.24354289802605,-21.528502991455998,-4.258674621582031,6.46,-86.11401196582399,-16.88354919126528
/home/tug87422/scratch/smithlab-shared/night-owls/derivatives/fsl/sub-104/ses-01/L1_sub-104_ses-01_task-mid_model-1_type-act_run-1_space-mni_multi-echo_cnfds-tedana_unsmoothed_FIR.feat,104,1,mid,1,multi-echo,tedana,mni,NAcc,mid_anticipation_primary,Reward-Neutral,5.0,15.315625725269872,27.55209732055664,3.23,76.57812862634935,76.57812862634935,0.0,0.20906033568983728,17.022011544313223,4.0,0.8362413427593491,-2.35169117369519
/home/tug87422/scratch/smithlab-shared/night-owls/derivatives/fsl/sub-104/ses-01/L1_sub-104_ses-01_task-mid_model-1_type-act_run-1_space-mni_multi-echo_cnfds-tedana_unsmoothed_FIR.feat,104,1,mid,1,multi-echo,tedana,mni,NAcc,mid_feedback_extra,Positive-Negative,6.0,2.0637169135158153,24.19702911376953,0.0,12.382301481094892,76.0177915263176,63.6354900452227,-14.997301791253106,1.2668075561523438,6.46,-59.989207165012424,-10.887776873798192
/home/tug87422/scratch/smithlab-shared/night-owls/derivatives/fsl/sub-104/ses-01/L1_sub-104_ses-01_task-mid_model-1_type-act_run-1_space-mni_single-echo_cnfds-fmriprep_unsmoothed_FIR.feat,104,1,mid,1,single-echo,fmriprep,mni,NAcc,mid_anticipation_primary,Reward-Neutral,5.0,13.532091469866572,37.132614850997925,1.615,67.66045734933286,74.98967714360626,7.329219794273376,2.8564554937040847,8.241358012975924,8.0,11.425821974816339,2.3565873686374155
/home/tug87422/scratch/smithlab-shared/night-owls/derivatives/fsl/sub-104/ses-01/L1_sub-104_ses-01_task-mid_model-1_type-act_run-1_space-mni_single-echo_cnfds-fmriprep_unsmoothed_FIR.feat,104,1,mid,1,single-echo,fmriprep,mni,NAcc,mid_feedback_extra,Positive-Negative,6.0,-45.432756412406945,17.20600128173828,1.615,-272.5965384744417,27.787692070007324,300.384230544449,-55.004770812702255,0.18023537851341218,8.0,-220.01908325080902,-56.78105623877085
/home/tug87422/scratch/smithlab-shared/night-owls/derivatives/fsl/sub-104/ses-01/L1_sub-104_ses-01_task-mid_model-1_type-act_run-1_space-mni_single-echo_cnfds-tedana_unsmoothed_FIR.feat,104,1,mid,1,single-echo,tedana,mni,NAcc,mid_anticipation_primary,Reward-Neutral,5.0,6.192221811711604,29.20646381378174,0.0,30.96110905855802,50.62138300657273,19.6602739480147,-0.8474685824189565,4.683254711399141,8.0,-3.389874329675826,-0.800133888197388
/home/tug87422/scratch/smithlab-shared/night-owls/derivatives/fsl/sub-104/ses-01/L1_sub-104_ses-01_task-mid_model-1_type-act_run-1_space-mni_single-echo_cnfds-tedana_unsmoothed_FIR.feat,104,1,mid,1,single-echo,tedana,mni,NAcc,mid_feedback_extra,Positive-Negative,6.0,-43.25405123922477,6.197238922119141,1.615,-259.52430743534865,10.008540859222412,269.53284829457107,-48.00119350425599,-1.8579355186722022,8.0,-192.00477401702395,-52.03394094414017
/home/tug87422/scratch/smithlab-shared/night-owls/derivatives/fsl/sub-104/ses-01/L1_sub-104_ses-01_task-mid_model-1_type-act_run-2_space-mni_multi-echo_cnfds-fmriprep_unsmoothed_FIR.feat,104,1,mid,2,multi-echo,fmriprep,mni,NAcc,mid_anticipation_primary,Reward-Neutral,5.0,12.463710361416492,30.92673635482788,0.0,62.318551807082464,82.60318137288093,20.284629565798465,-31.457220717758958,-1.8075169778829803,4.0,-125.82888287103583,-40.72981815220033
/home/tug87422/scratch/smithlab-shared/night-owls/derivatives/fsl/sub-104/ses-01/L1_sub-104_ses-01_task-mid_model-1_type-act_run-2_space-mni_multi-echo_cnfds-fmriprep_unsmoothed_FIR.feat,104,1,mid,2,multi-echo,fmriprep,mni,NAcc,mid_feedback_extra,Positive-Negative,6.0,31.348623610499967,82.20684051513673,3.23,188.0917416629998,220.3612620162964,32.269520353296585,6.059162799363537,35.631799249088075,8.0,24.236651197454147,-1.4213624664873497
/home/tug87422/scratch/smithlab-shared/night-owls/derivatives/fsl/sub-104/ses-01/L1_sub-104_ses-01_task-mid_model-1_type-act_run-2_space-mni_multi-echo_cnfds-tedana_unsmoothed_FIR.feat,104,1,mid,2,multi-echo,tedana,mni,NAcc,mid_anticipation_primary,Reward-Neutral,5.0,9.732750939297047,22.09078049659729,0.0,48.663754696485235,60.820430960059156,12.156676263573925,-26.047322230817688,-1.2190113396098383,4.0,-104.18928892327075,-33.98074846518667
/home/tug87422/scratch/smithlab-shared/night-owls/derivatives/fsl/sub-104/ses-01/L1_sub-104_ses-01_task-mid_model-1_type-act_run-2_space-mni_multi-echo_cnfds-tedana_unsmoothed_FIR.feat,104,1,mid,2,multi-echo,tedana,mni,NAcc,mid_feedback_extra,Positive-Negative,6.0,20.586452730984515,62.584568023681655,3.23,123.5187163859071,164.92500231385236,41.40628592794525,-2.3433557503308284,30.401249445628842,8.0,-9.373423001323314,-12.08289809566533
/home/tug87422/scratch/smithlab-shared/night-owls/derivatives/fsl/sub-104/ses-01/L1_sub-104_ses-01_task-mid_model-1_type-act_run-2_space-mni_single-echo_cnfds-fmriprep_unsmoothed_FIR.feat,104,1,mid,2,single-echo,fmriprep,mni,NAcc,mid_anticipation_primary,Reward-Neutral,5.0,33.280817306649936,75.14548301696777,3.23,166.40408653324968,197.22169053316117,30.817603999911455,-48.603885326916966,24.186162275426522,4.0,-194.41554130766787,-57.79359181525169
/home/tug87422/scratch/smithlab-shared/night-owls/derivatives/fsl/sub-104/ses-01/L1_sub-104_ses-01_task-mid_model-1_type-act_run-2_space-mni_single-echo_cnfds-fmriprep_unsmoothed_FIR.feat,104,1,mid,2,single-echo,fmriprep,mni,NAcc,mid_feedback_extra,Positive-Negative,6.0,38.76118862257561,123.77685928344727,3.23,232.56713173545364,251.2803959780931,18.713264242639486,4.074504228475108,60.41931581054308,4.0,16.298016913900433,-10.557093940652193
/home/tug87422/scratch/smithlab-shared/night-owls/derivatives/fsl/sub-104/ses-01/L1_sub-104_ses-01_task-mid_model-1_type-act_run-2_space-mni_single-echo_cnfds-tedana_unsmoothed_FIR.feat,104,1,mid,2,single-echo,tedana,mni,NAcc,mid_anticipation_primary,Reward-Neutral,5.0,21.311994756513336,48.454163551330566,3.23,106.55997378256667,132.7293012654781,26.169327482911463,-55.61695279376241,12.572579224412282,4.0,-222.46781117504963,-62.428591459528214
/home/tug87422/scratch/smithlab-shared/night-owls/derivatives/fsl/sub-104/ses-01/L1_sub-104_ses-01_task-mid_model-1_type-act_run-2_space-mni_single-echo_cnfds-tedana_unsmoothed_FIR.feat,104,1,mid,2,single-echo,tedana,mni,NAcc,mid_feedback_extra,Positive-Negative,6.0,31.430570900111277,104.34767150878906,3.23,188.58342540066766,210.15075066566465,21.567325264996974,-1.0887407060624918,50.47625569441001,4.0,-4.354962824249967,-16.619280657532045
/home/tug87422/scratch/smithlab-shared/night-owls/derivatives/fsl/sub-104/ses-01/L1_sub-104_ses-01_task-sharedreward_model-1_type-act_run-1_space-mni_multi-echo_cnfds-fmriprep_unsmoothed_FIR.feat,104,1,sharedreward,1,multi-echo,fmriprep,mni,NAcc,sr_decision_partner_extra,Computer-Stranger,6.0,4.6381780164092925,17.58526921272278,1.615,27.829068098455757,51.316376799345015,23.48730870088925,-1.4596037696943158,25.641872394195673,8.0,-5.838415078777263,-9.558006936182547
/home/tug87422/scratch/smithlab-shared/night-owls/derivatives/fsl/sub-104/ses-01/L1_sub-104_ses-01_task-sharedreward_model-1_type-act_run-1_space-mni_multi-echo_cnfds-fmriprep_unsmoothed_FIR.feat,104,1,sharedreward,1,multi-echo,fmriprep,mni,NAcc,sr_outcome_primary,Reward-Neutral,6.0,4.033645606418639,67.7102926508192,6.0,24.201873638511834,110.16618319857233,85.9643095600605,55.940605859072306,77.44775772094727,6.46,223.76242343628923,67.7102926508192
/home/tug87422/scratch/smithlab-shared/night-owls/derivatives/fsl/sub-104/ses-01/L1_sub-104_ses-01_task-sharedreward_model-1_type-act_run-1_space-mni_multi-echo_cnfds-fmriprep_unsmoothed_FIR.feat,104,1,sharedreward,1,multi-echo,fmriprep,mni,NAcc,sr_outcome_primary,Punish-Neutral,6.0,11.97963733623979,71.47222328186035,4.845,71.87782401743874,141.881814170513,70.00399015307426,62.53801811063576,102.89259086304777,8.0,250.15207244254304,51.7305999267212
/home/tug87422/scratch/smithlab-shared/night-owls/derivatives/fsl/sub-104/ses-01/L1_sub-104_ses-01_task-sharedreward_model-1_type-act_run-1_space-mni_multi-echo_cnfds-fmriprep_unsmoothed_FIR.feat,104,1,sharedreward,1,multi-echo,fmriprep,mni,NAcc,sr_outcome_primary,Reward-Punish,6.0,-7.945991729821152,37.94934582710266,1.615,-47.67595037892691,70.51646605893738,118.19241643786431,-6.597412251563453,33.57962250709534,6.46,-26.389649006253812,15.979692724097992
/home/tug87422/scratch/smithlab-shared/night-owls/derivatives/fsl/sub-104/ses-01/L1_sub-104_ses-01_task-sharedreward_model-1_type-act_run-1_space-mni_multi-echo_cnfds-tedana_unsmoothed_FIR.feat,104,1,sharedreward,1,multi-echo,tedana,mni,NAcc,sr_decision_partner_extra,Computer-Stranger,6.0,3.757896742919158,11.399328231811523,3.23,22.547380457514947,38.79453377544326,16.247153317928312,13.464435079544325,46.62841416327947,8.0,53.8577403181773,7.607210509179179
/home/tug87422/scratch/smithlab-shared/night-owls/derivatives/fsl/sub-104/ses-01/L1_sub-104_ses-01_task-sharedreward_model-1_type-act_run-1_space-mni_multi-echo_cnfds-tedana_unsmoothed_FIR.feat,104,1,sharedreward,1,multi-echo,tedana,mni,NAcc,sr_outcome_primary,Reward-Neutral,6.0,-19.615332208788182,33.570259796945685,6.0,-117.69199325272909,41.08855310251839,158.78054635524748,23.005876202129365,48.53692817687988,6.46,92.02350480851746,33.570259796945685
/home/tug87422/scratch/smithlab-shared/night-owls/derivatives/fsl/sub-104/ses-01/L1_sub-104_ses-01_task-sharedreward_model-1_type-act_run-1_space-mni_multi-echo_cnfds-tedana_unsmoothed_FIR.feat,104,1,sharedreward,1,multi-echo,tedana,mni,NAcc,sr_outcome_primary,Punish-Neutral,6.0,-15.185233338327137,39.94991493225098,4.845,-91.11140002996282,81.85955094783944,172.9709509778023,27.395293082316,51.94258635221253,8.0,109.581172329264,20.840904466507972
/home/tug87422/scratch/smithlab-shared/night-owls/derivatives/fsl/sub-104/ses-01/L1_sub-104_ses-01_task-sharedreward_model-1_type-act_run-1_space-mni_multi-echo_cnfds-tedana_unsmoothed_FIR.feat,104,1,sharedreward,1,multi-echo,tedana,mni,NAcc,sr_outcome_primary,Reward-Punish,6.0,-4.4300988704610464,42.766650676727295,1.615,-26.58059322276628,83.62777517876113,110.20836840152741,-4.389416880186637,35.306538701057434,6.46,-17.55766752074655,12.729355330437706
/home/tug87422/scratch/smithlab-shared/night-owls/derivatives/fsl/sub-104/ses-01/L1_sub-104_ses-01_task-sharedreward_model-1_type-act_run-1_space-mni_single-echo_cnfds-fmriprep_unsmoothed_FIR.feat,104,1,sharedreward,1,single-echo,fmriprep,mni,NAcc,sr_decision_partner_extra,Computer-Stranger,6.0,-2.3193534848885977,9.14889907836914,3.23,-13.916120909331585,29.486225490570067,43.402346399901646,-4.411174379919336,15.052586954075494,8.0,-17.644697519677344,-8.0425055122966
/home/tug87422/scratch/smithlab-shared/night-owls/derivatives/fsl/sub-104/ses-01/L1_sub-104_ses-01_task-sharedreward_model-1_type-act_run-1_space-mni_single-echo_cnfds-fmriprep_unsmoothed_FIR.feat,104,1,sharedreward,1,single-echo,fmriprep,mni,NAcc,sr_outcome_primary,Reward-Neutral,6.0,-12.810561343437621,69.51780743200344,6.0,-76.86336806062573,111.71034244295245,188.57371050357818,59.702334609122104,76.62577819824219,6.46,238.80933843648842,69.51780743200344
/home/tug87422/scratch/smithlab-shared/night-owls/derivatives/fsl/sub-104/ses-01/L1_sub-104_ses-01_task-sharedreward_model-1_type-act_run-1_space-mni_single-echo_cnfds-fmriprep_unsmoothed_FIR.feat,104,1,sharedreward,1,single-echo,fmriprep,mni,NAcc,sr_outcome_primary,Punish-Neutral,6.0,-11.081406352512609,42.863193573966484,6.0,-66.48843811507565,41.034897229715774,107.52333534479142,47.57702090050599,112.86300489407947,8.0,190.30808360202397,42.863193573966484
/home/tug87422/scratch/smithlab-shared/night-owls/derivatives/fsl/sub-104/ses-01/L1_sub-104_ses-01_task-sharedreward_model-1_type-act_run-1_space-mni_single-echo_cnfds-fmriprep_unsmoothed_FIR.feat,104,1,sharedreward,1,single-echo,fmriprep,mni,NAcc,sr_outcome_primary,Reward-Punish,6.0,-1.7291549909250143,39.91509437561035,4.845,-10.374929945550086,90.65226960174071,101.02719954729079,12.125313708616112,39.91509437561035,4.845,48.50125483446445,26.65461385803695
/home/tug87422/scratch/smithlab-shared/night-owls/derivatives/fsl/sub-104/ses-01/L1_sub-104_ses-01_task-sharedreward_model-1_type-act_run-1_space-mni_single-echo_cnfds-tedana_unsmoothed_FIR.feat,104,1,sharedreward,1,single-echo,tedana,mni,NAcc,sr_decision_partner_extra,Computer-Stranger,6.0,1.2153898874408078,29.769069004354094,6.0,7.292339324644846,55.403399883202354,48.11106055855751,29.89954725067682,55.615318079851,8.0,119.59818900270729,29.769069004354094
/home/tug87422/scratch/smithlab-shared/night-owls/derivatives/fsl/sub-104/ses-01/L1_sub-104_ses-01_task-sharedreward_model-1_type-act_run-1_space-mni_single-echo_cnfds-tedana_unsmoothed_FIR.feat,104,1,sharedreward,1,single-echo,tedana,mni,NAcc,sr_outcome_primary,Reward-Neutral,6.0,-45.84882116658823,15.134025861604298,6.0,-275.09292699952937,8.739899935076485,283.83282693460586,8.537363790038388,45.817562332094276,8.0,34.14945516015355,15.134025861604298
/home/tug87422/scratch/smithlab-shared/night-owls/derivatives/fsl/sub-104/ses-01/L1_sub-104_ses-01_task-sharedreward_model-1_type-act_run-1_space-mni_single-echo_cnfds-tedana_unsmoothed_FIR.feat,104,1,sharedreward,1,single-echo,tedana,mni,NAcc,sr_outcome_primary,Punish-Neutral,6.0,-41.756758992834975,5.007639230958453,6.0,-250.54055395700985,2.8919116558785074,253.43246561288836,3.1570611399107715,50.44694952329986,8.0,12.628244559643086,5.007639230958453
/home/tug87422/scratch/smithlab-shared/night-owls/derivatives/fsl/sub-104/ses-01/L1_sub-104_ses-01_task-sharedreward_model-1_type-act_run-1_space-mni_single-echo_cnfds-tedana_unsmoothed_FIR.feat,104,1,sharedreward,1,single-echo,tedana,mni,NAcc,sr_outcome_primary,Reward-Punish,6.0,-4.092062173753253,11.264019012451172,4.845,-24.55237304251952,30.35870850357847,54.91108154609799,5.380302650127618,11.264019012451172,4.845,21.52121060051047,10.126386630645847
/home/tug87422/scratch/smithlab-shared/night-owls/derivatives/fsl/sub-104/ses-01/L1_sub-104_ses-01_task-sharedreward_model-1_type-act_run-2_space-mni_multi-echo_cnfds-fmriprep_unsmoothed_FIR.feat,104,1,sharedreward,2,multi-echo,fmriprep,mni,NAcc,sr_decision_partner_extra,Computer-Stranger,6.0,-38.76404774134763,30.410539150238037,0.0,-232.58428644808578,24.556510363817214,257.140796811903,-61.08372412576334,-41.02213211569808,8.0,-244.33489650305336,-61.902005997097156
/home/tug87422/scratch/smithlab-shared/night-owls/derivatives/fsl/sub-104/ses-01/L1_sub-104_ses-01_task-sharedreward_model-1_type-act_run-2_space-mni_multi-echo_cnfds-fmriprep_unsmoothed_FIR.feat,104,1,sharedreward,2,multi-echo,fmriprep,mni,NAcc,sr_outcome_primary,Reward-Neutral,6.0,34.3201860263916,52.90946960449219,3.23,205.9211161583496,205.9211161583496,0.0,36.60172078551153,49.20748909634333,4.0,146.40688314204613,36.49227390348358
/home/tug87422/scratch/smithlab-shared/night-owls/derivatives/fsl/sub-104/ses-01/L1_sub-104_ses-01_task-sharedreward_model-1_type-act_run-2_space-mni_multi-echo_cnfds-fmriprep_unsmoothed_FIR.feat,104,1,sharedreward,2,multi-echo,fmriprep,mni,NAcc,sr_outcome_primary,Punish-Neutral,6.0,51.86279195323141,98.01739647218686,6.0,311.17675171938845,311.17675171938845,0.0,76.35797249070123,104.23024368286133,6.46,305.4318899628049,98.01739647218686
/home/tug87422/scratch/smithlab-shared/night-owls/derivatives/fsl/sub-104/ses-01/L1_sub-104_ses-01_task-sharedreward_model-1_type-act_run-2_space-mni_multi-echo_cnfds-fmriprep_unsmoothed_FIR.feat,104,1,sharedreward,2,multi-echo,fmriprep,mni,NAcc,sr_outcome_primary,Reward-Punish,6.0,-17.54260592683981,-2.4434289932250977,0.0,-105.25563556103884,0.0,105.25563556103884,-39.7562517051897,10.294114706317005,8.0,-159.0250068207588,-61.52512256870329
/home/tug87422/scratch/smithlab-shared/night-owls/derivatives/fsl/sub-104/ses-01/L1_sub-104_ses-01_task-sharedreward_model-1_type-act_run-2_space-mni_multi-echo_cnfds-tedana_unsmoothed_FIR.feat,104,1,sharedreward,2,multi-echo,tedana,mni,NAcc,sr_decision_partner_extra,Computer-Stranger,6.0,-31.83907690275687,45.30213737487793,0.0,-191.0344614165412,61.36661313533783,252.40107455187905,-60.91127057696828,-40.42765917054639,8.0,-243.6450823078731,-60.364933524707524
/home/tug87422/scratch/smithlab-shared/night-owls/derivatives/fsl/sub-104/ses-01/L1_sub-104_ses-01_task-sharedreward_model-1_type-act_run-2_space-mni_multi-echo_cnfds-tedana_unsmoothed_FIR.feat,104,1,sharedreward,2,multi-echo,tedana,mni,NAcc,sr_outcome_primary,Reward-Neutral,6.0,34.194452247474466,53.318132400512695,4.845,205.16671348484678,205.16671348484678,0.0,34.87477510689212,53.318132400512695,4.845,139.4991004275685,51.08078357826445
/home/tug87422/scratch/smithlab-shared/night-owls/derivatives/fsl/sub-104/ses-01/L1_sub-104_ses-01_task-sharedreward_model-1_type-act_run-2_space-mni_multi-echo_cnfds-tedana_unsmoothed_FIR.feat,104,1,sharedreward,2,multi-echo,tedana,mni,NAcc,sr_outcome_primary,Punish-Neutral,6.0,35.746248963576726,102.7047335090283,6.0,214.47749378146034,222.46465400637487,7.987160224914557,66.12525601000424,118.77665328979492,6.46,264.50102404001694,102.7047335090283
/home/tug87422/scratch/smithlab-shared/night-owls/derivatives/fsl/sub-104/ses-01/L1_sub-104_ses-01_task-sharedreward_model-1_type-act_run-2_space-mni_multi-echo_cnfds-tedana_unsmoothed_FIR.feat,104,1,sharedreward,2,multi-echo,tedana,mni,NAcc,sr_outcome_primary,Reward-Punish,6.0,-1.551796716102259,26.133892059326172,0.0,-9.310780296613554,36.105914850234996,45.416695146848554,-31.25048090311211,-4.485140945151097,8.0,-125.00192361244844,-51.623949930763835
/home/tug87422/scratch/smithlab-shared/night-owls/derivatives/fsl/sub-104/ses-01/L1_sub-104_ses-01_task-sharedreward_model-1_type-act_run-2_space-mni_single-echo_cnfds-fmriprep_unsmoothed_FIR.feat,104,1,sharedreward,2,single-echo,fmriprep,mni,NAcc,sr_decision_partner_extra,Computer-Stranger,6.0,-54.7460272671699,14.435441970825192,0.0,-328.4761636030194,11.656619391441343,340.13278299446074,-64.45394051806845,-19.484159000148697,8.0,-257.8157620722738,-72.40242307621628
/home/tug87422/scratch/smithlab-shared/night-owls/derivatives/fsl/sub-104/ses-01/L1_sub-104_ses-01_task-sharedreward_model-1_type-act_run-2_space-mni_single-echo_cnfds-fmriprep_unsmoothed_FIR.feat,104,1,sharedreward,2,single-echo,fmriprep,mni,NAcc,sr_outcome_primary,Reward-Neutral,6.0,40.80673184543325,120.15433502197266,0.0,244.8403910725995,244.8403910725995,0.0,30.648721227169776,37.37754821777344,6.46,122.5948849086791,31.53186757940995
/home/tug87422/scratch/smithlab-shared/night-owls/derivatives/fsl/sub-104/ses-01/L1_sub-104_ses-01_task-sharedreward_model-1_type-act_run-2_space-mni_single-echo_cnfds-fmriprep_unsmoothed_FIR.feat,104,1,sharedreward,2,single-echo,fmriprep,mni,NAcc,sr_outcome_primary,Punish-Neutral,6.0,67.23020750952948,125.18736457824707,0.0,403.3812450571769,403.3812450571769,0.0,78.36485652493987,99.62488555908203,6.46,313.45942609975947,96.26845255281903
/home/tug87422/scratch/smithlab-shared/night-owls/derivatives/fsl/sub-104/ses-01/L1_sub-104_ses-01_task-sharedreward_model-1_type-act_run-2_space-mni_single-echo_cnfds-fmriprep_unsmoothed_FIR.feat,104,1,sharedreward,2,single-echo,fmriprep,mni,NAcc,sr_outcome_primary,Reward-Punish,6.0,-26.42347566409623,16.749330520629883,3.23,-158.54085398457738,27.05016879081726,185.59102277539466,-47.716135297770094,6.806861251500394,8.0,-190.86454119108038,-64.73658497340908
/home/tug87422/scratch/smithlab-shared/night-owls/derivatives/fsl/sub-104/ses-01/L1_sub-104_ses-01_task-sharedreward_model-1_type-act_run-2_space-mni_single-echo_cnfds-tedana_unsmoothed_FIR.feat,104,1,sharedreward,2,single-echo,tedana,mni,NAcc,sr_decision_partner_extra,Computer-Stranger,6.0,-45.23581276504432,24.85382032394409,0.0,-271.4148765902659,53.579538216590876,324.9944148068568,-46.13912254572744,29.017126037609497,8.0,-184.55649018290976,-54.19826600130866
/home/tug87422/scratch/smithlab-shared/night-owls/derivatives/fsl/sub-104/ses-01/L1_sub-104_ses-01_task-sharedreward_model-1_type-act_run-2_space-mni_single-echo_cnfds-tedana_unsmoothed_FIR.feat,104,1,sharedreward,2,single-echo,tedana,mni,NAcc,sr_outcome_primary,Reward-Neutral,6.0,18.180173324778355,37.755802154541016,0.0,109.08103994867012,109.08103994867012,0.0,8.871566766876917,38.02106857299805,6.46,35.48626706750767,28.76355963078077
/home/tug87422/scratch/smithlab-shared/night-owls/derivatives/fsl/sub-104/ses-01/L1_sub-104_ses-01_task-sharedreward_model-1_type-act_run-2_space-mni_single-echo_cnfds-tedana_unsmoothed_FIR.feat,104,1,sharedreward,2,single-echo,tedana,mni,NAcc,sr_outcome_primary,Punish-Neutral,6.0,36.98691026339344,76.58920843460982,6.0,221.92146158036064,221.92146158036064,0.0,40.82815179439336,88.63501644134521,6.46,163.31260717757343,76.58920843460982
/home/tug87422/scratch/smithlab-shared/night-owls/derivatives/fsl/sub-104/ses-01/L1_sub-104_ses-01_task-sharedreward_model-1_type-act_run-2_space-mni_single-echo_cnfds-tedana_unsmoothed_FIR.feat,104,1,sharedreward,2,single-echo,tedana,mni,NAcc,sr_outcome_primary,Reward-Punish,6.0,-18.80673693861509,20.885284423828125,0.0,-112.84042163169053,16.864867172241212,129.70528880393175,-31.95658502751644,13.655025030437296,8.0,-127.82634011006576,-47.82564880382904
/home/tug87422/scratch/smithlab-shared/night-owls/derivatives/fsl/sub-104/ses-02/L1_sub-104_ses-02_task-mid_model-1_type-act_run-1_space-mni_multi-echo_cnfds-fmriprep_unsmoothed_FIR.feat,104,2,mid,1,multi-echo,fmriprep,mni,NAcc,mid_anticipation_primary,Reward-Neutral,5.0,-5.972089068846346,13.952175140380858,1.615,-29.86044534423173,22.532762851715084,52.39320819594682,-21.84385677635364,-14.3943840313253,8.0,-87.37542710541456,-22.930425155273532
/home/tug87422/scratch/smithlab-shared/night-owls/derivatives/fsl/sub-104/ses-02/L1_sub-104_ses-02_task-mid_model-1_type-act_run-1_space-mni_multi-echo_cnfds-fmriprep_unsmoothed_FIR.feat,104,2,mid,1,multi-echo,fmriprep,mni,NAcc,mid_feedback_extra,Positive-Negative,6.0,-8.73589310681826,10.396911119898041,6.0,-52.41535864090956,14.779274474620458,67.19463311553001,7.322175183777379,19.258697271347046,6.46,29.288700735109515,10.396911119898041
/home/tug87422/scratch/smithlab-shared/night-owls/derivatives/fsl/sub-104/ses-02/L1_sub-104_ses-02_task-mid_model-1_type-act_run-1_space-mni_multi-echo_cnfds-tedana_unsmoothed_FIR.feat,104,2,mid,1,multi-echo,tedana,mni,NAcc,mid_anticipation_primary,Reward-Neutral,5.0,-9.258848262106671,6.446788668632507,1.615,-46.29424131053336,10.4115636998415,56.70580501037486,-23.235216835222374,-7.194781486463982,8.0,-92.9408673408895,-27.206962080562814
/home/tug87422/scratch/smithlab-shared/night-owls/derivatives/fsl/sub-104/ses-02/L1_sub-104_ses-02_task-mid_model-1_type-act_run-1_space-mni_multi-echo_cnfds-tedana_unsmoothed_FIR.feat,104,2,mid,1,multi-echo,tedana,mni,NAcc,mid_feedback_extra,Positive-Negative,6.0,-3.412416028390851,16.721056135077227,6.0,-20.474496170345105,33.00791034096166,53.48240651130676,15.15154852524446,25.906978297159768,8.0,60.60619410097784,16.721056135077227
/home/tug87422/scratch/smithlab-shared/night-owls/derivatives/fsl/sub-104/ses-02/L1_sub-104_ses-02_task-mid_model-1_type-act_run-1_space-mni_single-echo_cnfds-fmriprep_unsmoothed_FIR.feat,104,2,mid,1,single-echo,fmriprep,mni,NAcc,mid_anticipation_primary,Reward-Neutral,5.0,-29.63572712159489,-5.053149700164795,1.615,-148.17863560797446,0.0,148.17863560797446,-26.736244923800413,-3.3551990557750293,8.0,-106.94497969520165,-22.620402531727176
/home/tug87422/scratch/smithlab-shared/night-owls/derivatives/fsl/sub-104/ses-02/L1_sub-104_ses-02_task-mid_model-1_type-act_run-1_space-mni_single-echo_cnfds-fmriprep_unsmoothed_FIR.feat,104,2,mid,1,single-echo,fmriprep,mni,NAcc,mid_feedback_extra,Positive-Negative,6.0,-7.649310195574572,34.51051044464111,1.615,-45.895861173447436,59.340054786626034,105.23591596007347,7.333240899379505,47.802329816316316,8.0,29.33296359751802,6.243429296156943
/home/tug87422/scratch/smithlab-shared/night-owls/derivatives/fsl/sub-104/ses-02/L1_sub-104_ses-02_task-mid_model-1_type-act_run-1_space-mni_single-echo_cnfds-tedana_unsmoothed_FIR.feat,104,2,mid,1,single-echo,tedana,mni,NAcc,mid_anticipation_primary,Reward-Neutral,5.0,-29.109350800592836,-10.669248938560486,1.615,-145.54675400296418,0.0,145.54675400296418,-27.9204525183072,1.2510329724834517,8.0,-111.6818100732288,-27.279866476915196
/home/tug87422/scratch/smithlab-shared/night-owls/derivatives/fsl/sub-104/ses-02/L1_sub-104_ses-02_task-mid_model-1_type-act_run-1_space-mni_single-echo_cnfds-tedana_unsmoothed_FIR.feat,104,2,mid,1,single-echo,tedana,mni,NAcc,mid_feedback_extra,Positive-Negative,6.0,2.869386147460579,37.633460998535156,1.615,17.216316884763472,79.61294964671873,62.39663276195526,22.4664478044807,64.21318161229233,8.0,89.8657912179228,15.805836687885202
/home/tug87422/scratch/smithlab-shared/night-owls/derivatives/fsl/sub-104/ses-02/L1_sub-104_ses-02_task-mid_model-1_type-act_run-2_space-mni_multi-echo_cnfds-fmriprep_unsmoothed_FIR.feat,104,2,mid,2,multi-echo,fmriprep,mni,NAcc,mid_anticipation_primary,Reward-Neutral,5.0,-26.741004661134337,10.027496218681335,0.0,-133.7050233056717,8.097203196585179,141.80222650225684,-40.58556313529011,-27.77976942062378,6.46,-162.34225254116043,-34.68127886798729
/home/tug87422/scratch/smithlab-shared/night-owls/derivatives/fsl/sub-104/ses-02/L1_sub-104_ses-02_task-mid_model-1_type-act_run-2_space-mni_multi-echo_cnfds-fmriprep_unsmoothed_FIR.feat,104,2,mid,2,multi-echo,fmriprep,mni,NAcc,mid_feedback_extra,Positive-Negative,6.0,-0.27975659000646136,28.122416853904728,4.845,-1.6785395400387682,52.03981853663922,53.71835807667799,-22.283536304871635,28.122416853904728,4.845,-89.13414521948654,-48.894900612786834
/home/tug87422/scratch/smithlab-shared/night-owls/derivatives/fsl/sub-104/ses-02/L1_sub-104_ses-02_task-mid_model-1_type-act_run-2_space-mni_multi-echo_cnfds-tedana_unsmoothed_FIR.feat,104,2,mid,2,multi-echo,tedana,mni,NAcc,mid_anticipation_primary,Reward-Neutral,5.0,-6.122715949611397,7.994833946228029,4.845,-30.613579748056985,16.44705220542087,47.06063195347785,-1.350318307847522,7.994833946228029,4.845,-5.401273231390088,4.490697304161711
/home/tug87422/scratch/smithlab-shared/night-owls/derivatives/fsl/sub-104/ses-02/L1_sub-104_ses-02_task-mid_model-1_type-act_run-2_space-mni_multi-echo_cnfds-tedana_unsmoothed_FIR.feat,104,2,mid,2,multi-echo,tedana,mni,NAcc,mid_feedback_extra,Positive-Negative,6.0,1.242944102772004,19.09387016296387,4.845,7.457664616632024,38.86823768138886,31.41057306475684,-13.551020895563775,19.09387016296387,4.845,-54.2040835822551,-30.84049294533744
/home/tug87422/scratch/smithlab-shared/night-owls/derivatives/fsl/sub-104/ses-02/L1_sub-104_ses-02_task-mid_model-1_type-act_run-2_space-mni_single-echo_cnfds-fmriprep_unsmoothed_FIR.feat,104,2,mid,2,single-echo,fmriprep,mni,NAcc,mid_anticipation_primary,Reward-Neutral,5.0,-1.2864196067690492,56.79920768737793,0.0,-6.4320980338452465,83.81502857923508,90.24712661308033,-43.10109117994875,-17.40348195586779,8.0,-172.404364719795,-49.63860679779997
/home/tug87422/scratch/smithlab-shared/night-owls/derivatives/fsl/sub-104/ses-02/L1_sub-104_ses-02_task-mid_model-1_type-act_run-2_space-mni_single-echo_cnfds-fmriprep_unsmoothed_FIR.feat,104,2,mid,2,single-echo,fmriprep,mni,NAcc,mid_feedback_extra,Positive-Negative,6.0,-7.676313945032338,28.93514633178711,0.0,-46.05788367019403,52.87480365758762,98.93268732778165,-36.96514443842686,9.652376189943253,4.0,-147.86057775370745,-72.42666988028647
/home/tug87422/scratch/smithlab-shared/night-owls/derivatives/fsl/sub-104/ses-02/L1_sub-104_ses-02_task-mid_model-1_type-act_run-2_space-mni_single-echo_cnfds-tedana_unsmoothed_FIR.feat,104,2,mid,2,single-echo,tedana,mni,NAcc,mid_anticipation_primary,Reward-Neutral,5.0,26.220780957984665,46.46063041687012,0.0,131.10390478992332,131.10390478992332,0.0,2.9136660081934718,17.231721632620864,4.0,11.654664032773887,-4.866020125132228
/home/tug87422/scratch/smithlab-shared/night-owls/derivatives/fsl/sub-104/ses-02/L1_sub-104_ses-02_task-mid_model-1_type-act_run-2_space-mni_single-echo_cnfds-tedana_unsmoothed_FIR.feat,104,2,mid,2,single-echo,tedana,mni,NAcc,mid_feedback_extra,Positive-Negative,6.0,-1.9701209693691941,21.719860076904297,0.0,-11.820725816215164,54.960042783021926,66.78076859923709,-25.022056595512396,12.282908709794743,4.0,-100.08822638204958,-53.0714884749138
/home/tug87422/scratch/smithlab-shared/night-owls/derivatives/fsl/sub-104/ses-02/L1_sub-104_ses-02_task-sharedreward_model-1_type-act_run-1_space-mni_multi-echo_cnfds-fmriprep_unsmoothed_FIR.feat,104,2,sharedreward,1,multi-echo,fmriprep,mni,NAcc,sr_decision_partner_extra,Computer-Stranger,6.0,-9.69999620435769,17.997660160064697,1.615,-58.19997722614614,29.066221158504487,87.26619838465064,-2.0629586871765286,3.4432054436981865,8.0,-8.251834748706115,-0.6012901001301342
/home/tug87422/scratch/smithlab-shared/night-owls/derivatives/fsl/sub-104/ses-02/L1_sub-104_ses-02_task-sharedreward_model-1_type-act_run-1_space-mni_multi-echo_cnfds-fmriprep_unsmoothed_FIR.feat,104,2,sharedreward,1,multi-echo,fmriprep,mni,NAcc,sr_outcome_primary,Reward-Neutral,6.0,-28.583565586975116,-4.582184310298955,6.0,-171.5013935218507,0.0,171.5013935218507,2.2733367639189597,47.06667437715798,8.0,9.093347055675839,-4.582184310298955
/home/tug87422/scratch/smithlab-shared/night-owls/derivatives/fsl/sub-104/ses-02/L1_sub-104_ses-02_task-sharedreward_model-1_type-act_run-1_space-mni_multi-echo_cnfds-fmriprep_unsmoothed_FIR.feat,104,2,sharedreward,1,multi-echo,fmriprep,mni,NAcc,sr_outcome_primary,Punish-Neutral,6.0,-34.549047252151375,26.60074806213379,4.845,-207.29428351290824,36.8420360660553,244.13631957896354,3.480026409852065,26.60074806213379,4.845,13.92010563940826,-1.460803855683415
/home/tug87422/scratch/smithlab-shared/night-owls/derivatives/fsl/sub-104/ses-02/L1_sub-104_ses-02_task-sharedreward_model-1_type-act_run-1_space-mni_multi-echo_cnfds-fmriprep_unsmoothed_FIR.feat,104,2,sharedreward,1,multi-echo,fmriprep,mni,NAcc,sr_outcome_primary,Reward-Punish,6.0,5.9654816651762586,35.60957717895508,1.615,35.79288999105755,81.82711383342743,46.03422384236988,-1.2066896459331033,33.845150661173264,8.0,-4.826758583732413,-3.1213804546155415
/home/tug87422/scratch/smithlab-shared/night-owls/derivatives/fsl/sub-104/ses-02/L1_sub-104_ses-02_task-sharedreward_model-1_type-act_run-1_space-mni_multi-echo_cnfds-tedana_unsmoothed_FIR.feat,104,2,sharedreward,1,multi-echo,tedana,mni,NAcc,sr_decision_partner_extra,Computer-Stranger,6.0,-10.042735914984108,12.275389671325684,1.615,-60.256415489904654,22.522542073726655,82.7789575636313,-2.444439544947154,1.9478611946105957,4.845,-9.777758179788616,-0.3192801372185583
/home/tug87422/scratch/smithlab-shared/night-owls/derivatives/fsl/sub-104/ses-02/L1_sub-104_ses-02_task-sharedreward_model-1_type-act_run-1_space-mni_multi-echo_cnfds-tedana_unsmoothed_FIR.feat,104,2,sharedreward,1,multi-echo,tedana,mni,NAcc,sr_outcome_primary,Reward-Neutral,6.0,-25.36871793106029,2.416043281555174,4.845,-152.21230758636173,3.346219944953916,155.55852753131566,6.705721497212776,50.21718511788102,8.0,26.822885988851105,-0.5410775400167656
/home/tug87422/scratch/smithlab-shared/night-owls/derivatives/fsl/sub-104/ses-02/L1_sub-104_ses-02_task-sharedreward_model-1_type-act_run-1_space-mni_multi-echo_cnfds-tedana_unsmoothed_FIR.feat,104,2,sharedreward,1,multi-echo,tedana,mni,NAcc,sr_outcome_primary,Punish-Neutral,6.0,-30.142187406070708,28.680232048034668,4.845,-180.85312443642425,41.70924921841813,222.56237365484236,7.185218335270147,28.680232048034668,4.845,28.740873341080587,3.4409139946149203
/home/tug87422/scratch/smithlab-shared/night-owls/derivatives/fsl/sub-104/ses-02/L1_sub-104_ses-02_task-sharedreward_model-1_type-act_run-1_space-mni_multi-echo_cnfds-tedana_unsmoothed_FIR.feat,104,2,sharedreward,1,multi-echo,tedana,mni,NAcc,sr_outcome_primary,Reward-Punish,6.0,4.7734694750104145,30.505882263183594,1.615,28.64081685006249,67.31631840288638,38.6755015528239,-0.4794968380573721,35.056725109324745,8.0,-1.9179873522294884,-3.981991534631687
/home/tug87422/scratch/smithlab-shared/night-owls/derivatives/fsl/sub-104/ses-02/L1_sub-104_ses-02_task-sharedreward_model-1_type-act_run-1_space-mni_single-echo_cnfds-fmriprep_unsmoothed_FIR.feat,104,2,sharedreward,1,single-echo,fmriprep,mni,NAcc,sr_decision_partner_extra,Computer-Stranger,6.0,-10.354974831157545,35.172175770573574,6.0,-62.12984898694527,20.311931507506245,82.4417804944515,25.187369006560314,52.26861953735351,6.46,100.74947602624125,35.172175770573574
/home/tug87422/scratch/smithlab-shared/night-owls/derivatives/fsl/sub-104/ses-02/L1_sub-104_ses-02_task-sharedreward_model-1_type-act_run-1_space-mni_single-echo_cnfds-fmriprep_unsmoothed_FIR.feat,104,2,sharedreward,1,single-echo,fmriprep,mni,NAcc,sr_outcome_primary,Reward-Neutral,6.0,-37.59977911162303,-10.929716110229492,3.23,-225.59867466973816,0.0,225.59867466973816,-26.376026883069947,-16.081654008327984,8.0,-105.50410753227979,-30.452423757074786
/home/tug87422/scratch/smithlab-shared/night-owls/derivatives/fsl/sub-104/ses-02/L1_sub-104_ses-02_task-sharedreward_model-1_type-act_run-1_space-mni_single-echo_cnfds-fmriprep_unsmoothed_FIR.feat,104,2,sharedreward,1,single-echo,fmriprep,mni,NAcc,sr_outcome_primary,Punish-Neutral,6.0,-47.020077527198005,-6.6466484424130465,6.0,-282.12046516318804,0.0,282.12046516318804,-6.942055258441818,4.169964061063883,8.0,-27.768221033767272,-6.6466484424130465
/home/tug87422/scratch/smithlab-shared/night-owls/derivatives/fsl/sub-104/ses-02/L1_sub-104_ses-02_task-sharedreward_model-1_type-act_run-1_space-mni_single-echo_cnfds-fmriprep_unsmoothed_FIR.feat,104,2,sharedreward,1,single-echo,fmriprep,mni,NAcc,sr_outcome_primary,Reward-Punish,6.0,9.420298415574985,33.88933181762695,1.615,56.52179049344991,96.31994282484054,39.798152331390625,-19.433971624628125,3.990039608426872,4.0,-77.7358864985125,-23.80577531466174
/home/tug87422/scratch/smithlab-shared/night-owls/derivatives/fsl/sub-104/ses-02/L1_sub-104_ses-02_task-sharedreward_model-1_type-act_run-1_space-mni_single-echo_cnfds-tedana_unsmoothed_FIR.feat,104,2,sharedreward,1,single-echo,tedana,mni,NAcc,sr_decision_partner_extra,Computer-Stranger,6.0,-5.931023263041509,42.66083022315436,6.0,-35.58613957824905,32.402504574034616,67.98864415228367,31.176710091081937,57.418148040771484,6.46,124.70684036432775,42.66083022315436
/home/tug87422/scratch/smithlab-shared/night-owls/derivatives/fsl/sub-104/ses-02/L1_sub-104_ses-02_task-sharedreward_model-1_type-act_run-1_space-mni_single-echo_cnfds-tedana_unsmoothed_FIR.feat,104,2,sharedreward,1,single-echo,tedana,mni,NAcc,sr_outcome_primary,Reward-Neutral,6.0,-34.26727690775943,-13.664333343505861,3.23,-205.6036614465566,0.0,205.6036614465566,-15.925825461359583,-13.532057452128027,8.0,-63.70330184543833,-16.671112993553326
/home/tug87422/scratch/smithlab-shared/night-owls/derivatives/fsl/sub-104/ses-02/L1_sub-104_ses-02_task-sharedreward_model-1_type-act_run-1_space-mni_single-echo_cnfds-tedana_unsmoothed_FIR.feat,104,2,sharedreward,1,single-echo,tedana,mni,NAcc,sr_outcome_primary,Punish-Neutral,6.0,-43.47233381129701,2.2877690578023726,6.0,-260.8340028677821,1.3211866308808704,262.155189498663,0.46923681930676464,12.236520359759732,8.0,1.8769472772270586,2.2877690578023726
/home/tug87422/scratch/smithlab-shared/night-owls/derivatives/fsl/sub-104/ses-02/L1_sub-104_ses-02_task-sharedreward_model-1_type-act_run-1_space-mni_single-echo_cnfds-tedana_unsmoothed_FIR.feat,104,2,sharedreward,1,single-echo,tedana,mni,NAcc,sr_outcome_primary,Reward-Punish,6.0,9.205056903537582,30.053990602493286,1.615,55.23034142122549,83.56716021895409,28.336818797728597,-16.39506228066635,6.175761943262056,4.0,-65.5802491226654,-18.958882051355697
/home/tug87422/scratch/smithlab-shared/night-owls/derivatives/fsl/sub-104/ses-02/L1_sub-104_ses-02_task-sharedreward_model-1_type-act_run-2_space-mni_multi-echo_cnfds-fmriprep_unsmoothed_FIR.feat,104,2,sharedreward,2,multi-echo,fmriprep,mni,NAcc,sr_decision_partner_extra,Computer-Stranger,6.0,-1.9437917539688778,17.644919903285736,6.0,-11.662750523813267,42.164578765503855,53.82732928931713,7.620567391711999,26.48600673675537,6.46,30.482269566847997,17.644919903285736
/home/tug87422/scratch/smithlab-shared/night-owls/derivatives/fsl/sub-104/ses-02/L1_sub-104_ses-02_task-sharedreward_model-1_type-act_run-2_space-mni_multi-echo_cnfds-fmriprep_unsmoothed_FIR.feat,104,2,sharedreward,2,multi-echo,fmriprep,mni,NAcc,sr_outcome_primary,Reward-Neutral,6.0,-18.832443997598684,27.64402198791504,4.845,-112.9946639855921,38.28697045326233,151.28163443885444,-7.443935570374087,27.64402198791504,4.845,-29.77574228149635,-5.132133613799012
/home/tug87422/scratch/smithlab-shared/night-owls/derivatives/fsl/sub-104/ses-02/L1_sub-104_ses-02_task-sharedreward_model-1_type-act_run-2_space-mni_multi-echo_cnfds-fmriprep_unsmoothed_FIR.feat,104,2,sharedreward,2,multi-echo,fmriprep,mni,NAcc,sr_outcome_primary,Punish-Neutral,6.0,-47.02737013741543,10.363517761230469,4.845,-282.1642208244926,14.353472099304199,296.5176929237968,-20.149683092393374,10.363517761230469,4.845,-80.5987323695735,-6.7474816974840675
/home/tug87422/scratch/smithlab-shared/night-owls/derivatives/fsl/sub-104/ses-02/L1_sub-104_ses-02_task-sharedreward_model-1_type-act_run-2_space-mni_multi-echo_cnfds-fmriprep_unsmoothed_FIR.feat,104,2,sharedreward,2,multi-echo,fmriprep,mni,NAcc,sr_outcome_primary,Reward-Punish,6.0,28.194926139816747,46.84005522727966,3.23,169.1695568389005,169.1695568389005,0.0,12.705747522019289,32.74664701027766,4.0,50.822990088077155,1.6153480836850556
/home/tug87422/scratch/smithlab-shared/night-owls/derivatives/fsl/sub-104/ses-02/L1_sub-104_ses-02_task-sharedreward_model-1_type-act_run-2_space-mni_multi-echo_cnfds-tedana_unsmoothed_FIR.feat,104,2,sharedreward,2,multi-echo,tedana,mni,NAcc,sr_decision_partner_extra,Computer-Stranger,6.0,-2.894659841237175,29.481573581695557,1.615,-17.36795904742305,56.647228897942846,74.01518794536591,-4.078869043259244,8.128209590911865,6.46,-16.315476173036977,1.7324854803528225
/home/tug87422/scratch/smithlab-shared/night-owls/derivatives/fsl/sub-104/ses-02/L1_sub-104_ses-02_task-sharedreward_model-1_type-act_run-2_space-mni_multi-echo_cnfds-tedana_unsmoothed_FIR.feat,104,2,sharedreward,2,multi-echo,tedana,mni,NAcc,sr_outcome_primary,Reward-Neutral,6.0,-32.125915793171856,17.636207580566406,4.845,-192.75549475903114,24.426147499084472,217.1816422581156,-21.15015952956935,17.636207580566406,4.845,-84.6006381182774,-23.112672256611454
/home/tug87422/scratch/smithlab-shared/night-owls/derivatives/fsl/sub-104/ses-02/L1_sub-104_ses-02_task-sharedreward_model-1_type-act_run-2_space-mni_multi-echo_cnfds-tedana_unsmoothed_FIR.feat,104,2,sharedreward,2,multi-echo,tedana,mni,NAcc,sr_outcome_primary,Punish-Neutral,6.0,-37.121939922820914,18.43844223022461,4.845,-222.73163953692548,30.021326576165002,252.7529661130905,-6.194947437118087,18.43844223022461,4.845,-24.779789748472346,7.764647770223233
/home/tug87422/scratch/smithlab-shared/night-owls/derivatives/fsl/sub-104/ses-02/L1_sub-104_ses-02_task-sharedreward_model-1_type-act_run-2_space-mni_multi-echo_cnfds-tedana_unsmoothed_FIR.feat,104,2,sharedreward,2,multi-echo,tedana,mni,NAcc,sr_outcome_primary,Reward-Punish,6.0,4.996024129649066,27.736490249633796,3.23,29.976144777894397,52.81996874332429,22.843823965429895,-14.955212092451264,14.129791690838228,4.0,-59.820848369805056,-30.877320026834685
/home/tug87422/scratch/smithlab-shared/night-owls/derivatives/fsl/sub-104/ses-02/L1_sub-104_ses-02_task-sharedreward_model-1_type-act_run-2_space-mni_single-echo_cnfds-fmriprep_unsmoothed_FIR.feat,104,2,sharedreward,2,single-echo,fmriprep,mni,NAcc,sr_decision_partner_extra,Computer-Stranger,6.0,1.9447305956270649,25.800045013427734,1.615,11.668383573762389,55.65071908401631,43.98233551025392,1.5412158126949125,21.325172424316406,6.46,6.16486325077965,7.32413095291185
/home/tug87422/scratch/smithlab-shared/night-owls/derivatives/fsl/sub-104/ses-02/L1_sub-104_ses-02_task-sharedreward_model-1_type-act_run-2_space-mni_single-echo_cnfds-fmriprep_unsmoothed_FIR.feat,104,2,sharedreward,2,single-echo,fmriprep,mni,NAcc,sr_outcome_primary,Reward-Neutral,6.0,-12.299231056620213,35.968501806259155,4.845,-73.79538633972128,81.7259731480507,155.52135948777197,21.7665336122463,35.968501806259155,4.845,87.0661344489852,24.77539307266566
/home/tug87422/scratch/smithlab-shared/night-owls/derivatives/fsl/sub-104/ses-02/L1_sub-104_ses-02_task-sharedreward_model-1_type-act_run-2_space-mni_single-echo_cnfds-fmriprep_unsmoothed_FIR.feat,104,2,sharedreward,2,single-echo,fmriprep,mni,NAcc,sr_outcome_primary,Punish-Neutral,6.0,-55.11335897855283,23.833753272844913,6.0,-330.680153871317,22.757669311027414,353.43782318234446,-6.466245555744827,30.739776611328125,6.46,-25.864982222979307,23.833753272844913
/home/tug87422/scratch/smithlab-shared/night-owls/derivatives/fsl/sub-104/ses-02/L1_sub-104_ses-02_task-sharedreward_model-1_type-act_run-2_space-mni_single-echo_cnfds-fmriprep_unsmoothed_FIR.feat,104,2,sharedreward,2,single-echo,fmriprep,mni,NAcc,sr_outcome_primary,Reward-Punish,6.0,42.81412792193262,70.3132095336914,3.23,256.8847675315957,256.8847675315957,0.0,28.23277916799113,93.03538136437956,8.0,112.93111667196452,0.9416397998207459
/home/tug87422/scratch/smithlab-shared/night-owls/derivatives/fsl/sub-104/ses-02/L1_sub-104_ses-02_task-sharedreward_model-1_type-act_run-2_space-mni_single-echo_cnfds-tedana_unsmoothed_FIR.feat,104,2,sharedreward,2,single-echo,tedana,mni,NAcc,sr_decision_partner_extra,Computer-Stranger,6.0,-0.5498028607757218,36.08260536193848,1.615,-3.2988171646543307,65.55521288871765,68.85403005337199,-2.2989898127446597,34.000663332156726,8.0,-9.195959250978639,-2.197401182570318
/home/tug87422/scratch/smithlab-shared/night-owls/derivatives/fsl/sub-104/ses-02/L1_sub-104_ses-02_task-sharedreward_model-1_type-act_run-2_space-mni_single-echo_cnfds-tedana_unsmoothed_FIR.feat,104,2,sharedreward,2,single-echo,tedana,mni,NAcc,sr_outcome_primary,Reward-Neutral,6.0,-21.346524091768313,33.13250732421875,0.0,-128.07914455060987,81.97100899572342,210.05015354633332,21.70465899943752,29.24695587158203,4.845,86.81863599775008,25.470953158918917
/home/tug87422/scratch/smithlab-shared/night-owls/derivatives/fsl/sub-104/ses-02/L1_sub-104_ses-02_task-sharedreward_model-1_type-act_run-2_space-mni_single-echo_cnfds-tedana_unsmoothed_FIR.feat,104,2,sharedreward,2,single-echo,tedana,mni,NAcc,sr_outcome_primary,Punish-Neutral,6.0,-61.777533504069766,28.241343371270247,6.0,-370.6652010244186,16.309375796908572,386.97457682132716,-4.793161010871367,44.35329627990723,6.46,-19.17264404348547,28.241343371270247
/home/tug87422/scratch/smithlab-shared/night-owls/derivatives/fsl/sub-104/ses-02/L1_sub-104_ses-02_task-sharedreward_model-1_type-act_run-2_space-mni_single-echo_cnfds-tedana_unsmoothed_FIR.feat,104,2,sharedreward,2,single-echo,tedana,mni,NAcc,sr_outcome_primary,Reward-Punish,6.0,40.431009412301464,57.92756748199463,3.23,242.58605647380878,244.18595682144166,1.5999003476328897,26.49782001030889,85.70993336656889,8.0,105.99128004123556,-2.7703902123513235
/home/tug87422/scratch/smithlab-shared/night-owls/derivatives/fsl/sub-104/ses-03/L1_sub-104_ses-03_task-mid_model-1_type-act_run-1_space-mni_multi-echo_cnfds-fmriprep_unsmoothed_FIR.feat,104,3,mid,1,multi-echo,fmriprep,mni,NAcc,mid_anticipation_primary,Reward-Neutral,5.0,29.29890477626612,79.94515800476074,4.845,146.4945238813306,146.4945238813306,0.0,73.43849373581887,81.2961942182606,8.0,293.75397494327547,73.26439532702183
/home/tug87422/scratch/smithlab-shared/night-owls/derivatives/fsl/sub-104/ses-03/L1_sub-104_ses-03_task-mid_model-1_type-act_run-1_space-mni_multi-echo_cnfds-fmriprep_unsmoothed_FIR.feat,104,3,mid,1,multi-echo,fmriprep,mni,NAcc,mid_feedback_extra,Positive-Negative,6.0,17.95869909927172,33.913819313049316,3.23,107.75219459563031,107.75219459563031,0.0,7.544513359153324,28.609656967983895,4.0,30.178053436613297,5.838973575332215
/home/tug87422/scratch/smithlab-shared/night-owls/derivatives/fsl/sub-104/ses-03/L1_sub-104_ses-03_task-mid_model-1_type-act_run-1_space-mni_multi-echo_cnfds-tedana_unsmoothed_FIR.feat,104,3,mid,1,multi-echo,tedana,mni,NAcc,mid_anticipation_primary,Reward-Neutral,5.0,50.47449223560593,122.90572738647461,4.845,252.37246117802965,252.37246117802965,0.0,105.11580613975877,122.90572738647461,4.845,420.4632245590351,104.70665663019422
/home/tug87422/scratch/smithlab-shared/night-owls/derivatives/fsl/sub-104/ses-03/L1_sub-104_ses-03_task-mid_model-1_type-act_run-1_space-mni_multi-echo_cnfds-tedana_unsmoothed_FIR.feat,104,3,mid,1,multi-echo,tedana,mni,NAcc,mid_feedback_extra,Positive-Negative,6.0,3.5526917073927176,25.971517562866207,3.23,21.316150244356304,68.14241242277733,46.82626217842102,13.606911058436971,39.01040267944336,6.46,54.427644233747884,24.273448778748882
/home/tug87422/scratch/smithlab-shared/night-owls/derivatives/fsl/sub-104/ses-03/L1_sub-104_ses-03_task-mid_model-1_type-act_run-1_space-mni_single-echo_cnfds-fmriprep_unsmoothed_FIR.feat,104,3,mid,1,single-echo,fmriprep,mni,NAcc,mid_anticipation_primary,Reward-Neutral,5.0,12.796970118254333,44.7362425327301,0.0,63.98485059127166,63.98485059127166,0.0,37.5035654155721,114.16943751473919,8.0,150.0142616622884,24.3319214859245
/home/tug87422/scratch/smithlab-shared/night-owls/derivatives/fsl/sub-104/ses-03/L1_sub-104_ses-03_task-mid_model-1_type-act_run-1_space-mni_single-echo_cnfds-fmriprep_unsmoothed_FIR.feat,104,3,mid,1,single-echo,fmriprep,mni,NAcc,mid_feedback_extra,Positive-Negative,6.0,26.70037020654534,55.55066353827715,3.23,160.20222123927203,162.54553214854326,2.3433109092712305,5.357593536273975,28.25853333719098,4.0,21.4303741450959,6.092989435875013
/home/tug87422/scratch/smithlab-shared/night-owls/derivatives/fsl/sub-104/ses-03/L1_sub-104_ses-03_task-mid_model-1_type-act_run-1_space-mni_single-echo_cnfds-tedana_unsmoothed_FIR.feat,104,3,mid,1,single-echo,tedana,mni,NAcc,mid_anticipation_primary,Reward-Neutral,5.0,48.67342572881416,87.62279390624434,5.0,243.3671286440708,243.3671286440708,0.0,128.60874464890352,215.77537602758264,8.0,514.4349785956141,120.8002880970391
/home/tug87422/scratch/smithlab-shared/night-owls/derivatives/fsl/sub-104/ses-03/L1_sub-104_ses-03_task-mid_model-1_type-act_run-1_space-mni_single-echo_cnfds-tedana_unsmoothed_FIR.feat,104,3,mid,1,single-echo,tedana,mni,NAcc,mid_feedback_extra,Positive-Negative,6.0,10.530230554117752,35.22041702270508,3.23,63.181383324706516,95.24625934704538,32.064876022338865,6.0004888819910045,21.260272979736328,6.46,24.001955527964018,8.610470077939818
/home/tug87422/scratch/smithlab-shared/night-owls/derivatives/fsl/sub-104/ses-03/L1_sub-104_ses-03_task-mid_model-1_type-act_run-2_space-mni_multi-echo_cnfds-fmriprep_unsmoothed_FIR.feat,104,3,mid,2,multi-echo,fmriprep,mni,NAcc,mid_anticipation_primary,Reward-Neutral,5.0,-18.85822966133773,23.309921264648438,4.845,-94.29114830668865,22.427439115682258,116.7185874223709,17.226751231831663,23.309921264648438,4.845,68.90700492732665,22.506098806304458
/home/tug87422/scratch/smithlab-shared/night-owls/derivatives/fsl/sub-104/ses-03/L1_sub-104_ses-03_task-mid_model-1_type-act_run-2_space-mni_multi-echo_cnfds-fmriprep_unsmoothed_FIR.feat,104,3,mid,2,multi-echo,fmriprep,mni,NAcc,mid_feedback_extra,Positive-Negative,6.0,23.82813569482143,80.9329956987694,6.0,142.9688141689286,172.31806185340736,29.349247684478758,56.39298611902231,99.5210132598877,6.46,225.57194447608924,80.9329956987694
/home/tug87422/scratch/smithlab-shared/night-owls/derivatives/fsl/sub-104/ses-03/L1_sub-104_ses-03_task-mid_model-1_type-act_run-2_space-mni_multi-echo_cnfds-tedana_unsmoothed_FIR.feat,104,3,mid,2,multi-echo,tedana,mni,NAcc,mid_anticipation_primary,Reward-Neutral,5.0,-5.733120557851835,23.406391870126637,5.0,-28.665602789259175,22.470821796917697,51.13642458617687,20.823877768104104,24.021900177001953,6.46,83.29551107241642,23.827972902233018
/home/tug87422/scratch/smithlab-shared/night-owls/derivatives/fsl/sub-104/ses-03/L1_sub-104_ses-03_task-mid_model-1_type-act_run-2_space-mni_multi-echo_cnfds-tedana_unsmoothed_FIR.feat,104,3,mid,2,multi-echo,tedana,mni,NAcc,mid_feedback_extra,Positive-Negative,6.0,5.2431241107869715,60.557394411541736,6.0,31.458744664721827,78.39444959693466,46.93570493221283,37.87799651306295,80.16683769226074,6.46,151.5119860522518,60.557394411541736
/home/tug87422/scratch/smithlab-shared/night-owls/derivatives/fsl/sub-104/ses-03/L1_sub-104_ses-03_task-mid_model-1_type-act_run-2_space-mni_single-echo_cnfds-fmriprep_unsmoothed_FIR.feat,104,3,mid,2,single-echo,fmriprep,mni,NAcc,mid_anticipation_primary,Reward-Neutral,5.0,-8.182517444423292,49.020332717674066,5.0,-40.91258722211646,46.75375082109643,87.66633804321289,44.304992039116684,53.579081416130066,6.46,177.21996815646673,52.14276333305489
/home/tug87422/scratch/smithlab-shared/night-owls/derivatives/fsl/sub-104/ses-03/L1_sub-104_ses-03_task-mid_model-1_type-act_run-2_space-mni_single-echo_cnfds-fmriprep_unsmoothed_FIR.feat,104,3,mid,2,single-echo,fmriprep,mni,NAcc,mid_feedback_extra,Positive-Negative,6.0,11.538065850026944,58.27256231042254,6.0,69.22839510016166,132.0173942176255,62.78899911746383,40.32427791659861,66.50638580322266,6.46,161.29711166639444,58.27256231042254
/home/tug87422/scratch/smithlab-shared/night-owls/derivatives/fsl/sub-104/ses-03/L1_sub-104_ses-03_task-mid_model-1_type-act_run-2_space-mni_single-echo_cnfds-tedana_unsmoothed_FIR.feat,104,3,mid,2,single-echo,tedana,mni,NAcc,mid_anticipation_primary,Reward-Neutral,5.0,12.10746187202351,55.81723584553037,5.0,60.537309360117554,73.11433598420108,12.57702662408352,53.33498440757832,61.608272552490234,6.46,213.33993763031327,59.783699343448085
/home/tug87422/scratch/smithlab-shared/night-owls/derivatives/fsl/sub-104/ses-03/L1_sub-104_ses-03_task-mid_model-1_type-act_run-2_space-mni_single-echo_cnfds-tedana_unsmoothed_FIR.feat,104,3,mid,2,single-echo,tedana,mni,NAcc,mid_feedback_extra,Positive-Negative,6.0,-4.009691432853017,38.78973767004515,6.0,-24.058148597118098,50.20237074053601,74.26051933765412,21.21986078431708,49.90873062610626,6.46,84.87944313726832,38.78973767004515
/home/tug87422/scratch/smithlab-shared/night-owls/derivatives/fsl/sub-104/ses-03/L1_sub-104_ses-03_task-sharedreward_model-1_type-act_run-1_space-mni_multi-echo_cnfds-fmriprep_unsmoothed_FIR.feat,104,3,sharedreward,1,multi-echo,fmriprep,mni,NAcc,sr_decision_partner_extra,Computer-Stranger,6.0,1.9174392511170464,16.42240715026855,1.615,11.504635506702279,36.77856628758988,25.2739307808876,0.4849060023347671,8.109376907348636,6.46,1.9396240093390684,2.236103063766435
/home/tug87422/scratch/smithlab-shared/night-owls/derivatives/fsl/sub-104/ses-03/L1_sub-104_ses-03_task-sharedreward_model-1_type-act_run-1_space-mni_multi-echo_cnfds-fmriprep_unsmoothed_FIR.feat,104,3,sharedreward,1,multi-echo,fmriprep,mni,NAcc,sr_outcome_primary,Reward-Neutral,6.0,-15.55234882080272,21.2398624420166,4.845,-93.31409292481632,29.417209482192995,122.73130240700931,-20.20337697019887,21.2398624420166,4.845,-80.81350788079548,-24.693892788960845
/home/tug87422/scratch/smithlab-shared/night-owls/derivatives/fsl/sub-104/ses-03/L1_sub-104_ses-03_task-sharedreward_model-1_type-act_run-1_space-mni_multi-echo_cnfds-fmriprep_unsmoothed_FIR.feat,104,3,sharedreward,1,multi-echo,fmriprep,mni,NAcc,sr_outcome_primary,Punish-Neutral,6.0,-16.96078182749581,22.65168285369873,4.845,-101.76469096497486,31.37258075237274,133.1372717173476,-32.58761537296115,22.65168285369873,4.845,-130.3504614918446,-40.76976976896587
/home/tug87422/scratch/smithlab-shared/night-owls/derivatives/fsl/sub-104/ses-03/L1_sub-104_ses-03_task-sharedreward_model-1_type-act_run-1_space-mni_multi-echo_cnfds-fmriprep_unsmoothed_FIR.feat,104,3,sharedreward,1,multi-echo,fmriprep,mni,NAcc,sr_outcome_primary,Reward-Punish,6.0,1.408433006693089,16.075876980005035,6.0,8.450598040158534,31.57970766597488,23.129109625816348,12.384238402762278,23.040674209594727,6.46,49.536953611049114,16.075876980005035
/home/tug87422/scratch/smithlab-shared/night-owls/derivatives/fsl/sub-104/ses-03/L1_sub-104_ses-03_task-sharedreward_model-1_type-act_run-1_space-mni_multi-echo_cnfds-tedana_unsmoothed_FIR.feat,104,3,sharedreward,1,multi-echo,tedana,mni,NAcc,sr_decision_partner_extra,Computer-Stranger,6.0,0.15240813319989366,15.276561975479126,1.615,0.914448799199362,28.013200049108764,27.098751249909405,5.113899868970316,24.050842527265523,8.0,20.455599475881264,5.786238023740219
/home/tug87422/scratch/smithlab-shared/night-owls/derivatives/fsl/sub-104/ses-03/L1_sub-104_ses-03_task-sharedreward_model-1_type-act_run-1_space-mni_multi-echo_cnfds-tedana_unsmoothed_FIR.feat,104,3,sharedreward,1,multi-echo,tedana,mni,NAcc,sr_outcome_primary,Reward-Neutral,6.0,-22.912638253055977,20.371159553527832,4.845,-137.47582951833587,28.21405598163605,165.68988549997192,-11.939951616986063,20.371159553527832,4.845,-47.75980646794425,-15.417100168234056
/home/tug87422/scratch/smithlab-shared/night-owls/derivatives/fsl/sub-104/ses-03/L1_sub-104_ses-03_task-sharedreward_model-1_type-act_run-1_space-mni_multi-echo_cnfds-tedana_unsmoothed_FIR.feat,104,3,sharedreward,1,multi-echo,tedana,mni,NAcc,sr_outcome_primary,Punish-Neutral,6.0,-17.481714276155326,22.11537456512451,4.845,-104.89028565693197,30.629793772697447,135.5200794296294,-15.35192323918313,22.11537456512451,4.845,-61.40769295673252,-21.95621223863065
/home/tug87422/scratch/smithlab-shared/night-owls/derivatives/fsl/sub-104/ses-03/L1_sub-104_ses-03_task-sharedreward_model-1_type-act_run-1_space-mni_multi-echo_cnfds-tedana_unsmoothed_FIR.feat,104,3,sharedreward,1,multi-echo,tedana,mni,NAcc,sr_outcome_primary,Reward-Punish,6.0,-5.430923976900654,6.53911207039659,6.0,-32.58554386140392,7.370898008331793,39.95644186973572,3.4119716221970675,9.838099479675295,6.46,13.64788648878827,6.53911207039659
/home/tug87422/scratch/smithlab-shared/night-owls/derivatives/fsl/sub-104/ses-03/L1_sub-104_ses-03_task-sharedreward_model-1_type-act_run-1_space-mni_single-echo_cnfds-fmriprep_unsmoothed_FIR.feat,104,3,sharedreward,1,single-echo,fmriprep,mni,NAcc,sr_decision_partner_extra,Computer-Stranger,6.0,7.740313296980534,28.652658462524414,3.23,46.4418797818832,95.86725001215935,49.42537023027615,-9.864729178494343,2.841053009033203,6.46,-39.45891671397737,-7.269312300549202
/home/tug87422/scratch/smithlab-shared/night-owls/derivatives/fsl/sub-104/ses-03/L1_sub-104_ses-03_task-sharedreward_model-1_type-act_run-1_space-mni_single-echo_cnfds-fmriprep_unsmoothed_FIR.feat,104,3,sharedreward,1,single-echo,fmriprep,mni,NAcc,sr_outcome_primary,Reward-Neutral,6.0,-22.44141125316221,5.950418472290039,4.845,-134.64846751897326,8.241329584121704,142.88979710309496,-18.31807449283892,5.950418472290039,4.845,-73.27229797135568,-1.2277760933796327
/home/tug87422/scratch/smithlab-shared/night-owls/derivatives/fsl/sub-104/ses-03/L1_sub-104_ses-03_task-sharedreward_model-1_type-act_run-1_space-mni_single-echo_cnfds-fmriprep_unsmoothed_FIR.feat,104,3,sharedreward,1,single-echo,fmriprep,mni,NAcc,sr_outcome_primary,Punish-Neutral,6.0,-20.833323573406144,9.08923721313477,4.845,-124.99994144043686,15.23095788955689,140.23089932999375,-28.562483363024228,9.08923721313477,4.845,-114.24993345209691,-13.002659737141142
/home/tug87422/scratch/smithlab-shared/night-owls/derivatives/fsl/sub-104/ses-03/L1_sub-104_ses-03_task-sharedreward_model-1_type-act_run-1_space-mni_single-echo_cnfds-fmriprep_unsmoothed_FIR.feat,104,3,sharedreward,1,single-echo,fmriprep,mni,NAcc,sr_outcome_primary,Reward-Punish,6.0,-1.6080876797560701,19.058146476745605,1.615,-9.64852607853642,48.23602653615246,57.88455261468888,10.244408870185307,20.866540775948636,8.0,40.97763548074123,11.774883643761509
/home/tug87422/scratch/smithlab-shared/night-owls/derivatives/fsl/sub-104/ses-03/L1_sub-104_ses-03_task-sharedreward_model-1_type-act_run-1_space-mni_single-echo_cnfds-tedana_unsmoothed_FIR.feat,104,3,sharedreward,1,single-echo,tedana,mni,NAcc,sr_decision_partner_extra,Computer-Stranger,6.0,13.274124135610613,26.48297119140625,0.0,79.64474481366368,106.0587760331461,26.414031219482425,12.11146577587715,31.609621738870818,8.0,48.4458631035086,15.308904004170808
/home/tug87422/scratch/smithlab-shared/night-owls/derivatives/fsl/sub-104/ses-03/L1_sub-104_ses-03_task-sharedreward_model-1_type-act_run-1_space-mni_single-echo_cnfds-tedana_unsmoothed_FIR.feat,104,3,sharedreward,1,single-echo,tedana,mni,NAcc,sr_outcome_primary,Reward-Neutral,6.0,-31.484394488494587,16.18328770764472,6.0,-188.90636693096752,21.675441197389418,210.58180812835693,-4.589760979696328,19.083101749420166,6.46,-18.35904391878531,16.18328770764472
/home/tug87422/scratch/smithlab-shared/night-owls/derivatives/fsl/sub-104/ses-03/L1_sub-104_ses-03_task-sharedreward_model-1_type-act_run-1_space-mni_single-echo_cnfds-tedana_unsmoothed_FIR.feat,104,3,sharedreward,1,single-echo,tedana,mni,NAcc,sr_outcome_primary,Punish-Neutral,6.0,-21.2539689214197,28.0715104138519,6.0,-127.52381352851819,53.35329188813735,180.87710541665552,7.0576664244030605,28.5710129737854,6.46,28.230665697612242,28.0715104138519
/home/tug87422/scratch/smithlab-shared/night-owls/derivatives/fsl/sub-104/ses-03/L1_sub-104_ses-03_task-sharedreward_model-1_type-act_run-1_space-mni_single-echo_cnfds-tedana_unsmoothed_FIR.feat,104,3,sharedreward,1,single-echo,tedana,mni,NAcc,sr_outcome_primary,Reward-Punish,6.0,-10.230425567074887,4.186164855957031,3.23,-61.382553402449325,12.22544169425964,73.60799509670898,-11.647427404099389,-6.351276375560939,4.0,-46.589709616397556,-11.88822270620718
/home/tug87422/scratch/smithlab-shared/night-owls/derivatives/fsl/sub-104/ses-03/L1_sub-104_ses-03_task-sharedreward_model-1_type-act_run-2_space-mni_multi-echo_cnfds-fmriprep_unsmoothed_FIR.feat,104,3,sharedreward,2,multi-echo,fmriprep,mni,NAcc,sr_decision_partner_extra,Computer-Stranger,6.0,1.2453067356943162,14.198625087738035,0.0,7.4718404141658965,25.958908270895478,18.48706785672958,-11.718626982080677,0.7366124380483722,4.0,-46.87450792832271,-13.965494073212328
/home/tug87422/scratch/smithlab-shared/night-owls/derivatives/fsl/sub-104/ses-03/L1_sub-104_ses-03_task-sharedreward_model-1_type-act_run-2_space-mni_multi-echo_cnfds-fmriprep_unsmoothed_FIR.feat,104,3,sharedreward,2,multi-echo,fmriprep,mni,NAcc,sr_outcome_primary,Reward-Neutral,6.0,15.23947011389169,29.557886123657227,4.845,91.43682068335013,97.40829300403595,5.971472320685817,1.3718711221227355,29.557886123657227,4.845,5.487484488490942,-10.340211810711368
/home/tug87422/scratch/smithlab-shared/night-owls/derivatives/fsl/sub-104/ses-03/L1_sub-104_ses-03_task-sharedreward_model-1_type-act_run-2_space-mni_multi-echo_cnfds-fmriprep_unsmoothed_FIR.feat,104,3,sharedreward,2,multi-echo,fmriprep,mni,NAcc,sr_outcome_primary,Punish-Neutral,6.0,16.967118859334747,55.28810691833496,4.845,101.80271315600848,112.96293585803485,11.16022270202637,13.451625227248153,55.28810691833496,4.845,53.80650090899261,0.02863324611179213
/home/tug87422/scratch/smithlab-shared/night-owls/derivatives/fsl/sub-104/ses-03/L1_sub-104_ses-03_task-sharedreward_model-1_type-act_run-2_space-mni_multi-echo_cnfds-fmriprep_unsmoothed_FIR.feat,104,3,sharedreward,2,multi-echo,fmriprep,mni,NAcc,sr_outcome_primary,Reward-Punish,6.0,-1.7276487454430607,16.40608310699463,0.0,-10.365892472658365,31.258471348285674,41.62436382094404,-12.079754105125419,-4.250894546508789,6.46,-48.319016420501676,-10.368845056823162
/home/tug87422/scratch/smithlab-shared/night-owls/derivatives/fsl/sub-104/ses-03/L1_sub-104_ses-03_task-sharedreward_model-1_type-act_run-2_space-mni_multi-echo_cnfds-tedana_unsmoothed_FIR.feat,104,3,sharedreward,2,multi-echo,tedana,mni,NAcc,sr_decision_partner_extra,Computer-Stranger,6.0,9.637040883350052,24.68853759765625,3.23,57.822245300100306,62.53963598847388,4.717390688373579,-6.236496747049387,13.415664625610727,4.0,-24.945986988197546,-8.168641884629572
/home/tug87422/scratch/smithlab-shared/night-owls/derivatives/fsl/sub-104/ses-03/L1_sub-104_ses-03_task-sharedreward_model-1_type-act_run-2_space-mni_multi-echo_cnfds-tedana_unsmoothed_FIR.feat,104,3,sharedreward,2,multi-echo,tedana,mni,NAcc,sr_outcome_primary,Reward-Neutral,6.0,15.90596948855371,46.05363178253173,0.0,95.43581693132226,112.39961608648301,16.963799155160743,-10.79117454435157,12.78785012602437,4.0,-43.16469817740628,-29.374543991620328
/home/tug87422/scratch/smithlab-shared/night-owls/derivatives/fsl/sub-104/ses-03/L1_sub-104_ses-03_task-sharedreward_model-1_type-act_run-2_space-mni_multi-echo_cnfds-tedana_unsmoothed_FIR.feat,104,3,sharedreward,2,multi-echo,tedana,mni,NAcc,sr_outcome_primary,Punish-Neutral,6.0,16.775618825487182,41.52484846115112,4.845,100.6537129529231,128.55235940217972,27.898646449256606,10.136498206768062,41.52484846115112,4.845,40.54599282707225,-5.082403751349673
/home/tug87422/scratch/smithlab-shared/night-owls/derivatives/fsl/sub-104/ses-03/L1_sub-104_ses-03_task-sharedreward_model-1_type-act_run-2_space-mni_multi-echo_cnfds-tedana_unsmoothed_FIR.feat,104,3,sharedreward,2,multi-echo,tedana,mni,NAcc,sr_outcome_primary,Reward-Punish,6.0,-0.8696493369334745,29.756102561950684,3.23,-5.217896021600847,59.459327023029324,64.67722304463018,-20.92767275111963,1.0771968829742458,4.0,-83.71069100447852,-24.292140240270655
/home/tug87422/scratch/smithlab-shared/night-owls/derivatives/fsl/sub-104/ses-03/L1_sub-104_ses-03_task-sharedreward_model-1_type-act_run-2_space-mni_single-echo_cnfds-fmriprep_unsmoothed_FIR.feat,104,3,sharedreward,2,single-echo,fmriprep,mni,NAcc,sr_decision_partner_extra,Computer-Stranger,6.0,-6.009324737397475,9.370859384536743,1.615,-36.05594842438485,15.13393790602684,51.18988633041168,-13.822146973454759,-10.518857955932614,4.845,-55.288587893819034,-11.544888210001377
/home/tug87422/scratch/smithlab-shared/night-owls/derivatives/fsl/sub-104/ses-03/L1_sub-104_ses-03_task-sharedreward_model-1_type-act_run-2_space-mni_single-echo_cnfds-fmriprep_unsmoothed_FIR.feat,104,3,sharedreward,2,single-echo,fmriprep,mni,NAcc,sr_outcome_primary,Reward-Neutral,6.0,28.978320216018442,46.21908092498779,4.845,173.86992129611065,173.86992129611065,0.0,29.690705760918537,46.21908092498779,4.845,118.76282304367415,24.152331113077167
/home/tug87422/scratch/smithlab-shared/night-owls/derivatives/fsl/sub-104/ses-03/L1_sub-104_ses-03_task-sharedreward_model-1_type-act_run-2_space-mni_single-echo_cnfds-fmriprep_unsmoothed_FIR.feat,104,3,sharedreward,2,single-echo,fmriprep,mni,NAcc,sr_outcome_primary,Punish-Neutral,6.0,26.80948762171701,67.70392990112305,4.845,160.85692573030207,160.85692573030207,0.0,43.382494917063525,67.70392990112305,4.845,173.5299796682541,32.601446600521314
/home/tug87422/scratch/smithlab-shared/night-owls/derivatives/fsl/sub-104/ses-03/L1_sub-104_ses-03_task-sharedreward_model-1_type-act_run-2_space-mni_single-echo_cnfds-fmriprep_unsmoothed_FIR.feat,104,3,sharedreward,2,single-echo,fmriprep,mni,NAcc,sr_outcome_primary,Reward-Punish,6.0,2.1688325943014317,24.442376136779785,0.0,13.012995565808591,51.40173726320266,38.388741697394074,-13.691789156144992,0.014965816178924288,4.0,-54.76715662457997,-8.449115487444143
/home/tug87422/scratch/smithlab-shared/night-owls/derivatives/fsl/sub-104/ses-03/L1_sub-104_ses-03_task-sharedreward_model-1_type-act_run-2_space-mni_single-echo_cnfds-tedana_unsmoothed_FIR.feat,104,3,sharedreward,2,single-echo,tedana,mni,NAcc,sr_decision_partner_extra,Computer-Stranger,6.0,-4.255856534950012,6.183277606964111,1.615,-25.535139209700073,12.851543440818787,38.386682650518864,-18.28409580487954,-9.627157394361939,4.0,-73.13638321951817,-17.098883371973184
/home/tug87422/scratch/smithlab-shared/night-owls/derivatives/fsl/sub-104/ses-03/L1_sub-104_ses-03_task-sharedreward_model-1_type-act_run-2_space-mni_single-echo_cnfds-tedana_unsmoothed_FIR.feat,104,3,sharedreward,2,single-echo,tedana,mni,NAcc,sr_outcome_primary,Reward-Neutral,6.0,35.510272757433455,62.53271198272705,0.0,213.06163654460073,213.06163654460073,0.0,22.91277409752341,40.01447409520579,8.0,91.65109639009364,10.2036643722109
/home/tug87422/scratch/smithlab-shared/night-owls/derivatives/fsl/sub-104/ses-03/L1_sub-104_ses-03_task-sharedreward_model-1_type-act_run-2_space-mni_single-echo_cnfds-tedana_unsmoothed_FIR.feat,104,3,sharedreward,2,single-echo,tedana,mni,NAcc,sr_outcome_primary,Punish-Neutral,6.0,28.124445184041104,57.490304470062256,4.845,168.74667110424662,176.42113084774638,7.674459743499755,43.47768148295836,80.36736213164436,8.0,173.91072593183344,30.33127806577889
/home/tug87422/scratch/smithlab-shared/night-owls/derivatives/fsl/sub-104/ses-03/L1_sub-104_ses-03_task-sharedreward_model-1_type-act_run-2_space-mni_single-echo_cnfds-tedana_unsmoothed_FIR.feat,104,3,sharedreward,2,single-echo,tedana,mni,NAcc,sr_outcome_primary,Reward-Punish,6.0,7.385827573392352,39.78667390346527,3.23,44.314965440354115,82.81591640293598,38.500950962581875,-20.56490738543495,11.564799103205411,4.0,-82.2596295417398,-20.12761369356799
/home/tug87422/scratch/smithlab-shared/night-owls/derivatives/fsl/sub-104/ses-04/L1_sub-104_ses-04_task-mid_model-1_type-act_run-1_space-mni_multi-echo_cnfds-fmriprep_unsmoothed_FIR.feat,104,4,mid,1,multi-echo,fmriprep,mni,NAcc,mid_anticipation_primary,Reward-Neutral,5.0,-7.129331702785595,14.609092712402344,1.615,-35.646658513927974,34.07682559490204,69.72348410883001,-39.05925309868835,-28.288429710518095,4.0,-156.2370123947534,-38.28465101002909
/home/tug87422/scratch/smithlab-shared/night-owls/derivatives/fsl/sub-104/ses-04/L1_sub-104_ses-04_task-mid_model-1_type-act_run-1_space-mni_multi-echo_cnfds-fmriprep_unsmoothed_FIR.feat,104,4,mid,1,multi-echo,fmriprep,mni,NAcc,mid_feedback_extra,Positive-Negative,6.0,-35.47737442686954,-0.9979405831257234,6.0,-212.86424656121724,0.0,212.86424656121724,-8.208412144261617,13.14394760131836,6.46,-32.83364857704647,-0.9979405831257234
/home/tug87422/scratch/smithlab-shared/night-owls/derivatives/fsl/sub-104/ses-04/L1_sub-104_ses-04_task-mid_model-1_type-act_run-1_space-mni_multi-echo_cnfds-tedana_unsmoothed_FIR.feat,104,4,mid,1,multi-echo,tedana,mni,NAcc,mid_anticipation_primary,Reward-Neutral,5.0,-12.479694752765699,15.476656436920166,1.615,-62.3984737638285,28.994862796366213,91.3933365601947,-49.97635299085741,-18.7141944812178,8.0,-199.90541196342963,-64.16577762273074
/home/tug87422/scratch/smithlab-shared/night-owls/derivatives/fsl/sub-104/ses-04/L1_sub-104_ses-04_task-mid_model-1_type-act_run-1_space-mni_multi-echo_cnfds-tedana_unsmoothed_FIR.feat,104,4,mid,1,multi-echo,tedana,mni,NAcc,mid_feedback_extra,Positive-Negative,6.0,-18.648423407025888,-0.8535423278808594,3.23,-111.89054044215533,0.0,111.89054044215533,1.7124042818535008,21.348670575087294,8.0,6.849617127414003,-1.027873348340899
/home/tug87422/scratch/smithlab-shared/night-owls/derivatives/fsl/sub-104/ses-04/L1_sub-104_ses-04_task-mid_model-1_type-act_run-1_space-mni_single-echo_cnfds-fmriprep_unsmoothed_FIR.feat,104,4,mid,1,single-echo,fmriprep,mni,NAcc,mid_anticipation_primary,Reward-Neutral,5.0,3.465915195532258,7.877295255661011,1.615,17.32957597766129,21.343688283302466,4.014112305641175,-2.5564023870119015,5.360927581787109,4.845,-10.225609548047606,-2.963161592513047
/home/tug87422/scratch/smithlab-shared/night-owls/derivatives/fsl/sub-104/ses-04/L1_sub-104_ses-04_task-mid_model-1_type-act_run-1_space-mni_single-echo_cnfds-fmriprep_unsmoothed_FIR.feat,104,4,mid,1,single-echo,fmriprep,mni,NAcc,mid_feedback_extra,Positive-Negative,6.0,-37.91785427858032,-11.1281033418496,6.0,-227.50712567148193,0.0,227.50712567148193,-17.79194279203751,0.43278121948241477,6.46,-71.16777116815004,-11.1281033418496
/home/tug87422/scratch/smithlab-shared/night-owls/derivatives/fsl/sub-104/ses-04/L1_sub-104_ses-04_task-mid_model-1_type-act_run-1_space-mni_single-echo_cnfds-tedana_unsmoothed_FIR.feat,104,4,mid,1,single-echo,tedana,mni,NAcc,mid_anticipation_primary,Reward-Neutral,5.0,-2.3156009722914854,4.117513179779053,1.615,-11.578004861457428,6.64978378534317,18.2277886468006,-5.698513334825308,23.37845499190755,8.0,-22.794053339301232,-17.344326538936272
/home/tug87422/scratch/smithlab-shared/night-owls/derivatives/fsl/sub-104/ses-04/L1_sub-104_ses-04_task-mid_model-1_type-act_run-1_space-mni_single-echo_cnfds-tedana_unsmoothed_FIR.feat,104,4,mid,1,single-echo,tedana,mni,NAcc,mid_feedback_extra,Positive-Negative,6.0,-25.247058539711038,-11.005321502685547,3.23,-151.48235123826623,0.0,151.48235123826623,-9.797207738870618,9.50833613658469,8.0,-39.18883095548247,-13.56182677531759
/home/tug87422/scratch/smithlab-shared/night-owls/derivatives/fsl/sub-104/ses-04/L1_sub-104_ses-04_task-mid_model-1_type-act_run-2_space-mni_multi-echo_cnfds-fmriprep_unsmoothed_FIR.feat,104,4,mid,2,multi-echo,fmriprep,mni,NAcc,mid_anticipation_primary,Reward-Neutral,5.0,-9.921017614099263,19.96087074279785,0.0,-49.605088070496315,16.118403124809266,65.72349119530558,-12.12719430422105,-2.6929588317871094,4.845,-48.5087772168842,-11.615920996887397
/home/tug87422/scratch/smithlab-shared/night-owls/derivatives/fsl/sub-104/ses-04/L1_sub-104_ses-04_task-mid_model-1_type-act_run-2_space-mni_multi-echo_cnfds-fmriprep_unsmoothed_FIR.feat,104,4,mid,2,multi-echo,fmriprep,mni,NAcc,mid_feedback_extra,Positive-Negative,6.0,12.910874326267233,29.62042236328125,0.0,77.4652459576034,80.51950634502406,3.054260387420654,10.597482079466799,27.973100662231445,6.46,42.389928317867195,19.377411685860935
/home/tug87422/scratch/smithlab-shared/night-owls/derivatives/fsl/sub-104/ses-04/L1_sub-104_ses-04_task-mid_model-1_type-act_run-2_space-mni_multi-echo_cnfds-tedana_unsmoothed_FIR.feat,104,4,mid,2,multi-echo,tedana,mni,NAcc,mid_anticipation_primary,Reward-Neutral,5.0,19.507467665646537,43.827454566955566,4.845,97.53733832823268,116.47534138364873,18.938003055416047,22.67525393196211,43.827454566955566,4.845,90.70101572784844,18.555787037769708
/home/tug87422/scratch/smithlab-shared/night-owls/derivatives/fsl/sub-104/ses-04/L1_sub-104_ses-04_task-mid_model-1_type-act_run-2_space-mni_multi-echo_cnfds-tedana_unsmoothed_FIR.feat,104,4,mid,2,multi-echo,tedana,mni,NAcc,mid_feedback_extra,Positive-Negative,6.0,22.857868484900212,38.91114511578445,6.0,137.14721090940128,137.14721090940128,0.0,21.49871674912217,46.50685977935791,6.46,85.99486699648868,38.91114511578445
/home/tug87422/scratch/smithlab-shared/night-owls/derivatives/fsl/sub-104/ses-04/L1_sub-104_ses-04_task-mid_model-1_type-act_run-2_space-mni_single-echo_cnfds-fmriprep_unsmoothed_FIR.feat,104,4,mid,2,single-echo,fmriprep,mni,NAcc,mid_anticipation_primary,Reward-Neutral,5.0,-4.656892298293556,1.708094596862793,3.23,-23.28446149146778,3.396260747313499,26.68072223878128,-4.346148196855564,12.703229845123769,8.0,-17.384592787422257,-5.004973278695214
/home/tug87422/scratch/smithlab-shared/night-owls/derivatives/fsl/sub-104/ses-04/L1_sub-104_ses-04_task-mid_model-1_type-act_run-2_space-mni_single-echo_cnfds-fmriprep_unsmoothed_FIR.feat,104,4,mid,2,single-echo,fmriprep,mni,NAcc,mid_feedback_extra,Positive-Negative,6.0,6.436178570858773,14.649487495422363,0.0,38.61707142515264,55.410671266747336,16.7935998415947,6.782131454988668,19.513586044311523,6.46,27.12852581995467,10.501878744308428
/home/tug87422/scratch/smithlab-shared/night-owls/derivatives/fsl/sub-104/ses-04/L1_sub-104_ses-04_task-mid_model-1_type-act_run-2_space-mni_single-echo_cnfds-tedana_unsmoothed_FIR.feat,104,4,mid,2,single-echo,tedana,mni,NAcc,mid_anticipation_primary,Reward-Neutral,5.0,21.80823448380708,41.27775692939758,3.23,109.0411724190354,109.0411724190354,0.0,29.546220215563157,36.721262890488006,8.0,118.18488086225263,27.23238063080023
/home/tug87422/scratch/smithlab-shared/night-owls/derivatives/fsl/sub-104/ses-04/L1_sub-104_ses-04_task-mid_model-1_type-act_run-2_space-mni_single-echo_cnfds-tedana_unsmoothed_FIR.feat,104,4,mid,2,single-echo,tedana,mni,NAcc,mid_feedback_extra,Positive-Negative,6.0,7.970655901830632,22.049935817718506,3.23,47.82393541098379,59.85123859167837,12.02730318069458,9.615936713022156,26.826133728027344,6.46,38.463746852088626,19.836633215747753
/home/tug87422/scratch/smithlab-shared/night-owls/derivatives/fsl/sub-104/ses-04/L1_sub-104_ses-04_task-sharedreward_model-1_type-act_run-1_space-mni_multi-echo_cnfds-fmriprep_unsmoothed_FIR.feat,104,4,sharedreward,1,multi-echo,fmriprep,mni,NAcc,sr_decision_partner_extra,Computer-Stranger,6.0,-36.14153752551575,-12.579814672470093,0.0,-216.8492251530945,0.0,216.8492251530945,-37.609943514257765,-26.00122300021051,4.0,-150.43977405703106,-33.356178673428275
/home/tug87422/scratch/smithlab-shared/night-owls/derivatives/fsl/sub-104/ses-04/L1_sub-104_ses-04_task-sharedreward_model-1_type-act_run-1_space-mni_multi-echo_cnfds-fmriprep_unsmoothed_FIR.feat,104,4,sharedreward,1,multi-echo,fmriprep,mni,NAcc,sr_outcome_primary,Reward-Neutral,6.0,-33.304274306356355,28.254993438720703,1.615,-199.82564583813812,45.63181440353394,245.45746024167204,-50.88393329445792,-34.18862056732178,4.845,-203.53573317783167,-55.564831276058044
/home/tug87422/scratch/smithlab-shared/night-owls/derivatives/fsl/sub-104/ses-04/L1_sub-104_ses-04_task-sharedreward_model-1_type-act_run-1_space-mni_multi-echo_cnfds-fmriprep_unsmoothed_FIR.feat,104,4,sharedreward,1,multi-echo,fmriprep,mni,NAcc,sr_outcome_primary,Punish-Neutral,6.0,-6.530113813655819,22.00633430480957,0.0,-39.180682881934914,47.06593673229218,86.24661961422709,-37.096579043121295,-10.237040950786929,8.0,-148.38631617248518,-57.04391430701265
/home/tug87422/scratch/smithlab-shared/night-owls/derivatives/fsl/sub-104/ses-04/L1_sub-104_ses-04_task-sharedreward_model-1_type-act_run-1_space-mni_multi-echo_cnfds-fmriprep_unsmoothed_FIR.feat,104,4,sharedreward,1,multi-echo,fmriprep,mni,NAcc,sr_outcome_primary,Reward-Punish,6.0,-26.77416049270053,10.115165710449219,1.615,-160.6449629562032,17.190163072751773,177.83512602895496,-13.78735425133662,10.892964363098145,6.46,-55.14941700534648,1.4790830309546046
/home/tug87422/scratch/smithlab-shared/night-owls/derivatives/fsl/sub-104/ses-04/L1_sub-104_ses-04_task-sharedreward_model-1_type-act_run-1_space-mni_multi-echo_cnfds-tedana_unsmoothed_FIR.feat,104,4,sharedreward,1,multi-echo,tedana,mni,NAcc,sr_decision_partner_extra,Computer-Stranger,6.0,-19.894981864880236,21.958073455113748,6.0,-119.36989118928142,12.680787420328192,132.0506786096096,2.6480873825334124,39.40839338302612,6.46,10.59234953013365,21.958073455113748
/home/tug87422/scratch/smithlab-shared/night-owls/derivatives/fsl/sub-104/ses-04/L1_sub-104_ses-04_task-sharedreward_model-1_type-act_run-1_space-mni_multi-echo_cnfds-tedana_unsmoothed_FIR.feat,104,4,sharedreward,1,multi-echo,tedana,mni,NAcc,sr_outcome_primary,Reward-Neutral,6.0,-23.57430780304598,19.756786346435547,3.23,-141.44584681827587,31.907209949493406,173.3530567677693,-45.96289524154583,-10.170167206979762,4.0,-183.85158096618332,-32.429320953947844
/home/tug87422/scratch/smithlab-shared/night-owls/derivatives/fsl/sub-104/ses-04/L1_sub-104_ses-04_task-sharedreward_model-1_type-act_run-1_space-mni_multi-echo_cnfds-tedana_unsmoothed_FIR.feat,104,4,sharedreward,1,multi-echo,tedana,mni,NAcc,sr_outcome_primary,Punish-Neutral,6.0,-22.507984557196085,23.506628036499023,3.23,-135.04790734317652,37.96320427894592,173.01111162212243,-43.18271874952427,9.386233447875028,4.0,-172.73087499809708,-48.923899068920974
/home/tug87422/scratch/smithlab-shared/night-owls/derivatives/fsl/sub-104/ses-04/L1_sub-104_ses-04_task-sharedreward_model-1_type-act_run-1_space-mni_multi-echo_cnfds-tedana_unsmoothed_FIR.feat,104,4,sharedreward,1,multi-echo,tedana,mni,NAcc,sr_outcome_primary,Reward-Punish,6.0,-1.066323245849896,28.516754150390625,0.0,-6.397939475099376,50.768099787910664,57.166039263010035,-2.7801764920215533,37.76097059249878,6.46,-11.120705968086213,16.49457811497313
/home/tug87422/scratch/smithlab-shared/night-owls/derivatives/fsl/sub-104/ses-04/L1_sub-104_ses-04_task-sharedreward_model-1_type-act_run-1_space-mni_single-echo_cnfds-fmriprep_unsmoothed_FIR.feat,104,4,sharedreward,1,single-echo,fmriprep,mni,NAcc,sr_decision_partner_extra,Computer-Stranger,6.0,-8.129074032006649,21.862601161003113,0.0,-48.774444192039894,21.76001032978296,70.53445452182287,-8.704166167564807,2.9645919799804688,4.845,-34.81666467025923,-9.712700409785883
/home/tug87422/scratch/smithlab-shared/night-owls/derivatives/fsl/sub-104/ses-04/L1_sub-104_ses-04_task-sharedreward_model-1_type-act_run-1_space-mni_single-echo_cnfds-fmriprep_unsmoothed_FIR.feat,104,4,sharedreward,1,single-echo,fmriprep,mni,NAcc,sr_outcome_primary,Reward-Neutral,6.0,-37.70224171355412,44.968552112579346,1.615,-226.21345028132475,72.62421166181564,298.8376619431404,-58.325019842076216,-43.031124079559596,8.0,-233.30007936830486,-60.733863417209115
/home/tug87422/scratch/smithlab-shared/night-owls/derivatives/fsl/sub-104/ses-04/L1_sub-104_ses-04_task-sharedreward_model-1_type-act_run-1_space-mni_single-echo_cnfds-fmriprep_unsmoothed_FIR.feat,104,4,sharedreward,1,single-echo,fmriprep,mni,NAcc,sr_outcome_primary,Punish-Neutral,6.0,-36.96198063584919,32.660837173461914,0.0,-221.77188381509512,26.373626017570494,248.14550983266565,-55.74000807286784,-19.081972618221105,8.0,-222.96003229147135,-68.5409256134978
/home/tug87422/scratch/smithlab-shared/night-owls/derivatives/fsl/sub-104/ses-04/L1_sub-104_ses-04_task-sharedreward_model-1_type-act_run-1_space-mni_single-echo_cnfds-fmriprep_unsmoothed_FIR.feat,104,4,sharedreward,1,single-echo,fmriprep,mni,NAcc,sr_outcome_primary,Reward-Punish,6.0,-0.7402610777049358,51.11762285232544,1.615,-4.441566466229615,87.0635393248623,91.5051057910919,-2.5850117692083794,12.847803115844727,6.46,-10.340047076833518,7.807062196288685
/home/tug87422/scratch/smithlab-shared/night-owls/derivatives/fsl/sub-104/ses-04/L1_sub-104_ses-04_task-sharedreward_model-1_type-act_run-1_space-mni_single-echo_cnfds-tedana_unsmoothed_FIR.feat,104,4,sharedreward,1,single-echo,tedana,mni,NAcc,sr_decision_partner_extra,Computer-Stranger,6.0,3.624932501047574,10.67684829235077,3.23,21.749595006285443,24.862601025877723,3.1130060195922855,-5.226226329528744,4.642173767089844,6.46,-20.904905318114977,2.6797449684733583
/home/tug87422/scratch/smithlab-shared/night-owls/derivatives/fsl/sub-104/ses-04/L1_sub-104_ses-04_task-sharedreward_model-1_type-act_run-1_space-mni_single-echo_cnfds-tedana_unsmoothed_FIR.feat,104,4,sharedreward,1,single-echo,tedana,mni,NAcc,sr_outcome_primary,Reward-Neutral,6.0,-14.022238436776172,18.515639305114743,1.615,-84.13343062065704,29.90275747776031,114.03618809841734,-37.9023327192655,-2.8242874145507812,6.46,-151.609330877062,-17.321832733626703
/home/tug87422/scratch/smithlab-shared/night-owls/derivatives/fsl/sub-104/ses-04/L1_sub-104_ses-04_task-sharedreward_model-1_type-act_run-1_space-mni_single-echo_cnfds-tedana_unsmoothed_FIR.feat,104,4,sharedreward,1,single-echo,tedana,mni,NAcc,sr_outcome_primary,Punish-Neutral,6.0,-36.6840206730009,-30.372103691101074,4.845,-220.1041240380054,0.0,220.1041240380054,-50.663054621928254,-30.372103691101074,4.845,-202.65221848771301,-43.353792367704884
/home/tug87422/scratch/smithlab-shared/night-owls/derivatives/fsl/sub-104/ses-04/L1_sub-104_ses-04_task-sharedreward_model-1_type-act_run-1_space-mni_single-echo_cnfds-tedana_unsmoothed_FIR.feat,104,4,sharedreward,1,single-echo,tedana,mni,NAcc,sr_outcome_primary,Reward-Punish,6.0,22.661782236224727,54.58531856536865,1.615,135.97069341734837,168.3120698984046,32.341376481056216,12.760721902662755,45.6997013092041,6.46,51.04288761065102,26.031959634078184
/home/tug87422/scratch/smithlab-shared/night-owls/derivatives/fsl/sub-104/ses-04/L1_sub-104_ses-04_task-sharedreward_model-1_type-act_run-2_space-mni_multi-echo_cnfds-fmriprep_unsmoothed_FIR.feat,104,4,sharedreward,2,multi-echo,fmriprep,mni,NAcc,sr_decision_partner_extra,Computer-Stranger,6.0,-2.0206991764786206,14.043991923332214,4.845,-12.124195058871724,31.619867317080494,43.744062375952225,-21.949560038418312,14.043991923332214,4.845,-87.79824015367325,-35.49071230607875
/home/tug87422/scratch/smithlab-shared/night-owls/derivatives/fsl/sub-104/ses-04/L1_sub-104_ses-04_task-sharedreward_model-1_type-act_run-2_space-mni_multi-echo_cnfds-fmriprep_unsmoothed_FIR.feat,104,4,sharedreward,2,multi-echo,fmriprep,mni,NAcc,sr_outcome_primary,Reward-Neutral,6.0,-21.707081270969567,61.47130012512207,1.615,-130.2424876258174,99.27614970207215,229.51863732788956,-41.32353435183642,-7.295302391052246,6.46,-165.2941374073457,-26.186010475867302
/home/tug87422/scratch/smithlab-shared/night-owls/derivatives/fsl/sub-104/ses-04/L1_sub-104_ses-04_task-sharedreward_model-1_type-act_run-2_space-mni_multi-echo_cnfds-fmriprep_unsmoothed_FIR.feat,104,4,sharedreward,2,multi-echo,fmriprep,mni,NAcc,sr_outcome_primary,Punish-Neutral,6.0,-26.62453910246907,19.195359230041504,1.615,-159.7472346148144,31.00050515651703,190.74773977133142,-45.25573586189526,-18.511855125427246,6.46,-181.02294344758104,-28.630827998229222
/home/tug87422/scratch/smithlab-shared/night-owls/derivatives/fsl/sub-104/ses-04/L1_sub-104_ses-04_task-sharedreward_model-1_type-act_run-2_space-mni_multi-echo_cnfds-fmriprep_unsmoothed_FIR.feat,104,4,sharedreward,2,multi-echo,fmriprep,mni,NAcc,sr_outcome_primary,Reward-Punish,6.0,4.917457831499503,42.275940895080566,1.615,29.504746988997017,86.44985185025647,56.94510486125946,3.9322015100588406,39.14908141617437,8.0,15.728806040235362,2.4448175223619244
/home/tug87422/scratch/smithlab-shared/night-owls/derivatives/fsl/sub-104/ses-04/L1_sub-104_ses-04_task-sharedreward_model-1_type-act_run-2_space-mni_multi-echo_cnfds-tedana_unsmoothed_FIR.feat,104,4,sharedreward,2,multi-echo,tedana,mni,NAcc,sr_decision_partner_extra,Computer-Stranger,6.0,-2.756108822957282,11.555692672729492,4.845,-16.536652937743693,16.004634351730346,32.54128728947404,-7.664750589073256,11.555692672729492,4.845,-30.659002356293023,-19.629806934864533
/home/tug87422/scratch/smithlab-shared/night-owls/derivatives/fsl/sub-104/ses-04/L1_sub-104_ses-04_task-sharedreward_model-1_type-act_run-2_space-mni_multi-echo_cnfds-tedana_unsmoothed_FIR.feat,104,4,sharedreward,2,multi-echo,tedana,mni,NAcc,sr_outcome_primary,Reward-Neutral,6.0,-41.382886265770935,-2.1931800842285156,1.615,-248.2973175946256,0.0,248.2973175946256,-33.16874608693846,-12.904680252075195,6.46,-132.67498434775385,-23.642885916742376
/home/tug87422/scratch/smithlab-shared/night-owls/derivatives/fsl/sub-104/ses-04/L1_sub-104_ses-04_task-sharedreward_model-1_type-act_run-2_space-mni_multi-echo_cnfds-tedana_unsmoothed_FIR.feat,104,4,sharedreward,2,multi-echo,tedana,mni,NAcc,sr_outcome_primary,Punish-Neutral,6.0,-19.937903408965305,3.5496915866716,6.0,-119.62742045379183,2.0499468913028496,121.67736734509468,-7.439283585476205,7.001578450202942,6.46,-29.75713434190482,3.5496915866716
/home/tug87422/scratch/smithlab-shared/night-owls/derivatives/fsl/sub-104/ses-04/L1_sub-104_ses-04_task-sharedreward_model-1_type-act_run-2_space-mni_multi-echo_cnfds-tedana_unsmoothed_FIR.feat,104,4,sharedreward,2,multi-echo,tedana,mni,NAcc,sr_outcome_primary,Reward-Punish,6.0,-21.444982856805634,20.941375255584717,0.0,-128.6698971408338,26.50174738049507,155.1716445213289,-25.729462501462255,5.2777144580433735,8.0,-102.91785000584902,-27.192577503413975
/home/tug87422/scratch/smithlab-shared/night-owls/derivatives/fsl/sub-104/ses-04/L1_sub-104_ses-04_task-sharedreward_model-1_type-act_run-2_space-mni_single-echo_cnfds-fmriprep_unsmoothed_FIR.feat,104,4,sharedreward,2,single-echo,fmriprep,mni,NAcc,sr_decision_partner_extra,Computer-Stranger,6.0,-3.3289832367136754,14.844598770141602,4.845,-19.973899420282052,26.03662132024765,46.0105207405297,-20.129773446779133,14.844598770141602,4.845,-80.51909378711653,-22.55728667291695
/home/tug87422/scratch/smithlab-shared/night-owls/derivatives/fsl/sub-104/ses-04/L1_sub-104_ses-04_task-sharedreward_model-1_type-act_run-2_space-mni_single-echo_cnfds-fmriprep_unsmoothed_FIR.feat,104,4,sharedreward,2,single-echo,fmriprep,mni,NAcc,sr_outcome_primary,Reward-Neutral,6.0,-23.774896394927186,63.74195671081543,1.615,-142.64937836956312,102.94326008796692,245.59263845753003,-39.01711817457026,17.011197090148926,6.46,-156.06847269828103,-14.224189796683952
/home/tug87422/scratch/smithlab-shared/night-owls/derivatives/fsl/sub-104/ses-04/L1_sub-104_ses-04_task-sharedreward_model-1_type-act_run-2_space-mni_single-echo_cnfds-fmriprep_unsmoothed_FIR.feat,104,4,sharedreward,2,single-echo,fmriprep,mni,NAcc,sr_outcome_primary,Punish-Neutral,6.0,-35.038659825914294,17.957637786865234,1.615,-210.23195895548577,29.001585025787353,239.2335439812731,-51.838387788233376,-2.185848236083981,6.46,-207.3535511529335,-22.140950861361
/home/tug87422/scratch/smithlab-shared/night-owls/derivatives/fsl/sub-104/ses-04/L1_sub-104_ses-04_task-sharedreward_model-1_type-act_run-2_space-mni_single-echo_cnfds-fmriprep_unsmoothed_FIR.feat,104,4,sharedreward,2,single-echo,fmriprep,mni,NAcc,sr_outcome_primary,Reward-Punish,6.0,11.263763430987103,45.784318923950195,1.615,67.58258058592261,95.84566808983269,28.263087503910064,12.821269613663114,65.07726500130292,8.0,51.28507845465246,7.916761064677047
/home/tug87422/scratch/smithlab-shared/night-owls/derivatives/fsl/sub-104/ses-04/L1_sub-104_ses-04_task-sharedreward_model-1_type-act_run-2_space-mni_single-echo_cnfds-tedana_unsmoothed_FIR.feat,104,4,sharedreward,2,single-echo,tedana,mni,NAcc,sr_decision_partner_extra,Computer-Stranger,6.0,0.4798855521349221,17.676918983459473,4.845,2.8793133128095327,33.81626551032066,30.936952197511133,-2.732451658736074,17.676918983459473,4.845,-10.929806634944295,-3.5364019302391805
/home/tug87422/scratch/smithlab-shared/night-owls/derivatives/fsl/sub-104/ses-04/L1_sub-104_ses-04_task-sharedreward_model-1_type-act_run-2_space-mni_single-echo_cnfds-tedana_unsmoothed_FIR.feat,104,4,sharedreward,2,single-echo,tedana,mni,NAcc,sr_outcome_primary,Reward-Neutral,6.0,-41.503172339241566,4.209665298461918,1.615,-249.0190340354494,6.7986094570159965,255.81764349246544,-29.87811057642056,11.4281005859375,6.46,-119.51244230568224,-11.365934236130842
/home/tug87422/scratch/smithlab-shared/night-owls/derivatives/fsl/sub-104/ses-04/L1_sub-104_ses-04_task-sharedreward_model-1_type-act_run-2_space-mni_single-echo_cnfds-tedana_unsmoothed_FIR.feat,104,4,sharedreward,2,single-echo,tedana,mni,NAcc,sr_outcome_primary,Punish-Neutral,6.0,-26.017693471373416,13.255790914175313,6.0,-156.1061608282405,7.655219252936245,163.76138008117672,-10.981557287747284,27.756892204284668,6.46,-43.92622915098914,13.255790914175313
/home/tug87422/scratch/smithlab-shared/night-owls/derivatives/fsl/sub-104/ses-04/L1_sub-104_ses-04_task-sharedreward_model-1_type-act_run-2_space-mni_single-echo_cnfds-tedana_unsmoothed_FIR.feat,104,4,sharedreward,2,single-echo,tedana,mni,NAcc,sr_outcome_primary,Reward-Punish,6.0,-15.485478867868153,26.236865997314453,0.0,-92.91287320720892,36.14363087654114,129.05650408375004,-18.896553288673278,28.995781224947617,8.0,-75.58621315469311,-24.62172515030616
/home/tug87422/scratch/smithlab-shared/night-owls/derivatives/fsl/sub-104/ses-05/L1_sub-104_ses-05_task-mid_model-1_type-act_run-1_space-mni_multi-echo_cnfds-fmriprep_unsmoothed_FIR.feat,104,5,mid,1,multi-echo,fmriprep,mni,NAcc,mid_anticipation_primary,Reward-Neutral,5.0,-27.167536254017712,21.757545948028564,4.845,-135.83768127008855,28.813098594699483,164.65077986478803,9.712092974237615,21.757545948028564,4.845,38.84837189695046,17.589057792450994
/home/tug87422/scratch/smithlab-shared/night-owls/derivatives/fsl/sub-104/ses-05/L1_sub-104_ses-05_task-mid_model-1_type-act_run-1_space-mni_multi-echo_cnfds-fmriprep_unsmoothed_FIR.feat,104,5,mid,1,multi-echo,fmriprep,mni,NAcc,mid_feedback_extra,Positive-Negative,6.0,6.8947598930876595,51.11192998502277,6.0,41.36855935852596,97.38908440392085,56.0205250453949,32.242400147959174,54.9489631652832,6.46,128.9696005918367,51.11192998502277
/home/tug87422/scratch/smithlab-shared/night-owls/derivatives/fsl/sub-104/ses-05/L1_sub-104_ses-05_task-mid_model-1_type-act_run-1_space-mni_multi-echo_cnfds-tedana_unsmoothed_FIR.feat,104,5,mid,1,multi-echo,tedana,mni,NAcc,mid_anticipation_primary,Reward-Neutral,5.0,-4.265726170215812,69.54470252990723,4.845,-21.328630851079062,66.62090121312039,87.94953206419945,28.34622685086616,69.54470252990723,4.845,113.38490740346464,39.17337328435466
/home/tug87422/scratch/smithlab-shared/night-owls/derivatives/fsl/sub-104/ses-05/L1_sub-104_ses-05_task-mid_model-1_type-act_run-1_space-mni_multi-echo_cnfds-tedana_unsmoothed_FIR.feat,104,5,mid,1,multi-echo,tedana,mni,NAcc,mid_feedback_extra,Positive-Negative,6.0,30.337225457643637,75.93022429943085,4.845,182.0233527458618,215.47969903597337,33.45634629011154,48.434563782374276,75.93022429943085,4.845,193.7382551294971,63.27629662298197
/home/tug87422/scratch/smithlab-shared/night-owls/derivatives/fsl/sub-104/ses-05/L1_sub-104_ses-05_task-mid_model-1_type-act_run-1_space-mni_single-echo_cnfds-fmriprep_unsmoothed_FIR.feat,104,5,mid,1,single-echo,fmriprep,mni,NAcc,mid_anticipation_primary,Reward-Neutral,5.0,-25.1138661101263,16.00900788203851,5.0,-125.56933055063149,35.95020860890486,161.51953915953635,16.57885602268641,39.95124053955078,6.46,66.31542409074564,32.40779737348527
/home/tug87422/scratch/smithlab-shared/night-owls/derivatives/fsl/sub-104/ses-05/L1_sub-104_ses-05_task-mid_model-1_type-act_run-1_space-mni_single-echo_cnfds-fmriprep_unsmoothed_FIR.feat,104,5,mid,1,single-echo,fmriprep,mni,NAcc,mid_feedback_extra,Positive-Negative,6.0,2.7640741062238128,49.9418020868449,6.0,16.584444637342877,47.56699894909519,30.982554311752327,27.2497760751299,65.00166130065918,6.46,108.9991043005196,49.9418020868449
/home/tug87422/scratch/smithlab-shared/night-owls/derivatives/fsl/sub-104/ses-05/L1_sub-104_ses-05_task-mid_model-1_type-act_run-1_space-mni_single-echo_cnfds-tedana_unsmoothed_FIR.feat,104,5,mid,1,single-echo,tedana,mni,NAcc,mid_anticipation_primary,Reward-Neutral,5.0,1.475237779573023,58.366098165512085,4.845,7.376188897865115,56.086455739515124,48.710266841650004,32.93785693363416,58.366098165512085,4.845,131.75142773453663,49.62475579441885
/home/tug87422/scratch/smithlab-shared/night-owls/derivatives/fsl/sub-104/ses-05/L1_sub-104_ses-05_task-mid_model-1_type-act_run-1_space-mni_single-echo_cnfds-tedana_unsmoothed_FIR.feat,104,5,mid,1,single-echo,tedana,mni,NAcc,mid_feedback_extra,Positive-Negative,6.0,34.72664783688768,71.94350624084473,0.0,208.35988702132607,208.35988702132607,0.0,42.17651545293375,61.919169425964355,6.46,168.706061811735,59.40540512427457
/home/tug87422/scratch/smithlab-shared/night-owls/derivatives/fsl/sub-104/ses-05/L1_sub-104_ses-05_task-mid_model-1_type-act_run-2_space-mni_multi-echo_cnfds-fmriprep_unsmoothed_FIR.feat,104,5,mid,2,multi-echo,fmriprep,mni,NAcc,mid_anticipation_primary,Reward-Neutral,5.0,-21.577938322944167,-0.058298110961912286,1.615,-107.88969161472083,0.0,107.88969161472083,-32.58999715873516,-11.32737922668457,4.845,-130.35998863494063,-45.200852535826506
/home/tug87422/scratch/smithlab-shared/night-owls/derivatives/fsl/sub-104/ses-05/L1_sub-104_ses-05_task-mid_model-1_type-act_run-2_space-mni_multi-echo_cnfds-fmriprep_unsmoothed_FIR.feat,104,5,mid,2,multi-echo,fmriprep,mni,NAcc,mid_feedback_extra,Positive-Negative,6.0,-0.9626116487362317,31.756015300750732,0.0,-5.77566989241739,57.52543962240219,63.30110951481957,0.23541814848688514,27.383862583998937,8.0,0.9416725939475405,-2.27239642718997
/home/tug87422/scratch/smithlab-shared/night-owls/derivatives/fsl/sub-104/ses-05/L1_sub-104_ses-05_task-mid_model-1_type-act_run-2_space-mni_multi-echo_cnfds-tedana_unsmoothed_FIR.feat,104,5,mid,2,multi-echo,tedana,mni,NAcc,mid_anticipation_primary,Reward-Neutral,5.0,-21.46390048057897,-7.12359619140625,1.615,-107.31950240289486,0.0,107.31950240289486,-35.116240973396415,-7.940467432141304,4.845,-140.46496389358566,-46.37648408571633
/home/tug87422/scratch/smithlab-shared/night-owls/derivatives/fsl/sub-104/ses-05/L1_sub-104_ses-05_task-mid_model-1_type-act_run-2_space-mni_multi-echo_cnfds-tedana_unsmoothed_FIR.feat,104,5,mid,2,multi-echo,tedana,mni,NAcc,mid_feedback_extra,Positive-Negative,6.0,-0.8935152760575557,26.769083976745605,3.23,-5.361091656345334,61.771299977642094,67.13239163398742,5.96043067602735,30.68108226197424,8.0,23.8417227041094,1.2189383492012151
/home/tug87422/scratch/smithlab-shared/night-owls/derivatives/fsl/sub-104/ses-05/L1_sub-104_ses-05_task-mid_model-1_type-act_run-2_space-mni_single-echo_cnfds-fmriprep_unsmoothed_FIR.feat,104,5,mid,2,single-echo,fmriprep,mni,NAcc,mid_anticipation_primary,Reward-Neutral,5.0,-17.642739742561762,-9.106926918029785,1.615,-88.2136987128088,0.0,88.2136987128088,-27.664370146651194,13.299067783651003,8.0,-110.65748058660478,-45.73471838771005
/home/tug87422/scratch/smithlab-shared/night-owls/derivatives/fsl/sub-104/ses-05/L1_sub-104_ses-05_task-mid_model-1_type-act_run-2_space-mni_single-echo_cnfds-fmriprep_unsmoothed_FIR.feat,104,5,mid,2,single-echo,fmriprep,mni,NAcc,mid_feedback_extra,Positive-Negative,6.0,-7.885873998486436,36.098005294799805,0.0,-47.31524399091862,45.45324046254158,92.7684844534602,-4.878036426235877,11.637703396218486,8.0,-19.512145704943507,-4.374922912187251
/home/tug87422/scratch/smithlab-shared/night-owls/derivatives/fsl/sub-104/ses-05/L1_sub-104_ses-05_task-mid_model-1_type-act_run-2_space-mni_single-echo_cnfds-tedana_unsmoothed_FIR.feat,104,5,mid,2,single-echo,tedana,mni,NAcc,mid_anticipation_primary,Reward-Neutral,5.0,-20.04438477902064,-16.399958610534668,1.615,-100.22192389510319,0.0,100.22192389510319,-40.40143709471645,-14.001270152466926,8.0,-161.6057483788658,-57.8853478165972
/home/tug87422/scratch/smithlab-shared/night-owls/derivatives/fsl/sub-104/ses-05/L1_sub-104_ses-05_task-mid_model-1_type-act_run-2_space-mni_single-echo_cnfds-tedana_unsmoothed_FIR.feat,104,5,mid,2,single-echo,tedana,mni,NAcc,mid_feedback_extra,Positive-Negative,6.0,-8.25232959149046,28.301685094833374,0.0,-49.513977548942755,40.07748919500332,89.59146674394607,2.568697695824962,19.76400775640004,8.0,10.274790783299848,1.0751961250054227
/home/tug87422/scratch/smithlab-shared/night-owls/derivatives/fsl/sub-104/ses-05/L1_sub-104_ses-05_task-sharedreward_model-1_type-act_run-1_space-mni_multi-echo_cnfds-fmriprep_unsmoothed_FIR.feat,104,5,sharedreward,1,multi-echo,fmriprep,mni,NAcc,sr_decision_partner_extra,Computer-Stranger,6.0,-14.427434208537575,10.410847663879395,1.615,-86.56460525122544,16.813518977165224,103.37812422839066,-49.2601945206832,-19.97921494655196,4.0,-197.0407780827328,-61.9169511115957
/home/tug87422/scratch/smithlab-shared/night-owls/derivatives/fsl/sub-104/ses-05/L1_sub-104_ses-05_task-sharedreward_model-1_type-act_run-1_space-mni_multi-echo_cnfds-fmriprep_unsmoothed_FIR.feat,104,5,sharedreward,1,multi-echo,fmriprep,mni,NAcc,sr_outcome_primary,Reward-Neutral,6.0,36.284329052581626,57.076531410217285,3.23,217.70597431548975,222.43130471238038,4.72533039689064,40.70014120294306,48.61107408446793,4.0,162.80056481177223,41.14079558812428
/home/tug87422/scratch/smithlab-shared/night-owls/derivatives/fsl/sub-104/ses-05/L1_sub-104_ses-05_task-sharedreward_model-1_type-act_run-1_space-mni_multi-echo_cnfds-fmriprep_unsmoothed_FIR.feat,104,5,sharedreward,1,multi-echo,fmriprep,mni,NAcc,sr_outcome_primary,Punish-Neutral,6.0,-17.068746273414266,26.845056448189467,6.0,-102.4124776404856,42.608204062605054,145.02068170309067,16.479502497867166,29.742270469665527,6.46,65.91800999146867,26.845056448189467
/home/tug87422/scratch/smithlab-shared/night-owls/derivatives/fsl/sub-104/ses-05/L1_sub-104_ses-05_task-sharedreward_model-1_type-act_run-1_space-mni_multi-echo_cnfds-fmriprep_unsmoothed_FIR.feat,104,5,sharedreward,1,multi-echo,fmriprep,mni,NAcc,sr_outcome_primary,Reward-Punish,6.0,53.35307532599589,90.23685264587402,1.615,320.11845195597533,320.11845195597533,0.0,24.2206387050759,46.12528309069181,4.0,96.8825548203036,14.295739139934811
/home/tug87422/scratch/smithlab-shared/night-owls/derivatives/fsl/sub-104/ses-05/L1_sub-104_ses-05_task-sharedreward_model-1_type-act_run-1_space-mni_multi-echo_cnfds-tedana_unsmoothed_FIR.feat,104,5,sharedreward,1,multi-echo,tedana,mni,NAcc,sr_decision_partner_extra,Computer-Stranger,6.0,-4.42065494123166,20.482909440994263,1.615,-26.52392964738996,43.06838352262974,69.5923131700197,-34.76235090261458,-14.688952386932847,4.0,-139.0494036104583,-45.83708705252538
/home/tug87422/scratch/smithlab-shared/night-owls/derivatives/fsl/sub-104/ses-05/L1_sub-104_ses-05_task-sharedreward_model-1_type-act_run-1_space-mni_multi-echo_cnfds-tedana_unsmoothed_FIR.feat,104,5,sharedreward,1,multi-echo,tedana,mni,NAcc,sr_outcome_primary,Reward-Neutral,6.0,6.60443322327853,25.242420196533203,3.23,39.62659933967118,67.09797919673447,27.47137985706329,14.126329762662525,18.931214952616497,4.0,56.5053190506501,16.803731797280328
/home/tug87422/scratch/smithlab-shared/night-owls/derivatives/fsl/sub-104/ses-05/L1_sub-104_ses-05_task-sharedreward_model-1_type-act_run-1_space-mni_multi-echo_cnfds-tedana_unsmoothed_FIR.feat,104,5,sharedreward,1,multi-echo,tedana,mni,NAcc,sr_outcome_primary,Punish-Neutral,6.0,-10.431819473920532,21.09782024876621,6.0,-62.59091684352319,15.213884744535292,77.80480158805848,9.130926485135918,28.629143953323364,6.46,36.52370594054367,21.09782024876621
/home/tug87422/scratch/smithlab-shared/night-owls/derivatives/fsl/sub-104/ses-05/L1_sub-104_ses-05_task-sharedreward_model-1_type-act_run-1_space-mni_multi-echo_cnfds-tedana_unsmoothed_FIR.feat,104,5,sharedreward,1,multi-echo,tedana,mni,NAcc,sr_outcome_primary,Reward-Punish,6.0,17.036252697199064,29.838120460510257,3.23,102.21751618319438,108.96953472375871,6.752018540564338,4.995403277526608,20.292748802586605,4.0,19.981613110106434,-4.2940884514858855
/home/tug87422/scratch/smithlab-shared/night-owls/derivatives/fsl/sub-104/ses-05/L1_sub-104_ses-05_task-sharedreward_model-1_type-act_run-1_space-mni_single-echo_cnfds-fmriprep_unsmoothed_FIR.feat,104,5,sharedreward,1,single-echo,fmriprep,mni,NAcc,sr_decision_partner_extra,Computer-Stranger,6.0,-7.558523268039014,2.2470245361328107,1.615,-45.351139608234085,4.720903908014294,50.07204351624838,-6.3610384345419035,28.574112010814112,8.0,-25.444153738167614,-14.47132795440154
/home/tug87422/scratch/smithlab-shared/night-owls/derivatives/fsl/sub-104/ses-05/L1_sub-104_ses-05_task-sharedreward_model-1_type-act_run-1_space-mni_single-echo_cnfds-fmriprep_unsmoothed_FIR.feat,104,5,sharedreward,1,single-echo,fmriprep,mni,NAcc,sr_outcome_primary,Reward-Neutral,6.0,26.792096672047958,57.13193321228027,4.845,160.75258003228774,175.12180482798686,14.36922479569912,31.79539407334276,57.13193321228027,4.845,127.18157629337104,26.342178855518068
/home/tug87422/scratch/smithlab-shared/night-owls/derivatives/fsl/sub-104/ses-05/L1_sub-104_ses-05_task-sharedreward_model-1_type-act_run-1_space-mni_single-echo_cnfds-fmriprep_unsmoothed_FIR.feat,104,5,sharedreward,1,single-echo,fmriprep,mni,NAcc,sr_outcome_primary,Punish-Neutral,6.0,-31.394457499847444,19.354582238861653,6.0,-188.36674499908466,19.966630106773174,208.33337510585784,6.754035967061578,24.535446643829346,6.46,27.016143868246314,19.354582238861653
/home/tug87422/scratch/smithlab-shared/night-owls/derivatives/fsl/sub-104/ses-05/L1_sub-104_ses-05_task-sharedreward_model-1_type-act_run-1_space-mni_single-echo_cnfds-fmriprep_unsmoothed_FIR.feat,104,5,sharedreward,1,single-echo,fmriprep,mni,NAcc,sr_outcome_primary,Reward-Punish,6.0,58.1865541718954,89.36377906799316,1.615,349.1193250313724,349.1193250313724,0.0,25.041358106281184,61.5722795138049,4.0,100.16543242512473,6.987596616656417
/home/tug87422/scratch/smithlab-shared/night-owls/derivatives/fsl/sub-104/ses-05/L1_sub-104_ses-05_task-sharedreward_model-1_type-act_run-1_space-mni_single-echo_cnfds-tedana_unsmoothed_FIR.feat,104,5,sharedreward,1,single-echo,tedana,mni,NAcc,sr_decision_partner_extra,Computer-Stranger,6.0,2.926818692736459,14.739754676818848,1.615,17.560912156418752,32.60208054335494,15.041168386936187,14.016610530008661,58.952148421260986,8.0,56.066442120034644,3.6451603989852104
/home/tug87422/scratch/smithlab-shared/night-owls/derivatives/fsl/sub-104/ses-05/L1_sub-104_ses-05_task-sharedreward_model-1_type-act_run-1_space-mni_single-echo_cnfds-tedana_unsmoothed_FIR.feat,104,5,sharedreward,1,single-echo,tedana,mni,NAcc,sr_outcome_primary,Reward-Neutral,6.0,9.177109204009716,42.92328453063965,4.845,55.06265522405829,87.27822426125731,32.21556903719902,18.398711333387407,42.92328453063965,4.845,73.59484533354963,18.362739716520988
/home/tug87422/scratch/smithlab-shared/night-owls/derivatives/fsl/sub-104/ses-05/L1_sub-104_ses-05_task-sharedreward_model-1_type-act_run-1_space-mni_single-echo_cnfds-tedana_unsmoothed_FIR.feat,104,5,sharedreward,1,single-echo,tedana,mni,NAcc,sr_outcome_primary,Punish-Neutral,6.0,-7.96521604621435,26.535409829933947,6.0,-47.7912962772861,24.335057445524644,72.12635372281075,11.567251831318014,34.51247692108154,6.46,46.26900732527206,26.535409829933947
/home/tug87422/scratch/smithlab-shared/night-owls/derivatives/fsl/sub-104/ses-05/L1_sub-104_ses-05_task-sharedreward_model-1_type-act_run-1_space-mni_single-echo_cnfds-tedana_unsmoothed_FIR.feat,104,5,sharedreward,1,single-echo,tedana,mni,NAcc,sr_outcome_primary,Reward-Punish,6.0,17.142325250224065,36.41724967956543,4.845,102.85395150134438,112.12494461774827,9.270993116403883,6.831459502069389,36.41724967956543,4.845,27.325838008277557,-8.172670113412957
/home/tug87422/scratch/smithlab-shared/night-owls/derivatives/fsl/sub-104/ses-05/L1_sub-104_ses-05_task-sharedreward_model-1_type-act_run-2_space-mni_multi-echo_cnfds-fmriprep_unsmoothed_FIR.feat,104,5,sharedreward,2,multi-echo,fmriprep,mni,NAcc,sr_decision_partner_extra,Computer-Stranger,6.0,-18.828316876537045,24.388139724731445,1.615,-112.96990125922227,39.386845655441284,152.35674691466357,-72.4004957559548,-28.225955486297607,4.845,-289.6019830238192,-69.57863298067737
/home/tug87422/scratch/smithlab-shared/night-owls/derivatives/fsl/sub-104/ses-05/L1_sub-104_ses-05_task-sharedreward_model-1_type-act_run-2_space-mni_multi-echo_cnfds-fmriprep_unsmoothed_FIR.feat,104,5,sharedreward,2,multi-echo,fmriprep,mni,NAcc,sr_outcome_primary,Reward-Neutral,6.0,-32.44644261748982,-9.481463429359465,6.0,-194.67865570493893,0.0,194.67865570493893,-21.189561295804598,-8.230537414550795,6.46,-84.75824518321839,-9.481463429359465
/home/tug87422/scratch/smithlab-shared/night-owls/derivatives/fsl/sub-104/ses-05/L1_sub-104_ses-05_task-sharedreward_model-1_type-act_run-2_space-mni_multi-echo_cnfds-fmriprep_unsmoothed_FIR.feat,104,5,sharedreward,2,multi-echo,fmriprep,mni,NAcc,sr_outcome_primary,Punish-Neutral,6.0,-6.856312359979271,75.60268020629886,4.845,-41.13787415987563,121.46301279896187,162.60088695883752,20.07734584256223,75.60268020629886,4.845,80.30938337024892,15.30802074231599
/home/tug87422/scratch/smithlab-shared/night-owls/derivatives/fsl/sub-104/ses-05/L1_sub-104_ses-05_task-sharedreward_model-1_type-act_run-2_space-mni_multi-echo_cnfds-fmriprep_unsmoothed_FIR.feat,104,5,sharedreward,2,multi-echo,fmriprep,mni,NAcc,sr_outcome_primary,Reward-Punish,6.0,-25.59013025751055,3.4676513671875,3.23,-153.54078154506328,5.600256958007812,159.14103850307112,-41.26690713836682,0.4748992919921875,6.46,-165.06762855346727,-24.789484171675447
/home/tug87422/scratch/smithlab-shared/night-owls/derivatives/fsl/sub-104/ses-05/L1_sub-104_ses-05_task-sharedreward_model-1_type-act_run-2_space-mni_multi-echo_cnfds-tedana_unsmoothed_FIR.feat,104,5,sharedreward,2,multi-echo,tedana,mni,NAcc,sr_decision_partner_extra,Computer-Stranger,6.0,17.467498388451876,30.89751148223877,1.615,104.80499033071125,104.80499033071125,0.0,9.955205096050216,26.001582264900208,4.845,39.820820384200864,23.50497274133074
/home/tug87422/scratch/smithlab-shared/night-owls/derivatives/fsl/sub-104/ses-05/L1_sub-104_ses-05_task-sharedreward_model-1_type-act_run-2_space-mni_multi-echo_cnfds-tedana_unsmoothed_FIR.feat,104,5,sharedreward,2,multi-echo,tedana,mni,NAcc,sr_outcome_primary,Reward-Neutral,6.0,-23.247130647438535,16.9507052898407,0.0,-139.4827838846312,17.393497819079336,156.87628170371056,-4.453870497905064,6.259452819824219,6.46,-17.815481991620256,4.682561797623295
/home/tug87422/scratch/smithlab-shared/night-owls/derivatives/fsl/sub-104/ses-05/L1_sub-104_ses-05_task-sharedreward_model-1_type-act_run-2_space-mni_multi-echo_cnfds-tedana_unsmoothed_FIR.feat,104,5,sharedreward,2,multi-echo,tedana,mni,NAcc,sr_outcome_primary,Punish-Neutral,6.0,-4.38883564503723,73.2048282623291,4.845,-26.333013870223382,141.71601415683426,168.04902802705766,35.99440784136577,73.2048282623291,4.845,143.97763136546308,46.95181736783715
/home/tug87422/scratch/smithlab-shared/night-owls/derivatives/fsl/sub-104/ses-05/L1_sub-104_ses-05_task-sharedreward_model-1_type-act_run-2_space-mni_multi-echo_cnfds-tedana_unsmoothed_FIR.feat,104,5,sharedreward,2,multi-echo,tedana,mni,NAcc,sr_outcome_primary,Reward-Punish,6.0,-18.858295002401306,13.830503463745117,3.23,-113.14977001440784,22.811305131912228,135.96107514632007,-40.448278339270836,-17.401478150311632,8.0,-161.79311335708334,-42.26925557021386
/home/tug87422/scratch/smithlab-shared/night-owls/derivatives/fsl/sub-104/ses-05/L1_sub-104_ses-05_task-sharedreward_model-1_type-act_run-2_space-mni_single-echo_cnfds-fmriprep_unsmoothed_FIR.feat,104,5,sharedreward,2,single-echo,fmriprep,mni,NAcc,sr_decision_partner_extra,Computer-Stranger,6.0,-25.18495337032374,5.907552719116211,1.615,-151.10972022194244,9.540697641372681,160.6504178633151,-82.44253860687232,-23.40838837623596,4.845,-329.7701544274893,-84.50152089204582
/home/tug87422/scratch/smithlab-shared/night-owls/derivatives/fsl/sub-104/ses-05/L1_sub-104_ses-05_task-sharedreward_model-1_type-act_run-2_space-mni_single-echo_cnfds-fmriprep_unsmoothed_FIR.feat,104,5,sharedreward,2,single-echo,fmriprep,mni,NAcc,sr_outcome_primary,Reward-Neutral,6.0,-28.82880772834592,-12.507469177246094,3.23,-172.97284637007553,0.0,172.97284637007553,-28.206649322037364,-5.112709045410156,6.46,-112.82659728814946,-14.401538837066743
/home/tug87422/scratch/smithlab-shared/night-owls/derivatives/fsl/sub-104/ses-05/L1_sub-104_ses-05_task-sharedreward_model-1_type-act_run-2_space-mni_single-echo_cnfds-fmriprep_unsmoothed_FIR.feat,104,5,sharedreward,2,single-echo,fmriprep,mni,NAcc,sr_outcome_primary,Punish-Neutral,6.0,-3.1223490780542758,60.2614631652832,4.845,-18.734094468325655,86.93729952216148,105.67139399048715,2.985228967784728,60.2614631652832,4.845,11.940915871138913,-14.052988011032449
/home/tug87422/scratch/smithlab-shared/night-owls/derivatives/fsl/sub-104/ses-05/L1_sub-104_ses-05_task-sharedreward_model-1_type-act_run-2_space-mni_single-echo_cnfds-fmriprep_unsmoothed_FIR.feat,104,5,sharedreward,2,single-echo,fmriprep,mni,NAcc,sr_outcome_primary,Reward-Punish,6.0,-25.70645865029164,0.8103790283203125,3.23,-154.23875190174985,1.3087621307373047,155.54751403248716,-31.191878289822093,38.537376403808594,6.46,-124.76751315928837,-0.34855082603429466
/home/tug87422/scratch/smithlab-shared/night-owls/derivatives/fsl/sub-104/ses-05/L1_sub-104_ses-05_task-sharedreward_model-1_type-act_run-2_space-mni_single-echo_cnfds-tedana_unsmoothed_FIR.feat,104,5,sharedreward,2,single-echo,tedana,mni,NAcc,sr_decision_partner_extra,Computer-Stranger,6.0,9.680522340958817,22.39537382125855,4.845,58.0831340457529,63.42166688330772,5.338532837554813,-1.4055217358959027,22.39537382125855,4.845,-5.622086943583611,7.153568137909974
/home/tug87422/scratch/smithlab-shared/night-owls/derivatives/fsl/sub-104/ses-05/L1_sub-104_ses-05_task-sharedreward_model-1_type-act_run-2_space-mni_single-echo_cnfds-tedana_unsmoothed_FIR.feat,104,5,sharedreward,2,single-echo,tedana,mni,NAcc,sr_outcome_primary,Reward-Neutral,6.0,-14.738248539468577,10.555419445037844,0.0,-88.42949123681146,12.379024998540112,100.80851623535156,-9.224753466789203,11.563339233398438,6.46,-36.89901386715681,2.338646761773172
/home/tug87422/scratch/smithlab-shared/night-owls/derivatives/fsl/sub-104/ses-05/L1_sub-104_ses-05_task-sharedreward_model-1_type-act_run-2_space-mni_single-echo_cnfds-tedana_unsmoothed_FIR.feat,104,5,sharedreward,2,single-echo,tedana,mni,NAcc,sr_outcome_primary,Punish-Neutral,6.0,7.024327427030717,59.31209182739258,4.845,42.145964562184304,112.4931227319307,70.3471581697464,28.112887614057527,59.31209182739258,4.845,112.45155045623011,29.416747054817506
/home/tug87422/scratch/smithlab-shared/night-owls/derivatives/fsl/sub-104/ses-05/L1_sub-104_ses-05_task-sharedreward_model-1_type-act_run-2_space-mni_single-echo_cnfds-tedana_unsmoothed_FIR.feat,104,5,sharedreward,2,single-echo,tedana,mni,NAcc,sr_outcome_primary,Reward-Punish,6.0,-21.762575966499295,7.638994216918949,3.23,-130.57545579899576,12.3369756603241,142.91243145931983,-37.33764108084673,-5.9470367431640625,6.46,-149.35056432338692,-27.078100293044333
/home/tug87422/scratch/smithlab-shared/night-owls/derivatives/fsl/sub-104/ses-06/L1_sub-104_ses-06_task-mid_model-1_type-act_run-1_space-mni_multi-echo_cnfds-fmriprep_unsmoothed_FIR.feat,104,6,mid,1,multi-echo,fmriprep,mni,NAcc,mid_anticipation_primary,Reward-Neutral,5.0,8.686031687339575,31.124276399612427,3.23,43.43015843669788,70.86785713404416,27.437698697346285,-13.947797162158665,4.366097583859323,4.0,-55.79118864863466,-8.143360505532183
/home/tug87422/scratch/smithlab-shared/night-owls/derivatives/fsl/sub-104/ses-06/L1_sub-104_ses-06_task-mid_model-1_type-act_run-1_space-mni_multi-echo_cnfds-fmriprep_unsmoothed_FIR.feat,104,6,mid,1,multi-echo,fmriprep,mni,NAcc,mid_feedback_extra,Positive-Negative,6.0,-23.2802441953973,6.691928863525391,0.0,-139.6814651723838,5.4037325572967525,145.08519772968057,-42.20216376784785,-13.229327718539839,8.0,-168.8086550713914,-62.58617728856326
/home/tug87422/scratch/smithlab-shared/night-owls/derivatives/fsl/sub-104/ses-06/L1_sub-104_ses-06_task-mid_model-1_type-act_run-1_space-mni_multi-echo_cnfds-tedana_unsmoothed_FIR.feat,104,6,mid,1,multi-echo,tedana,mni,NAcc,mid_anticipation_primary,Reward-Neutral,5.0,10.966287946338623,21.141452312469482,3.23,54.831439731693116,65.85353921771049,11.022099486017376,-3.7356467682907475,8.359129018458786,4.0,-14.94258707316299,-1.5138244540329684
/home/tug87422/scratch/smithlab-shared/night-owls/derivatives/fsl/sub-104/ses-06/L1_sub-104_ses-06_task-mid_model-1_type-act_run-1_space-mni_multi-echo_cnfds-tedana_unsmoothed_FIR.feat,104,6,mid,1,multi-echo,tedana,mni,NAcc,mid_feedback_extra,Positive-Negative,6.0,-38.85135221759817,-17.621437788009644,1.615,-233.108113305589,0.0,233.108113305589,-51.66449246329466,-29.478904724121094,4.845,-206.65796985317863,-61.25662556152226
/home/tug87422/scratch/smithlab-shared/night-owls/derivatives/fsl/sub-104/ses-06/L1_sub-104_ses-06_task-mid_model-1_type-act_run-1_space-mni_single-echo_cnfds-fmriprep_unsmoothed_FIR.feat,104,6,mid,1,single-echo,fmriprep,mni,NAcc,mid_anticipation_primary,Reward-Neutral,5.0,24.198163370562778,59.610493659973145,3.23,120.9908168528139,127.93130267119997,6.940485818386078,15.035454095368596,36.19649957650955,4.0,60.141816381474385,18.250974777682277
/home/tug87422/scratch/smithlab-shared/night-owls/derivatives/fsl/sub-104/ses-06/L1_sub-104_ses-06_task-mid_model-1_type-act_run-1_space-mni_single-echo_cnfds-fmriprep_unsmoothed_FIR.feat,104,6,mid,1,single-echo,fmriprep,mni,NAcc,mid_feedback_extra,Positive-Negative,6.0,-23.32730332344309,18.10532569885254,0.0,-139.96381994065854,14.620050501823425,154.58387044248195,-33.27153697278108,2.333808190313319,8.0,-133.0861478911243,-56.03557046352895
/home/tug87422/scratch/smithlab-shared/night-owls/derivatives/fsl/sub-104/ses-06/L1_sub-104_ses-06_task-mid_model-1_type-act_run-1_space-mni_single-echo_cnfds-tedana_unsmoothed_FIR.feat,104,6,mid,1,single-echo,tedana,mni,NAcc,mid_anticipation_primary,Reward-Neutral,5.0,25.381728505872353,35.29664134979248,3.23,126.90864252936176,136.36424846898845,9.455605939626695,21.322187207247076,35.00013239538706,4.0,85.2887488289883,20.42316667361894
/home/tug87422/scratch/smithlab-shared/night-owls/derivatives/fsl/sub-104/ses-06/L1_sub-104_ses-06_task-mid_model-1_type-act_run-1_space-mni_single-echo_cnfds-tedana_unsmoothed_FIR.feat,104,6,mid,1,single-echo,tedana,mni,NAcc,mid_feedback_extra,Positive-Negative,6.0,-37.67400996194197,-8.344542741775513,4.845,-226.0440597716518,0.0,226.0440597716518,-35.364264670624266,-8.344542741775513,4.845,-141.45705868249706,-45.95499433747755
/home/tug87422/scratch/smithlab-shared/night-owls/derivatives/fsl/sub-104/ses-06/L1_sub-104_ses-06_task-mid_model-1_type-act_run-2_space-mni_multi-echo_cnfds-fmriprep_unsmoothed_FIR.feat,104,6,mid,2,multi-echo,fmriprep,mni,NAcc,mid_anticipation_primary,Reward-Neutral,5.0,-6.754469692267131,10.33075428009033,0.0,-33.77234846133565,15.390121719837186,49.162470181172836,-9.068898938944093,14.984603049216272,8.0,-36.27559575577637,-16.619617834179763
/home/tug87422/scratch/smithlab-shared/night-owls/derivatives/fsl/sub-104/ses-06/L1_sub-104_ses-06_task-mid_model-1_type-act_run-2_space-mni_multi-echo_cnfds-fmriprep_unsmoothed_FIR.feat,104,6,mid,2,multi-echo,fmriprep,mni,NAcc,mid_feedback_extra,Positive-Negative,6.0,-10.6510909653688,-0.2823214530944824,4.845,-63.906545792212796,0.0,63.906545792212796,-0.08753772832291151,47.26544297959417,8.0,-0.35015091329164605,-15.804438220458135
/home/tug87422/scratch/smithlab-shared/night-owls/derivatives/fsl/sub-104/ses-06/L1_sub-104_ses-06_task-mid_model-1_type-act_run-2_space-mni_multi-echo_cnfds-tedana_unsmoothed_FIR.feat,104,6,mid,2,multi-echo,tedana,mni,NAcc,mid_anticipation_primary,Reward-Neutral,5.0,-5.321349288045668,6.708873748779297,0.0,-26.60674644022834,13.89074362486947,40.49749006509781,-3.9464922289294813,6.051902873320485,8.0,-15.785968915717925,-7.599462806163558
/home/tug87422/scratch/smithlab-shared/night-owls/derivatives/fsl/sub-104/ses-06/L1_sub-104_ses-06_task-mid_model-1_type-act_run-2_space-mni_multi-echo_cnfds-tedana_unsmoothed_FIR.feat,104,6,mid,2,multi-echo,tedana,mni,NAcc,mid_feedback_extra,Positive-Negative,6.0,13.360822782589679,30.857778549194336,4.845,80.16493669553807,95.40361558600478,15.238678890466687,23.061958822071,45.76765488544855,8.0,92.247835288284,12.386306662308542
/home/tug87422/scratch/smithlab-shared/night-owls/derivatives/fsl/sub-104/ses-06/L1_sub-104_ses-06_task-mid_model-1_type-act_run-2_space-mni_single-echo_cnfds-fmriprep_unsmoothed_FIR.feat,104,6,mid,2,single-echo,fmriprep,mni,NAcc,mid_anticipation_primary,Reward-Neutral,5.0,-15.072278452854405,7.5998375415802,0.0,-75.36139226427203,6.136868814826012,81.49826107909804,-16.708746321324494,35.46142153548016,8.0,-66.83498528529798,-31.351276799252158
/home/tug87422/scratch/smithlab-shared/night-owls/derivatives/fsl/sub-104/ses-06/L1_sub-104_ses-06_task-mid_model-1_type-act_run-2_space-mni_single-echo_cnfds-fmriprep_unsmoothed_FIR.feat,104,6,mid,2,single-echo,fmriprep,mni,NAcc,mid_feedback_extra,Positive-Negative,6.0,-19.769847517261137,33.66042613983154,0.0,-118.61908510356682,27.18079410791397,145.79987921148077,-20.771785792303106,50.297578547392135,8.0,-83.08714316921242,-44.18505530903583
/home/tug87422/scratch/smithlab-shared/night-owls/derivatives/fsl/sub-104/ses-06/L1_sub-104_ses-06_task-mid_model-1_type-act_run-2_space-mni_single-echo_cnfds-tedana_unsmoothed_FIR.feat,104,6,mid,2,single-echo,tedana,mni,NAcc,mid_anticipation_primary,Reward-Neutral,5.0,-14.548606933568191,6.592809498310089,0.0,-72.74303466784096,5.3236936698853965,78.06672833772636,-17.861598996785997,22.078730956688783,8.0,-71.44639598714399,-29.47379366384571
/home/tug87422/scratch/smithlab-shared/night-owls/derivatives/fsl/sub-104/ses-06/L1_sub-104_ses-06_task-mid_model-1_type-act_run-2_space-mni_single-echo_cnfds-tedana_unsmoothed_FIR.feat,104,6,mid,2,single-echo,tedana,mni,NAcc,mid_feedback_extra,Positive-Negative,6.0,9.974495937710453,50.58695316314697,0.0,59.84697562626272,91.49965465784072,31.652679031578014,8.541805822663822,48.71213981610706,8.0,34.167223290655286,-8.492693188020692
/home/tug87422/scratch/smithlab-shared/night-owls/derivatives/fsl/sub-104/ses-06/L1_sub-104_ses-06_task-sharedreward_model-1_type-act_run-1_space-mni_multi-echo_cnfds-fmriprep_unsmoothed_FIR.feat,104,6,sharedreward,1,multi-echo,fmriprep,mni,NAcc,sr_decision_partner_extra,Computer-Stranger,6.0,-92.99523143764435,-15.702038288116455,0.0,-557.9713886258661,0.0,557.9713886258661,-184.3347019483486,-87.86761024345186,4.0,-737.3388077933944,-205.22293511263726
/home/tug87422/scratch/smithlab-shared/night-owls/derivatives/fsl/sub-104/ses-06/L1_sub-104_ses-06_task-sharedreward_model-1_type-act_run-1_space-mni_multi-echo_cnfds-fmriprep_unsmoothed_FIR.feat,104,6,sharedreward,1,multi-echo,fmriprep,mni,NAcc,sr_outcome_primary,Reward-Neutral,6.0,11.143057272321053,122.88856697082518,4.845,66.85834363392632,236.53628491333762,169.6779412794113,63.474745343526834,122.88856697082518,4.845,253.89898137410734,38.649735453697176
/home/tug87422/scratch/smithlab-shared/night-owls/derivatives/fsl/sub-104/ses-06/L1_sub-104_ses-06_task-sharedreward_model-1_type-act_run-1_space-mni_multi-echo_cnfds-fmriprep_unsmoothed_FIR.feat,104,6,sharedreward,1,multi-echo,fmriprep,mni,NAcc,sr_outcome_primary,Punish-Neutral,6.0,12.758243869025145,39.806640624999986,4.845,76.54946321415088,134.72914605545182,58.17968284130096,34.93400721864989,121.02966993585835,8.0,139.73602887459955,10.216503084259498
/home/tug87422/scratch/smithlab-shared/night-owls/derivatives/fsl/sub-104/ses-06/L1_sub-104_ses-06_task-sharedreward_model-1_type-act_run-1_space-mni_multi-echo_cnfds-fmriprep_unsmoothed_FIR.feat,104,6,sharedreward,1,multi-echo,fmriprep,mni,NAcc,sr_outcome_primary,Reward-Punish,6.0,-1.615186596704092,83.0819263458252,4.845,-9.691119580224552,131.48865968231814,141.17977926254272,28.54073812487694,83.0819263458252,4.845,114.16295249950775,28.433232369437675
/home/tug87422/scratch/smithlab-shared/night-owls/derivatives/fsl/sub-104/ses-06/L1_sub-104_ses-06_task-sharedreward_model-1_type-act_run-1_space-mni_multi-echo_cnfds-tedana_unsmoothed_FIR.feat,104,6,sharedreward,1,multi-echo,tedana,mni,NAcc,sr_decision_partner_extra,Computer-Stranger,6.0,-27.873853342964924,14.649804115295408,0.0,-167.24312005778955,11.829716823101043,179.07283688089058,-81.7963676452969,-30.622566819560053,4.0,-327.1854705811876,-90.7117102655464
/home/tug87422/scratch/smithlab-shared/night-owls/derivatives/fsl/sub-104/ses-06/L1_sub-104_ses-06_task-sharedreward_model-1_type-act_run-1_space-mni_multi-echo_cnfds-tedana_unsmoothed_FIR.feat,104,6,sharedreward,1,multi-echo,tedana,mni,NAcc,sr_outcome_primary,Reward-Neutral,6.0,-39.724409546564395,-6.516460418701172,4.845,-238.34645727938639,0.0,238.34645727938639,-11.472952140529083,41.06404426740053,8.0,-45.89180856211633,-28.754031804323937
/home/tug87422/scratch/smithlab-shared/night-owls/derivatives/fsl/sub-104/ses-06/L1_sub-104_ses-06_task-sharedreward_model-1_type-act_run-1_space-mni_multi-echo_cnfds-tedana_unsmoothed_FIR.feat,104,6,sharedreward,1,multi-echo,tedana,mni,NAcc,sr_outcome_primary,Punish-Neutral,6.0,-19.725696152258124,20.011032104492188,3.23,-118.35417691354874,32.31781684875488,150.67199376230363,-23.853998793234386,87.92861873520424,8.0,-95.41599517293754,-69.99122143677515
/home/tug87422/scratch/smithlab-shared/night-owls/derivatives/fsl/sub-104/ses-06/L1_sub-104_ses-06_task-sharedreward_model-1_type-act_run-1_space-mni_multi-echo_cnfds-tedana_unsmoothed_FIR.feat,104,6,sharedreward,1,multi-echo,tedana,mni,NAcc,sr_outcome_primary,Reward-Punish,6.0,-19.998713394306268,41.237189632451205,6.0,-119.99228036583762,37.48290921031138,157.475189576149,12.381046652705303,53.730186462402344,6.46,49.52418661082121,41.237189632451205
/home/tug87422/scratch/smithlab-shared/night-owls/derivatives/fsl/sub-104/ses-06/L1_sub-104_ses-06_task-sharedreward_model-1_type-act_run-1_space-mni_single-echo_cnfds-fmriprep_unsmoothed_FIR.feat,104,6,sharedreward,1,single-echo,fmriprep,mni,NAcc,sr_decision_partner_extra,Computer-Stranger,6.0,-105.40142887020444,-19.480397701263428,0.0,-632.4085732212267,0.0,632.4085732212267,-176.21640713716437,-97.89054135420005,4.0,-704.8656285486575,-196.77277839589783
/home/tug87422/scratch/smithlab-shared/night-owls/derivatives/fsl/sub-104/ses-06/L1_sub-104_ses-06_task-sharedreward_model-1_type-act_run-1_space-mni_single-echo_cnfds-fmriprep_unsmoothed_FIR.feat,104,6,sharedreward,1,single-echo,fmriprep,mni,NAcc,sr_outcome_primary,Reward-Neutral,6.0,20.623203303358753,130.90180778503418,4.845,123.73921982015251,286.55066341127036,162.81144359111784,77.28765323238292,130.90180778503418,4.845,309.1506129295317,62.994154921257085
/home/tug87422/scratch/smithlab-shared/night-owls/derivatives/fsl/sub-104/ses-06/L1_sub-104_ses-06_task-sharedreward_model-1_type-act_run-1_space-mni_single-echo_cnfds-fmriprep_unsmoothed_FIR.feat,104,6,sharedreward,1,single-echo,fmriprep,mni,NAcc,sr_outcome_primary,Punish-Neutral,6.0,12.08070576808401,43.830811500549316,0.0,72.48423460850407,149.27184784302403,76.78761323451995,39.126515663162856,133.42949770995344,8.0,156.50606265265142,16.955618749092974
/home/tug87422/scratch/smithlab-shared/night-owls/derivatives/fsl/sub-104/ses-06/L1_sub-104_ses-06_task-sharedreward_model-1_type-act_run-1_space-mni_single-echo_cnfds-fmriprep_unsmoothed_FIR.feat,104,6,sharedreward,1,single-echo,fmriprep,mni,NAcc,sr_outcome_primary,Reward-Punish,6.0,8.542497535274737,97.43966484069824,4.845,51.254985211648425,164.36705231741854,113.11206710577011,38.16113756922007,97.43966484069824,4.845,152.64455027688027,46.03853617216411
/home/tug87422/scratch/smithlab-shared/night-owls/derivatives/fsl/sub-104/ses-06/L1_sub-104_ses-06_task-sharedreward_model-1_type-act_run-1_space-mni_single-echo_cnfds-tedana_unsmoothed_FIR.feat,104,6,sharedreward,1,single-echo,tedana,mni,NAcc,sr_decision_partner_extra,Computer-Stranger,6.0,-43.250486197386614,17.04166173934936,0.0,-259.5029171843197,13.76114185452461,273.2640590388443,-64.39144628943673,-45.705074310302734,4.845,-257.5657851577469,-74.90611921375381
/home/tug87422/scratch/smithlab-shared/night-owls/derivatives/fsl/sub-104/ses-06/L1_sub-104_ses-06_task-sharedreward_model-1_type-act_run-1_space-mni_single-echo_cnfds-tedana_unsmoothed_FIR.feat,104,6,sharedreward,1,single-echo,tedana,mni,NAcc,sr_outcome_primary,Reward-Neutral,6.0,-23.57567130328454,17.26262664794922,1.615,-141.45402781970725,27.879142036437987,169.33316985614525,-1.641546340788663,26.233072043203357,8.0,-6.566185363154652,-5.172537430152068
/home/tug87422/scratch/smithlab-shared/night-owls/derivatives/fsl/sub-104/ses-06/L1_sub-104_ses-06_task-sharedreward_model-1_type-act_run-1_space-mni_single-echo_cnfds-tedana_unsmoothed_FIR.feat,104,6,sharedreward,1,single-echo,tedana,mni,NAcc,sr_outcome_primary,Punish-Neutral,6.0,-9.877264065429403,11.758970260620114,3.23,-59.26358439257641,19.90458359718322,79.16816798975964,-26.76799050975417,73.7961504599628,8.0,-107.07196203901668,-64.92717265344626
/home/tug87422/scratch/smithlab-shared/night-owls/derivatives/fsl/sub-104/ses-06/L1_sub-104_ses-06_task-sharedreward_model-1_type-act_run-1_space-mni_single-echo_cnfds-tedana_unsmoothed_FIR.feat,104,6,sharedreward,1,single-echo,tedana,mni,NAcc,sr_outcome_primary,Reward-Punish,6.0,-13.698407237855145,59.754635223294194,6.0,-82.19044342713087,98.66156103296547,180.8520044600963,25.12644416896551,72.85930633544922,6.46,100.50577667586204,59.754635223294194
/home/tug87422/scratch/smithlab-shared/night-owls/derivatives/fsl/sub-104/ses-06/L1_sub-104_ses-06_task-sharedreward_model-1_type-act_run-2_space-mni_multi-echo_cnfds-fmriprep_unsmoothed_FIR.feat,104,6,sharedreward,2,multi-echo,fmriprep,mni,NAcc,sr_decision_partner_extra,Computer-Stranger,6.0,14.21683054419094,26.245261073112488,1.615,85.30098326514563,95.37500677645205,10.074023511306422,-6.793877374083262,12.979991032981284,4.0,-27.17550949633305,-17.444196556374752
/home/tug87422/scratch/smithlab-shared/night-owls/derivatives/fsl/sub-104/ses-06/L1_sub-104_ses-06_task-sharedreward_model-1_type-act_run-2_space-mni_multi-echo_cnfds-fmriprep_unsmoothed_FIR.feat,104,6,sharedreward,2,multi-echo,fmriprep,mni,NAcc,sr_outcome_primary,Reward-Neutral,6.0,1.929950879504836,18.982659459114075,0.0,11.579705277029015,40.10915025562048,28.529444978591464,-7.517238080398213,17.892168045043945,4.845,-30.068952321592853,-24.443487663387153
/home/tug87422/scratch/smithlab-shared/night-owls/derivatives/fsl/sub-104/ses-06/L1_sub-104_ses-06_task-sharedreward_model-1_type-act_run-2_space-mni_multi-echo_cnfds-fmriprep_unsmoothed_FIR.feat,104,6,sharedreward,2,multi-echo,fmriprep,mni,NAcc,sr_outcome_primary,Punish-Neutral,6.0,-19.751002702521863,2.844715118408203,4.845,-118.50601621513118,6.114880800545215,124.62089701567642,-6.439266668893969,11.852052741744588,8.0,-25.757066675575874,-13.316818479413955
/home/tug87422/scratch/smithlab-shared/night-owls/derivatives/fsl/sub-104/ses-06/L1_sub-104_ses-06_task-sharedreward_model-1_type-act_run-2_space-mni_multi-echo_cnfds-fmriprep_unsmoothed_FIR.feat,104,6,sharedreward,2,multi-echo,fmriprep,mni,NAcc,sr_outcome_primary,Reward-Punish,6.0,21.680953582026703,34.2801456451416,1.615,130.08572149216022,136.51137294590472,6.425651453744519,-1.0779714115042425,22.45126658105998,4.0,-4.31188564601697,-11.12666918397319
/home/tug87422/scratch/smithlab-shared/night-owls/derivatives/fsl/sub-104/ses-06/L1_sub-104_ses-06_task-sharedreward_model-1_type-act_run-2_space-mni_multi-echo_cnfds-tedana_unsmoothed_FIR.feat,104,6,sharedreward,2,multi-echo,tedana,mni,NAcc,sr_decision_partner_extra,Computer-Stranger,6.0,22.0268148545175,32.528472900390625,1.615,132.160889127105,134.26482432842255,2.103935201317534,6.538014067698838,21.66925104114664,8.0,26.152056270795352,-3.6431778377792794
/home/tug87422/scratch/smithlab-shared/night-owls/derivatives/fsl/sub-104/ses-06/L1_sub-104_ses-06_task-sharedreward_model-1_type-act_run-2_space-mni_multi-echo_cnfds-tedana_unsmoothed_FIR.feat,104,6,sharedreward,2,multi-echo,tedana,mni,NAcc,sr_outcome_primary,Reward-Neutral,6.0,-14.433922606295718,3.008734703063963,0.0,-86.60353563777431,2.4295532727241502,89.03308891049848,-20.626747514422828,0.2498592311752974,8.0,-82.50699005769131,-30.099325543217613
/home/tug87422/scratch/smithlab-shared/night-owls/derivatives/fsl/sub-104/ses-06/L1_sub-104_ses-06_task-sharedreward_model-1_type-act_run-2_space-mni_multi-echo_cnfds-tedana_unsmoothed_FIR.feat,104,6,sharedreward,2,multi-echo,tedana,mni,NAcc,sr_outcome_primary,Punish-Neutral,6.0,-25.90386053202791,-7.265255928039553,0.0,-155.42316319216746,0.0,155.42316319216746,-31.72992684423739,-27.57483959197998,6.46,-126.91970737694956,-29.010520997062187
/home/tug87422/scratch/smithlab-shared/night-owls/derivatives/fsl/sub-104/ses-06/L1_sub-104_ses-06_task-sharedreward_model-1_type-act_run-2_space-mni_multi-echo_cnfds-tedana_unsmoothed_FIR.feat,104,6,sharedreward,2,multi-echo,tedana,mni,NAcc,sr_outcome_primary,Reward-Punish,6.0,11.46993792573219,29.298572540283203,3.23,68.81962755439314,76.09747183799743,7.277844283604307,11.103179329814562,36.959456995913875,8.0,44.41271731925825,-1.0888045461554263
/home/tug87422/scratch/smithlab-shared/night-owls/derivatives/fsl/sub-104/ses-06/L1_sub-104_ses-06_task-sharedreward_model-1_type-act_run-2_space-mni_single-echo_cnfds-fmriprep_unsmoothed_FIR.feat,104,6,sharedreward,2,single-echo,fmriprep,mni,NAcc,sr_decision_partner_extra,Computer-Stranger,6.0,9.496306454569437,31.431060194969177,1.615,56.977838727416625,89.25901692628861,32.28117819887198,-30.096900849853505,3.8771452062270213,4.0,-120.38760339941402,-47.122924789924745
/home/tug87422/scratch/smithlab-shared/night-owls/derivatives/fsl/sub-104/ses-06/L1_sub-104_ses-06_task-sharedreward_model-1_type-act_run-2_space-mni_single-echo_cnfds-fmriprep_unsmoothed_FIR.feat,104,6,sharedreward,2,single-echo,fmriprep,mni,NAcc,sr_outcome_primary,Reward-Neutral,6.0,-8.512662745584093,26.634381532669067,0.0,-51.075976473504554,34.706998233199116,85.78297470670367,-16.096277528831465,9.530494689941406,4.845,-64.38511011532586,-34.009750584699795
/home/tug87422/scratch/smithlab-shared/night-owls/derivatives/fsl/sub-104/ses-06/L1_sub-104_ses-06_task-sharedreward_model-1_type-act_run-2_space-mni_single-echo_cnfds-fmriprep_unsmoothed_FIR.feat,104,6,sharedreward,2,single-echo,fmriprep,mni,NAcc,sr_outcome_primary,Punish-Neutral,6.0,-26.864740760762192,4.9922893394257635,6.0,-161.18844456457316,2.883047093518379,164.07149165809156,2.739806864394494,12.753487105709114,8.0,10.959227457577976,4.9922893394257635
/home/tug87422/scratch/smithlab-shared/night-owls/derivatives/fsl/sub-104/ses-06/L1_sub-104_ses-06_task-sharedreward_model-1_type-act_run-2_space-mni_single-echo_cnfds-fmriprep_unsmoothed_FIR.feat,104,6,sharedreward,2,single-echo,fmriprep,mni,NAcc,sr_outcome_primary,Reward-Punish,6.0,18.352078015178105,41.857680320739746,0.0,110.11246809106862,132.63614614725114,22.52367805618252,-18.836084393225953,17.10580379379792,4.0,-75.34433757290381,-39.00203992412556
/home/tug87422/scratch/smithlab-shared/night-owls/derivatives/fsl/sub-104/ses-06/L1_sub-104_ses-06_task-sharedreward_model-1_type-act_run-2_space-mni_single-echo_cnfds-tedana_unsmoothed_FIR.feat,104,6,sharedreward,2,single-echo,tedana,mni,NAcc,sr_decision_partner_extra,Computer-Stranger,6.0,19.585467235463202,42.04984378814697,0.0,117.5128034127792,136.27151541590692,18.758712003127716,-13.319439387396667,14.831361625954859,8.0,-53.27775754958667,-32.48261818723413
/home/tug87422/scratch/smithlab-shared/night-owls/derivatives/fsl/sub-104/ses-06/L1_sub-104_ses-06_task-sharedreward_model-1_type-act_run-2_space-mni_single-echo_cnfds-tedana_unsmoothed_FIR.feat,104,6,sharedreward,2,single-echo,tedana,mni,NAcc,sr_outcome_primary,Reward-Neutral,6.0,-25.618331605310406,6.51677131652832,0.0,-153.70998963186244,5.262292838096618,158.97228246995908,-14.347273272763093,13.829777020788063,8.0,-57.38909309105237,-21.46206522726053
/home/tug87422/scratch/smithlab-shared/night-owls/derivatives/fsl/sub-104/ses-06/L1_sub-104_ses-06_task-sharedreward_model-1_type-act_run-2_space-mni_single-echo_cnfds-tedana_unsmoothed_FIR.feat,104,6,sharedreward,2,single-echo,tedana,mni,NAcc,sr_outcome_primary,Punish-Neutral,6.0,-40.86056526175101,-11.188641270616843,6.0,-245.1633915705061,0.0,245.1633915705061,-27.103067338922447,5.810956001281738,6.46,-108.41226935568979,-11.188641270616843
/home/tug87422/scratch/smithlab-shared/night-owls/derivatives/fsl/sub-104/ses-06/L1_sub-104_ses-06_task-sharedreward_model-1_type-act_run-2_space-mni_single-echo_cnfds-tedana_unsmoothed_FIR.feat,104,6,sharedreward,2,single-echo,tedana,mni,NAcc,sr_outcome_primary,Reward-Punish,6.0,15.242233656440602,34.76211738586426,0.0,91.45340193864361,121.71122679233551,30.257824853691893,12.755794066159353,52.75644420174994,8.0,51.023176264637414,-10.27342395664369
/home/tug87422/scratch/smithlab-shared/night-owls/derivatives/fsl/sub-104/ses-07/L1_sub-104_ses-07_task-mid_model-1_type-act_run-1_space-mni_multi-echo_cnfds-fmriprep_unsmoothed_FIR.feat,104,7,mid,1,multi-echo,fmriprep,mni,NAcc,mid_anticipation_primary,Reward-Neutral,5.0,-128.08234409819445,-11.356602668762207,1.615,-640.4117204909722,0.0,640.4117204909722,-164.02603272447647,-131.54257583618164,6.46,-656.1041308979059,-152.28874158121116
/home/tug87422/scratch/smithlab-shared/night-owls/derivatives/fsl/sub-104/ses-07/L1_sub-104_ses-07_task-mid_model-1_type-act_run-1_space-mni_multi-echo_cnfds-fmriprep_unsmoothed_FIR.feat,104,7,mid,1,multi-echo,fmriprep,mni,NAcc,mid_feedback_extra,Positive-Negative,6.0,28.768591058384647,97.47947692871094,0.0,172.6115463503079,282.91433243352935,110.30278608322143,88.18673050354879,95.16715240478516,4.845,352.74692201419515,92.03726210461312
/home/tug87422/scratch/smithlab-shared/night-owls/derivatives/fsl/sub-104/ses-07/L1_sub-104_ses-07_task-mid_model-1_type-act_run-1_space-mni_multi-echo_cnfds-tedana_unsmoothed_FIR.feat,104,7,mid,1,multi-echo,tedana,mni,NAcc,mid_anticipation_primary,Reward-Neutral,5.0,-108.16817343882276,-42.9256010055542,0.0,-540.8408671941138,0.0,540.8408671941138,-164.88666668283682,-150.11557748517015,8.0,-659.5466667313473,-170.4275629143966
/home/tug87422/scratch/smithlab-shared/night-owls/derivatives/fsl/sub-104/ses-07/L1_sub-104_ses-07_task-mid_model-1_type-act_run-1_space-mni_multi-echo_cnfds-tedana_unsmoothed_FIR.feat,104,7,mid,1,multi-echo,tedana,mni,NAcc,mid_feedback_extra,Positive-Negative,6.0,25.882052950750808,93.55507278442383,0.0,155.29231770450485,184.43685028964893,29.14453258514404,55.480577999239,71.0657294778263,8.0,221.922311996956,56.27675919193232
/home/tug87422/scratch/smithlab-shared/night-owls/derivatives/fsl/sub-104/ses-07/L1_sub-104_ses-07_task-mid_model-1_type-act_run-1_space-mni_single-echo_cnfds-fmriprep_unsmoothed_FIR.feat,104,7,mid,1,single-echo,fmriprep,mni,NAcc,mid_anticipation_primary,Reward-Neutral,5.0,-116.65107199880435,4.783502578735352,1.615,-583.2553599940218,7.725356664657593,590.9807166586793,-145.90212438055605,-101.93838882446289,6.46,-583.6084975222242,-129.80804111492523
/home/tug87422/scratch/smithlab-shared/night-owls/derivatives/fsl/sub-104/ses-07/L1_sub-104_ses-07_task-mid_model-1_type-act_run-1_space-mni_single-echo_cnfds-fmriprep_unsmoothed_FIR.feat,104,7,mid,1,single-echo,fmriprep,mni,NAcc,mid_feedback_extra,Positive-Negative,6.0,12.048873487483363,65.37023973022083,6.0,72.29324092490018,194.0067267571145,121.71348583221436,61.35967884441647,65.73678588867188,6.46,245.4387153776659,65.37023973022083
/home/tug87422/scratch/smithlab-shared/night-owls/derivatives/fsl/sub-104/ses-07/L1_sub-104_ses-07_task-mid_model-1_type-act_run-1_space-mni_single-echo_cnfds-tedana_unsmoothed_FIR.feat,104,7,mid,1,single-echo,tedana,mni,NAcc,mid_anticipation_primary,Reward-Neutral,5.0,-87.57583470163699,-35.08343029022217,0.0,-437.879173508185,0.0,437.879173508185,-127.09302019198981,-107.13341647995514,8.0,-508.37208076795923,-128.37576569123163
/home/tug87422/scratch/smithlab-shared/night-owls/derivatives/fsl/sub-104/ses-07/L1_sub-104_ses-07_task-mid_model-1_type-act_run-1_space-mni_single-echo_cnfds-tedana_unsmoothed_FIR.feat,104,7,mid,1,single-echo,tedana,mni,NAcc,mid_feedback_extra,Positive-Negative,6.0,12.970524980362171,57.57094931602478,0.0,77.82314988217303,119.70772736630389,41.88457748413086,34.75648264185194,39.372528076171875,6.46,139.02593056740776,38.40062314438008
/home/tug87422/scratch/smithlab-shared/night-owls/derivatives/fsl/sub-104/ses-07/L1_sub-104_ses-07_task-mid_model-1_type-act_run-2_space-mni_multi-echo_cnfds-fmriprep_unsmoothed_FIR.feat,104,7,mid,2,multi-echo,fmriprep,mni,NAcc,mid_anticipation_primary,Reward-Neutral,5.0,4.1004903608266225,16.622899770736694,3.23,20.502451804133113,35.762113577276466,15.259661773143353,7.413202883687691,26.050324011513332,8.0,29.652811534750764,5.584463127995424
/home/tug87422/scratch/smithlab-shared/night-owls/derivatives/fsl/sub-104/ses-07/L1_sub-104_ses-07_task-mid_model-1_type-act_run-2_space-mni_multi-echo_cnfds-fmriprep_unsmoothed_FIR.feat,104,7,mid,2,multi-echo,fmriprep,mni,NAcc,mid_feedback_extra,Positive-Negative,6.0,4.29792277704636,17.212379455566406,1.615,25.78753666227816,39.28393055915833,13.496393896880164,-9.408623208524457,-2.2745770906147196,4.0,-37.63449283409783,-11.678278723737405
/home/tug87422/scratch/smithlab-shared/night-owls/derivatives/fsl/sub-104/ses-07/L1_sub-104_ses-07_task-mid_model-1_type-act_run-2_space-mni_multi-echo_cnfds-tedana_unsmoothed_FIR.feat,104,7,mid,2,multi-echo,tedana,mni,NAcc,mid_anticipation_primary,Reward-Neutral,5.0,13.449451034564351,30.427926063537598,3.23,67.24725517282175,69.30289838671683,2.055643213895082,2.4807414823844343,14.894195299768592,4.0,9.922965929537737,-0.5952289628539648
/home/tug87422/scratch/smithlab-shared/night-owls/derivatives/fsl/sub-104/ses-07/L1_sub-104_ses-07_task-mid_model-1_type-act_run-2_space-mni_multi-echo_cnfds-tedana_unsmoothed_FIR.feat,104,7,mid,2,multi-echo,tedana,mni,NAcc,mid_feedback_extra,Positive-Negative,6.0,4.500310521063667,15.434315204620361,0.0,27.001863126382,35.81905786395073,8.81719473756873,-1.2082581758499171,7.6547302476392804,4.0,-4.8330327033996685,-1.0695412609230284
/home/tug87422/scratch/smithlab-shared/night-owls/derivatives/fsl/sub-104/ses-07/L1_sub-104_ses-07_task-mid_model-1_type-act_run-2_space-mni_single-echo_cnfds-fmriprep_unsmoothed_FIR.feat,104,7,mid,2,single-echo,fmriprep,mni,NAcc,mid_anticipation_primary,Reward-Neutral,5.0,4.2372062620467075,15.538897991180423,0.0,21.18603131023354,34.59961023298211,13.413578922748568,30.18717595979572,68.0776856307275,8.0,120.74870383918288,27.918581422268424
/home/tug87422/scratch/smithlab-shared/night-owls/derivatives/fsl/sub-104/ses-07/L1_sub-104_ses-07_task-mid_model-1_type-act_run-2_space-mni_single-echo_cnfds-fmriprep_unsmoothed_FIR.feat,104,7,mid,2,single-echo,fmriprep,mni,NAcc,mid_feedback_extra,Positive-Negative,6.0,1.6259964225591155,14.976683616638184,0.0,9.755978535354693,31.47364211911019,21.717663583755495,0.14459074612648948,10.48280119895935,4.845,0.5783629845059579,8.417818940460867
/home/tug87422/scratch/smithlab-shared/night-owls/derivatives/fsl/sub-104/ses-07/L1_sub-104_ses-07_task-mid_model-1_type-act_run-2_space-mni_single-echo_cnfds-tedana_unsmoothed_FIR.feat,104,7,mid,2,single-echo,tedana,mni,NAcc,mid_anticipation_primary,Reward-Neutral,5.0,14.593176122030973,26.662571907043457,3.23,72.96588061015487,72.96588061015487,0.0,18.67198772552951,44.90924664252315,8.0,74.68795090211805,12.688468050292402
/home/tug87422/scratch/smithlab-shared/night-owls/derivatives/fsl/sub-104/ses-07/L1_sub-104_ses-07_task-mid_model-1_type-act_run-2_space-mni_single-echo_cnfds-tedana_unsmoothed_FIR.feat,104,7,mid,2,single-echo,tedana,mni,NAcc,mid_feedback_extra,Positive-Negative,6.0,-4.558635470564827,23.209161556173036,6.0,-27.35181282338896,41.19315118792257,68.54496401131154,9.778377600527444,25.443016529083252,6.46,39.113510402109775,23.209161556173036
/home/tug87422/scratch/smithlab-shared/night-owls/derivatives/fsl/sub-104/ses-07/L1_sub-104_ses-07_task-sharedreward_model-1_type-act_run-1_space-mni_multi-echo_cnfds-fmriprep_unsmoothed_FIR.feat,104,7,sharedreward,1,multi-echo,fmriprep,mni,NAcc,sr_decision_partner_extra,Computer-Stranger,6.0,-3.993016018115823,11.54347991943359,3.23,-23.95809610869494,28.215003566741935,52.17309967543687,-5.404953597891073,9.33499410056477,4.0,-21.619814391564294,-10.154946212059944
/home/tug87422/scratch/smithlab-shared/night-owls/derivatives/fsl/sub-104/ses-07/L1_sub-104_ses-07_task-sharedreward_model-1_type-act_run-1_space-mni_multi-echo_cnfds-fmriprep_unsmoothed_FIR.feat,104,7,sharedreward,1,multi-echo,fmriprep,mni,NAcc,sr_outcome_primary,Reward-Neutral,6.0,-38.94146022883239,3.2263740267916026,6.0,-233.64876137299433,1.8632310004721508,235.51199237346648,-2.3902621515099813,10.761168223047404,8.0,-9.561048606039925,3.2263740267916026
/home/tug87422/scratch/smithlab-shared/night-owls/derivatives/fsl/sub-104/ses-07/L1_sub-104_ses-07_task-sharedreward_model-1_type-act_run-1_space-mni_multi-echo_cnfds-fmriprep_unsmoothed_FIR.feat,104,7,sharedreward,1,multi-echo,fmriprep,mni,NAcc,sr_outcome_primary,Punish-Neutral,6.0,-38.71786727163936,-3.481849386965156,6.0,-232.30720362983618,0.0,232.30720362983618,-10.027952346115283,2.595369888163942,8.0,-40.11180938446113,-3.481849386965156
/home/tug87422/scratch/smithlab-shared/night-owls/derivatives/fsl/sub-104/ses-07/L1_sub-104_ses-07_task-sharedreward_model-1_type-act_run-1_space-mni_multi-echo_cnfds-fmriprep_unsmoothed_FIR.feat,104,7,sharedreward,1,multi-echo,fmriprep,mni,NAcc,sr_outcome_primary,Reward-Punish,6.0,-0.22359295719302316,43.51357841491699,3.23,-1.341557743158139,74.14842816153548,75.48998590469361,7.6376901946053035,22.676449701881996,4.0,30.550760778421214,6.708223413756757
/home/tug87422/scratch/smithlab-shared/night-owls/derivatives/fsl/sub-104/ses-07/L1_sub-104_ses-07_task-sharedreward_model-1_type-act_run-1_space-mni_multi-echo_cnfds-tedana_unsmoothed_FIR.feat,104,7,sharedreward,1,multi-echo,tedana,mni,NAcc,sr_decision_partner_extra,Computer-Stranger,6.0,2.933217085799196,29.225354194641113,4.845,17.599302514795177,44.94059149861705,27.341288983821872,14.28584819625037,29.225354194641113,4.845,57.14339278500148,7.728962665002781
/home/tug87422/scratch/smithlab-shared/night-owls/derivatives/fsl/sub-104/ses-07/L1_sub-104_ses-07_task-sharedreward_model-1_type-act_run-1_space-mni_multi-echo_cnfds-tedana_unsmoothed_FIR.feat,104,7,sharedreward,1,multi-echo,tedana,mni,NAcc,sr_outcome_primary,Reward-Neutral,6.0,-51.74848083776524,-5.020659399475469,6.0,-310.49088502659146,0.0,310.49088502659146,-8.301127988417445,30.176041552895004,8.0,-33.20451195366978,-5.020659399475469
/home/tug87422/scratch/smithlab-shared/night-owls/derivatives/fsl/sub-104/ses-07/L1_sub-104_ses-07_task-sharedreward_model-1_type-act_run-1_space-mni_multi-echo_cnfds-tedana_unsmoothed_FIR.feat,104,7,sharedreward,1,multi-echo,tedana,mni,NAcc,sr_outcome_primary,Punish-Neutral,6.0,-74.01810359966645,-23.459321060416865,6.0,-444.10862159799865,0.0,444.10862159799865,-34.05296339853629,12.645239085973973,8.0,-136.21185359414517,-23.459321060416865
/home/tug87422/scratch/smithlab-shared/night-owls/derivatives/fsl/sub-104/ses-07/L1_sub-104_ses-07_task-sharedreward_model-1_type-act_run-1_space-mni_multi-echo_cnfds-tedana_unsmoothed_FIR.feat,104,7,sharedreward,1,multi-echo,tedana,mni,NAcc,sr_outcome_primary,Reward-Punish,6.0,22.269622761901193,62.76593732833862,3.23,133.61773657140716,181.13700644788725,47.5192698764801,25.751835410118836,53.59468378887826,4.0,103.00734164047535,18.43866166094139
/home/tug87422/scratch/smithlab-shared/night-owls/derivatives/fsl/sub-104/ses-07/L1_sub-104_ses-07_task-sharedreward_model-1_type-act_run-1_space-mni_single-echo_cnfds-fmriprep_unsmoothed_FIR.feat,104,7,sharedreward,1,single-echo,fmriprep,mni,NAcc,sr_decision_partner_extra,Computer-Stranger,6.0,-0.4485755341267062,13.572124481201172,4.845,-2.6914532047602373,31.09874053001404,33.79019373477428,-7.280150906275672,13.572124481201172,4.845,-29.12060362510269,-7.719665421051877
/home/tug87422/scratch/smithlab-shared/night-owls/derivatives/fsl/sub-104/ses-07/L1_sub-104_ses-07_task-sharedreward_model-1_type-act_run-1_space-mni_single-echo_cnfds-fmriprep_unsmoothed_FIR.feat,104,7,sharedreward,1,single-echo,fmriprep,mni,NAcc,sr_outcome_primary,Reward-Neutral,6.0,-33.798151878641356,17.817175764786576,6.0,-202.78891127184815,10.28941900416425,213.0783302760124,-1.782890778177479,36.71275806427002,6.46,-7.131563112709916,17.817175764786576
/home/tug87422/scratch/smithlab-shared/night-owls/derivatives/fsl/sub-104/ses-07/L1_sub-104_ses-07_task-sharedreward_model-1_type-act_run-1_space-mni_single-echo_cnfds-fmriprep_unsmoothed_FIR.feat,104,7,sharedreward,1,single-echo,fmriprep,mni,NAcc,sr_outcome_primary,Punish-Neutral,6.0,-20.589155823095666,2.197618484497074,0.0,-123.534934938574,1.774576926231387,125.30951186480539,-7.230688744570261,6.763570906577095,8.0,-28.922754978281045,-2.381455335823741
/home/tug87422/scratch/smithlab-shared/night-owls/derivatives/fsl/sub-104/ses-07/L1_sub-104_ses-07_task-sharedreward_model-1_type-act_run-1_space-mni_single-echo_cnfds-fmriprep_unsmoothed_FIR.feat,104,7,sharedreward,1,single-echo,fmriprep,mni,NAcc,sr_outcome_primary,Reward-Punish,6.0,-13.208996055545697,20.198631100610317,6.0,-79.25397633327418,11.664709460602461,90.91868579387663,5.447797966392782,31.17587184906006,6.46,21.79119186557113,20.198631100610317
/home/tug87422/scratch/smithlab-shared/night-owls/derivatives/fsl/sub-104/ses-07/L1_sub-104_ses-07_task-sharedreward_model-1_type-act_run-1_space-mni_single-echo_cnfds-tedana_unsmoothed_FIR.feat,104,7,sharedreward,1,single-echo,tedana,mni,NAcc,sr_decision_partner_extra,Computer-Stranger,6.0,7.472822884367962,37.37087345123291,4.845,44.83693730620777,72.66637221364414,27.829434907436372,15.393966961065683,37.37087345123291,4.845,61.57586784426273,14.62941876579733
/home/tug87422/scratch/smithlab-shared/night-owls/derivatives/fsl/sub-104/ses-07/L1_sub-104_ses-07_task-sharedreward_model-1_type-act_run-1_space-mni_single-echo_cnfds-tedana_unsmoothed_FIR.feat,104,7,sharedreward,1,single-echo,tedana,mni,NAcc,sr_outcome_primary,Reward-Neutral,6.0,-29.965654166918114,13.663001337287602,6.0,-179.79392500150868,7.890383272283592,187.68430827379225,0.23745961361855805,33.76307415962219,6.46,0.9498384544742322,13.663001337287602
/home/tug87422/scratch/smithlab-shared/night-owls/derivatives/fsl/sub-104/ses-07/L1_sub-104_ses-07_task-sharedreward_model-1_type-act_run-1_space-mni_single-echo_cnfds-tedana_unsmoothed_FIR.feat,104,7,sharedreward,1,single-echo,tedana,mni,NAcc,sr_outcome_primary,Punish-Neutral,6.0,-37.745390862391645,-1.892651081085205,0.0,-226.47234517434987,0.0,226.47234517434987,-18.54265260547999,26.385867501929084,8.0,-74.17061042191996,-9.974823550912241
/home/tug87422/scratch/smithlab-shared/night-owls/derivatives/fsl/sub-104/ses-07/L1_sub-104_ses-07_task-sharedreward_model-1_type-act_run-1_space-mni_single-echo_cnfds-tedana_unsmoothed_FIR.feat,104,7,sharedreward,1,single-echo,tedana,mni,NAcc,sr_outcome_primary,Reward-Punish,6.0,7.779736695473531,46.048147678375244,4.845,46.678420172841186,77.42752840748511,30.749108234643938,18.780112219098548,46.048147678375244,4.845,75.12044887639419,23.63782488819984
/home/tug87422/scratch/smithlab-shared/night-owls/derivatives/fsl/sub-104/ses-07/L1_sub-104_ses-07_task-sharedreward_model-1_type-act_run-2_space-mni_multi-echo_cnfds-fmriprep_unsmoothed_FIR.feat,104,7,sharedreward,2,multi-echo,fmriprep,mni,NAcc,sr_decision_partner_extra,Computer-Stranger,6.0,-31.49798575558991,-15.367586135864258,3.23,-188.98791453353945,0.0,188.98791453353945,-66.9637550397817,-29.8751218761822,4.0,-267.8550201591268,-74.83736850159825
/home/tug87422/scratch/smithlab-shared/night-owls/derivatives/fsl/sub-104/ses-07/L1_sub-104_ses-07_task-sharedreward_model-1_type-act_run-2_space-mni_multi-echo_cnfds-fmriprep_unsmoothed_FIR.feat,104,7,sharedreward,2,multi-echo,fmriprep,mni,NAcc,sr_outcome_primary,Reward-Neutral,6.0,-40.91672426757182,-20.068930611152766,6.0,-245.50034560543094,0.0,245.50034560543094,-30.782705820071804,-6.3569183349609375,6.46,-123.13082328028722,-20.068930611152766
/home/tug87422/scratch/smithlab-shared/night-owls/derivatives/fsl/sub-104/ses-07/L1_sub-104_ses-07_task-sharedreward_model-1_type-act_run-2_space-mni_multi-echo_cnfds-fmriprep_unsmoothed_FIR.feat,104,7,sharedreward,2,multi-echo,fmriprep,mni,NAcc,sr_outcome_primary,Punish-Neutral,6.0,-11.613835458698903,12.606922149658203,1.615,-69.68301275219342,20.360179271697998,90.04319202389142,-4.227235153393107,32.720719942736565,8.0,-16.90894061357243,-6.805483342693315
/home/tug87422/scratch/smithlab-shared/night-owls/derivatives/fsl/sub-104/ses-07/L1_sub-104_ses-07_task-sharedreward_model-1_type-act_run-2_space-mni_multi-echo_cnfds-fmriprep_unsmoothed_FIR.feat,104,7,sharedreward,2,multi-echo,fmriprep,mni,NAcc,sr_outcome_primary,Reward-Punish,6.0,-29.302888808872922,1.9394855499267578,0.0,-175.81733285323753,1.566134581565857,177.38346743480338,-26.5554706666787,-8.846687316894531,6.46,-106.2218826667148,-13.26344726845945
/home/tug87422/scratch/smithlab-shared/night-owls/derivatives/fsl/sub-104/ses-07/L1_sub-104_ses-07_task-sharedreward_model-1_type-act_run-2_space-mni_multi-echo_cnfds-tedana_unsmoothed_FIR.feat,104,7,sharedreward,2,multi-echo,tedana,mni,NAcc,sr_decision_partner_extra,Computer-Stranger,6.0,3.5473043150497046,25.22152614593506,4.845,21.28382589029823,45.79583245873451,24.512006568436284,5.7983456228498165,25.22152614593506,4.845,23.193382491399266,-1.7244437279716007
/home/tug87422/scratch/smithlab-shared/night-owls/derivatives/fsl/sub-104/ses-07/L1_sub-104_ses-07_task-sharedreward_model-1_type-act_run-2_space-mni_multi-echo_cnfds-tedana_unsmoothed_FIR.feat,104,7,sharedreward,2,multi-echo,tedana,mni,NAcc,sr_outcome_primary,Reward-Neutral,6.0,-37.684825365949955,-8.954966861028048,6.0,-226.10895219569974,0.0,226.10895219569974,-8.931083852311032,38.59715106834201,8.0,-35.72433540924413,-8.954966861028048
/home/tug87422/scratch/smithlab-shared/night-owls/derivatives/fsl/sub-104/ses-07/L1_sub-104_ses-07_task-sharedreward_model-1_type-act_run-2_space-mni_multi-echo_cnfds-tedana_unsmoothed_FIR.feat,104,7,sharedreward,2,multi-echo,tedana,mni,NAcc,sr_outcome_primary,Punish-Neutral,6.0,-24.972447659379128,26.57177359917585,6.0,-149.83468595627477,15.345199253524056,165.1798852097988,16.650915926027324,77.12918138873098,8.0,66.6036637041093,26.57177359917585
/home/tug87422/scratch/smithlab-shared/night-owls/derivatives/fsl/sub-104/ses-07/L1_sub-104_ses-07_task-sharedreward_model-1_type-act_run-2_space-mni_multi-echo_cnfds-tedana_unsmoothed_FIR.feat,104,7,sharedreward,2,multi-echo,tedana,mni,NAcc,sr_outcome_primary,Reward-Punish,6.0,-12.712377706570832,7.255784988403317,4.845,-76.27426623942499,10.049262208938593,86.32352844836359,-25.581999778338357,7.255784988403317,4.845,-102.32799911335343,-35.526740460203904
/home/tug87422/scratch/smithlab-shared/night-owls/derivatives/fsl/sub-104/ses-07/L1_sub-104_ses-07_task-sharedreward_model-1_type-act_run-2_space-mni_single-echo_cnfds-fmriprep_unsmoothed_FIR.feat,104,7,sharedreward,2,single-echo,fmriprep,mni,NAcc,sr_decision_partner_extra,Computer-Stranger,6.0,-31.794642859044398,-19.368924140930176,3.23,-190.76785715426638,0.0,190.76785715426638,-60.618435686229276,-27.87493712835637,4.0,-242.4737427449171,-70.86134660133267
/home/tug87422/scratch/smithlab-shared/night-owls/derivatives/fsl/sub-104/ses-07/L1_sub-104_ses-07_task-sharedreward_model-1_type-act_run-2_space-mni_single-echo_cnfds-fmriprep_unsmoothed_FIR.feat,104,7,sharedreward,2,single-echo,fmriprep,mni,NAcc,sr_outcome_primary,Reward-Neutral,6.0,-45.26518520536437,-15.74865099077254,6.0,-271.5911112321862,0.0,271.5911112321862,-34.02702362311514,6.371238708496094,6.46,-136.10809449246057,-15.74865099077254
/home/tug87422/scratch/smithlab-shared/night-owls/derivatives/fsl/sub-104/ses-07/L1_sub-104_ses-07_task-sharedreward_model-1_type-act_run-2_space-mni_single-echo_cnfds-fmriprep_unsmoothed_FIR.feat,104,7,sharedreward,2,single-echo,fmriprep,mni,NAcc,sr_outcome_primary,Punish-Neutral,6.0,-7.756681885815257,15.265684127807617,1.615,-46.54009131489154,33.122885565182,79.66297688007356,12.179903761580269,39.583853069104656,8.0,48.719615046321074,14.664598612593426
/home/tug87422/scratch/smithlab-shared/night-owls/derivatives/fsl/sub-104/ses-07/L1_sub-104_ses-07_task-sharedreward_model-1_type-act_run-2_space-mni_single-echo_cnfds-fmriprep_unsmoothed_FIR.feat,104,7,sharedreward,2,single-echo,fmriprep,mni,NAcc,sr_outcome_primary,Reward-Punish,6.0,-37.50850331954911,-0.7381696701049822,0.0,-225.05101991729467,0.0,225.05101991729467,-46.206927384695405,-20.295005798339844,6.46,-184.82770953878162,-30.413249603365962
/home/tug87422/scratch/smithlab-shared/night-owls/derivatives/fsl/sub-104/ses-07/L1_sub-104_ses-07_task-sharedreward_model-1_type-act_run-2_space-mni_single-echo_cnfds-tedana_unsmoothed_FIR.feat,104,7,sharedreward,2,single-echo,tedana,mni,NAcc,sr_decision_partner_extra,Computer-Stranger,6.0,3.3421428741402415,30.078497886657715,4.845,20.052857244841448,50.46419651031494,30.41133926547349,4.9310921067045586,30.078497886657715,4.845,19.724368426818234,-6.384748731973373
/home/tug87422/scratch/smithlab-shared/night-owls/derivatives/fsl/sub-104/ses-07/L1_sub-104_ses-07_task-sharedreward_model-1_type-act_run-2_space-mni_single-echo_cnfds-tedana_unsmoothed_FIR.feat,104,7,sharedreward,2,single-echo,tedana,mni,NAcc,sr_outcome_primary,Reward-Neutral,6.0,-40.1959215109427,-3.1778481191156787,6.0,-241.17552906565624,0.0,241.17552906565624,-11.866948883032464,17.004230499267578,6.46,-47.467795532129855,-3.1778481191156787
/home/tug87422/scratch/smithlab-shared/night-owls/derivatives/fsl/sub-104/ses-07/L1_sub-104_ses-07_task-sharedreward_model-1_type-act_run-2_space-mni_single-echo_cnfds-tedana_unsmoothed_FIR.feat,104,7,sharedreward,2,single-echo,tedana,mni,NAcc,sr_outcome_primary,Punish-Neutral,6.0,-8.551920662180924,53.24752927490802,6.0,-51.31152397308554,30.750448156259388,82.06197212934492,40.05937206798939,81.71653938293457,6.46,160.23748827195757,53.24752927490802
/home/tug87422/scratch/smithlab-shared/night-owls/derivatives/fsl/sub-104/ses-07/L1_sub-104_ses-07_task-sharedreward_model-1_type-act_run-2_space-mni_single-echo_cnfds-tedana_unsmoothed_FIR.feat,104,7,sharedreward,2,single-echo,tedana,mni,NAcc,sr_outcome_primary,Reward-Punish,6.0,-31.644000848761777,-17.56315803527832,3.23,-189.86400509257066,0.0,189.86400509257066,-51.926320951021864,-26.171336224204616,4.0,-207.70528380408746,-56.42537739402369
/home/tug87422/scratch/smithlab-shared/night-owls/derivatives/fsl/sub-104/ses-08/L1_sub-104_ses-08_task-mid_model-1_type-act_run-1_space-mni_multi-echo_cnfds-fmriprep_unsmoothed_FIR.feat,104,8,mid,1,multi-echo,fmriprep,mni,NAcc,mid_anticipation_primary,Reward-Neutral,5.0,6.296815849612,32.14266872406006,0.0,31.48407924806,65.21129749774931,33.727218249689315,20.695368684375254,57.9277243171314,8.0,82.78147473750101,27.563101456999416
/home/tug87422/scratch/smithlab-shared/night-owls/derivatives/fsl/sub-104/ses-08/L1_sub-104_ses-08_task-mid_model-1_type-act_run-1_space-mni_multi-echo_cnfds-fmriprep_unsmoothed_FIR.feat,104,8,mid,1,multi-echo,fmriprep,mni,NAcc,mid_feedback_extra,Positive-Negative,6.0,-3.6811461464533264,19.196672439575195,3.23,-22.08687687871996,55.61654247760772,77.70341935632769,-16.615405438931738,2.593818664550774,6.46,-66.46162175572695,-11.047798369322033
/home/tug87422/scratch/smithlab-shared/night-owls/derivatives/fsl/sub-104/ses-08/L1_sub-104_ses-08_task-mid_model-1_type-act_run-1_space-mni_multi-echo_cnfds-tedana_unsmoothed_FIR.feat,104,8,mid,1,multi-echo,tedana,mni,NAcc,mid_anticipation_primary,Reward-Neutral,5.0,24.623251093795425,44.45931053161621,3.23,123.11625546897712,126.35844606841864,3.2421905994415283,49.21611423067587,86.85627484469222,8.0,196.86445692270348,55.80791946461327
/home/tug87422/scratch/smithlab-shared/night-owls/derivatives/fsl/sub-104/ses-08/L1_sub-104_ses-08_task-mid_model-1_type-act_run-1_space-mni_multi-echo_cnfds-tedana_unsmoothed_FIR.feat,104,8,mid,1,multi-echo,tedana,mni,NAcc,mid_feedback_extra,Positive-Negative,6.0,4.179969245119421,21.04408073425293,3.23,25.07981547071652,67.69858549787718,42.61877002716065,-4.617368802909883,14.719345092773438,6.46,-18.469475211639534,1.7621504839728863
/home/tug87422/scratch/smithlab-shared/night-owls/derivatives/fsl/sub-104/ses-08/L1_sub-104_ses-08_task-mid_model-1_type-act_run-1_space-mni_single-echo_cnfds-fmriprep_unsmoothed_FIR.feat,104,8,mid,1,single-echo,fmriprep,mni,NAcc,mid_anticipation_primary,Reward-Neutral,5.0,31.247314657856435,60.89599800109863,3.23,156.23657328928218,156.23657328928218,0.0,37.26385125059461,59.68281526536027,8.0,149.05540500237845,37.333724078010114
/home/tug87422/scratch/smithlab-shared/night-owls/derivatives/fsl/sub-104/ses-08/L1_sub-104_ses-08_task-mid_model-1_type-act_run-1_space-mni_single-echo_cnfds-fmriprep_unsmoothed_FIR.feat,104,8,mid,1,single-echo,fmriprep,mni,NAcc,mid_feedback_extra,Positive-Negative,6.0,-3.4523801902351727,18.215694427490234,1.615,-20.714281141411035,32.47290511881235,53.18718626022339,-6.7151939648592816,19.38180923461914,6.46,-26.860775859437126,5.289278992927485
/home/tug87422/scratch/smithlab-shared/night-owls/derivatives/fsl/sub-104/ses-08/L1_sub-104_ses-08_task-mid_model-1_type-act_run-1_space-mni_single-echo_cnfds-tedana_unsmoothed_FIR.feat,104,8,mid,1,single-echo,tedana,mni,NAcc,mid_anticipation_primary,Reward-Neutral,5.0,52.96990548856339,83.71415138244629,3.23,264.84952744281696,264.84952744281696,0.0,78.94763052109225,100.45377493347546,8.0,315.790522084369,78.14445232828335
/home/tug87422/scratch/smithlab-shared/night-owls/derivatives/fsl/sub-104/ses-08/L1_sub-104_ses-08_task-mid_model-1_type-act_run-1_space-mni_single-echo_cnfds-tedana_unsmoothed_FIR.feat,104,8,mid,1,single-echo,tedana,mni,NAcc,mid_feedback_extra,Positive-Negative,6.0,4.252765910253928,18.292648315429688,1.615,25.51659546152357,50.369569418585336,24.85297395706177,0.8005499492710193,24.989490509033203,6.46,3.202199797084077,12.760646560243782
/home/tug87422/scratch/smithlab-shared/night-owls/derivatives/fsl/sub-104/ses-08/L1_sub-104_ses-08_task-mid_model-1_type-act_run-2_space-mni_multi-echo_cnfds-fmriprep_unsmoothed_FIR.feat,104,8,mid,2,multi-echo,fmriprep,mni,NAcc,mid_anticipation_primary,Reward-Neutral,5.0,-4.095883558087306,26.552095413208008,1.615,-20.47941779043653,61.11452197551727,81.59393976595379,7.176766105774016,64.12316131591797,6.46,28.707064423096064,26.98898457152188
/home/tug87422/scratch/smithlab-shared/night-owls/derivatives/fsl/sub-104/ses-08/L1_sub-104_ses-08_task-mid_model-1_type-act_run-2_space-mni_multi-echo_cnfds-fmriprep_unsmoothed_FIR.feat,104,8,mid,2,multi-echo,fmriprep,mni,NAcc,mid_feedback_extra,Positive-Negative,6.0,23.09594473539306,47.68995475769043,1.615,138.57566841235837,159.61483616530893,21.039167752950558,-10.4863182624584,26.77602962886586,4.0,-41.9452730498336,-36.43145931246849
/home/tug87422/scratch/smithlab-shared/night-owls/derivatives/fsl/sub-104/ses-08/L1_sub-104_ses-08_task-mid_model-1_type-act_run-2_space-mni_multi-echo_cnfds-tedana_unsmoothed_FIR.feat,104,8,mid,2,multi-echo,tedana,mni,NAcc,mid_anticipation_primary,Reward-Neutral,5.0,-16.999918571149603,10.8414306640625,1.615,-84.99959285574802,17.508910522460937,102.50850337820896,-32.491894649913064,2.2821025848388654,6.46,-129.96757859965226,-23.440966101253725
/home/tug87422/scratch/smithlab-shared/night-owls/derivatives/fsl/sub-104/ses-08/L1_sub-104_ses-08_task-mid_model-1_type-act_run-2_space-mni_multi-echo_cnfds-tedana_unsmoothed_FIR.feat,104,8,mid,2,multi-echo,tedana,mni,NAcc,mid_feedback_extra,Positive-Negative,6.0,19.247236135065155,36.52627044916154,1.615,115.48341681039093,122.85664377063513,7.373226960244197,-0.5353743750355173,21.288938522338867,4.845,-2.1414975001420693,-12.76749257185142
/home/tug87422/scratch/smithlab-shared/night-owls/derivatives/fsl/sub-104/ses-08/L1_sub-104_ses-08_task-mid_model-1_type-act_run-2_space-mni_single-echo_cnfds-fmriprep_unsmoothed_FIR.feat,104,8,mid,2,single-echo,fmriprep,mni,NAcc,mid_anticipation_primary,Reward-Neutral,5.0,-21.720181101493058,6.170236945152283,1.615,-108.60090550746528,9.964932666420937,118.5658381738862,-2.8768764408804692,54.07384777069092,6.46,-11.507505763521877,18.748154882307023
/home/tug87422/scratch/smithlab-shared/night-owls/derivatives/fsl/sub-104/ses-08/L1_sub-104_ses-08_task-mid_model-1_type-act_run-2_space-mni_single-echo_cnfds-fmriprep_unsmoothed_FIR.feat,104,8,mid,2,single-echo,fmriprep,mni,NAcc,mid_feedback_extra,Positive-Negative,6.0,22.445319973208218,36.5062198638916,1.615,134.6719198392493,155.40105635404586,20.729136514796565,-13.38036261921881,24.553880712196182,4.0,-53.52145047687524,-35.89460868363041
/home/tug87422/scratch/smithlab-shared/night-owls/derivatives/fsl/sub-104/ses-08/L1_sub-104_ses-08_task-mid_model-1_type-act_run-2_space-mni_single-echo_cnfds-tedana_unsmoothed_FIR.feat,104,8,mid,2,single-echo,tedana,mni,NAcc,mid_anticipation_primary,Reward-Neutral,5.0,-19.6077561950691,-2.1374957561492924,3.23,-98.0387809753455,0.0,98.0387809753455,-28.609190728523693,-5.41852474212647,6.46,-114.43676291409477,-23.810813682367183
/home/tug87422/scratch/smithlab-shared/night-owls/derivatives/fsl/sub-104/ses-08/L1_sub-104_ses-08_task-mid_model-1_type-act_run-2_space-mni_single-echo_cnfds-tedana_unsmoothed_FIR.feat,104,8,mid,2,single-echo,tedana,mni,NAcc,mid_feedback_extra,Positive-Negative,6.0,17.50637076394252,27.592963695526123,3.23,105.03822458365512,108.85992919038982,3.821704606734702,-2.116816664291374,16.330135769657673,4.0,-8.467266657165496,-6.617670314692123
/home/tug87422/scratch/smithlab-shared/night-owls/derivatives/fsl/sub-104/ses-08/L1_sub-104_ses-08_task-sharedreward_model-1_type-act_run-1_space-mni_multi-echo_cnfds-fmriprep_unsmoothed_FIR.feat,104,8,sharedreward,1,multi-echo,fmriprep,mni,NAcc,sr_decision_partner_extra,Computer-Stranger,6.0,-13.508755492325044,26.90074671754158,6.0,-81.05253295395026,16.43437916543831,97.48691211938856,18.137466861456176,44.280367851257324,6.46,72.5498674458247,26.90074671754158
/home/tug87422/scratch/smithlab-shared/night-owls/derivatives/fsl/sub-104/ses-08/L1_sub-104_ses-08_task-sharedreward_model-1_type-act_run-1_space-mni_multi-echo_cnfds-fmriprep_unsmoothed_FIR.feat,104,8,sharedreward,1,multi-echo,fmriprep,mni,NAcc,sr_outcome_primary,Reward-Neutral,6.0,-83.85820086889437,-22.011796960889733,6.0,-503.14920521336626,0.0,503.14920521336626,-30.453419831206457,3.98848090378493,8.0,-121.81367932482583,-22.011796960889733
/home/tug87422/scratch/smithlab-shared/night-owls/derivatives/fsl/sub-104/ses-08/L1_sub-104_ses-08_task-sharedreward_model-1_type-act_run-1_space-mni_multi-echo_cnfds-fmriprep_unsmoothed_FIR.feat,104,8,sharedreward,1,multi-echo,fmriprep,mni,NAcc,sr_outcome_primary,Punish-Neutral,6.0,-58.26678532052704,-5.430146940721445,6.0,-349.60071192316224,0.0,349.60071192316224,-8.754182666318702,23.2259756035111,8.0,-35.01673066527481,-5.430146940721445
/home/tug87422/scratch/smithlab-shared/night-owls/derivatives/fsl/sub-104/ses-08/L1_sub-104_ses-08_task-sharedreward_model-1_type-act_run-1_space-mni_multi-echo_cnfds-fmriprep_unsmoothed_FIR.feat,104,8,sharedreward,1,multi-echo,fmriprep,mni,NAcc,sr_outcome_primary,Reward-Punish,6.0,-25.591415548367337,3.4204788208007812,1.615,-153.54849329020402,5.524073295593261,159.0725665857973,-21.699237164887755,-9.513825178146362,6.46,-86.79694865955102,-16.58165002016829
/home/tug87422/scratch/smithlab-shared/night-owls/derivatives/fsl/sub-104/ses-08/L1_sub-104_ses-08_task-sharedreward_model-1_type-act_run-1_space-mni_multi-echo_cnfds-tedana_unsmoothed_FIR.feat,104,8,sharedreward,1,multi-echo,tedana,mni,NAcc,sr_decision_partner_extra,Computer-Stranger,6.0,12.599955827492195,34.77796408118847,6.0,75.59973496495317,83.28654611794781,7.686811152994633,38.04860183287035,61.65328791709877,8.0,152.1944073314814,34.77796408118847
/home/tug87422/scratch/smithlab-shared/night-owls/derivatives/fsl/sub-104/ses-08/L1_sub-104_ses-08_task-sharedreward_model-1_type-act_run-1_space-mni_multi-echo_cnfds-tedana_unsmoothed_FIR.feat,104,8,sharedreward,1,multi-echo,tedana,mni,NAcc,sr_outcome_primary,Reward-Neutral,6.0,-42.94657273633808,-4.5882568359375,1.615,-257.67943641802844,0.0,257.67943641802844,-11.952258541017494,-2.6251077651977557,6.46,-47.80903416406998,-4.647758539985209
/home/tug87422/scratch/smithlab-shared/night-owls/derivatives/fsl/sub-104/ses-08/L1_sub-104_ses-08_task-sharedreward_model-1_type-act_run-1_space-mni_multi-echo_cnfds-tedana_unsmoothed_FIR.feat,104,8,sharedreward,1,multi-echo,tedana,mni,NAcc,sr_outcome_primary,Punish-Neutral,6.0,-40.23207974254593,-0.6795902252197266,1.615,-241.39247845527558,0.0,241.39247845527558,-24.75857184087436,0.7032339934594246,8.0,-99.03428736349744,-28.168226200729702
/home/tug87422/scratch/smithlab-shared/night-owls/derivatives/fsl/sub-104/ses-08/L1_sub-104_ses-08_task-sharedreward_model-1_type-act_run-1_space-mni_multi-echo_cnfds-tedana_unsmoothed_FIR.feat,104,8,sharedreward,1,multi-echo,tedana,mni,NAcc,sr_outcome_primary,Reward-Punish,6.0,-2.7144929937921423,23.520467660744494,6.0,-16.286957962752854,33.451876497028785,49.73883445978164,12.806313299856871,27.174484252929688,6.46,51.225253199427485,23.520467660744494
/home/tug87422/scratch/smithlab-shared/night-owls/derivatives/fsl/sub-104/ses-08/L1_sub-104_ses-08_task-sharedreward_model-1_type-act_run-1_space-mni_single-echo_cnfds-fmriprep_unsmoothed_FIR.feat,104,8,sharedreward,1,single-echo,fmriprep,mni,NAcc,sr_decision_partner_extra,Computer-Stranger,6.0,-2.5831429100645575,43.60359784471731,6.0,-15.498857460387345,41.79312988125504,57.29198734164238,34.28060302900087,63.85000514984131,6.46,137.1224121160035,43.60359784471731
/home/tug87422/scratch/smithlab-shared/night-owls/derivatives/fsl/sub-104/ses-08/L1_sub-104_ses-08_task-sharedreward_model-1_type-act_run-1_space-mni_single-echo_cnfds-fmriprep_unsmoothed_FIR.feat,104,8,sharedreward,1,single-echo,fmriprep,mni,NAcc,sr_outcome_primary,Reward-Neutral,6.0,-108.80129272667862,-18.04359552956217,6.0,-652.8077563600717,0.0,652.8077563600717,-29.63085673384068,11.852780392295436,8.0,-118.52342693536272,-18.04359552956217
/home/tug87422/scratch/smithlab-shared/night-owls/derivatives/fsl/sub-104/ses-08/L1_sub-104_ses-08_task-sharedreward_model-1_type-act_run-1_space-mni_single-echo_cnfds-fmriprep_unsmoothed_FIR.feat,104,8,sharedreward,1,single-echo,fmriprep,mni,NAcc,sr_outcome_primary,Punish-Neutral,6.0,-73.50741007551936,14.210293081891802,6.0,-441.04446045311613,8.206444254792517,449.25090470790866,7.300058383089105,50.73927148281606,8.0,29.20023353235642,14.210293081891802
/home/tug87422/scratch/smithlab-shared/night-owls/derivatives/fsl/sub-104/ses-08/L1_sub-104_ses-08_task-sharedreward_model-1_type-act_run-1_space-mni_single-echo_cnfds-fmriprep_unsmoothed_FIR.feat,104,8,sharedreward,1,single-echo,fmriprep,mni,NAcc,sr_outcome_primary,Reward-Punish,6.0,-35.29388265115927,8.397174835205078,1.615,-211.76329590695562,13.561437358856201,225.32473326581183,-36.93091511692978,-28.404054641723633,6.46,-147.72366046771913,-32.253888611453974
/home/tug87422/scratch/smithlab-shared/night-owls/derivatives/fsl/sub-104/ses-08/L1_sub-104_ses-08_task-sharedreward_model-1_type-act_run-1_space-mni_single-echo_cnfds-tedana_unsmoothed_FIR.feat,104,8,sharedreward,1,single-echo,tedana,mni,NAcc,sr_decision_partner_extra,Computer-Stranger,6.0,19.39439698008711,54.668835191165705,6.0,116.36638188052265,117.5842076962003,1.2178258156776443,55.21445024193369,87.85444911271796,8.0,220.85780096773476,54.668835191165705
/home/tug87422/scratch/smithlab-shared/night-owls/derivatives/fsl/sub-104/ses-08/L1_sub-104_ses-08_task-sharedreward_model-1_type-act_run-1_space-mni_single-echo_cnfds-tedana_unsmoothed_FIR.feat,104,8,sharedreward,1,single-echo,tedana,mni,NAcc,sr_outcome_primary,Reward-Neutral,6.0,-44.46865546299915,27.86005750529168,6.0,-266.8119327779949,38.460340445405194,305.2722732234001,17.456879940099853,32.52282357215881,6.46,69.82751976039941,27.86005750529168
/home/tug87422/scratch/smithlab-shared/night-owls/derivatives/fsl/sub-104/ses-08/L1_sub-104_ses-08_task-sharedreward_model-1_type-act_run-1_space-mni_single-echo_cnfds-tedana_unsmoothed_FIR.feat,104,8,sharedreward,1,single-echo,tedana,mni,NAcc,sr_outcome_primary,Punish-Neutral,6.0,-44.03348858226533,11.526272840913238,6.0,-264.20093149359195,6.6564225656273965,270.85735405921935,4.905584325805632,21.337708936018103,8.0,19.62233730322253,11.526272840913238
/home/tug87422/scratch/smithlab-shared/night-owls/derivatives/fsl/sub-104/ses-08/L1_sub-104_ses-08_task-sharedreward_model-1_type-act_run-1_space-mni_single-echo_cnfds-tedana_unsmoothed_FIR.feat,104,8,sharedreward,1,single-echo,tedana,mni,NAcc,sr_outcome_primary,Reward-Punish,6.0,-0.43516688073382603,25.04768943786621,4.845,-2.611001284402956,54.78501359434689,57.39601487874985,12.551295614294222,25.04768943786621,4.845,50.20518245717689,16.333784664378445
/home/tug87422/scratch/smithlab-shared/night-owls/derivatives/fsl/sub-104/ses-08/L1_sub-104_ses-08_task-sharedreward_model-1_type-act_run-2_space-mni_multi-echo_cnfds-fmriprep_unsmoothed_FIR.feat,104,8,sharedreward,2,multi-echo,fmriprep,mni,NAcc,sr_decision_partner_extra,Computer-Stranger,6.0,-1.7772183179363263,40.003241658210754,3.23,-10.663309907617958,64.60523527801035,75.26854518562833,-16.597557922595936,5.146577168175307,4.0,-66.39023169038374,-12.961204115451302
/home/tug87422/scratch/smithlab-shared/night-owls/derivatives/fsl/sub-104/ses-08/L1_sub-104_ses-08_task-sharedreward_model-1_type-act_run-2_space-mni_multi-echo_cnfds-fmriprep_unsmoothed_FIR.feat,104,8,sharedreward,2,multi-echo,fmriprep,mni,NAcc,sr_outcome_primary,Reward-Neutral,6.0,22.745219611665167,48.366966247558594,3.23,136.471317669991,145.38204616272782,8.910728492736816,30.33416011616172,65.9077377319336,6.46,121.33664046464688,48.24237010944001
/home/tug87422/scratch/smithlab-shared/night-owls/derivatives/fsl/sub-104/ses-08/L1_sub-104_ses-08_task-sharedreward_model-1_type-act_run-2_space-mni_multi-echo_cnfds-fmriprep_unsmoothed_FIR.feat,104,8,sharedreward,2,multi-echo,fmriprep,mni,NAcc,sr_outcome_primary,Punish-Neutral,6.0,-3.2838975450997023,47.389641763994206,6.0,-19.703385270598215,68.38548257001968,88.0888678406179,17.108992308754438,90.19693756103516,6.46,68.43596923501775,47.389641763994206
/home/tug87422/scratch/smithlab-shared/night-owls/derivatives/fsl/sub-104/ses-08/L1_sub-104_ses-08_task-sharedreward_model-1_type-act_run-2_space-mni_multi-echo_cnfds-fmriprep_unsmoothed_FIR.feat,104,8,sharedreward,2,multi-echo,fmriprep,mni,NAcc,sr_outcome_primary,Reward-Punish,6.0,26.02911715676487,63.98083060979843,4.845,156.1747029405892,160.22660736725334,4.051904426664114,13.225167807407281,63.98083060979843,4.845,52.900671229629125,0.8527283454458002
/home/tug87422/scratch/smithlab-shared/night-owls/derivatives/fsl/sub-104/ses-08/L1_sub-104_ses-08_task-sharedreward_model-1_type-act_run-2_space-mni_multi-echo_cnfds-tedana_unsmoothed_FIR.feat,104,8,sharedreward,2,multi-echo,tedana,mni,NAcc,sr_decision_partner_extra,Computer-Stranger,6.0,-27.135618182458103,-7.238408446311951,0.0,-162.81370909474862,0.0,162.81370909474862,-62.774673315631254,-28.125712488457886,4.0,-251.09869326252502,-67.19285859264457
/home/tug87422/scratch/smithlab-shared/night-owls/derivatives/fsl/sub-104/ses-08/L1_sub-104_ses-08_task-sharedreward_model-1_type-act_run-2_space-mni_multi-echo_cnfds-tedana_unsmoothed_FIR.feat,104,8,sharedreward,2,multi-echo,tedana,mni,NAcc,sr_outcome_primary,Reward-Neutral,6.0,18.296100577402655,46.35675811767578,3.23,109.77660346441593,136.43510653906193,26.658503074645996,-1.3901326048558804,32.26470113464922,4.0,-5.560530419423522,15.172493004577447
/home/tug87422/scratch/smithlab-shared/night-owls/derivatives/fsl/sub-104/ses-08/L1_sub-104_ses-08_task-sharedreward_model-1_type-act_run-2_space-mni_multi-echo_cnfds-tedana_unsmoothed_FIR.feat,104,8,sharedreward,2,multi-echo,tedana,mni,NAcc,sr_outcome_primary,Punish-Neutral,6.0,-17.786526908997534,4.514011383056641,1.615,-106.71916145398521,7.290128383636475,114.00928983762168,-37.58426278907079,-6.533248901367173,6.46,-150.33705115628317,-17.211600383368793
/home/tug87422/scratch/smithlab-shared/night-owls/derivatives/fsl/sub-104/ses-08/L1_sub-104_ses-08_task-sharedreward_model-1_type-act_run-2_space-mni_multi-echo_cnfds-tedana_unsmoothed_FIR.feat,104,8,sharedreward,2,multi-echo,tedana,mni,NAcc,sr_outcome_primary,Reward-Punish,6.0,36.08262748640019,60.82358932495117,4.845,216.49576491840114,216.49576491840114,0.0,36.19413018421491,60.82358932495117,4.845,144.77652073685965,32.384093387946244
/home/tug87422/scratch/smithlab-shared/night-owls/derivatives/fsl/sub-104/ses-08/L1_sub-104_ses-08_task-sharedreward_model-1_type-act_run-2_space-mni_single-echo_cnfds-fmriprep_unsmoothed_FIR.feat,104,8,sharedreward,2,single-echo,fmriprep,mni,NAcc,sr_decision_partner_extra,Computer-Stranger,6.0,-20.841411191493705,16.877685546875,3.23,-125.04846714896223,27.257462158203126,152.30592930716534,-40.56794920262077,-21.731514551322164,4.0,-162.27179681048307,-36.854909828941885
/home/tug87422/scratch/smithlab-shared/night-owls/derivatives/fsl/sub-104/ses-08/L1_sub-104_ses-08_task-sharedreward_model-1_type-act_run-2_space-mni_single-echo_cnfds-fmriprep_unsmoothed_FIR.feat,104,8,sharedreward,2,single-echo,fmriprep,mni,NAcc,sr_outcome_primary,Reward-Neutral,6.0,6.129940015122494,56.296404023657644,6.0,36.779640090734965,121.3389618280244,84.55932173728944,28.663741699126383,68.05049419403076,6.46,114.65496679650553,56.296404023657644
/home/tug87422/scratch/smithlab-shared/night-owls/derivatives/fsl/sub-104/ses-08/L1_sub-104_ses-08_task-sharedreward_model-1_type-act_run-2_space-mni_single-echo_cnfds-fmriprep_unsmoothed_FIR.feat,104,8,sharedreward,2,single-echo,fmriprep,mni,NAcc,sr_outcome_primary,Punish-Neutral,6.0,-5.6457567391276235,51.25585122595631,6.0,-33.87454043476574,82.3221196499587,116.19666008472444,13.442013432709695,92.64996337890625,6.46,53.76805373083878,51.25585122595631
/home/tug87422/scratch/smithlab-shared/night-owls/derivatives/fsl/sub-104/ses-08/L1_sub-104_ses-08_task-sharedreward_model-1_type-act_run-2_space-mni_single-echo_cnfds-fmriprep_unsmoothed_FIR.feat,104,8,sharedreward,2,single-echo,fmriprep,mni,NAcc,sr_outcome_primary,Reward-Punish,6.0,11.775696754250115,79.46278190612793,4.845,70.65418052550069,122.4376269852709,51.783446459770204,15.221728266416688,79.46278190612793,4.845,60.886913065666754,5.040552797701326
/home/tug87422/scratch/smithlab-shared/night-owls/derivatives/fsl/sub-104/ses-08/L1_sub-104_ses-08_task-sharedreward_model-1_type-act_run-2_space-mni_single-echo_cnfds-tedana_unsmoothed_FIR.feat,104,8,sharedreward,2,single-echo,tedana,mni,NAcc,sr_decision_partner_extra,Computer-Stranger,6.0,-43.46809205613024,-8.40940761566162,0.0,-260.8085523367814,0.0,260.8085523367814,-75.66494259727905,-52.800770572095466,4.0,-302.6597703891162,-78.60141957285973
/home/tug87422/scratch/smithlab-shared/night-owls/derivatives/fsl/sub-104/ses-08/L1_sub-104_ses-08_task-sharedreward_model-1_type-act_run-2_space-mni_single-echo_cnfds-tedana_unsmoothed_FIR.feat,104,8,sharedreward,2,single-echo,tedana,mni,NAcc,sr_outcome_primary,Reward-Neutral,6.0,14.588115514049342,49.45247840881348,4.845,87.52869308429605,178.08579096513637,90.5570978808403,-2.6558953331166535,49.45247840881348,4.845,-10.623581332466614,28.75333584056181
/home/tug87422/scratch/smithlab-shared/night-owls/derivatives/fsl/sub-104/ses-08/L1_sub-104_ses-08_task-sharedreward_model-1_type-act_run-2_space-mni_single-echo_cnfds-tedana_unsmoothed_FIR.feat,104,8,sharedreward,2,single-echo,tedana,mni,NAcc,sr_outcome_primary,Punish-Neutral,6.0,-4.731440547584135,31.882568359375,1.615,-28.388643285504806,62.59978008819438,90.98842337369919,-34.166272165110996,10.588470458984375,6.46,-136.66508866044398,0.12674337570143313
/home/tug87422/scratch/smithlab-shared/night-owls/derivatives/fsl/sub-104/ses-08/L1_sub-104_ses-08_task-sharedreward_model-1_type-act_run-2_space-mni_single-echo_cnfds-tedana_unsmoothed_FIR.feat,104,8,sharedreward,2,single-echo,tedana,mni,NAcc,sr_outcome_primary,Reward-Punish,6.0,19.319556061633477,75.5937671661377,4.845,115.91733636980086,165.30561647539167,49.38828010559082,31.510376831994332,75.5937671661377,4.845,126.04150732797733,28.626592464860373
/home/tug87422/scratch/smithlab-shared/night-owls/derivatives/fsl/sub-104/ses-09/L1_sub-104_ses-09_task-mid_model-1_type-act_run-1_space-mni_multi-echo_cnfds-fmriprep_unsmoothed_FIR.feat,104,9,mid,1,multi-echo,fmriprep,mni,NAcc,mid_anticipation_primary,Reward-Neutral,5.0,-7.434148565217806,40.23920679092407,3.23,-37.17074282608903,64.98631896734237,102.15706179343141,-3.510530293389184,16.190925723627988,4.0,-14.042121173556737,-7.746160938274746
/home/tug87422/scratch/smithlab-shared/night-owls/derivatives/fsl/sub-104/ses-09/L1_sub-104_ses-09_task-mid_model-1_type-act_run-1_space-mni_multi-echo_cnfds-fmriprep_unsmoothed_FIR.feat,104,9,mid,1,multi-echo,fmriprep,mni,NAcc,mid_feedback_extra,Positive-Negative,6.0,28.11534281725608,79.4680347442627,1.615,168.6920569035365,185.06271317005158,16.370656266515102,-10.670743669959784,13.97052620808037,4.0,-42.682974679839134,-19.46012968470807
/home/tug87422/scratch/smithlab-shared/night-owls/derivatives/fsl/sub-104/ses-09/L1_sub-104_ses-09_task-mid_model-1_type-act_run-1_space-mni_multi-echo_cnfds-tedana_unsmoothed_FIR.feat,104,9,mid,1,multi-echo,tedana,mni,NAcc,mid_anticipation_primary,Reward-Neutral,5.0,-8.999644476369046,7.161233901977539,3.23,-44.99822238184523,11.565392751693725,56.56361513353895,6.794295518938972,24.750079910821594,8.0,27.177182075755887,4.2885744342863
/home/tug87422/scratch/smithlab-shared/night-owls/derivatives/fsl/sub-104/ses-09/L1_sub-104_ses-09_task-mid_model-1_type-act_run-1_space-mni_multi-echo_cnfds-tedana_unsmoothed_FIR.feat,104,9,mid,1,multi-echo,tedana,mni,NAcc,mid_feedback_extra,Positive-Negative,6.0,-7.583324758365858,15.592831015586853,0.0,-45.49994855019515,29.497547190785408,74.99749574098055,-20.40240994599824,-8.425679956242767,4.0,-81.60963978399296,-16.155726654241697
/home/tug87422/scratch/smithlab-shared/night-owls/derivatives/fsl/sub-104/ses-09/L1_sub-104_ses-09_task-mid_model-1_type-act_run-1_space-mni_single-echo_cnfds-fmriprep_unsmoothed_FIR.feat,104,9,mid,1,single-echo,fmriprep,mni,NAcc,mid_anticipation_primary,Reward-Neutral,5.0,-15.331348144984466,15.778024673461914,3.23,-76.65674072492233,29.718615379451595,106.37535610437394,6.163764070988439,11.124240024909144,8.0,24.655056283953755,4.108868188533251
/home/tug87422/scratch/smithlab-shared/night-owls/derivatives/fsl/sub-104/ses-09/L1_sub-104_ses-09_task-mid_model-1_type-act_run-1_space-mni_single-echo_cnfds-fmriprep_unsmoothed_FIR.feat,104,9,mid,1,single-echo,fmriprep,mni,NAcc,mid_feedback_extra,Positive-Negative,6.0,32.49504256164911,86.72710418701172,1.615,194.97025536989463,217.18405374884603,22.21379837895141,-10.114814453768563,17.95013273869505,4.0,-40.45925781507425,-17.03313861874973
/home/tug87422/scratch/smithlab-shared/night-owls/derivatives/fsl/sub-104/ses-09/L1_sub-104_ses-09_task-mid_model-1_type-act_run-1_space-mni_single-echo_cnfds-tedana_unsmoothed_FIR.feat,104,9,mid,1,single-echo,tedana,mni,NAcc,mid_anticipation_primary,Reward-Neutral,5.0,-10.071768082865297,27.36348883803046,5.0,-50.35884041432649,26.219180944744654,76.57802135907113,29.337090643211802,45.90504807030823,8.0,117.34836257284721,28.224994665328932
/home/tug87422/scratch/smithlab-shared/night-owls/derivatives/fsl/sub-104/ses-09/L1_sub-104_ses-09_task-mid_model-1_type-act_run-1_space-mni_single-echo_cnfds-tedana_unsmoothed_FIR.feat,104,9,mid,1,single-echo,tedana,mni,NAcc,mid_feedback_extra,Positive-Negative,6.0,4.595312354132241,31.509231567382812,0.0,27.571874124793442,69.26962463617325,41.6977505113798,-9.844165935221106,5.898840229577689,4.0,-39.376663740884425,-1.8530440891490256
/home/tug87422/scratch/smithlab-shared/night-owls/derivatives/fsl/sub-104/ses-09/L1_sub-104_ses-09_task-mid_model-1_type-act_run-2_space-mni_multi-echo_cnfds-fmriprep_unsmoothed_FIR.feat,104,9,mid,2,multi-echo,fmriprep,mni,NAcc,mid_anticipation_primary,Reward-Neutral,5.0,6.896654519526952,40.77074861526489,0.0,34.48327259763476,64.10937168478965,29.626099087154902,-17.441104522486313,-11.904938495565117,8.0,-69.76441808994525,-21.033180473020572
/home/tug87422/scratch/smithlab-shared/night-owls/derivatives/fsl/sub-104/ses-09/L1_sub-104_ses-09_task-mid_model-1_type-act_run-2_space-mni_multi-echo_cnfds-fmriprep_unsmoothed_FIR.feat,104,9,mid,2,multi-echo,fmriprep,mni,NAcc,mid_feedback_extra,Positive-Negative,6.0,-11.813588591005164,22.353394985198975,0.0,-70.88153154603098,29.48568013438131,100.36721168041228,-3.6427155265332027,39.98278522491455,6.46,-14.570862106132811,15.270067572224622
/home/tug87422/scratch/smithlab-shared/night-owls/derivatives/fsl/sub-104/ses-09/L1_sub-104_ses-09_task-mid_model-1_type-act_run-2_space-mni_multi-echo_cnfds-tedana_unsmoothed_FIR.feat,104,9,mid,2,multi-echo,tedana,mni,NAcc,mid_anticipation_primary,Reward-Neutral,5.0,-42.28578569433277,4.472530364990234,0.0,-211.42892847166388,3.6115682697296143,215.0404967413935,-60.52479262494623,-24.058139440814024,8.0,-242.09917049978492,-65.88944677782501
/home/tug87422/scratch/smithlab-shared/night-owls/derivatives/fsl/sub-104/ses-09/L1_sub-104_ses-09_task-mid_model-1_type-act_run-2_space-mni_multi-echo_cnfds-tedana_unsmoothed_FIR.feat,104,9,mid,2,multi-echo,tedana,mni,NAcc,mid_feedback_extra,Positive-Negative,6.0,-29.873936367303795,3.2280540466308594,3.23,-179.24361820382276,5.213307285308838,184.4569254891316,-21.388586807610015,9.41562217473984,6.46,-85.55434723044006,-6.4503822561018955
/home/tug87422/scratch/smithlab-shared/night-owls/derivatives/fsl/sub-104/ses-09/L1_sub-104_ses-09_task-mid_model-1_type-act_run-2_space-mni_single-echo_cnfds-fmriprep_unsmoothed_FIR.feat,104,9,mid,2,single-echo,fmriprep,mni,NAcc,mid_anticipation_primary,Reward-Neutral,5.0,25.530152071167073,37.744601011276245,0.0,127.65076035583536,127.65076035583536,0.0,4.171643060351672,26.721704483032227,4.845,16.686572241406687,0.7558295010782219
/home/tug87422/scratch/smithlab-shared/night-owls/derivatives/fsl/sub-104/ses-09/L1_sub-104_ses-09_task-mid_model-1_type-act_run-2_space-mni_single-echo_cnfds-fmriprep_unsmoothed_FIR.feat,104,9,mid,2,single-echo,fmriprep,mni,NAcc,mid_feedback_extra,Positive-Negative,6.0,-19.473899346553136,40.75401782989501,0.0,-116.84339607931881,35.00406340859623,151.84745948791505,-18.73286610697076,36.14521789550781,6.46,-74.93146442788304,3.628041577413001
/home/tug87422/scratch/smithlab-shared/night-owls/derivatives/fsl/sub-104/ses-09/L1_sub-104_ses-09_task-mid_model-1_type-act_run-2_space-mni_single-echo_cnfds-tedana_unsmoothed_FIR.feat,104,9,mid,2,single-echo,tedana,mni,NAcc,mid_anticipation_primary,Reward-Neutral,5.0,-34.52608956713204,-1.0806713104248047,0.0,-172.6304478356602,0.0,172.6304478356602,-54.621249881665406,-31.414915958794264,8.0,-218.48499952666162,-60.80152462584316
/home/tug87422/scratch/smithlab-shared/night-owls/derivatives/fsl/sub-104/ses-09/L1_sub-104_ses-09_task-mid_model-1_type-act_run-2_space-mni_single-echo_cnfds-tedana_unsmoothed_FIR.feat,104,9,mid,2,single-echo,tedana,mni,NAcc,mid_feedback_extra,Positive-Negative,6.0,-50.87905232501842,-12.007608413696289,3.23,-305.2743139501105,0.0,305.2743139501105,-39.874967645713056,1.8036174774169957,6.46,-159.49987058285222,-21.534235354916593
/home/tug87422/scratch/smithlab-shared/night-owls/derivatives/fsl/sub-104/ses-09/L1_sub-104_ses-09_task-sharedreward_model-1_type-act_run-1_space-mni_multi-echo_cnfds-fmriprep_unsmoothed_FIR.feat,104,9,sharedreward,1,multi-echo,fmriprep,mni,NAcc,sr_decision_partner_extra,Computer-Stranger,6.0,-28.38158453076002,4.899557113647461,0.0,-170.2895071845601,5.238466191291809,175.5279733758519,-80.67977379887466,-33.466331186678396,4.0,-322.71909519549865,-81.5098350335939
/home/tug87422/scratch/smithlab-shared/night-owls/derivatives/fsl/sub-104/ses-09/L1_sub-104_ses-09_task-sharedreward_model-1_type-act_run-1_space-mni_multi-echo_cnfds-fmriprep_unsmoothed_FIR.feat,104,9,sharedreward,1,multi-echo,fmriprep,mni,NAcc,sr_outcome_primary,Reward-Neutral,6.0,-1.4417988522373848,19.874309539794922,4.845,-8.650793113424308,58.083351815938954,66.73414492936325,-5.337570773184115,19.874309539794922,4.845,-21.35028309273646,-1.4687670066998872
/home/tug87422/scratch/smithlab-shared/night-owls/derivatives/fsl/sub-104/ses-09/L1_sub-104_ses-09_task-sharedreward_model-1_type-act_run-1_space-mni_multi-echo_cnfds-fmriprep_unsmoothed_FIR.feat,104,9,sharedreward,1,multi-echo,fmriprep,mni,NAcc,sr_outcome_primary,Punish-Neutral,6.0,-1.719978626460854,55.07135200500488,4.845,-10.319871758765125,83.33107354640961,93.65094530517473,-24.17977142518611,55.07135200500488,4.845,-96.71908570074444,-61.59549622196164
/home/tug87422/scratch/smithlab-shared/night-owls/derivatives/fsl/sub-104/ses-09/L1_sub-104_ses-09_task-sharedreward_model-1_type-act_run-1_space-mni_multi-echo_cnfds-fmriprep_unsmoothed_FIR.feat,104,9,sharedreward,1,multi-echo,fmriprep,mni,NAcc,sr_outcome_primary,Reward-Punish,6.0,0.27817977422346846,60.12672921526174,6.0,1.6690786453408109,77.3070622130555,75.63798356771468,18.84220065200199,98.0911750793457,6.46,75.36880260800795,60.12672921526174
/home/tug87422/scratch/smithlab-shared/night-owls/derivatives/fsl/sub-104/ses-09/L1_sub-104_ses-09_task-sharedreward_model-1_type-act_run-1_space-mni_multi-echo_cnfds-tedana_unsmoothed_FIR.feat,104,9,sharedreward,1,multi-echo,tedana,mni,NAcc,sr_decision_partner_extra,Computer-Stranger,6.0,-7.259388121330517,24.896769523620605,3.23,-43.5563287279831,56.983702418208125,100.54003114619123,-46.31858690826333,-11.46296907135577,4.0,-185.2743476330533,-50.91005688481287
/home/tug87422/scratch/smithlab-shared/night-owls/derivatives/fsl/sub-104/ses-09/L1_sub-104_ses-09_task-sharedreward_model-1_type-act_run-1_space-mni_multi-echo_cnfds-tedana_unsmoothed_FIR.feat,104,9,sharedreward,1,multi-echo,tedana,mni,NAcc,sr_outcome_primary,Reward-Neutral,6.0,-7.320838893795284,4.27398681640625,4.845,-43.92503336277171,5.919471740722656,49.84450510349436,-17.939235210009958,4.27398681640625,4.845,-71.75694084003983,-12.26308013189688
/home/tug87422/scratch/smithlab-shared/night-owls/derivatives/fsl/sub-104/ses-09/L1_sub-104_ses-09_task-sharedreward_model-1_type-act_run-1_space-mni_multi-echo_cnfds-tedana_unsmoothed_FIR.feat,104,9,sharedreward,1,multi-echo,tedana,mni,NAcc,sr_outcome_primary,Punish-Neutral,6.0,3.912528733135007,46.14177703857422,4.845,23.47517239881004,63.906361198425294,40.43118879961525,12.47150277851075,46.14177703857422,4.845,49.886011114043,-7.235056107996426
/home/tug87422/scratch/smithlab-shared/night-owls/derivatives/fsl/sub-104/ses-09/L1_sub-104_ses-09_task-sharedreward_model-1_type-act_run-1_space-mni_multi-echo_cnfds-tedana_unsmoothed_FIR.feat,104,9,sharedreward,1,multi-echo,tedana,mni,NAcc,sr_outcome_primary,Reward-Punish,6.0,-11.233367626930294,3.316404342651367,1.615,-67.40020576158176,6.829713473320007,74.22991923490176,-30.410737988520708,9.64409065246582,6.46,-121.64295195408283,-5.028024023900456
/home/tug87422/scratch/smithlab-shared/night-owls/derivatives/fsl/sub-104/ses-09/L1_sub-104_ses-09_task-sharedreward_model-1_type-act_run-1_space-mni_single-echo_cnfds-fmriprep_unsmoothed_FIR.feat,104,9,sharedreward,1,single-echo,fmriprep,mni,NAcc,sr_decision_partner_extra,Computer-Stranger,6.0,-35.65550161948884,4.991613388061523,3.23,-213.93300971693301,8.061455621719361,221.99446533865236,-101.15830573761426,-40.766366616122134,4.0,-404.633222950457,-108.59357759457993
/home/tug87422/scratch/smithlab-shared/night-owls/derivatives/fsl/sub-104/ses-09/L1_sub-104_ses-09_task-sharedreward_model-1_type-act_run-1_space-mni_single-echo_cnfds-fmriprep_unsmoothed_FIR.feat,104,9,sharedreward,1,single-echo,fmriprep,mni,NAcc,sr_outcome_primary,Reward-Neutral,6.0,-3.48386371597713,45.50373554229736,1.615,-20.90318229586278,73.48853290081024,94.39171519667303,-17.560158124065993,-6.190860748291016,6.46,-70.24063249626397,-7.644356777793482
/home/tug87422/scratch/smithlab-shared/night-owls/derivatives/fsl/sub-104/ses-09/L1_sub-104_ses-09_task-sharedreward_model-1_type-act_run-1_space-mni_single-echo_cnfds-fmriprep_unsmoothed_FIR.feat,104,9,sharedreward,1,single-echo,fmriprep,mni,NAcc,sr_outcome_primary,Punish-Neutral,6.0,-13.871920098403415,22.39844512939453,4.845,-83.23152059042049,62.19146848678589,145.42298907720635,-42.686111604689444,22.39844512939453,4.845,-170.74444641875778,-71.22872731117273
/home/tug87422/scratch/smithlab-shared/night-owls/derivatives/fsl/sub-104/ses-09/L1_sub-104_ses-09_task-sharedreward_model-1_type-act_run-1_space-mni_single-echo_cnfds-fmriprep_unsmoothed_FIR.feat,104,9,sharedreward,1,single-echo,fmriprep,mni,NAcc,sr_outcome_primary,Reward-Punish,6.0,10.388056382426285,63.58437053337925,6.0,62.32833829455771,108.99223037295738,46.663892078399655,25.12595348062345,102.32661056518555,6.46,100.5038139224938,63.58437053337925
/home/tug87422/scratch/smithlab-shared/night-owls/derivatives/fsl/sub-104/ses-09/L1_sub-104_ses-09_task-sharedreward_model-1_type-act_run-1_space-mni_single-echo_cnfds-tedana_unsmoothed_FIR.feat,104,9,sharedreward,1,single-echo,tedana,mni,NAcc,sr_decision_partner_extra,Computer-Stranger,6.0,-11.108344317431053,35.61185550689697,3.23,-66.65006590458631,73.95387794017792,140.60394384476422,-55.30271242495292,-14.331457324072312,4.0,-221.2108496998117,-64.27055345009724
/home/tug87422/scratch/smithlab-shared/night-owls/derivatives/fsl/sub-104/ses-09/L1_sub-104_ses-09_task-sharedreward_model-1_type-act_run-1_space-mni_single-echo_cnfds-tedana_unsmoothed_FIR.feat,104,9,sharedreward,1,single-echo,tedana,mni,NAcc,sr_outcome_primary,Reward-Neutral,6.0,-13.603498835369898,34.54999756813049,1.615,-81.62099301221939,55.798246072530745,137.41923908475013,-34.99933949164931,-25.50471782684326,6.46,-139.99735796659724,-25.967434924453404
/home/tug87422/scratch/smithlab-shared/night-owls/derivatives/fsl/sub-104/ses-09/L1_sub-104_ses-09_task-sharedreward_model-1_type-act_run-1_space-mni_single-echo_cnfds-tedana_unsmoothed_FIR.feat,104,9,sharedreward,1,single-echo,tedana,mni,NAcc,sr_outcome_primary,Punish-Neutral,6.0,-20.295587900603888,9.610471725463867,4.845,-121.77352740362332,13.310503339767457,135.08403074339077,-11.096802505948592,9.610471725463867,4.845,-44.38721002379437,-17.62486228411412
/home/tug87422/scratch/smithlab-shared/night-owls/derivatives/fsl/sub-104/ses-09/L1_sub-104_ses-09_task-sharedreward_model-1_type-act_run-1_space-mni_single-echo_cnfds-tedana_unsmoothed_FIR.feat,104,9,sharedreward,1,single-echo,tedana,mni,NAcc,sr_outcome_primary,Reward-Punish,6.0,6.692089065233987,42.39643692970276,1.615,40.152534391403925,95.85489465594291,55.70236026453898,-23.90253698570072,2.9671173095703125,6.46,-95.61014794280288,-8.342572640339286
/home/tug87422/scratch/smithlab-shared/night-owls/derivatives/fsl/sub-104/ses-09/L1_sub-104_ses-09_task-sharedreward_model-1_type-act_run-2_space-mni_multi-echo_cnfds-fmriprep_unsmoothed_FIR.feat,104,9,sharedreward,2,multi-echo,fmriprep,mni,NAcc,sr_decision_partner_extra,Computer-Stranger,6.0,-22.528985988972604,10.738884751641715,6.0,-135.17391593383562,6.201705944073091,141.3756218779087,5.97023456307757,23.68791090076553,8.0,23.88093825231028,10.738884751641715
/home/tug87422/scratch/smithlab-shared/night-owls/derivatives/fsl/sub-104/ses-09/L1_sub-104_ses-09_task-sharedreward_model-1_type-act_run-2_space-mni_multi-echo_cnfds-fmriprep_unsmoothed_FIR.feat,104,9,sharedreward,2,multi-echo,fmriprep,mni,NAcc,sr_outcome_primary,Reward-Neutral,6.0,-16.80674834686106,44.85968208312988,4.845,-100.84049008116635,75.02744911193847,175.86793919310477,-3.9278416655565644,44.85968208312988,4.845,-15.711366662226258,-8.82027295942278
/home/tug87422/scratch/smithlab-shared/night-owls/derivatives/fsl/sub-104/ses-09/L1_sub-104_ses-09_task-sharedreward_model-1_type-act_run-2_space-mni_multi-echo_cnfds-fmriprep_unsmoothed_FIR.feat,104,9,sharedreward,2,multi-echo,fmriprep,mni,NAcc,sr_outcome_primary,Punish-Neutral,6.0,21.305868931463753,75.01908302307129,0.0,127.83521358878251,187.9891832280159,60.15396963923339,11.324088124292372,77.68461726988805,8.0,45.29635249716949,-8.717420864400491
/home/tug87422/scratch/smithlab-shared/night-owls/derivatives/fsl/sub-104/ses-09/L1_sub-104_ses-09_task-sharedreward_model-1_type-act_run-2_space-mni_multi-echo_cnfds-fmriprep_unsmoothed_FIR.feat,104,9,sharedreward,2,multi-echo,fmriprep,mni,NAcc,sr_outcome_primary,Reward-Punish,6.0,-38.11261727832481,29.60445523262024,4.845,-228.6757036699489,41.00217049717904,269.6778741671279,-15.251929789848933,29.60445523262024,4.845,-61.007719159395734,-0.10285209502229427
/home/tug87422/scratch/smithlab-shared/night-owls/derivatives/fsl/sub-104/ses-09/L1_sub-104_ses-09_task-sharedreward_model-1_type-act_run-2_space-mni_multi-echo_cnfds-tedana_unsmoothed_FIR.feat,104,9,sharedreward,2,multi-echo,tedana,mni,NAcc,sr_decision_partner_extra,Computer-Stranger,6.0,0.5515242558504738,20.788576126098636,1.615,3.309145535102843,65.52997211232781,62.22082657722497,-19.990298982567094,-4.486148894755826,8.0,-79.96119593026837,-23.297777801844354
/home/tug87422/scratch/smithlab-shared/night-owls/derivatives/fsl/sub-104/ses-09/L1_sub-104_ses-09_task-sharedreward_model-1_type-act_run-2_space-mni_multi-echo_cnfds-tedana_unsmoothed_FIR.feat,104,9,sharedreward,2,multi-echo,tedana,mni,NAcc,sr_outcome_primary,Reward-Neutral,6.0,18.885246953955004,65.24867820739746,3.23,113.31148172373003,147.4858340191841,34.17435229545408,-9.268030339085465,25.11041198943052,4.0,-37.07212135634186,-13.759338217992163
/home/tug87422/scratch/smithlab-shared/night-owls/derivatives/fsl/sub-104/ses-09/L1_sub-104_ses-09_task-sharedreward_model-1_type-act_run-2_space-mni_multi-echo_cnfds-tedana_unsmoothed_FIR.feat,104,9,sharedreward,2,multi-echo,tedana,mni,NAcc,sr_outcome_primary,Punish-Neutral,6.0,31.946587416177806,74.0916223526001,3.23,191.67952449706684,239.25362517264972,47.57410067558288,-0.005047962764292313,41.49965047836304,6.46,-0.020191851057169252,19.8955492028511
/home/tug87422/scratch/smithlab-shared/night-owls/derivatives/fsl/sub-104/ses-09/L1_sub-104_ses-09_task-sharedreward_model-1_type-act_run-2_space-mni_multi-echo_cnfds-tedana_unsmoothed_FIR.feat,104,9,sharedreward,2,multi-echo,tedana,mni,NAcc,sr_outcome_primary,Reward-Punish,6.0,-13.061340462222804,15.412105560302734,4.845,-78.36804277333682,21.345766201019288,99.71380897435611,-9.262982376321176,34.75223681801248,8.0,-37.051929505284704,-33.65488742084327
/home/tug87422/scratch/smithlab-shared/night-owls/derivatives/fsl/sub-104/ses-09/L1_sub-104_ses-09_task-sharedreward_model-1_type-act_run-2_space-mni_single-echo_cnfds-fmriprep_unsmoothed_FIR.feat,104,9,sharedreward,2,single-echo,fmriprep,mni,NAcc,sr_decision_partner_extra,Computer-Stranger,6.0,-17.33454477055154,33.44264122280912,6.0,-104.00726862330923,19.31312530617227,123.3203939294815,16.55227497040026,47.65478801727295,6.46,66.20909988160103,33.44264122280912
/home/tug87422/scratch/smithlab-shared/night-owls/derivatives/fsl/sub-104/ses-09/L1_sub-104_ses-09_task-sharedreward_model-1_type-act_run-2_space-mni_single-echo_cnfds-fmriprep_unsmoothed_FIR.feat,104,9,sharedreward,2,single-echo,fmriprep,mni,NAcc,sr_outcome_primary,Reward-Neutral,6.0,-19.08549684021372,34.57667541503906,0.0,-114.51298104128233,44.95345265865326,159.46643369993558,-5.295972311360182,12.298041343688961,4.845,-21.183889245440728,-5.1816489039559865
/home/tug87422/scratch/smithlab-shared/night-owls/derivatives/fsl/sub-104/ses-09/L1_sub-104_ses-09_task-sharedreward_model-1_type-act_run-2_space-mni_single-echo_cnfds-fmriprep_unsmoothed_FIR.feat,104,9,sharedreward,2,single-echo,fmriprep,mni,NAcc,sr_outcome_primary,Punish-Neutral,6.0,28.434850232645456,107.43512725830078,0.0,170.60910139587273,186.98491085555898,16.37580945968628,34.33324984200231,128.63356240098327,8.0,137.33299936800924,10.26542891511238
/home/tug87422/scratch/smithlab-shared/night-owls/derivatives/fsl/sub-104/ses-09/L1_sub-104_ses-09_task-sharedreward_model-1_type-act_run-2_space-mni_single-echo_cnfds-fmriprep_unsmoothed_FIR.feat,104,9,sharedreward,2,single-echo,fmriprep,mni,NAcc,sr_outcome_primary,Reward-Punish,6.0,-47.520347072859174,4.706748962402344,3.23,-285.12208243715503,7.601399574279785,292.72348201143484,-39.62922215336249,-2.289919873878316,4.0,-158.51688861344996,-15.447077819068367
/home/tug87422/scratch/smithlab-shared/night-owls/derivatives/fsl/sub-104/ses-09/L1_sub-104_ses-09_task-sharedreward_model-1_type-act_run-2_space-mni_single-echo_cnfds-tedana_unsmoothed_FIR.feat,104,9,sharedreward,2,single-echo,tedana,mni,NAcc,sr_decision_partner_extra,Computer-Stranger,6.0,0.2500233047099532,22.599495887756348,1.615,1.5001398282597194,78.82707755446434,77.32693772620462,-31.840318330895887,-9.826430653639997,4.0,-127.36127332358355,-26.13020297986435
/home/tug87422/scratch/smithlab-shared/night-owls/derivatives/fsl/sub-104/ses-09/L1_sub-104_ses-09_task-sharedreward_model-1_type-act_run-2_space-mni_single-echo_cnfds-tedana_unsmoothed_FIR.feat,104,9,sharedreward,2,single-echo,tedana,mni,NAcc,sr_outcome_primary,Reward-Neutral,6.0,13.67836524884275,94.30490112304688,3.23,82.0701914930565,185.06407931327817,102.99388782022169,-17.998459456179162,18.305810497272116,4.0,-71.99383782471665,-22.22722098111368
/home/tug87422/scratch/smithlab-shared/night-owls/derivatives/fsl/sub-104/ses-09/L1_sub-104_ses-09_task-sharedreward_model-1_type-act_run-2_space-mni_single-echo_cnfds-tedana_unsmoothed_FIR.feat,104,9,sharedreward,2,single-echo,tedana,mni,NAcc,sr_outcome_primary,Punish-Neutral,6.0,27.732694262539265,88.3179702758789,0.0,166.39616557523559,237.49601370260072,71.0998481273651,4.229390862041576,55.339646339416504,6.46,16.917563448166305,24.955356984684713
/home/tug87422/scratch/smithlab-shared/night-owls/derivatives/fsl/sub-104/ses-09/L1_sub-104_ses-09_task-sharedreward_model-1_type-act_run-2_space-mni_single-echo_cnfds-tedana_unsmoothed_FIR.feat,104,9,sharedreward,2,single-echo,tedana,mni,NAcc,sr_outcome_primary,Reward-Punish,6.0,-14.054329013696522,9.00955581665039,3.23,-84.32597408217913,14.550432643890378,98.8764067260695,-22.227850318220742,31.457851764218397,8.0,-88.91140127288297,-47.182577965798394
/home/tug87422/scratch/smithlab-shared/night-owls/derivatives/fsl/sub-104/ses-10/L1_sub-104_ses-10_task-mid_model-1_type-act_run-1_space-mni_multi-echo_cnfds-fmriprep_unsmoothed_FIR.feat,104,10,mid,1,multi-echo,fmriprep,mni,NAcc,mid_anticipation_primary,Reward-Neutral,5.0,-1.5965987850506977,12.62265396118164,3.23,-7.9829939252534885,20.385586147308345,28.368580072561837,16.701721026786483,46.312885305460775,8.0,66.80688410714593,15.321248170022994
/home/tug87422/scratch/smithlab-shared/night-owls/derivatives/fsl/sub-104/ses-10/L1_sub-104_ses-10_task-mid_model-1_type-act_run-1_space-mni_multi-echo_cnfds-fmriprep_unsmoothed_FIR.feat,104,10,mid,1,multi-echo,fmriprep,mni,NAcc,mid_feedback_extra,Positive-Negative,6.0,13.717435631621612,59.343679428100586,1.615,82.30461378972967,96.19165396690369,13.887040177174026,15.99440022444578,87.55919306492292,8.0,63.97760089778312,-0.6458493696277725
/home/tug87422/scratch/smithlab-shared/night-owls/derivatives/fsl/sub-104/ses-10/L1_sub-104_ses-10_task-mid_model-1_type-act_run-1_space-mni_multi-echo_cnfds-tedana_unsmoothed_FIR.feat,104,10,mid,1,multi-echo,tedana,mni,NAcc,mid_anticipation_primary,Reward-Neutral,5.0,-7.8090073608949835,-2.4663853645324707,3.23,-39.04503680447492,0.0,39.04503680447492,9.892188778201309,27.045723770425045,8.0,39.568755112805235,12.089067311478846
/home/tug87422/scratch/smithlab-shared/night-owls/derivatives/fsl/sub-104/ses-10/L1_sub-104_ses-10_task-mid_model-1_type-act_run-1_space-mni_multi-echo_cnfds-tedana_unsmoothed_FIR.feat,104,10,mid,1,multi-echo,tedana,mni,NAcc,mid_feedback_extra,Positive-Negative,6.0,9.362617358792924,51.07569766044617,1.615,56.17570415275755,85.7428341782093,29.56713002545177,5.132177420882255,72.80194594025984,8.0,20.52870968352902,-11.372315879207648
/home/tug87422/scratch/smithlab-shared/night-owls/derivatives/fsl/sub-104/ses-10/L1_sub-104_ses-10_task-mid_model-1_type-act_run-1_space-mni_single-echo_cnfds-fmriprep_unsmoothed_FIR.feat,104,10,mid,1,single-echo,fmriprep,mni,NAcc,mid_anticipation_primary,Reward-Neutral,5.0,-3.996705410965825,5.09335470199585,3.23,-19.983527054829125,12.002608832716941,31.98613588754607,17.66527666347038,45.41136030958903,8.0,70.66110665388152,17.97359864261497
/home/tug87422/scratch/smithlab-shared/night-owls/derivatives/fsl/sub-104/ses-10/L1_sub-104_ses-10_task-mid_model-1_type-act_run-1_space-mni_single-echo_cnfds-fmriprep_unsmoothed_FIR.feat,104,10,mid,1,single-echo,fmriprep,mni,NAcc,mid_feedback_extra,Positive-Negative,6.0,17.256779545240168,69.42408657073975,1.615,103.54067727144101,138.69682917411666,35.15615190267563,33.073052962530795,127.38968662654658,8.0,132.29221185012318,12.246606526360052
/home/tug87422/scratch/smithlab-shared/night-owls/derivatives/fsl/sub-104/ses-10/L1_sub-104_ses-10_task-mid_model-1_type-act_run-1_space-mni_single-echo_cnfds-tedana_unsmoothed_FIR.feat,104,10,mid,1,single-echo,tedana,mni,NAcc,mid_anticipation_primary,Reward-Neutral,5.0,-13.786074861188425,-2.5227737426757812,1.615,-68.93037430594212,0.0,68.93037430594212,8.00639371384593,24.081542015075684,6.46,32.02557485538372,13.520357754946499
/home/tug87422/scratch/smithlab-shared/night-owls/derivatives/fsl/sub-104/ses-10/L1_sub-104_ses-10_task-mid_model-1_type-act_run-1_space-mni_single-echo_cnfds-tedana_unsmoothed_FIR.feat,104,10,mid,1,single-echo,tedana,mni,NAcc,mid_feedback_extra,Positive-Negative,6.0,17.986718127240334,64.47255516052246,1.615,107.92030876344201,111.41623539632319,3.4959266328811647,24.16860982883826,106.88899233319077,8.0,96.67443931535304,5.431680401781395
/home/tug87422/scratch/smithlab-shared/night-owls/derivatives/fsl/sub-104/ses-10/L1_sub-104_ses-10_task-mid_model-1_type-act_run-2_space-mni_multi-echo_cnfds-fmriprep_unsmoothed_FIR.feat,104,10,mid,2,multi-echo,fmriprep,mni,NAcc,mid_anticipation_primary,Reward-Neutral,5.0,12.085219746650926,30.157966375350952,4.845,60.42609873325463,69.3058679869854,8.879769253730768,22.1281390928973,37.23767300655969,8.0,88.5125563715892,13.637276389650518
/home/tug87422/scratch/smithlab-shared/night-owls/derivatives/fsl/sub-104/ses-10/L1_sub-104_ses-10_task-mid_model-1_type-act_run-2_space-mni_multi-echo_cnfds-fmriprep_unsmoothed_FIR.feat,104,10,mid,2,multi-echo,fmriprep,mni,NAcc,mid_feedback_extra,Positive-Negative,6.0,-4.922324534751806,8.202128410339355,1.615,-29.53394720851084,13.598711352348328,43.13265856085916,-8.996347193424544,6.421489786437433,8.0,-35.985388773698176,-14.25642715076175
/home/tug87422/scratch/smithlab-shared/night-owls/derivatives/fsl/sub-104/ses-10/L1_sub-104_ses-10_task-mid_model-1_type-act_run-2_space-mni_multi-echo_cnfds-tedana_unsmoothed_FIR.feat,104,10,mid,2,multi-echo,tedana,mni,NAcc,mid_anticipation_primary,Reward-Neutral,5.0,19.605112333750945,35.09018611907959,3.23,98.02556166875472,100.4675788806688,2.4420172119140626,34.26009730426335,39.21878242492676,6.46,137.0403892170534,36.846784048405226
/home/tug87422/scratch/smithlab-shared/night-owls/derivatives/fsl/sub-104/ses-10/L1_sub-104_ses-10_task-mid_model-1_type-act_run-2_space-mni_multi-echo_cnfds-tedana_unsmoothed_FIR.feat,104,10,mid,2,multi-echo,tedana,mni,NAcc,mid_feedback_extra,Positive-Negative,6.0,11.124770560115442,20.44420099258423,1.615,66.74862336069265,86.35101861458271,19.602395253890073,-16.219204103713707,12.290576610771863,4.0,-64.87681641485483,-33.94354156517761
/home/tug87422/scratch/smithlab-shared/night-owls/derivatives/fsl/sub-104/ses-10/L1_sub-104_ses-10_task-mid_model-1_type-act_run-2_space-mni_single-echo_cnfds-fmriprep_unsmoothed_FIR.feat,104,10,mid,2,single-echo,fmriprep,mni,NAcc,mid_anticipation_primary,Reward-Neutral,5.0,2.6972460270354253,31.266617298126224,4.845,13.486230135177125,68.15104910722827,54.66481897205114,30.27877252241222,54.396061351055714,8.0,121.11509008964887,22.167108860547327
/home/tug87422/scratch/smithlab-shared/night-owls/derivatives/fsl/sub-104/ses-10/L1_sub-104_ses-10_task-mid_model-1_type-act_run-2_space-mni_single-echo_cnfds-fmriprep_unsmoothed_FIR.feat,104,10,mid,2,single-echo,fmriprep,mni,NAcc,mid_feedback_extra,Positive-Negative,6.0,-17.2229730642197,2.755352020263672,0.0,-103.33783838531821,2.224946756362915,105.56278514168113,-7.34379223866295,12.714085629111848,8.0,-29.3751689546518,-6.810251761516181
/home/tug87422/scratch/smithlab-shared/night-owls/derivatives/fsl/sub-104/ses-10/L1_sub-104_ses-10_task-mid_model-1_type-act_run-2_space-mni_single-echo_cnfds-tedana_unsmoothed_FIR.feat,104,10,mid,2,single-echo,tedana,mni,NAcc,mid_anticipation_primary,Reward-Neutral,5.0,5.079185224678494,33.69701099395752,3.23,25.39592612339247,71.93602978421438,46.54010366082191,36.66961689112172,51.06237030029297,6.46,146.67846756448688,41.62865377136797
/home/tug87422/scratch/smithlab-shared/night-owls/derivatives/fsl/sub-104/ses-10/L1_sub-104_ses-10_task-mid_model-1_type-act_run-2_space-mni_single-echo_cnfds-tedana_unsmoothed_FIR.feat,104,10,mid,2,single-echo,tedana,mni,NAcc,mid_feedback_extra,Positive-Negative,6.0,7.156592113365513,35.40546894073486,0.0,42.93955268019308,81.04204909622669,38.10249641603361,-6.8524458291669905,18.49338697427569,8.0,-27.409783316667962,-24.890919651409423
/home/tug87422/scratch/smithlab-shared/night-owls/derivatives/fsl/sub-104/ses-10/L1_sub-104_ses-10_task-sharedreward_model-1_type-act_run-1_space-mni_multi-echo_cnfds-fmriprep_unsmoothed_FIR.feat,104,10,sharedreward,1,multi-echo,fmriprep,mni,NAcc,sr_decision_partner_extra,Computer-Stranger,6.0,-6.670581937558389,42.39473056793213,4.845,-40.02349162535033,70.94838120027222,110.97187282562255,17.111725580620323,42.39473056793213,4.845,68.4469023224813,21.180397166556247
/home/tug87422/scratch/smithlab-shared/night-owls/derivatives/fsl/sub-104/ses-10/L1_sub-104_ses-10_task-sharedreward_model-1_type-act_run-1_space-mni_multi-echo_cnfds-fmriprep_unsmoothed_FIR.feat,104,10,sharedreward,1,multi-echo,fmriprep,mni,NAcc,sr_outcome_primary,Reward-Neutral,6.0,28.99828609328398,67.67903518676758,0.0,173.98971655970388,173.98971655970388,0.0,11.006109108005415,28.330161288795825,4.0,44.02443643202166,23.91751511694846
/home/tug87422/scratch/smithlab-shared/night-owls/derivatives/fsl/sub-104/ses-10/L1_sub-104_ses-10_task-sharedreward_model-1_type-act_run-1_space-mni_multi-echo_cnfds-fmriprep_unsmoothed_FIR.feat,104,10,sharedreward,1,multi-echo,fmriprep,mni,NAcc,sr_outcome_primary,Punish-Neutral,6.0,43.34704668167759,71.90079170114853,6.0,260.0822800900655,260.0822800900655,0.0,33.60808767115644,94.82316160202026,6.46,134.43235068462576,71.90079170114853
/home/tug87422/scratch/smithlab-shared/night-owls/derivatives/fsl/sub-104/ses-10/L1_sub-104_ses-10_task-sharedreward_model-1_type-act_run-1_space-mni_multi-echo_cnfds-fmriprep_unsmoothed_FIR.feat,104,10,sharedreward,1,multi-echo,fmriprep,mni,NAcc,sr_outcome_primary,Reward-Punish,6.0,-14.348760588393619,18.392837524414062,0.0,-86.09256353036172,30.593893852233887,116.68645738259559,-22.60197856315103,10.893837213516235,4.845,-90.40791425260412,-47.983276584200084
/home/tug87422/scratch/smithlab-shared/night-owls/derivatives/fsl/sub-104/ses-10/L1_sub-104_ses-10_task-sharedreward_model-1_type-act_run-1_space-mni_multi-echo_cnfds-tedana_unsmoothed_FIR.feat,104,10,sharedreward,1,multi-echo,tedana,mni,NAcc,sr_decision_partner_extra,Computer-Stranger,6.0,-11.166601928663992,9.22782611846924,4.845,-66.99961157198395,15.204347452111545,82.2039590240955,-15.09697011557872,9.22782611846924,4.845,-60.38788046231488,-14.252294681020567
/home/tug87422/scratch/smithlab-shared/night-owls/derivatives/fsl/sub-104/ses-10/L1_sub-104_ses-10_task-sharedreward_model-1_type-act_run-1_space-mni_multi-echo_cnfds-tedana_unsmoothed_FIR.feat,104,10,sharedreward,1,multi-echo,tedana,mni,NAcc,sr_outcome_primary,Reward-Neutral,6.0,-41.21036210283314,-26.692532777786255,0.0,-247.26217261699884,0.0,247.26217261699884,-44.72128219669356,-34.782369433541774,8.0,-178.88512878677423,-52.26345446973393
/home/tug87422/scratch/smithlab-shared/night-owls/derivatives/fsl/sub-104/ses-10/L1_sub-104_ses-10_task-sharedreward_model-1_type-act_run-1_space-mni_multi-echo_cnfds-tedana_unsmoothed_FIR.feat,104,10,sharedreward,1,multi-echo,tedana,mni,NAcc,sr_outcome_primary,Punish-Neutral,6.0,-29.78919665842341,-4.749556541442873,1.615,-178.73517995054047,0.0,178.73517995054047,-24.5112724192286,6.94192898273468,6.46,-98.0450896769144,-9.670467598519457
/home/tug87422/scratch/smithlab-shared/night-owls/derivatives/fsl/sub-104/ses-10/L1_sub-104_ses-10_task-sharedreward_model-1_type-act_run-1_space-mni_multi-echo_cnfds-tedana_unsmoothed_FIR.feat,104,10,sharedreward,1,multi-echo,tedana,mni,NAcc,sr_outcome_primary,Reward-Punish,6.0,-11.421165444409732,16.5398268699646,4.845,-68.5269926664584,34.86532147228718,103.39231413874558,-20.21000977746496,16.5398268699646,4.845,-80.84003910985984,-42.59298687121448
/home/tug87422/scratch/smithlab-shared/night-owls/derivatives/fsl/sub-104/ses-10/L1_sub-104_ses-10_task-sharedreward_model-1_type-act_run-1_space-mni_single-echo_cnfds-fmriprep_unsmoothed_FIR.feat,104,10,sharedreward,1,single-echo,fmriprep,mni,NAcc,sr_decision_partner_extra,Computer-Stranger,6.0,-10.893435783464502,33.88775444030762,4.845,-65.36061470078701,54.2345089597774,119.59512366056441,14.004954234521964,33.88775444030762,4.845,56.01981693808786,12.640639064850818
/home/tug87422/scratch/smithlab-shared/night-owls/derivatives/fsl/sub-104/ses-10/L1_sub-104_ses-10_task-sharedreward_model-1_type-act_run-1_space-mni_single-echo_cnfds-fmriprep_unsmoothed_FIR.feat,104,10,sharedreward,1,single-echo,fmriprep,mni,NAcc,sr_outcome_primary,Reward-Neutral,6.0,10.895821504217674,47.37971115112305,0.0,65.37492902530605,80.3838467289346,15.008917703628546,-2.17686802116342,24.417316436767578,6.46,-8.70747208465368,21.336159892126503
/home/tug87422/scratch/smithlab-shared/night-owls/derivatives/fsl/sub-104/ses-10/L1_sub-104_ses-10_task-sharedreward_model-1_type-act_run-1_space-mni_single-echo_cnfds-fmriprep_unsmoothed_FIR.feat,104,10,sharedreward,1,single-echo,fmriprep,mni,NAcc,sr_outcome_primary,Punish-Neutral,6.0,27.834931210323145,84.1903559061765,6.0,167.00958726193886,167.00958726193886,0.0,29.446343994198738,112.50227737426758,6.46,117.78537597679495,84.1903559061765
/home/tug87422/scratch/smithlab-shared/night-owls/derivatives/fsl/sub-104/ses-10/L1_sub-104_ses-10_task-sharedreward_model-1_type-act_run-1_space-mni_single-echo_cnfds-fmriprep_unsmoothed_FIR.feat,104,10,sharedreward,1,single-echo,fmriprep,mni,NAcc,sr_outcome_primary,Reward-Punish,6.0,-16.939109706105466,13.91468620300293,0.0,-101.63465823663279,20.02595820069313,121.66061643732591,-31.623212015362157,13.81930860867814,8.0,-126.49284806144863,-62.85419601405
/home/tug87422/scratch/smithlab-shared/night-owls/derivatives/fsl/sub-104/ses-10/L1_sub-104_ses-10_task-sharedreward_model-1_type-act_run-1_space-mni_single-echo_cnfds-tedana_unsmoothed_FIR.feat,104,10,sharedreward,1,single-echo,tedana,mni,NAcc,sr_decision_partner_extra,Computer-Stranger,6.0,-24.63925734040876,2.482983827590943,0.0,-147.83554404245257,2.0050094407796863,149.84055348323224,-33.36039027358541,-20.62743091583252,4.845,-133.44156109434164,-39.62037794804056
/home/tug87422/scratch/smithlab-shared/night-owls/derivatives/fsl/sub-104/ses-10/L1_sub-104_ses-10_task-sharedreward_model-1_type-act_run-1_space-mni_single-echo_cnfds-tedana_unsmoothed_FIR.feat,104,10,sharedreward,1,single-echo,tedana,mni,NAcc,sr_outcome_primary,Reward-Neutral,6.0,-64.95045754328787,-43.65584754943848,4.845,-389.7027452597272,0.0,389.7027452597272,-66.6292296854575,-43.65584754943848,4.845,-266.51691874183,-73.6231652250969
/home/tug87422/scratch/smithlab-shared/night-owls/derivatives/fsl/sub-104/ses-10/L1_sub-104_ses-10_task-sharedreward_model-1_type-act_run-1_space-mni_single-echo_cnfds-tedana_unsmoothed_FIR.feat,104,10,sharedreward,1,single-echo,tedana,mni,NAcc,sr_outcome_primary,Punish-Neutral,6.0,-62.66528512891109,-29.725745103676623,6.0,-375.99171077346654,0.0,375.99171077346654,-47.42889146766611,-18.050676345825195,6.46,-189.71556587066445,-29.725745103676623
/home/tug87422/scratch/smithlab-shared/night-owls/derivatives/fsl/sub-104/ses-10/L1_sub-104_ses-10_task-sharedreward_model-1_type-act_run-1_space-mni_single-echo_cnfds-tedana_unsmoothed_FIR.feat,104,10,sharedreward,1,single-echo,tedana,mni,NAcc,sr_outcome_primary,Reward-Punish,6.0,-2.2851724143767647,17.149813652038574,3.23,-13.711034486260587,54.58916709780692,68.30020158406751,-19.200338217791383,16.308133907731474,4.0,-76.80135287116553,-43.89742012142028
/home/tug87422/scratch/smithlab-shared/night-owls/derivatives/fsl/sub-104/ses-10/L1_sub-104_ses-10_task-sharedreward_model-1_type-act_run-2_space-mni_multi-echo_cnfds-fmriprep_unsmoothed_FIR.feat,104,10,sharedreward,2,multi-echo,fmriprep,mni,NAcc,sr_decision_partner_extra,Computer-Stranger,6.0,-40.706332499743496,-1.451981544494629,0.0,-244.23799499846098,0.0,244.23799499846098,-79.96276666712836,-54.11969969073317,4.0,-319.85106666851345,-69.21787491671441
/home/tug87422/scratch/smithlab-shared/night-owls/derivatives/fsl/sub-104/ses-10/L1_sub-104_ses-10_task-sharedreward_model-1_type-act_run-2_space-mni_multi-echo_cnfds-fmriprep_unsmoothed_FIR.feat,104,10,sharedreward,2,multi-echo,fmriprep,mni,NAcc,sr_outcome_primary,Reward-Neutral,6.0,-22.774581583353267,119.6368637084961,1.615,-136.6474895001196,193.2135348892212,329.86102438934086,-43.38127357905493,60.92502044819464,8.0,-173.5250943162197,-82.93429480396188
/home/tug87422/scratch/smithlab-shared/night-owls/derivatives/fsl/sub-104/ses-10/L1_sub-104_ses-10_task-sharedreward_model-1_type-act_run-2_space-mni_multi-echo_cnfds-fmriprep_unsmoothed_FIR.feat,104,10,sharedreward,2,multi-echo,fmriprep,mni,NAcc,sr_outcome_primary,Punish-Neutral,6.0,-25.148064755542112,124.45677757263184,1.615,-150.88838853325268,200.9976957798004,351.88608431305306,-65.39986674237545,41.905120944091124,8.0,-261.5994669695018,-104.6451401725273
/home/tug87422/scratch/smithlab-shared/night-owls/derivatives/fsl/sub-104/ses-10/L1_sub-104_ses-10_task-sharedreward_model-1_type-act_run-2_space-mni_multi-echo_cnfds-fmriprep_unsmoothed_FIR.feat,104,10,sharedreward,2,multi-echo,fmriprep,mni,NAcc,sr_outcome_primary,Reward-Punish,6.0,2.373483172188847,29.051668167114258,4.845,14.240899033133083,68.89451538044601,54.65361634731293,22.018593163320524,29.051668167114258,4.845,88.0743726532821,21.71084536856542
/home/tug87422/scratch/smithlab-shared/night-owls/derivatives/fsl/sub-104/ses-10/L1_sub-104_ses-10_task-sharedreward_model-1_type-act_run-2_space-mni_multi-echo_cnfds-tedana_unsmoothed_FIR.feat,104,10,sharedreward,2,multi-echo,tedana,mni,NAcc,sr_decision_partner_extra,Computer-Stranger,6.0,-29.947854625385244,-2.115950584411621,0.0,-179.68712775231145,0.0,179.68712775231145,-46.315830701130096,-20.492183685302734,6.46,-185.26332280452039,-33.28958464702216
/home/tug87422/scratch/smithlab-shared/night-owls/derivatives/fsl/sub-104/ses-10/L1_sub-104_ses-10_task-sharedreward_model-1_type-act_run-2_space-mni_multi-echo_cnfds-tedana_unsmoothed_FIR.feat,104,10,sharedreward,2,multi-echo,tedana,mni,NAcc,sr_outcome_primary,Reward-Neutral,6.0,0.22573131774355026,116.44109725952148,1.615,1.3543879064613016,188.0523720741272,186.69798416766588,-13.195002658009155,37.698544085948484,8.0,-52.78001063203662,-23.39026759357275
/home/tug87422/scratch/smithlab-shared/night-owls/derivatives/fsl/sub-104/ses-10/L1_sub-104_ses-10_task-sharedreward_model-1_type-act_run-2_space-mni_multi-echo_cnfds-tedana_unsmoothed_FIR.feat,104,10,sharedreward,2,multi-echo,tedana,mni,NAcc,sr_outcome_primary,Punish-Neutral,6.0,2.222789107614009,142.02578258514404,1.615,13.336734645684054,229.37163887500762,216.03490422932356,-31.173568423063752,30.07200161369965,8.0,-124.69427369225501,-45.25004294782231
/home/tug87422/scratch/smithlab-shared/night-owls/derivatives/fsl/sub-104/ses-10/L1_sub-104_ses-10_task-sharedreward_model-1_type-act_run-2_space-mni_multi-echo_cnfds-tedana_unsmoothed_FIR.feat,104,10,sharedreward,2,multi-echo,tedana,mni,NAcc,sr_outcome_primary,Reward-Punish,6.0,-1.9970577898704587,21.85977535424956,6.0,-11.982346739222752,56.67117733533169,68.65352407455444,17.9785657650546,22.90993881225586,6.46,71.9142630602184,21.85977535424956
/home/tug87422/scratch/smithlab-shared/night-owls/derivatives/fsl/sub-104/ses-10/L1_sub-104_ses-10_task-sharedreward_model-1_type-act_run-2_space-mni_single-echo_cnfds-fmriprep_unsmoothed_FIR.feat,104,10,sharedreward,2,single-echo,fmriprep,mni,NAcc,sr_decision_partner_extra,Computer-Stranger,6.0,-49.02613330430137,-22.874732494354248,0.0,-294.1567998258082,0.0,294.1567998258082,-74.14833970363549,-48.6258282661438,6.46,-296.59335881454194,-59.16531556161933
/home/tug87422/scratch/smithlab-shared/night-owls/derivatives/fsl/sub-104/ses-10/L1_sub-104_ses-10_task-sharedreward_model-1_type-act_run-2_space-mni_single-echo_cnfds-fmriprep_unsmoothed_FIR.feat,104,10,sharedreward,2,single-echo,fmriprep,mni,NAcc,sr_outcome_primary,Reward-Neutral,6.0,-18.538919460751327,144.15373039245605,1.615,-111.23351676450795,232.80827458381654,344.0417913483245,-53.175661665212246,64.20805329361205,8.0,-212.70264666084898,-99.18035202498777
/home/tug87422/scratch/smithlab-shared/night-owls/derivatives/fsl/sub-104/ses-10/L1_sub-104_ses-10_task-sharedreward_model-1_type-act_run-2_space-mni_single-echo_cnfds-fmriprep_unsmoothed_FIR.feat,104,10,sharedreward,2,single-echo,fmriprep,mni,NAcc,sr_outcome_primary,Punish-Neutral,6.0,-26.547758059846117,141.43179321289062,1.615,-159.2865483590767,228.41234603881836,387.69889439789506,-76.12021172622407,34.39191946968583,8.0,-304.4808469048963,-121.46035674481939
/home/tug87422/scratch/smithlab-shared/night-owls/derivatives/fsl/sub-104/ses-10/L1_sub-104_ses-10_task-sharedreward_model-1_type-act_run-2_space-mni_single-echo_cnfds-fmriprep_unsmoothed_FIR.feat,104,10,sharedreward,2,single-echo,fmriprep,mni,NAcc,sr_outcome_primary,Reward-Punish,6.0,8.008838599094789,22.280004719831627,6.0,48.05303159456873,71.37735662203455,23.32432502746582,22.94455006101183,29.816133823926236,8.0,91.77820024404733,22.280004719831627
/home/tug87422/scratch/smithlab-shared/night-owls/derivatives/fsl/sub-104/ses-10/L1_sub-104_ses-10_task-sharedreward_model-1_type-act_run-2_space-mni_single-echo_cnfds-tedana_unsmoothed_FIR.feat,104,10,sharedreward,2,single-echo,tedana,mni,NAcc,sr_decision_partner_extra,Computer-Stranger,6.0,-38.97582678016617,-19.293254852294922,0.0,-233.85496068099704,0.0,233.85496068099704,-39.67313151107115,-7.733619689941406,6.46,-158.6925260442846,-23.39691395951498
/home/tug87422/scratch/smithlab-shared/night-owls/derivatives/fsl/sub-104/ses-10/L1_sub-104_ses-10_task-sharedreward_model-1_type-act_run-2_space-mni_single-echo_cnfds-tedana_unsmoothed_FIR.feat,104,10,sharedreward,2,single-echo,tedana,mni,NAcc,sr_outcome_primary,Reward-Neutral,6.0,7.961088422401525,125.98824119567871,1.615,47.76653053440915,203.4710095310211,155.70447899661195,-11.780633337386984,41.88348654992074,8.0,-47.122533349547936,-22.60024279780432
/home/tug87422/scratch/smithlab-shared/night-owls/derivatives/fsl/sub-104/ses-10/L1_sub-104_ses-10_task-sharedreward_model-1_type-act_run-2_space-mni_single-echo_cnfds-tedana_unsmoothed_FIR.feat,104,10,sharedreward,2,single-echo,tedana,mni,NAcc,sr_outcome_primary,Punish-Neutral,6.0,4.59502190474755,150.2686800956726,1.615,27.570131428485297,242.68391835451126,215.11378692602597,-34.58575982592423,17.315268348245095,8.0,-138.3430393036969,-50.1977425979756
/home/tug87422/scratch/smithlab-shared/night-owls/derivatives/fsl/sub-104/ses-10/L1_sub-104_ses-10_task-sharedreward_model-1_type-act_run-2_space-mni_single-echo_cnfds-tedana_unsmoothed_FIR.feat,104,10,sharedreward,2,single-echo,tedana,mni,NAcc,sr_outcome_primary,Reward-Punish,6.0,3.3660665176539726,27.597499800171278,6.0,20.196399105923835,61.351781855958166,41.155382750034335,22.805126488537244,35.205074310302734,6.46,91.22050595414898,27.597499800171278
/home/tug87422/scratch/smithlab-shared/night-owls/derivatives/fsl/sub-104/ses-11/L1_sub-104_ses-11_task-mid_model-1_type-act_run-1_space-mni_multi-echo_cnfds-fmriprep_unsmoothed_FIR.feat,104,11,mid,1,multi-echo,fmriprep,mni,NAcc,mid_anticipation_primary,Reward-Neutral,5.0,-11.432543702735991,24.758851051330566,1.615,-57.162718513679955,39.98554444789887,97.14826296157882,-37.142434085041,-12.749511373301395,8.0,-148.569736340164,-42.25850293363211
/home/tug87422/scratch/smithlab-shared/night-owls/derivatives/fsl/sub-104/ses-11/L1_sub-104_ses-11_task-mid_model-1_type-act_run-1_space-mni_multi-echo_cnfds-fmriprep_unsmoothed_FIR.feat,104,11,mid,1,multi-echo,fmriprep,mni,NAcc,mid_feedback_extra,Positive-Negative,6.0,-16.17099487105944,16.995920181274407,4.845,-97.02596922635664,40.11663654327393,137.14260576963056,-14.542491819076583,38.10453130881487,8.0,-58.16996727630633,-38.739966625768716
/home/tug87422/scratch/smithlab-shared/night-owls/derivatives/fsl/sub-104/ses-11/L1_sub-104_ses-11_task-mid_model-1_type-act_run-1_space-mni_multi-echo_cnfds-tedana_unsmoothed_FIR.feat,104,11,mid,1,multi-echo,tedana,mni,NAcc,mid_anticipation_primary,Reward-Neutral,5.0,19.738403426622828,26.05040253205196,5.0,98.69201713311413,98.69201713311413,0.0,23.100423837579072,32.12983322143555,6.46,92.40169535031629,30.21439615491743
/home/tug87422/scratch/smithlab-shared/night-owls/derivatives/fsl/sub-104/ses-11/L1_sub-104_ses-11_task-mid_model-1_type-act_run-1_space-mni_multi-echo_cnfds-tedana_unsmoothed_FIR.feat,104,11,mid,1,multi-echo,tedana,mni,NAcc,mid_feedback_extra,Positive-Negative,6.0,5.755383635194043,31.39726734161377,1.615,34.53230181116426,67.60268799681032,33.07038618564606,14.159102736511722,60.566872529616326,8.0,56.63641094604689,3.543145102659246
/home/tug87422/scratch/smithlab-shared/night-owls/derivatives/fsl/sub-104/ses-11/L1_sub-104_ses-11_task-mid_model-1_type-act_run-1_space-mni_single-echo_cnfds-fmriprep_unsmoothed_FIR.feat,104,11,mid,1,single-echo,fmriprep,mni,NAcc,mid_anticipation_primary,Reward-Neutral,5.0,-10.39237674738822,-4.066569805145264,1.615,-51.9618837369411,0.0,51.9618837369411,-24.6938503112411,-17.61516243606898,4.0,-98.7754012449644,-27.458746619268837
/home/tug87422/scratch/smithlab-shared/night-owls/derivatives/fsl/sub-104/ses-11/L1_sub-104_ses-11_task-mid_model-1_type-act_run-1_space-mni_single-echo_cnfds-fmriprep_unsmoothed_FIR.feat,104,11,mid,1,single-echo,fmriprep,mni,NAcc,mid_feedback_extra,Positive-Negative,6.0,-11.759357521294683,6.610337257385254,0.0,-70.5561451277681,5.3378473353385925,75.8939924631067,-16.596193968427624,-12.341653042902518,8.0,-66.3847758737105,-16.305388109602795
/home/tug87422/scratch/smithlab-shared/night-owls/derivatives/fsl/sub-104/ses-11/L1_sub-104_ses-11_task-mid_model-1_type-act_run-1_space-mni_single-echo_cnfds-tedana_unsmoothed_FIR.feat,104,11,mid,1,single-echo,tedana,mni,NAcc,mid_anticipation_primary,Reward-Neutral,5.0,6.562549321020168,21.270723640918735,3.23,32.81274660510084,47.11691653055212,14.304169925451278,5.681587236059177,13.60542857997558,4.0,22.726348944236708,10.868119561635305
/home/tug87422/scratch/smithlab-shared/night-owls/derivatives/fsl/sub-104/ses-11/L1_sub-104_ses-11_task-mid_model-1_type-act_run-1_space-mni_single-echo_cnfds-tedana_unsmoothed_FIR.feat,104,11,mid,1,single-echo,tedana,mni,NAcc,mid_feedback_extra,Positive-Negative,6.0,2.4936335161565135,17.52370810508728,1.615,14.96180109693908,41.10753815367126,26.14573705673218,-1.9389742575765778,8.032041549682617,6.46,-7.755897030306311,2.809014400092442
/home/tug87422/scratch/smithlab-shared/night-owls/derivatives/fsl/sub-104/ses-11/L1_sub-104_ses-11_task-mid_model-1_type-act_run-2_space-mni_multi-echo_cnfds-fmriprep_unsmoothed_FIR.feat,104,11,mid,2,multi-echo,fmriprep,mni,NAcc,mid_anticipation_primary,Reward-Neutral,5.0,-33.837485257000374,50.66724681854248,1.615,-169.18742628500186,85.02155098438263,254.20897726938452,-25.432704506799716,9.279726028442383,6.46,-101.73081802719886,0.6397755891546016
/home/tug87422/scratch/smithlab-shared/night-owls/derivatives/fsl/sub-104/ses-11/L1_sub-104_ses-11_task-mid_model-1_type-act_run-2_space-mni_multi-echo_cnfds-fmriprep_unsmoothed_FIR.feat,104,11,mid,2,multi-echo,fmriprep,mni,NAcc,mid_feedback_extra,Positive-Negative,6.0,23.62431284982853,92.92891529202461,1.615,141.7458770989712,189.4132889311016,47.66741183213036,-9.181003630242476,28.399343490600586,4.845,-36.7240145209699,-27.09909534749601
/home/tug87422/scratch/smithlab-shared/night-owls/derivatives/fsl/sub-104/ses-11/L1_sub-104_ses-11_task-mid_model-1_type-act_run-2_space-mni_multi-echo_cnfds-tedana_unsmoothed_FIR.feat,104,11,mid,2,multi-echo,tedana,mni,NAcc,mid_anticipation_primary,Reward-Neutral,5.0,-32.65996852084653,4.767362117767334,1.615,-163.29984260423265,9.225792386531829,172.52563499076444,-3.726942150144383,8.700276374816896,6.46,-14.907768600577532,4.566505004008858
/home/tug87422/scratch/smithlab-shared/night-owls/derivatives/fsl/sub-104/ses-11/L1_sub-104_ses-11_task-mid_model-1_type-act_run-2_space-mni_multi-echo_cnfds-tedana_unsmoothed_FIR.feat,104,11,mid,2,multi-echo,tedana,mni,NAcc,mid_feedback_extra,Positive-Negative,6.0,15.442119241224887,68.52398490905762,3.23,92.65271544734932,194.30686532020567,101.65414987285638,-38.91248406665336,22.45905438000941,4.0,-155.64993626661345,-60.3823840005479
/home/tug87422/scratch/smithlab-shared/night-owls/derivatives/fsl/sub-104/ses-11/L1_sub-104_ses-11_task-mid_model-1_type-act_run-2_space-mni_single-echo_cnfds-fmriprep_unsmoothed_FIR.feat,104,11,mid,2,single-echo,fmriprep,mni,NAcc,mid_anticipation_primary,Reward-Neutral,5.0,-11.265903927038327,0.2446308135986328,4.845,-56.32951963519164,0.21649827003479002,56.546017905226435,-15.238940475695646,0.2446308135986328,4.845,-60.955761902782584,-7.245846802974265
/home/tug87422/scratch/smithlab-shared/night-owls/derivatives/fsl/sub-104/ses-11/L1_sub-104_ses-11_task-mid_model-1_type-act_run-2_space-mni_single-echo_cnfds-fmriprep_unsmoothed_FIR.feat,104,11,mid,2,single-echo,fmriprep,mni,NAcc,mid_feedback_extra,Positive-Negative,6.0,13.847954200092238,36.47245788574219,0.0,83.08772520055342,83.08772520055342,0.0,7.394204735397464,23.538374260114082,8.0,29.576818941589856,0.2331806218291946
/home/tug87422/scratch/smithlab-shared/night-owls/derivatives/fsl/sub-104/ses-11/L1_sub-104_ses-11_task-mid_model-1_type-act_run-2_space-mni_single-echo_cnfds-tedana_unsmoothed_FIR.feat,104,11,mid,2,single-echo,tedana,mni,NAcc,mid_anticipation_primary,Reward-Neutral,5.0,-9.406868145222449,13.787139892578125,4.845,-47.03434072611224,12.983458659375785,60.017799385488026,-16.076812010717468,13.787139892578125,4.845,-64.30724804286987,-13.77550966008898
/home/tug87422/scratch/smithlab-shared/night-owls/derivatives/fsl/sub-104/ses-11/L1_sub-104_ses-11_task-mid_model-1_type-act_run-2_space-mni_single-echo_cnfds-tedana_unsmoothed_FIR.feat,104,11,mid,2,single-echo,tedana,mni,NAcc,mid_feedback_extra,Positive-Negative,6.0,-5.274105046288455,12.603452205657959,0.0,-31.64463027773073,10.177287656068803,41.821917933799526,-12.124703045681166,-4.166031196759581,4.0,-48.49881218272466,-16.815854518406162
/home/tug87422/scratch/smithlab-shared/night-owls/derivatives/fsl/sub-104/ses-11/L1_sub-104_ses-11_task-sharedreward_model-1_type-act_run-1_space-mni_multi-echo_cnfds-fmriprep_unsmoothed_FIR.feat,104,11,sharedreward,1,multi-echo,fmriprep,mni,NAcc,sr_decision_partner_extra,Computer-Stranger,6.0,6.714207272400423,66.48661804199219,1.615,40.28524363440254,126.82713088989257,86.54188725549002,-5.503999441252213,71.66858588062208,8.0,-22.01599776500885,-29.06638587739077
/home/tug87422/scratch/smithlab-shared/night-owls/derivatives/fsl/sub-104/ses-11/L1_sub-104_ses-11_task-sharedreward_model-1_type-act_run-1_space-mni_multi-echo_cnfds-fmriprep_unsmoothed_FIR.feat,104,11,sharedreward,1,multi-echo,fmriprep,mni,NAcc,sr_outcome_primary,Reward-Neutral,6.0,-8.876936675880957,75.13507747650146,0.0,-53.261620055285746,182.08225489512319,235.34387495040895,-8.947888036837167,136.1218490600586,6.46,-35.79155214734867,59.39507577146173
/home/tug87422/scratch/smithlab-shared/night-owls/derivatives/fsl/sub-104/ses-11/L1_sub-104_ses-11_task-sharedreward_model-1_type-act_run-1_space-mni_multi-echo_cnfds-fmriprep_unsmoothed_FIR.feat,104,11,sharedreward,1,multi-echo,fmriprep,mni,NAcc,sr_outcome_primary,Punish-Neutral,6.0,8.646174283027653,141.96185302734375,0.0,51.877045698165915,206.19276356697083,154.31571786880494,23.27763428182423,174.40740585327148,6.46,93.11053712729692,103.69230270385742
/home/tug87422/scratch/smithlab-shared/night-owls/derivatives/fsl/sub-104/ses-11/L1_sub-104_ses-11_task-sharedreward_model-1_type-act_run-1_space-mni_multi-echo_cnfds-fmriprep_unsmoothed_FIR.feat,104,11,sharedreward,1,multi-echo,fmriprep,mni,NAcc,sr_outcome_primary,Reward-Punish,6.0,-17.523110958908614,34.324310302734375,3.23,-105.13866575345168,56.663172988891596,161.80183874234328,-32.2255223186614,11.58614461562215,8.0,-128.9020892746456,-44.29722693239572
/home/tug87422/scratch/smithlab-shared/night-owls/derivatives/fsl/sub-104/ses-11/L1_sub-104_ses-11_task-sharedreward_model-1_type-act_run-1_space-mni_multi-echo_cnfds-tedana_unsmoothed_FIR.feat,104,11,sharedreward,1,multi-echo,tedana,mni,NAcc,sr_decision_partner_extra,Computer-Stranger,6.0,-32.67880729725917,7.615152359008789,0.0,-196.07284378355502,6.149235529899597,202.22207931345463,-32.242160837285375,15.489165994035975,8.0,-128.9686433491415,-49.97287913225015
/home/tug87422/scratch/smithlab-shared/night-owls/derivatives/fsl/sub-104/ses-11/L1_sub-104_ses-11_task-sharedreward_model-1_type-act_run-1_space-mni_multi-echo_cnfds-tedana_unsmoothed_FIR.feat,104,11,sharedreward,1,multi-echo,tedana,mni,NAcc,sr_outcome_primary,Reward-Neutral,6.0,-11.622241834518958,99.44388341903687,1.615,-69.73345100711374,215.0649272608757,284.79837826798945,-45.02476161283791,48.84957981109619,6.46,-180.09904645135163,-6.687601594363922
/home/tug87422/scratch/smithlab-shared/night-owls/derivatives/fsl/sub-104/ses-11/L1_sub-104_ses-11_task-sharedreward_model-1_type-act_run-1_space-mni_multi-echo_cnfds-tedana_unsmoothed_FIR.feat,104,11,sharedreward,1,multi-echo,tedana,mni,NAcc,sr_outcome_primary,Punish-Neutral,6.0,-9.516565850810737,144.66411590576172,0.0,-57.09939510486442,175.93467241287232,233.03406751773676,-36.12004271907149,31.68700122833252,6.46,-144.48017087628597,-6.530547685298373
/home/tug87422/scratch/smithlab-shared/night-owls/derivatives/fsl/sub-104/ses-11/L1_sub-104_ses-11_task-sharedreward_model-1_type-act_run-1_space-mni_multi-echo_cnfds-tedana_unsmoothed_FIR.feat,104,11,sharedreward,1,multi-echo,tedana,mni,NAcc,sr_outcome_primary,Reward-Punish,6.0,-2.105675983708217,62.83806371688843,1.615,-12.634055902249301,110.25734372377396,122.89139962602326,-8.904718893766404,17.162578582763672,6.46,-35.618875575065616,-0.1570539090655496
/home/tug87422/scratch/smithlab-shared/night-owls/derivatives/fsl/sub-104/ses-11/L1_sub-104_ses-11_task-sharedreward_model-1_type-act_run-1_space-mni_single-echo_cnfds-fmriprep_unsmoothed_FIR.feat,104,11,sharedreward,1,single-echo,fmriprep,mni,NAcc,sr_decision_partner_extra,Computer-Stranger,6.0,-5.685098981321534,18.11310577392578,1.615,-34.110593887929205,29.252665824890137,63.36325971281935,-1.2409247493236366,51.7964272174304,8.0,-4.9636989972945464,-13.315178423843147
/home/tug87422/scratch/smithlab-shared/night-owls/derivatives/fsl/sub-104/ses-11/L1_sub-104_ses-11_task-sharedreward_model-1_type-act_run-1_space-mni_single-echo_cnfds-fmriprep_unsmoothed_FIR.feat,104,11,sharedreward,1,single-echo,fmriprep,mni,NAcc,sr_outcome_primary,Reward-Neutral,6.0,-5.48030763863656,45.994720458984375,0.0,-32.88184583181936,70.41913495426577,103.30098078608513,-16.55470805695275,28.085984706878662,6.46,-66.218832227811,1.936911655284312
/home/tug87422/scratch/smithlab-shared/night-owls/derivatives/fsl/sub-104/ses-11/L1_sub-104_ses-11_task-sharedreward_model-1_type-act_run-1_space-mni_single-echo_cnfds-fmriprep_unsmoothed_FIR.feat,104,11,sharedreward,1,single-echo,fmriprep,mni,NAcc,sr_outcome_primary,Punish-Neutral,6.0,-21.64692977525901,51.59541702270508,0.0,-129.88157865155407,41.66329924583435,171.5448778973884,-30.921852235735482,25.10327124595642,6.46,-123.68740894294193,-8.038095674278553
/home/tug87422/scratch/smithlab-shared/night-owls/derivatives/fsl/sub-104/ses-11/L1_sub-104_ses-11_task-sharedreward_model-1_type-act_run-1_space-mni_single-echo_cnfds-fmriprep_unsmoothed_FIR.feat,104,11,sharedreward,1,single-echo,fmriprep,mni,NAcc,sr_outcome_primary,Reward-Punish,6.0,16.166622136622454,29.84775972366333,3.23,96.99973281973472,101.52229529493918,4.5225624752044675,14.36714417878273,28.743529886653178,4.0,57.46857671513092,9.975007329562867
/home/tug87422/scratch/smithlab-shared/night-owls/derivatives/fsl/sub-104/ses-11/L1_sub-104_ses-11_task-sharedreward_model-1_type-act_run-1_space-mni_single-echo_cnfds-tedana_unsmoothed_FIR.feat,104,11,sharedreward,1,single-echo,tedana,mni,NAcc,sr_decision_partner_extra,Computer-Stranger,6.0,-25.58955618792581,-20.45722198486328,1.615,-153.53733712755488,0.0,153.53733712755488,-11.413538027245648,41.56383370615014,8.0,-45.65415210898259,-23.661755998806317
/home/tug87422/scratch/smithlab-shared/night-owls/derivatives/fsl/sub-104/ses-11/L1_sub-104_ses-11_task-sharedreward_model-1_type-act_run-1_space-mni_single-echo_cnfds-tedana_unsmoothed_FIR.feat,104,11,sharedreward,1,single-echo,tedana,mni,NAcc,sr_outcome_primary,Reward-Neutral,6.0,8.653784667026514,49.383161544799805,1.615,51.922708002159084,113.32689928889275,61.40419128673366,-11.12290938242486,9.662307739257812,6.46,-44.49163752969944,-5.11079287455178
/home/tug87422/scratch/smithlab-shared/night-owls/derivatives/fsl/sub-104/ses-11/L1_sub-104_ses-11_task-sharedreward_model-1_type-act_run-1_space-mni_single-echo_cnfds-tedana_unsmoothed_FIR.feat,104,11,sharedreward,1,single-echo,tedana,mni,NAcc,sr_outcome_primary,Punish-Neutral,6.0,23.435235879024948,58.1451473236084,0.0,140.6114152741497,160.53775380850485,19.926338534355168,6.459977646755867,21.614649403944107,8.0,25.839910587023468,5.633228966695236
/home/tug87422/scratch/smithlab-shared/night-owls/derivatives/fsl/sub-104/ses-11/L1_sub-104_ses-11_task-sharedreward_model-1_type-act_run-1_space-mni_single-echo_cnfds-tedana_unsmoothed_FIR.feat,104,11,sharedreward,1,single-echo,tedana,mni,NAcc,sr_outcome_primary,Reward-Punish,6.0,-14.78145121199843,18.73189353942871,1.615,-88.68870727199058,30.252008066177368,118.94071533816795,-17.582887029180725,-3.9444445371627808,6.46,-70.3315481167229,-10.744021841247015
/home/tug87422/scratch/smithlab-shared/night-owls/derivatives/fsl/sub-104/ses-11/L1_sub-104_ses-11_task-sharedreward_model-1_type-act_run-2_space-mni_multi-echo_cnfds-fmriprep_unsmoothed_FIR.feat,104,11,sharedreward,2,multi-echo,fmriprep,mni,NAcc,sr_decision_partner_extra,Computer-Stranger,6.0,-18.984564629851914,35.21408140659332,3.23,-113.90738777911147,56.870741471648216,170.7781292507597,-34.6870321689696,-3.818639945319571,4.0,-138.7481286758784,-45.14188970796095
/home/tug87422/scratch/smithlab-shared/night-owls/derivatives/fsl/sub-104/ses-11/L1_sub-104_ses-11_task-sharedreward_model-1_type-act_run-2_space-mni_multi-echo_cnfds-fmriprep_unsmoothed_FIR.feat,104,11,sharedreward,2,multi-echo,fmriprep,mni,NAcc,sr_outcome_primary,Reward-Neutral,6.0,102.56250442820067,219.66441345214844,0.0,615.375026569204,638.6647888898849,23.289762320680886,-1.8758485282740796,68.75094020182132,4.0,-7.503394113096318,-3.9110119232083247
/home/tug87422/scratch/smithlab-shared/night-owls/derivatives/fsl/sub-104/ses-11/L1_sub-104_ses-11_task-sharedreward_model-1_type-act_run-2_space-mni_multi-echo_cnfds-fmriprep_unsmoothed_FIR.feat,104,11,sharedreward,2,multi-echo,fmriprep,mni,NAcc,sr_outcome_primary,Punish-Neutral,6.0,111.06493664267752,194.9459948539734,1.615,666.3896198560651,697.1943468572554,30.804727001190187,5.918886518087175,70.58788652685773,4.0,23.6755460723487,9.42763306703361
/home/tug87422/scratch/smithlab-shared/night-owls/derivatives/fsl/sub-104/ses-11/L1_sub-104_ses-11_task-sharedreward_model-1_type-act_run-2_space-mni_multi-echo_cnfds-fmriprep_unsmoothed_FIR.feat,104,11,sharedreward,2,multi-echo,fmriprep,mni,NAcc,sr_outcome_primary,Reward-Punish,6.0,-8.502432214476867,63.256479263305664,0.0,-51.014593286861206,60.853181071281426,111.86777435814265,-7.794735046361253,7.056732177734375,4.845,-31.17894018544501,-13.338644990241935
/home/tug87422/scratch/smithlab-shared/night-owls/derivatives/fsl/sub-104/ses-11/L1_sub-104_ses-11_task-sharedreward_model-1_type-act_run-2_space-mni_multi-echo_cnfds-tedana_unsmoothed_FIR.feat,104,11,sharedreward,2,multi-echo,tedana,mni,NAcc,sr_decision_partner_extra,Computer-Stranger,6.0,-11.870072252258952,5.362558364868164,0.0,-71.22043351355371,7.39382646557512,78.61425997912883,6.914661959318784,38.67285901260774,8.0,27.658647837275137,5.304866815487578
/home/tug87422/scratch/smithlab-shared/night-owls/derivatives/fsl/sub-104/ses-11/L1_sub-104_ses-11_task-sharedreward_model-1_type-act_run-2_space-mni_multi-echo_cnfds-tedana_unsmoothed_FIR.feat,104,11,sharedreward,2,multi-echo,tedana,mni,NAcc,sr_outcome_primary,Reward-Neutral,6.0,-6.013502711962958,35.308366775512695,0.0,-36.08101627177775,84.35504867076874,120.43606494254648,-47.883726564473925,-1.85653571964418,4.0,-191.5349062578957,-38.931858216645914
/home/tug87422/scratch/smithlab-shared/night-owls/derivatives/fsl/sub-104/ses-11/L1_sub-104_ses-11_task-sharedreward_model-1_type-act_run-2_space-mni_multi-echo_cnfds-tedana_unsmoothed_FIR.feat,104,11,sharedreward,2,multi-echo,tedana,mni,NAcc,sr_outcome_primary,Punish-Neutral,6.0,-12.041745834055027,11.608894348144531,3.23,-72.25047500433016,18.748364372253416,90.99883937658356,-36.47177907171219,4.192312872446726,4.0,-145.88711628684877,-24.685991069480732
/home/tug87422/scratch/smithlab-shared/night-owls/derivatives/fsl/sub-104/ses-11/L1_sub-104_ses-11_task-sharedreward_model-1_type-act_run-2_space-mni_multi-echo_cnfds-tedana_unsmoothed_FIR.feat,104,11,sharedreward,2,multi-echo,tedana,mni,NAcc,sr_outcome_primary,Reward-Punish,6.0,6.028243122092065,75.79162979125977,0.0,36.16945873255239,98.29691918373108,62.127460451178685,-11.411947492761737,14.45781027237329,8.0,-45.64778997104695,-14.245867147165182
/home/tug87422/scratch/smithlab-shared/night-owls/derivatives/fsl/sub-104/ses-11/L1_sub-104_ses-11_task-sharedreward_model-1_type-act_run-2_space-mni_single-echo_cnfds-fmriprep_unsmoothed_FIR.feat,104,11,sharedreward,2,single-echo,fmriprep,mni,NAcc,sr_decision_partner_extra,Computer-Stranger,6.0,-17.383001620586196,-10.33038067817688,1.615,-104.29800972351718,0.0,104.29800972351718,-12.065282218301258,3.6084881596521017,8.0,-48.26112887320503,-12.744036565255085
/home/tug87422/scratch/smithlab-shared/night-owls/derivatives/fsl/sub-104/ses-11/L1_sub-104_ses-11_task-sharedreward_model-1_type-act_run-2_space-mni_single-echo_cnfds-fmriprep_unsmoothed_FIR.feat,104,11,sharedreward,2,single-echo,fmriprep,mni,NAcc,sr_outcome_primary,Reward-Neutral,6.0,28.44635790761072,153.15079307556152,0.0,170.67814744566434,242.44512129306793,71.76697384740362,-18.49491863110256,18.044174432754517,6.46,-73.97967452441024,-1.6575894318866953
/home/tug87422/scratch/smithlab-shared/night-owls/derivatives/fsl/sub-104/ses-11/L1_sub-104_ses-11_task-sharedreward_model-1_type-act_run-2_space-mni_single-echo_cnfds-fmriprep_unsmoothed_FIR.feat,104,11,sharedreward,2,single-echo,fmriprep,mni,NAcc,sr_outcome_primary,Punish-Neutral,6.0,49.25543318391706,111.90594673156738,0.0,295.5325991035024,348.5199091482679,52.98731004476547,2.823340890528427,52.31207847595215,6.46,11.293363562113708,26.51503236374989
/home/tug87422/scratch/smithlab-shared/night-owls/derivatives/fsl/sub-104/ses-11/L1_sub-104_ses-11_task-sharedreward_model-1_type-act_run-2_space-mni_single-echo_cnfds-fmriprep_unsmoothed_FIR.feat,104,11,sharedreward,2,single-echo,fmriprep,mni,NAcc,sr_outcome_primary,Reward-Punish,6.0,-20.809075276306356,41.24484634399414,0.0,-124.85445165783813,33.30521342277527,158.1596650806134,-21.318259521630985,-7.422979007195379,8.0,-85.27303808652394,-28.172621795636584
/home/tug87422/scratch/smithlab-shared/night-owls/derivatives/fsl/sub-104/ses-11/L1_sub-104_ses-11_task-sharedreward_model-1_type-act_run-2_space-mni_single-echo_cnfds-tedana_unsmoothed_FIR.feat,104,11,sharedreward,2,single-echo,tedana,mni,NAcc,sr_decision_partner_extra,Computer-Stranger,6.0,-7.562566182348719,12.033710718154907,0.0,-45.375397094092314,12.139953106343746,57.51535020043606,-10.09073468636617,8.92625165059472,8.0,-40.36293874546468,-14.037616712021014
/home/tug87422/scratch/smithlab-shared/night-owls/derivatives/fsl/sub-104/ses-11/L1_sub-104_ses-11_task-sharedreward_model-1_type-act_run-2_space-mni_single-echo_cnfds-tedana_unsmoothed_FIR.feat,104,11,sharedreward,2,single-echo,tedana,mni,NAcc,sr_outcome_primary,Reward-Neutral,6.0,-32.13637164600847,33.3573237657547,0.0,-192.81822987605082,26.93603894084692,219.75426881689773,-30.682552708998188,10.449562072753906,6.46,-122.73021083599275,-6.578211332622321
/home/tug87422/scratch/smithlab-shared/night-owls/derivatives/fsl/sub-104/ses-11/L1_sub-104_ses-11_task-sharedreward_model-1_type-act_run-2_space-mni_single-echo_cnfds-tedana_unsmoothed_FIR.feat,104,11,sharedreward,2,single-echo,tedana,mni,NAcc,sr_outcome_primary,Punish-Neutral,6.0,-6.967076047111465,22.50615055273192,6.0,-41.80245628266879,35.10092717260768,76.90338345527648,-5.536531807366918,34.72736835479736,6.46,-22.146127229467673,22.50615055273192
/home/tug87422/scratch/smithlab-shared/night-owls/derivatives/fsl/sub-104/ses-11/L1_sub-104_ses-11_task-sharedreward_model-1_type-act_run-2_space-mni_single-echo_cnfds-tedana_unsmoothed_FIR.feat,104,11,sharedreward,2,single-echo,tedana,mni,NAcc,sr_outcome_primary,Reward-Punish,6.0,-25.169295598897005,15.25385296344757,0.0,-151.01577359338202,12.317486267983913,163.33325986136595,-25.146020901631275,2.3469498017255144,8.0,-100.5840836065251,-29.084361885354244
/home/tug87422/scratch/smithlab-shared/night-owls/derivatives/fsl/sub-104/ses-12/L1_sub-104_ses-12_task-mid_model-1_type-act_run-1_space-mni_multi-echo_cnfds-fmriprep_unsmoothed_FIR.feat,104,12,mid,1,multi-echo,fmriprep,mni,NAcc,mid_anticipation_primary,Reward-Neutral,5.0,-5.148855313998627,-0.8760701598766717,5.0,-25.744276569993136,0.0,25.744276569993136,12.337659717144055,43.928547382354736,6.46,49.35063886857622,29.812024047131143
/home/tug87422/scratch/smithlab-shared/night-owls/derivatives/fsl/sub-104/ses-12/L1_sub-104_ses-12_task-mid_model-1_type-act_run-1_space-mni_multi-echo_cnfds-fmriprep_unsmoothed_FIR.feat,104,12,mid,1,multi-echo,fmriprep,mni,NAcc,mid_feedback_extra,Positive-Negative,6.0,-3.433355579413744,55.29322624206543,4.845,-20.600133476482462,83.99120668388741,104.59134016036987,19.147342905406802,55.29322624206543,4.845,76.58937162162721,5.576028270249019
/home/tug87422/scratch/smithlab-shared/night-owls/derivatives/fsl/sub-104/ses-12/L1_sub-104_ses-12_task-mid_model-1_type-act_run-1_space-mni_multi-echo_cnfds-tedana_unsmoothed_FIR.feat,104,12,mid,1,multi-echo,tedana,mni,NAcc,mid_anticipation_primary,Reward-Neutral,5.0,9.903820456541728,11.97452290065518,5.0,49.519102282708644,49.519102282708644,0.0,20.99126923475287,46.680702209472656,6.46,83.96507693901148,35.74587859162605
/home/tug87422/scratch/smithlab-shared/night-owls/derivatives/fsl/sub-104/ses-12/L1_sub-104_ses-12_task-mid_model-1_type-act_run-1_space-mni_multi-echo_cnfds-tedana_unsmoothed_FIR.feat,104,12,mid,1,multi-echo,tedana,mni,NAcc,mid_feedback_extra,Positive-Negative,6.0,3.9077014123283367,46.09671401977539,4.845,23.44620847397002,83.8427556906268,60.39654721665678,3.294440543282869,46.09671401977539,4.845,13.177762173131477,-3.9823100131362663
/home/tug87422/scratch/smithlab-shared/night-owls/derivatives/fsl/sub-104/ses-12/L1_sub-104_ses-12_task-mid_model-1_type-act_run-1_space-mni_single-echo_cnfds-fmriprep_unsmoothed_FIR.feat,104,12,mid,1,single-echo,fmriprep,mni,NAcc,mid_anticipation_primary,Reward-Neutral,5.0,-1.9494013143781532,19.338390681027633,5.0,-9.747006571890767,22.377652718422954,32.12465929031372,24.98234641986273,63.14793014526367,6.46,99.92938567945092,49.34492456064136
/home/tug87422/scratch/smithlab-shared/night-owls/derivatives/fsl/sub-104/ses-12/L1_sub-104_ses-12_task-mid_model-1_type-act_run-1_space-mni_single-echo_cnfds-fmriprep_unsmoothed_FIR.feat,104,12,mid,1,single-echo,fmriprep,mni,NAcc,mid_feedback_extra,Positive-Negative,6.0,-15.753733387042615,79.48418426513672,4.845,-94.52240032225569,115.00684912652054,209.52924944877623,24.49004909516119,79.48418426513672,4.845,97.96019638064476,8.521651808322389
/home/tug87422/scratch/smithlab-shared/night-owls/derivatives/fsl/sub-104/ses-12/L1_sub-104_ses-12_task-mid_model-1_type-act_run-1_space-mni_single-echo_cnfds-tedana_unsmoothed_FIR.feat,104,12,mid,1,single-echo,tedana,mni,NAcc,mid_anticipation_primary,Reward-Neutral,5.0,18.153532695140264,25.879300023011016,5.0,90.76766347570131,90.76766347570131,0.0,28.07252410910654,58.56349277496338,6.46,112.29009643642615,48.26573341475921
/home/tug87422/scratch/smithlab-shared/night-owls/derivatives/fsl/sub-104/ses-12/L1_sub-104_ses-12_task-mid_model-1_type-act_run-1_space-mni_single-echo_cnfds-tedana_unsmoothed_FIR.feat,104,12,mid,1,single-echo,tedana,mni,NAcc,mid_feedback_extra,Positive-Negative,6.0,-7.295255731697453,65.0758346915245,4.845,-43.77153439018472,90.13003104776143,133.90156543794615,1.0454042829091037,65.0758346915245,4.845,4.181617131636415,-8.515983628045673
/home/tug87422/scratch/smithlab-shared/night-owls/derivatives/fsl/sub-104/ses-12/L1_sub-104_ses-12_task-mid_model-1_type-act_run-2_space-mni_multi-echo_cnfds-fmriprep_unsmoothed_FIR.feat,104,12,mid,2,multi-echo,fmriprep,mni,NAcc,mid_anticipation_primary,Reward-Neutral,5.0,46.40313343532241,114.02055931091309,3.23,232.01566717661206,259.800249615081,27.78458243846893,25.99883772457254,97.44483765876699,4.0,103.99535089829016,19.11249304998769
/home/tug87422/scratch/smithlab-shared/night-owls/derivatives/fsl/sub-104/ses-12/L1_sub-104_ses-12_task-mid_model-1_type-act_run-2_space-mni_multi-echo_cnfds-fmriprep_unsmoothed_FIR.feat,104,12,mid,2,multi-echo,fmriprep,mni,NAcc,mid_feedback_extra,Positive-Negative,6.0,33.21308687885971,135.30024337768555,1.615,199.27852127315828,353.7845504689438,154.50602919578552,25.60808472066471,112.38103294372559,6.46,102.43233888265884,60.85074094057823
/home/tug87422/scratch/smithlab-shared/night-owls/derivatives/fsl/sub-104/ses-12/L1_sub-104_ses-12_task-mid_model-1_type-act_run-2_space-mni_multi-echo_cnfds-tedana_unsmoothed_FIR.feat,104,12,mid,2,multi-echo,tedana,mni,NAcc,mid_anticipation_primary,Reward-Neutral,5.0,-7.643239130817332,5.586916923522949,0.0,-38.21619565408666,4.511435415744781,42.72763106983144,-34.68532732505548,-11.230255894616663,4.0,-138.74130930022193,-31.682387567526053
/home/tug87422/scratch/smithlab-shared/night-owls/derivatives/fsl/sub-104/ses-12/L1_sub-104_ses-12_task-mid_model-1_type-act_run-2_space-mni_multi-echo_cnfds-tedana_unsmoothed_FIR.feat,104,12,mid,2,multi-echo,tedana,mni,NAcc,mid_feedback_extra,Positive-Negative,6.0,-2.0253411904515644,25.935986518859863,3.23,-12.152047142709385,66.53779715776443,78.68984430047381,-30.62535307451852,7.878321198856126,4.0,-122.50141229807409,-38.22697648913499
/home/tug87422/scratch/smithlab-shared/night-owls/derivatives/fsl/sub-104/ses-12/L1_sub-104_ses-12_task-mid_model-1_type-act_run-2_space-mni_single-echo_cnfds-fmriprep_unsmoothed_FIR.feat,104,12,mid,2,single-echo,fmriprep,mni,NAcc,mid_anticipation_primary,Reward-Neutral,5.0,41.963398131373864,113.07283782958984,3.23,209.8169906568693,276.7450219297575,66.92803127288819,28.750432431499,106.21530960366452,4.0,115.001729725996,16.329569535358758
/home/tug87422/scratch/smithlab-shared/night-owls/derivatives/fsl/sub-104/ses-12/L1_sub-104_ses-12_task-mid_model-1_type-act_run-2_space-mni_single-echo_cnfds-fmriprep_unsmoothed_FIR.feat,104,12,mid,2,single-echo,fmriprep,mni,NAcc,mid_feedback_extra,Positive-Negative,6.0,43.04189469883193,177.06883239746094,1.615,258.2513681929916,447.032072157225,188.7807039642334,24.68478069560077,131.05527114868164,6.46,98.73912278240309,69.61396986781261
/home/tug87422/scratch/smithlab-shared/night-owls/derivatives/fsl/sub-104/ses-12/L1_sub-104_ses-12_task-mid_model-1_type-act_run-2_space-mni_single-echo_cnfds-tedana_unsmoothed_FIR.feat,104,12,mid,2,single-echo,tedana,mni,NAcc,mid_anticipation_primary,Reward-Neutral,5.0,-1.7503311860620425,18.38766050338745,4.845,-8.751655930310212,22.735314809054415,31.48697073936463,-11.359298285900074,18.38766050338745,4.845,-45.4371931436003,-11.205623285689224
/home/tug87422/scratch/smithlab-shared/night-owls/derivatives/fsl/sub-104/ses-12/L1_sub-104_ses-12_task-mid_model-1_type-act_run-2_space-mni_single-echo_cnfds-tedana_unsmoothed_FIR.feat,104,12,mid,2,single-echo,tedana,mni,NAcc,mid_feedback_extra,Positive-Negative,6.0,-13.531575577773303,27.497733116149902,1.615,-81.18945346663982,61.63406763076782,142.82352109740765,-58.89636241102182,-8.72774032321139,4.0,-235.58544964408728,-67.56266167584587
/home/tug87422/scratch/smithlab-shared/night-owls/derivatives/fsl/sub-104/ses-12/L1_sub-104_ses-12_task-sharedreward_model-1_type-act_run-1_space-mni_multi-echo_cnfds-fmriprep_unsmoothed_FIR.feat,104,12,sharedreward,1,multi-echo,fmriprep,mni,NAcc,sr_decision_partner_extra,Computer-Stranger,6.0,51.75162780315699,117.68761774482373,6.0,310.50976681894196,312.8726894206418,2.3629226016998293,102.47076781173885,134.66009140014648,6.46,409.8830712469554,117.68761774482373
/home/tug87422/scratch/smithlab-shared/night-owls/derivatives/fsl/sub-104/ses-12/L1_sub-104_ses-12_task-sharedreward_model-1_type-act_run-1_space-mni_multi-echo_cnfds-fmriprep_unsmoothed_FIR.feat,104,12,sharedreward,1,multi-echo,fmriprep,mni,NAcc,sr_outcome_primary,Reward-Neutral,6.0,-5.376500293689369,9.274955749511719,4.845,-32.259001762136215,15.973744177818299,48.23274593995451,-3.7625881912095642,9.274955749511719,4.845,-15.050352764838257,-0.617449214214878
/home/tug87422/scratch/smithlab-shared/night-owls/derivatives/fsl/sub-104/ses-12/L1_sub-104_ses-12_task-sharedreward_model-1_type-act_run-1_space-mni_multi-echo_cnfds-fmriprep_unsmoothed_FIR.feat,104,12,sharedreward,1,multi-echo,fmriprep,mni,NAcc,sr_outcome_primary,Punish-Neutral,6.0,51.34132515261047,82.48546695709229,4.845,308.04795091566285,322.87320552524767,14.825254609584809,40.268026522475495,82.48546695709229,4.845,161.07210608990198,50.31116826910721
/home/tug87422/scratch/smithlab-shared/night-owls/derivatives/fsl/sub-104/ses-12/L1_sub-104_ses-12_task-sharedreward_model-1_type-act_run-1_space-mni_multi-echo_cnfds-fmriprep_unsmoothed_FIR.feat,104,12,sharedreward,1,multi-echo,fmriprep,mni,NAcc,sr_outcome_primary,Reward-Punish,6.0,-56.71782544629985,22.233046531677246,0.0,-340.3069526777991,17.953185074329376,358.26013775212846,-44.03061471368506,10.847219555739667,8.0,-176.12245885474024,-50.92861748332209
/home/tug87422/scratch/smithlab-shared/night-owls/derivatives/fsl/sub-104/ses-12/L1_sub-104_ses-12_task-sharedreward_model-1_type-act_run-1_space-mni_multi-echo_cnfds-tedana_unsmoothed_FIR.feat,104,12,sharedreward,1,multi-echo,tedana,mni,NAcc,sr_decision_partner_extra,Computer-Stranger,6.0,-10.982697636558912,9.804458474965289,6.0,-65.89618581935348,5.662074769292455,71.55826058864592,7.424720730591487,19.006214949368694,8.0,29.698882922365947,9.804458474965289
/home/tug87422/scratch/smithlab-shared/night-owls/derivatives/fsl/sub-104/ses-12/L1_sub-104_ses-12_task-sharedreward_model-1_type-act_run-1_space-mni_multi-echo_cnfds-tedana_unsmoothed_FIR.feat,104,12,sharedreward,1,multi-echo,tedana,mni,NAcc,sr_outcome_primary,Reward-Neutral,6.0,56.662861510750815,146.78107197292084,6.0,339.9771690645049,339.9771690645049,0.0,97.81848222622608,189.98316192626956,6.46,391.2739289049043,146.78107197292084
/home/tug87422/scratch/smithlab-shared/night-owls/derivatives/fsl/sub-104/ses-12/L1_sub-104_ses-12_task-sharedreward_model-1_type-act_run-1_space-mni_multi-echo_cnfds-tedana_unsmoothed_FIR.feat,104,12,sharedreward,1,multi-echo,tedana,mni,NAcc,sr_outcome_primary,Punish-Neutral,6.0,46.483444234694986,106.22354359818688,6.0,278.9006654081699,299.9095994530079,21.00893404483795,73.76852247581394,124.75246429443362,6.46,295.07408990325575,106.22354359818688
/home/tug87422/scratch/smithlab-shared/night-owls/derivatives/fsl/sub-104/ses-12/L1_sub-104_ses-12_task-sharedreward_model-1_type-act_run-1_space-mni_multi-echo_cnfds-tedana_unsmoothed_FIR.feat,104,12,sharedreward,1,multi-echo,tedana,mni,NAcc,sr_outcome_primary,Reward-Punish,6.0,10.17941727605582,52.05422019958496,0.0,61.07650365633493,107.31578278345592,46.23927912712097,24.049959750412143,65.23069763183594,6.46,96.19983900164857,40.55752837473395
/home/tug87422/scratch/smithlab-shared/night-owls/derivatives/fsl/sub-104/ses-12/L1_sub-104_ses-12_task-sharedreward_model-1_type-act_run-1_space-mni_single-echo_cnfds-fmriprep_unsmoothed_FIR.feat,104,12,sharedreward,1,single-echo,fmriprep,mni,NAcc,sr_decision_partner_extra,Computer-Stranger,6.0,73.21092489729233,151.22998892485913,6.0,439.265549383754,451.02077905713963,11.75522967338562,133.16294667783535,171.92467498779297,6.46,532.6517867113414,151.22998892485913
/home/tug87422/scratch/smithlab-shared/night-owls/derivatives/fsl/sub-104/ses-12/L1_sub-104_ses-12_task-sharedreward_model-1_type-act_run-1_space-mni_single-echo_cnfds-fmriprep_unsmoothed_FIR.feat,104,12,sharedreward,1,single-echo,fmriprep,mni,NAcc,sr_outcome_primary,Reward-Neutral,6.0,4.193592536324563,37.99925231933594,4.845,25.16155521794738,62.278691730499276,37.11713651255189,-5.412036519503623,37.99925231933594,4.845,-21.64814607801449,-24.1420124529316
/home/tug87422/scratch/smithlab-shared/night-owls/derivatives/fsl/sub-104/ses-12/L1_sub-104_ses-12_task-sharedreward_model-1_type-act_run-1_space-mni_single-echo_cnfds-fmriprep_unsmoothed_FIR.feat,104,12,sharedreward,1,single-echo,fmriprep,mni,NAcc,sr_outcome_primary,Punish-Neutral,6.0,62.3829619102855,106.21617019176483,4.845,374.297771461713,388.2527242977497,13.954952836036682,49.59855613827105,106.21617019176483,4.845,198.3942245530842,52.32240095817636
/home/tug87422/scratch/smithlab-shared/night-owls/derivatives/fsl/sub-104/ses-12/L1_sub-104_ses-12_task-sharedreward_model-1_type-act_run-1_space-mni_single-echo_cnfds-fmriprep_unsmoothed_FIR.feat,104,12,sharedreward,1,single-echo,fmriprep,mni,NAcc,sr_outcome_primary,Reward-Punish,6.0,-58.189369373960936,29.231801986694336,0.0,-349.1362162437656,23.604680104255674,372.74089634802135,-55.01059265777468,23.42929098406816,8.0,-220.04237063109872,-76.46441341110797
/home/tug87422/scratch/smithlab-shared/night-owls/derivatives/fsl/sub-104/ses-12/L1_sub-104_ses-12_task-sharedreward_model-1_type-act_run-1_space-mni_single-echo_cnfds-tedana_unsmoothed_FIR.feat,104,12,sharedreward,1,single-echo,tedana,mni,NAcc,sr_decision_partner_extra,Computer-Stranger,6.0,3.8644958662122533,34.017203201081365,6.0,23.18697519727352,44.09924113221767,20.912265934944152,30.22698078194155,41.457116522656136,8.0,120.9079231277662,34.017203201081365
/home/tug87422/scratch/smithlab-shared/night-owls/derivatives/fsl/sub-104/ses-12/L1_sub-104_ses-12_task-sharedreward_model-1_type-act_run-1_space-mni_single-echo_cnfds-tedana_unsmoothed_FIR.feat,104,12,sharedreward,1,single-echo,tedana,mni,NAcc,sr_outcome_primary,Reward-Neutral,6.0,77.0096623314768,141.63377063857513,6.0,462.0579739888608,462.0579739888608,0.0,109.87944123474068,168.09033203125,6.46,439.5177649389627,141.63377063857513
/home/tug87422/scratch/smithlab-shared/night-owls/derivatives/fsl/sub-104/ses-12/L1_sub-104_ses-12_task-sharedreward_model-1_type-act_run-1_space-mni_single-echo_cnfds-tedana_unsmoothed_FIR.feat,104,12,sharedreward,1,single-echo,tedana,mni,NAcc,sr_outcome_primary,Punish-Neutral,6.0,58.0686471104302,108.9798812866211,1.615,348.4118826625812,365.5092837379443,17.09740107536316,78.96699765130462,111.9981689453125,6.46,315.8679906052185,100.765724867121
/home/tug87422/scratch/smithlab-shared/night-owls/derivatives/fsl/sub-104/ses-12/L1_sub-104_ses-12_task-sharedreward_model-1_type-act_run-1_space-mni_single-echo_cnfds-tedana_unsmoothed_FIR.feat,104,12,sharedreward,1,single-echo,tedana,mni,NAcc,sr_outcome_primary,Reward-Punish,6.0,18.941015221046587,55.16645812988281,0.0,113.64609132627953,132.97847499708644,19.332383670806884,30.912443583436055,56.0921630859375,6.46,123.64977433374422,40.86804577145414
/home/tug87422/scratch/smithlab-shared/night-owls/derivatives/fsl/sub-104/ses-12/L1_sub-104_ses-12_task-sharedreward_model-1_type-act_run-2_space-mni_multi-echo_cnfds-fmriprep_unsmoothed_FIR.feat,104,12,sharedreward,2,multi-echo,fmriprep,mni,NAcc,sr_decision_partner_extra,Computer-Stranger,6.0,-60.006360914298746,-7.77801513671875,0.0,-360.0381654857925,0.0,360.0381654857925,-78.68362833579766,-67.32633600515479,8.0,-314.73451334319066,-80.31688132522275
/home/tug87422/scratch/smithlab-shared/night-owls/derivatives/fsl/sub-104/ses-12/L1_sub-104_ses-12_task-sharedreward_model-1_type-act_run-2_space-mni_multi-echo_cnfds-fmriprep_unsmoothed_FIR.feat,104,12,sharedreward,2,multi-echo,fmriprep,mni,NAcc,sr_outcome_primary,Reward-Neutral,6.0,15.569121623703568,38.56652069091797,4.845,93.41472974222141,118.3301717376709,24.91544199544948,16.833435685302454,46.59652924906731,8.0,67.33374274120982,-2.06549849377328
/home/tug87422/scratch/smithlab-shared/night-owls/derivatives/fsl/sub-104/ses-12/L1_sub-104_ses-12_task-sharedreward_model-1_type-act_run-2_space-mni_multi-echo_cnfds-fmriprep_unsmoothed_FIR.feat,104,12,sharedreward,2,multi-echo,fmriprep,mni,NAcc,sr_outcome_primary,Punish-Neutral,6.0,7.350670911397234,78.51090240478516,4.845,44.104025468383405,114.2069781112671,70.10295264288368,10.120554132210582,78.51090240478516,4.845,40.48221652884233,-11.867388391642393
/home/tug87422/scratch/smithlab-shared/night-owls/derivatives/fsl/sub-104/ses-12/L1_sub-104_ses-12_task-sharedreward_model-1_type-act_run-2_space-mni_multi-echo_cnfds-fmriprep_unsmoothed_FIR.feat,104,12,sharedreward,2,multi-echo,fmriprep,mni,NAcc,sr_outcome_primary,Reward-Punish,6.0,8.218450712306334,38.567161560058594,0.0,49.310704273838,104.63367294754407,55.32296867370606,6.712881553091872,42.891875937258135,8.0,26.85152621236749,9.801889897869104
/home/tug87422/scratch/smithlab-shared/night-owls/derivatives/fsl/sub-104/ses-12/L1_sub-104_ses-12_task-sharedreward_model-1_type-act_run-2_space-mni_multi-echo_cnfds-tedana_unsmoothed_FIR.feat,104,12,sharedreward,2,multi-echo,tedana,mni,NAcc,sr_decision_partner_extra,Computer-Stranger,6.0,1.3781087231217783,35.3857237163343,6.0,8.26865233873067,47.173715634095046,38.90506329536437,33.402380915302615,78.00002992706773,8.0,133.60952366121046,35.3857237163343
/home/tug87422/scratch/smithlab-shared/night-owls/derivatives/fsl/sub-104/ses-12/L1_sub-104_ses-12_task-sharedreward_model-1_type-act_run-2_space-mni_multi-echo_cnfds-tedana_unsmoothed_FIR.feat,104,12,sharedreward,2,multi-echo,tedana,mni,NAcc,sr_outcome_primary,Reward-Neutral,6.0,-72.74058229939241,-29.86415830485223,6.0,-436.4434937963545,0.0,436.4434937963545,-28.12923349551579,16.25364976254043,8.0,-112.51693398206316,-29.86415830485223
/home/tug87422/scratch/smithlab-shared/night-owls/derivatives/fsl/sub-104/ses-12/L1_sub-104_ses-12_task-sharedreward_model-1_type-act_run-2_space-mni_multi-echo_cnfds-tedana_unsmoothed_FIR.feat,104,12,sharedreward,2,multi-echo,tedana,mni,NAcc,sr_outcome_primary,Punish-Neutral,6.0,-47.22554979881789,11.425528311507986,6.0,-283.3532987929073,6.598242599895863,289.95154139280316,1.4258741536796489,27.845100185081318,8.0,5.7034966147185955,11.425528311507986
/home/tug87422/scratch/smithlab-shared/night-owls/derivatives/fsl/sub-104/ses-12/L1_sub-104_ses-12_task-sharedreward_model-1_type-act_run-2_space-mni_multi-echo_cnfds-tedana_unsmoothed_FIR.feat,104,12,sharedreward,2,multi-echo,tedana,mni,NAcc,sr_outcome_primary,Reward-Punish,6.0,-25.515032500574524,-16.935654163360596,4.845,-153.09019500344715,0.0,153.09019500344715,-29.555107649195442,-11.591450422540888,8.0,-118.22043059678177,-41.28968661636022
/home/tug87422/scratch/smithlab-shared/night-owls/derivatives/fsl/sub-104/ses-12/L1_sub-104_ses-12_task-sharedreward_model-1_type-act_run-2_space-mni_single-echo_cnfds-fmriprep_unsmoothed_FIR.feat,104,12,sharedreward,2,single-echo,fmriprep,mni,NAcc,sr_decision_partner_extra,Computer-Stranger,6.0,-78.30453366422931,-16.10528564453125,0.0,-469.82720198537584,0.0,469.82720198537584,-103.42873398337201,-70.01607216400994,8.0,-413.71493593348805,-117.63800689531922
/home/tug87422/scratch/smithlab-shared/night-owls/derivatives/fsl/sub-104/ses-12/L1_sub-104_ses-12_task-sharedreward_model-1_type-act_run-2_space-mni_single-echo_cnfds-fmriprep_unsmoothed_FIR.feat,104,12,sharedreward,2,single-echo,fmriprep,mni,NAcc,sr_outcome_primary,Reward-Neutral,6.0,28.812687630294153,67.035400390625,4.845,172.87612578176493,244.16513882421486,71.28901304244994,41.49678502146305,67.77348341808971,8.0,165.9871400858522,21.6309269293912
/home/tug87422/scratch/smithlab-shared/night-owls/derivatives/fsl/sub-104/ses-12/L1_sub-104_ses-12_task-sharedreward_model-1_type-act_run-2_space-mni_single-echo_cnfds-fmriprep_unsmoothed_FIR.feat,104,12,sharedreward,2,single-echo,fmriprep,mni,NAcc,sr_outcome_primary,Punish-Neutral,6.0,21.2971026871448,108.61026000976564,4.845,127.7826161228688,227.75495672574354,99.97234060287474,32.82928446508414,108.61026000976564,4.845,131.31713786033657,6.120202173758598
/home/tug87422/scratch/smithlab-shared/night-owls/derivatives/fsl/sub-104/ses-12/L1_sub-104_ses-12_task-sharedreward_model-1_type-act_run-2_space-mni_single-echo_cnfds-fmriprep_unsmoothed_FIR.feat,104,12,sharedreward,2,single-echo,fmriprep,mni,NAcc,sr_outcome_primary,Reward-Punish,6.0,7.515584943149356,37.773719787597656,0.0,45.09350965889614,102.67469023140592,57.58118057250979,8.667500556378908,38.24610900878906,6.46,34.67000222551563,15.510724755632621
/home/tug87422/scratch/smithlab-shared/night-owls/derivatives/fsl/sub-104/ses-12/L1_sub-104_ses-12_task-sharedreward_model-1_type-act_run-2_space-mni_single-echo_cnfds-tedana_unsmoothed_FIR.feat,104,12,sharedreward,2,single-echo,tedana,mni,NAcc,sr_decision_partner_extra,Computer-Stranger,6.0,12.820301917530557,47.39856596258772,6.0,76.92181150518334,108.25314356885826,31.331332063674928,52.536920562940125,108.1850214299772,8.0,210.1476822517605,47.39856596258772
/home/tug87422/scratch/smithlab-shared/night-owls/derivatives/fsl/sub-104/ses-12/L1_sub-104_ses-12_task-sharedreward_model-1_type-act_run-2_space-mni_single-echo_cnfds-tedana_unsmoothed_FIR.feat,104,12,sharedreward,2,single-echo,tedana,mni,NAcc,sr_outcome_primary,Reward-Neutral,6.0,-68.25129097999034,-1.8950504813770006,6.0,-409.5077458799421,0.0,409.5077458799421,-3.9909006830242557,31.377294227434763,8.0,-15.963602732097023,-1.8950504813770006
/home/tug87422/scratch/smithlab-shared/night-owls/derivatives/fsl/sub-104/ses-12/L1_sub-104_ses-12_task-sharedreward_model-1_type-act_run-2_space-mni_single-echo_cnfds-tedana_unsmoothed_FIR.feat,104,12,sharedreward,2,single-echo,tedana,mni,NAcc,sr_outcome_primary,Punish-Neutral,6.0,-39.279646865842075,42.816247795388435,6.0,-235.67788119505244,24.726383101836827,260.40426429688927,31.668543312404275,68.43867437020175,8.0,126.6741732496171,42.816247795388435
/home/tug87422/scratch/smithlab-shared/night-owls/derivatives/fsl/sub-104/ses-12/L1_sub-104_ses-12_task-sharedreward_model-1_type-act_run-2_space-mni_single-echo_cnfds-tedana_unsmoothed_FIR.feat,104,12,sharedreward,2,single-echo,tedana,mni,NAcc,sr_outcome_primary,Reward-Punish,6.0,-28.97164411414826,-13.048680305480959,4.845,-173.82986468488954,0.0,173.82986468488954,-35.65944399542853,-13.048680305480959,4.845,-142.63777598171413,-44.71129827676543
/home/tug87422/scratch/smithlab-shared/night-owls/derivatives/fsl/sub-105/ses-01/L1_sub-105_ses-01_task-mid_model-1_type-act_run-1_space-mni_multi-echo_cnfds-fmriprep_unsmoothed_FIR.feat,105,1,mid,1,multi-echo,fmriprep,mni,NAcc,mid_anticipation_primary,Reward-Neutral,5.0,-25.75191888052022,7.0773620605468714,0.0,-128.7595944026011,5.714969863891598,134.4745642664927,-11.950308267322844,86.46985630649536,8.0,-47.80123306929138,-27.69758499960412
/home/tug87422/scratch/smithlab-shared/night-owls/derivatives/fsl/sub-105/ses-01/L1_sub-105_ses-01_task-mid_model-1_type-act_run-1_space-mni_multi-echo_cnfds-fmriprep_unsmoothed_FIR.feat,105,1,mid,1,multi-echo,fmriprep,mni,NAcc,mid_feedback_extra,Positive-Negative,6.0,-9.498570179041039,-4.2369890213012695,4.845,-56.99142107424623,0.0,56.99142107424623,-18.296426773323464,-4.2369890213012695,4.845,-73.18570709329386,-4.344581438660991
/home/tug87422/scratch/smithlab-shared/night-owls/derivatives/fsl/sub-105/ses-01/L1_sub-105_ses-01_task-mid_model-1_type-act_run-1_space-mni_multi-echo_cnfds-tedana_unsmoothed_FIR.feat,105,1,mid,1,multi-echo,tedana,mni,NAcc,mid_anticipation_primary,Reward-Neutral,5.0,-17.44434013156625,-4.123154640197752,0.0,-87.22170065783125,0.0,87.22170065783125,-0.9298237502168885,72.90555962837152,8.0,-3.719295000867554,-15.189705692208587
/home/tug87422/scratch/smithlab-shared/night-owls/derivatives/fsl/sub-105/ses-01/L1_sub-105_ses-01_task-mid_model-1_type-act_run-1_space-mni_multi-echo_cnfds-tedana_unsmoothed_FIR.feat,105,1,mid,1,multi-echo,tedana,mni,NAcc,mid_feedback_extra,Positive-Negative,6.0,-7.348548316448095,10.213041782379152,3.23,-44.09128989868857,16.494062478542332,60.585352377230905,-21.510738092814073,3.745556354522705,6.46,-86.04295237125629,-5.137285499749907
/home/tug87422/scratch/smithlab-shared/night-owls/derivatives/fsl/sub-105/ses-01/L1_sub-105_ses-01_task-mid_model-1_type-act_run-1_space-mni_single-echo_cnfds-fmriprep_unsmoothed_FIR.feat,105,1,mid,1,single-echo,fmriprep,mni,NAcc,mid_anticipation_primary,Reward-Neutral,5.0,-33.19405367347774,-3.8510169982910156,0.0,-165.97026836738868,0.0,165.97026836738868,-26.064672189370576,20.429559794741902,8.0,-104.2586887574823,-26.508325885323917
/home/tug87422/scratch/smithlab-shared/night-owls/derivatives/fsl/sub-105/ses-01/L1_sub-105_ses-01_task-mid_model-1_type-act_run-1_space-mni_single-echo_cnfds-fmriprep_unsmoothed_FIR.feat,105,1,mid,1,single-echo,fmriprep,mni,NAcc,mid_feedback_extra,Positive-Negative,6.0,12.059652598267123,19.743574619293213,4.845,72.35791558960274,74.93529957512214,2.577383985519409,11.13217462480068,19.743574619293213,4.845,44.52869849920272,14.768003174395014
/home/tug87422/scratch/smithlab-shared/night-owls/derivatives/fsl/sub-105/ses-01/L1_sub-105_ses-01_task-mid_model-1_type-act_run-1_space-mni_single-echo_cnfds-tedana_unsmoothed_FIR.feat,105,1,mid,1,single-echo,tedana,mni,NAcc,mid_anticipation_primary,Reward-Neutral,5.0,-27.95334660567458,-8.773700714111328,1.615,-139.7667330283729,0.0,139.7667330283729,-18.008157955828832,11.49146566117881,8.0,-72.03263182331533,-15.004785132112882
/home/tug87422/scratch/smithlab-shared/night-owls/derivatives/fsl/sub-105/ses-01/L1_sub-105_ses-01_task-mid_model-1_type-act_run-1_space-mni_single-echo_cnfds-tedana_unsmoothed_FIR.feat,105,1,mid,1,single-echo,tedana,mni,NAcc,mid_feedback_extra,Positive-Negative,6.0,13.64721100183048,24.211000442504883,1.615,81.88326601098288,81.88326601098288,0.0,3.7000590512417126,9.45392360185322,4.0,14.80023620496685,6.858438098762796
/home/tug87422/scratch/smithlab-shared/night-owls/derivatives/fsl/sub-105/ses-01/L1_sub-105_ses-01_task-mid_model-1_type-act_run-2_space-mni_multi-echo_cnfds-fmriprep_unsmoothed_FIR.feat,105,1,mid,2,multi-echo,fmriprep,mni,NAcc,mid_anticipation_primary,Reward-Neutral,5.0,19.403104942236062,30.630503654479984,1.615,97.01552471118032,106.19745304184018,9.181928330659867,-6.788033319205255,19.97158739662761,4.0,-27.15213327682102,-12.199441407671658
/home/tug87422/scratch/smithlab-shared/night-owls/derivatives/fsl/sub-105/ses-01/L1_sub-105_ses-01_task-mid_model-1_type-act_run-2_space-mni_multi-echo_cnfds-fmriprep_unsmoothed_FIR.feat,105,1,mid,2,multi-echo,fmriprep,mni,NAcc,mid_feedback_extra,Positive-Negative,6.0,18.42568369039441,55.084062576293945,3.23,110.55410214236647,126.05698882341385,15.502886681047391,1.0177045403342544,58.546860830702684,8.0,4.070818161337018,-23.623707535097108
/home/tug87422/scratch/smithlab-shared/night-owls/derivatives/fsl/sub-105/ses-01/L1_sub-105_ses-01_task-mid_model-1_type-act_run-2_space-mni_multi-echo_cnfds-tedana_unsmoothed_FIR.feat,105,1,mid,2,multi-echo,tedana,mni,NAcc,mid_anticipation_primary,Reward-Neutral,5.0,15.831821132285791,30.384034872055054,3.23,79.15910566142895,98.67193376655825,19.512828105129298,-2.207459828252488,20.896438441409412,4.0,-8.829839313009952,-5.282370000431781
/home/tug87422/scratch/smithlab-shared/night-owls/derivatives/fsl/sub-105/ses-01/L1_sub-105_ses-01_task-mid_model-1_type-act_run-2_space-mni_multi-echo_cnfds-tedana_unsmoothed_FIR.feat,105,1,mid,2,multi-echo,tedana,mni,NAcc,mid_feedback_extra,Positive-Negative,6.0,12.406797597437818,41.90428352355957,3.23,74.44078558462691,102.5001168012619,28.059331216634984,0.565567482163666,48.577904385309864,8.0,2.262269928654664,-17.585178127229767
/home/tug87422/scratch/smithlab-shared/night-owls/derivatives/fsl/sub-105/ses-01/L1_sub-105_ses-01_task-mid_model-1_type-act_run-2_space-mni_single-echo_cnfds-fmriprep_unsmoothed_FIR.feat,105,1,mid,2,single-echo,fmriprep,mni,NAcc,mid_anticipation_primary,Reward-Neutral,5.0,19.01731796781585,28.25130009651184,1.615,95.08658983907924,95.08658983907924,0.0,-9.844334766789467,15.696054862564193,4.0,-39.37733906715787,-8.549737350121374
/home/tug87422/scratch/smithlab-shared/night-owls/derivatives/fsl/sub-105/ses-01/L1_sub-105_ses-01_task-mid_model-1_type-act_run-2_space-mni_single-echo_cnfds-fmriprep_unsmoothed_FIR.feat,105,1,mid,2,single-echo,fmriprep,mni,NAcc,mid_feedback_extra,Positive-Negative,6.0,-0.8476309442901524,19.71977663040161,1.615,-5.085785665740914,56.739280412197104,61.82506607793803,-20.237985305453048,3.3264104471118063,4.0,-80.95194122181219,-32.94444545356113
/home/tug87422/scratch/smithlab-shared/night-owls/derivatives/fsl/sub-105/ses-01/L1_sub-105_ses-01_task-mid_model-1_type-act_run-2_space-mni_single-echo_cnfds-tedana_unsmoothed_FIR.feat,105,1,mid,2,single-echo,tedana,mni,NAcc,mid_anticipation_primary,Reward-Neutral,5.0,16.74411783331434,26.626966953277588,1.615,83.72058916657171,88.86226403324805,5.141674866676327,-1.5094767724281501,16.93531007441943,4.0,-6.037907089712601,2.365285485060221
/home/tug87422/scratch/smithlab-shared/night-owls/derivatives/fsl/sub-105/ses-01/L1_sub-105_ses-01_task-mid_model-1_type-act_run-2_space-mni_single-echo_cnfds-tedana_unsmoothed_FIR.feat,105,1,mid,2,single-echo,tedana,mni,NAcc,mid_feedback_extra,Positive-Negative,6.0,-3.604741904791157,25.776347637176514,1.615,-21.628451428746942,41.62880143404007,63.25725286278701,-18.33758652591115,-7.680983286523968,4.0,-73.3503461036446,-24.429275294206462
/home/tug87422/scratch/smithlab-shared/night-owls/derivatives/fsl/sub-105/ses-01/L1_sub-105_ses-01_task-sharedreward_model-1_type-act_run-1_space-mni_multi-echo_cnfds-fmriprep_unsmoothed_FIR.feat,105,1,sharedreward,1,multi-echo,fmriprep,mni,NAcc,sr_decision_partner_extra,Computer-Stranger,6.0,4.701488040739476,20.553913831710815,0.0,28.208928244436855,37.56856504499912,9.359636800562267,-12.307804943491067,5.188915232017681,4.0,-49.23121977396427,-11.591298962525173
/home/tug87422/scratch/smithlab-shared/night-owls/derivatives/fsl/sub-105/ses-01/L1_sub-105_ses-01_task-sharedreward_model-1_type-act_run-1_space-mni_multi-echo_cnfds-fmriprep_unsmoothed_FIR.feat,105,1,sharedreward,1,multi-echo,fmriprep,mni,NAcc,sr_outcome_primary,Reward-Neutral,6.0,21.938017946378977,43.580971002578735,3.23,131.62810767827386,141.65487506985664,10.026767391582766,6.718890526730676,41.315390335886136,8.0,26.875562106922704,-17.362367777632493
/home/tug87422/scratch/smithlab-shared/night-owls/derivatives/fsl/sub-105/ses-01/L1_sub-105_ses-01_task-sharedreward_model-1_type-act_run-1_space-mni_multi-echo_cnfds-fmriprep_unsmoothed_FIR.feat,105,1,sharedreward,1,multi-echo,fmriprep,mni,NAcc,sr_outcome_primary,Punish-Neutral,6.0,-6.0586824354815425,57.06507968902588,3.23,-36.35209461288925,92.16010369777678,128.51219831066604,-10.32454636579512,18.19118607524009,4.0,-41.29818546318048,-16.891717078146918
/home/tug87422/scratch/smithlab-shared/night-owls/derivatives/fsl/sub-105/ses-01/L1_sub-105_ses-01_task-sharedreward_model-1_type-act_run-1_space-mni_multi-echo_cnfds-fmriprep_unsmoothed_FIR.feat,105,1,sharedreward,1,multi-echo,fmriprep,mni,NAcc,sr_outcome_primary,Reward-Punish,6.0,27.99670038186052,54.39651966094971,0.0,167.98020229116312,190.02883859872819,22.048636307565047,17.043436892525797,54.009586334228516,4.845,68.17374757010319,-0.4706506994855686
/home/tug87422/scratch/smithlab-shared/night-owls/derivatives/fsl/sub-105/ses-01/L1_sub-105_ses-01_task-sharedreward_model-1_type-act_run-1_space-mni_multi-echo_cnfds-tedana_unsmoothed_FIR.feat,105,1,sharedreward,1,multi-echo,tedana,mni,NAcc,sr_decision_partner_extra,Computer-Stranger,6.0,15.97364912651979,29.215155601501465,3.23,95.84189475911874,95.84189475911874,0.0,14.22262727687787,22.540904127776436,4.0,56.89050910751148,17.335888517161276
/home/tug87422/scratch/smithlab-shared/night-owls/derivatives/fsl/sub-105/ses-01/L1_sub-105_ses-01_task-sharedreward_model-1_type-act_run-1_space-mni_multi-echo_cnfds-tedana_unsmoothed_FIR.feat,105,1,sharedreward,1,multi-echo,tedana,mni,NAcc,sr_outcome_primary,Reward-Neutral,6.0,25.1433393473977,72.6299569606781,4.845,150.8600360843862,193.5931880223751,42.73315193798889,20.366691394864414,72.6299569606781,4.845,81.46676557945766,-11.450507536023027
/home/tug87422/scratch/smithlab-shared/night-owls/derivatives/fsl/sub-105/ses-01/L1_sub-105_ses-01_task-sharedreward_model-1_type-act_run-1_space-mni_multi-echo_cnfds-tedana_unsmoothed_FIR.feat,105,1,sharedreward,1,multi-echo,tedana,mni,NAcc,sr_outcome_primary,Punish-Neutral,6.0,11.166199813556496,81.37845230102539,3.23,66.99719888133897,169.80379334807395,102.80659446673496,1.6986355398913675,55.790137008985866,4.0,6.79454215956547,-21.309346553341893
/home/tug87422/scratch/smithlab-shared/night-owls/derivatives/fsl/sub-105/ses-01/L1_sub-105_ses-01_task-sharedreward_model-1_type-act_run-1_space-mni_multi-echo_cnfds-tedana_unsmoothed_FIR.feat,105,1,sharedreward,1,multi-echo,tedana,mni,NAcc,sr_outcome_primary,Reward-Punish,6.0,13.977139533841203,44.92050361633301,4.845,83.86283720304722,125.67356709887738,41.81072989583015,18.668055854973044,44.92050361633301,4.845,74.67222341989218,9.858839017318866
/home/tug87422/scratch/smithlab-shared/night-owls/derivatives/fsl/sub-105/ses-01/L1_sub-105_ses-01_task-sharedreward_model-1_type-act_run-1_space-mni_single-echo_cnfds-fmriprep_unsmoothed_FIR.feat,105,1,sharedreward,1,single-echo,fmriprep,mni,NAcc,sr_decision_partner_extra,Computer-Stranger,6.0,-2.758610692400989,19.31094765663147,0.0,-16.551664154405934,20.49689466893673,37.04855882334266,-11.340943955360183,-6.664112113208589,8.0,-45.36377582144073,-13.842755502222493
/home/tug87422/scratch/smithlab-shared/night-owls/derivatives/fsl/sub-105/ses-01/L1_sub-105_ses-01_task-sharedreward_model-1_type-act_run-1_space-mni_single-echo_cnfds-fmriprep_unsmoothed_FIR.feat,105,1,sharedreward,1,single-echo,fmriprep,mni,NAcc,sr_outcome_primary,Reward-Neutral,6.0,31.981730874063306,50.029788970947266,4.845,191.89038524437984,191.89038524437984,0.0,47.36385805448235,50.029788970947266,4.845,189.4554322179294,49.85244914547947
/home/tug87422/scratch/smithlab-shared/night-owls/derivatives/fsl/sub-105/ses-01/L1_sub-105_ses-01_task-sharedreward_model-1_type-act_run-1_space-mni_single-echo_cnfds-fmriprep_unsmoothed_FIR.feat,105,1,sharedreward,1,single-echo,fmriprep,mni,NAcc,sr_outcome_primary,Punish-Neutral,6.0,17.36371517098971,33.44128583902176,6.0,104.18229102593827,104.18229102593827,0.0,24.557241050805835,43.56564903259277,6.46,98.22896420322334,33.44128583902176
/home/tug87422/scratch/smithlab-shared/night-owls/derivatives/fsl/sub-105/ses-01/L1_sub-105_ses-01_task-sharedreward_model-1_type-act_run-1_space-mni_single-echo_cnfds-fmriprep_unsmoothed_FIR.feat,105,1,sharedreward,1,single-echo,fmriprep,mni,NAcc,sr_outcome_primary,Reward-Punish,6.0,14.618015703073596,42.00945854187012,4.845,87.70809421844157,108.69324859208736,20.98515437364578,22.806617003676507,42.00945854187012,4.845,91.22646801470603,16.411163306457706
/home/tug87422/scratch/smithlab-shared/night-owls/derivatives/fsl/sub-105/ses-01/L1_sub-105_ses-01_task-sharedreward_model-1_type-act_run-1_space-mni_single-echo_cnfds-tedana_unsmoothed_FIR.feat,105,1,sharedreward,1,single-echo,tedana,mni,NAcc,sr_decision_partner_extra,Computer-Stranger,6.0,5.881649606843836,10.693159341812134,0.0,35.289897641063014,35.289897641063014,0.0,5.929008945694926,6.742090225219727,6.46,23.716035782779706,6.351888615280482
/home/tug87422/scratch/smithlab-shared/night-owls/derivatives/fsl/sub-105/ses-01/L1_sub-105_ses-01_task-sharedreward_model-1_type-act_run-1_space-mni_single-echo_cnfds-tedana_unsmoothed_FIR.feat,105,1,sharedreward,1,single-echo,tedana,mni,NAcc,sr_outcome_primary,Reward-Neutral,6.0,30.582795067892572,66.56917190551758,4.845,183.49677040735543,183.49677040735543,0.0,51.80883889737814,66.56917190551758,4.845,207.23535558951255,48.3463868054074
/home/tug87422/scratch/smithlab-shared/night-owls/derivatives/fsl/sub-105/ses-01/L1_sub-105_ses-01_task-sharedreward_model-1_type-act_run-1_space-mni_single-echo_cnfds-tedana_unsmoothed_FIR.feat,105,1,sharedreward,1,single-echo,tedana,mni,NAcc,sr_outcome_primary,Punish-Neutral,6.0,27.962331229782478,33.67257249355316,3.23,167.77398737869487,167.77398737869487,0.0,25.543274143641533,33.26038037106718,4.0,102.17309657456613,22.5704988296556
/home/tug87422/scratch/smithlab-shared/night-owls/derivatives/fsl/sub-105/ses-01/L1_sub-105_ses-01_task-sharedreward_model-1_type-act_run-1_space-mni_single-echo_cnfds-tedana_unsmoothed_FIR.feat,105,1,sharedreward,1,single-echo,tedana,mni,NAcc,sr_outcome_primary,Reward-Punish,6.0,2.620463838110092,33.76113224029541,4.845,15.722783028660551,62.4607806988342,46.73799767017364,26.265564753736598,33.76113224029541,4.845,105.06225901494639,25.7758879757518
/home/tug87422/scratch/smithlab-shared/night-owls/derivatives/fsl/sub-105/ses-01/L1_sub-105_ses-01_task-sharedreward_model-1_type-act_run-2_space-mni_multi-echo_cnfds-fmriprep_unsmoothed_FIR.feat,105,1,sharedreward,2,multi-echo,fmriprep,mni,NAcc,sr_decision_partner_extra,Computer-Stranger,6.0,-37.78892760210931,-18.101837635040283,1.615,-226.73356561265587,0.0,226.73356561265587,-48.370831150874466,-4.21549295714763,8.0,-193.48332460349786,-57.26149762747088
/home/tug87422/scratch/smithlab-shared/night-owls/derivatives/fsl/sub-105/ses-01/L1_sub-105_ses-01_task-sharedreward_model-1_type-act_run-2_space-mni_multi-echo_cnfds-fmriprep_unsmoothed_FIR.feat,105,1,sharedreward,2,multi-echo,fmriprep,mni,NAcc,sr_outcome_primary,Reward-Neutral,6.0,42.60867459470643,102.54076766967773,3.23,255.65204756823857,262.915466747284,7.263419179045382,5.033543824776771,70.95003495939744,4.0,20.134175299107085,-6.332536431658014
/home/tug87422/scratch/smithlab-shared/night-owls/derivatives/fsl/sub-105/ses-01/L1_sub-105_ses-01_task-sharedreward_model-1_type-act_run-2_space-mni_multi-echo_cnfds-fmriprep_unsmoothed_FIR.feat,105,1,sharedreward,2,multi-echo,fmriprep,mni,NAcc,sr_outcome_primary,Punish-Neutral,6.0,58.32496749794766,123.05414199829102,3.23,349.949804987686,361.77780073165894,11.82799574397297,13.196613588550886,95.23379290436074,4.0,52.78645435420354,-20.481377911641502
/home/tug87422/scratch/smithlab-shared/night-owls/derivatives/fsl/sub-105/ses-01/L1_sub-105_ses-01_task-sharedreward_model-1_type-act_run-2_space-mni_multi-echo_cnfds-fmriprep_unsmoothed_FIR.feat,105,1,sharedreward,2,multi-echo,fmriprep,mni,NAcc,sr_outcome_primary,Reward-Punish,6.0,-15.716292903241234,14.148841479983496,6.0,-94.29775741944741,8.17095595469047,102.46871337413788,-8.16306976377411,31.10321807861328,6.46,-32.65227905509644,14.148841479983496
/home/tug87422/scratch/smithlab-shared/night-owls/derivatives/fsl/sub-105/ses-01/L1_sub-105_ses-01_task-sharedreward_model-1_type-act_run-2_space-mni_multi-echo_cnfds-tedana_unsmoothed_FIR.feat,105,1,sharedreward,2,multi-echo,tedana,mni,NAcc,sr_decision_partner_extra,Computer-Stranger,6.0,-24.130730859827946,-6.221634387969971,3.23,-144.78438515896767,0.0,144.78438515896767,-32.417731114075096,9.225442464137616,8.0,-129.67092445630038,-44.22948949772507
/home/tug87422/scratch/smithlab-shared/night-owls/derivatives/fsl/sub-105/ses-01/L1_sub-105_ses-01_task-sharedreward_model-1_type-act_run-2_space-mni_multi-echo_cnfds-tedana_unsmoothed_FIR.feat,105,1,sharedreward,2,multi-echo,tedana,mni,NAcc,sr_outcome_primary,Reward-Neutral,6.0,42.68926879910492,89.39947700500488,3.23,256.13561279462954,264.1367913508415,8.001178556211965,-1.466434743526186,73.46715643088515,4.0,-5.865738974104744,-13.854854642791278
/home/tug87422/scratch/smithlab-shared/night-owls/derivatives/fsl/sub-105/ses-01/L1_sub-105_ses-01_task-sharedreward_model-1_type-act_run-2_space-mni_multi-echo_cnfds-tedana_unsmoothed_FIR.feat,105,1,sharedreward,2,multi-echo,tedana,mni,NAcc,sr_outcome_primary,Punish-Neutral,6.0,50.04463463430434,128.60738563537598,3.23,300.267807805826,328.056919426918,27.789111621091983,-15.22448685959028,88.00418944107858,4.0,-60.89794743836112,-48.11967380275667
/home/tug87422/scratch/smithlab-shared/night-owls/derivatives/fsl/sub-105/ses-01/L1_sub-105_ses-01_task-sharedreward_model-1_type-act_run-2_space-mni_multi-echo_cnfds-tedana_unsmoothed_FIR.feat,105,1,sharedreward,2,multi-echo,tedana,mni,NAcc,sr_outcome_primary,Reward-Punish,6.0,-7.355365835199414,34.2648191599654,6.0,-44.13219501119648,37.151470281066544,81.28366529226302,13.758052116064091,42.91838264465332,6.46,55.032208464256364,34.2648191599654
/home/tug87422/scratch/smithlab-shared/night-owls/derivatives/fsl/sub-105/ses-01/L1_sub-105_ses-01_task-sharedreward_model-1_type-act_run-2_space-mni_single-echo_cnfds-fmriprep_unsmoothed_FIR.feat,105,1,sharedreward,2,single-echo,fmriprep,mni,NAcc,sr_decision_partner_extra,Computer-Stranger,6.0,-20.245537299755558,7.044113159179689,1.615,-121.47322379853335,11.376242752075198,132.84946655060853,-26.22205445362595,-14.192096710205075,6.46,-104.8882178145038,-22.9504298012323
/home/tug87422/scratch/smithlab-shared/night-owls/derivatives/fsl/sub-105/ses-01/L1_sub-105_ses-01_task-sharedreward_model-1_type-act_run-2_space-mni_single-echo_cnfds-fmriprep_unsmoothed_FIR.feat,105,1,sharedreward,2,single-echo,fmriprep,mni,NAcc,sr_outcome_primary,Reward-Neutral,6.0,26.875867764722358,53.69083595275879,1.615,161.25520658833415,168.3721274459362,7.116920857602045,-5.0719000060277395,18.712874897862363,4.0,-20.287600024110958,-2.8515129716772782
/home/tug87422/scratch/smithlab-shared/night-owls/derivatives/fsl/sub-105/ses-01/L1_sub-105_ses-01_task-sharedreward_model-1_type-act_run-2_space-mni_single-echo_cnfds-fmriprep_unsmoothed_FIR.feat,105,1,sharedreward,2,single-echo,fmriprep,mni,NAcc,sr_outcome_primary,Punish-Neutral,6.0,38.61847187365541,63.677385330200195,1.615,231.71083124193245,238.4538044857979,6.74297324386544,5.47035259934356,33.301942586898804,4.845,21.88141039737424,-11.676144145221539
/home/tug87422/scratch/smithlab-shared/night-owls/derivatives/fsl/sub-105/ses-01/L1_sub-105_ses-01_task-sharedreward_model-1_type-act_run-2_space-mni_single-echo_cnfds-fmriprep_unsmoothed_FIR.feat,105,1,sharedreward,2,single-echo,fmriprep,mni,NAcc,sr_outcome_primary,Reward-Punish,6.0,-11.742604108933046,8.82463117354426,6.0,-70.45562465359828,15.5440689698849,85.99969362348318,-10.542252605371296,27.175308227539062,6.46,-42.16901042148518,8.82463117354426
/home/tug87422/scratch/smithlab-shared/night-owls/derivatives/fsl/sub-105/ses-01/L1_sub-105_ses-01_task-sharedreward_model-1_type-act_run-2_space-mni_single-echo_cnfds-tedana_unsmoothed_FIR.feat,105,1,sharedreward,2,single-echo,tedana,mni,NAcc,sr_decision_partner_extra,Computer-Stranger,6.0,-17.557442840072024,-0.255917549133299,1.615,-105.34465704043214,0.0,105.34465704043214,-22.168621705315843,-13.918337821960447,6.46,-88.67448682126337,-19.540520343249057
/home/tug87422/scratch/smithlab-shared/night-owls/derivatives/fsl/sub-105/ses-01/L1_sub-105_ses-01_task-sharedreward_model-1_type-act_run-2_space-mni_single-echo_cnfds-tedana_unsmoothed_FIR.feat,105,1,sharedreward,2,single-echo,tedana,mni,NAcc,sr_outcome_primary,Reward-Neutral,6.0,16.836368402029525,29.947014808654785,1.615,101.01821041217714,103.79671746075154,2.778507048574395,-11.008606476505802,12.67149138561343,4.0,-44.03442590602321,-4.811267616579038
/home/tug87422/scratch/smithlab-shared/night-owls/derivatives/fsl/sub-105/ses-01/L1_sub-105_ses-01_task-sharedreward_model-1_type-act_run-2_space-mni_single-echo_cnfds-tedana_unsmoothed_FIR.feat,105,1,sharedreward,2,single-echo,tedana,mni,NAcc,sr_outcome_primary,Punish-Neutral,6.0,29.83728464400467,52.92199993133545,1.615,179.023707864028,193.37038171231748,14.34667384828946,-12.097287713721768,24.43485356152242,4.0,-48.38915085488707,-24.842725278423302
/home/tug87422/scratch/smithlab-shared/night-owls/derivatives/fsl/sub-105/ses-01/L1_sub-105_ses-01_task-sharedreward_model-1_type-act_run-2_space-mni_single-echo_cnfds-tedana_unsmoothed_FIR.feat,105,1,sharedreward,2,single-echo,tedana,mni,NAcc,sr_outcome_primary,Reward-Punish,6.0,-13.000916241975146,20.03145766184426,6.0,-78.00549745185087,11.568166799715064,89.57366425156593,1.0886812372159609,34.57347774505615,6.46,4.3547249488638435,20.03145766184426
/home/tug87422/scratch/smithlab-shared/night-owls/derivatives/fsl/sub-105/ses-02/L1_sub-105_ses-02_task-mid_model-1_type-act_run-1_space-mni_multi-echo_cnfds-fmriprep_unsmoothed_FIR.feat,105,2,mid,1,multi-echo,fmriprep,mni,NAcc,mid_anticipation_primary,Reward-Neutral,5.0,-38.51534619516134,-11.85204517841339,0.0,-192.5767309758067,0.0,192.5767309758067,-14.681536726337097,48.792360252640215,8.0,-58.726146905348386,-24.277725219726566
/home/tug87422/scratch/smithlab-shared/night-owls/derivatives/fsl/sub-105/ses-02/L1_sub-105_ses-02_task-mid_model-1_type-act_run-1_space-mni_multi-echo_cnfds-fmriprep_unsmoothed_FIR.feat,105,2,mid,1,multi-echo,fmriprep,mni,NAcc,mid_feedback_extra,Positive-Negative,6.0,-13.084406747921792,-6.603472709655762,3.23,-78.50644048753075,0.0,78.50644048753075,-8.667525254103005,-2.5621957502128883,8.0,-34.67010101641202,-9.90798506906527
/home/tug87422/scratch/smithlab-shared/night-owls/derivatives/fsl/sub-105/ses-02/L1_sub-105_ses-02_task-mid_model-1_type-act_run-1_space-mni_multi-echo_cnfds-tedana_unsmoothed_FIR.feat,105,2,mid,1,multi-echo,tedana,mni,NAcc,mid_anticipation_primary,Reward-Neutral,5.0,-3.4939502340261774,18.171688970028434,5.0,-17.469751170130888,16.366034951654754,33.83578612178564,28.310003795561848,57.518146157633794,8.0,113.24001518224739,26.36717416775116
/home/tug87422/scratch/smithlab-shared/night-owls/derivatives/fsl/sub-105/ses-02/L1_sub-105_ses-02_task-mid_model-1_type-act_run-1_space-mni_multi-echo_cnfds-tedana_unsmoothed_FIR.feat,105,2,mid,1,multi-echo,tedana,mni,NAcc,mid_feedback_extra,Positive-Negative,6.0,-10.198693886890746,16.7118558883667,3.23,-61.19216332134448,26.989647259712214,88.1818105810567,-7.4861371846390945,1.2491036140512732,4.0,-29.944548738556378,-8.81108720679032
/home/tug87422/scratch/smithlab-shared/night-owls/derivatives/fsl/sub-105/ses-02/L1_sub-105_ses-02_task-mid_model-1_type-act_run-1_space-mni_single-echo_cnfds-fmriprep_unsmoothed_FIR.feat,105,2,mid,1,single-echo,fmriprep,mni,NAcc,mid_anticipation_primary,Reward-Neutral,5.0,-34.57535744944224,-17.74170446395874,0.0,-172.87678724721118,0.0,172.87678724721118,-15.288541829526975,13.977688981283569,8.0,-61.1541673181079,-15.953303428626281
/home/tug87422/scratch/smithlab-shared/night-owls/derivatives/fsl/sub-105/ses-02/L1_sub-105_ses-02_task-mid_model-1_type-act_run-1_space-mni_single-echo_cnfds-fmriprep_unsmoothed_FIR.feat,105,2,mid,1,single-echo,fmriprep,mni,NAcc,mid_feedback_extra,Positive-Negative,6.0,0.055612070815266236,23.6086003780365,4.845,0.33367242489159743,34.90426898423732,34.570596559345724,3.167886777539555,23.6086003780365,4.845,12.67154711015822,1.2911261862645553
/home/tug87422/scratch/smithlab-shared/night-owls/derivatives/fsl/sub-105/ses-02/L1_sub-105_ses-02_task-mid_model-1_type-act_run-1_space-mni_single-echo_cnfds-tedana_unsmoothed_FIR.feat,105,2,mid,1,single-echo,tedana,mni,NAcc,mid_anticipation_primary,Reward-Neutral,5.0,-15.036911500081924,15.460803486614406,5.0,-75.18455750040962,13.627937745523898,88.81249524593352,18.10091928819339,28.797818183898926,6.46,72.40367715277355,24.595745060096956
/home/tug87422/scratch/smithlab-shared/night-owls/derivatives/fsl/sub-105/ses-02/L1_sub-105_ses-02_task-mid_model-1_type-act_run-1_space-mni_single-echo_cnfds-tedana_unsmoothed_FIR.feat,105,2,mid,1,single-echo,tedana,mni,NAcc,mid_feedback_extra,Positive-Negative,6.0,1.0785197992406028,20.453031063079834,4.845,6.471118795443617,49.94001406908035,43.46889527363673,1.5230386402455638,20.453031063079834,4.845,6.092154560982255,-1.5367952618436573
/home/tug87422/scratch/smithlab-shared/night-owls/derivatives/fsl/sub-105/ses-02/L1_sub-105_ses-02_task-mid_model-1_type-act_run-2_space-mni_multi-echo_cnfds-fmriprep_unsmoothed_FIR.feat,105,2,mid,2,multi-echo,fmriprep,mni,NAcc,mid_anticipation_primary,Reward-Neutral,5.0,-19.32796766344977,11.276670455932617,1.615,-96.63983831724885,18.211822786331176,114.85166110358003,-39.40738714706418,-27.579946994781494,6.46,-157.6295485882567,-35.058209084135825
/home/tug87422/scratch/smithlab-shared/night-owls/derivatives/fsl/sub-105/ses-02/L1_sub-105_ses-02_task-mid_model-1_type-act_run-2_space-mni_multi-echo_cnfds-fmriprep_unsmoothed_FIR.feat,105,2,mid,2,multi-echo,fmriprep,mni,NAcc,mid_feedback_extra,Positive-Negative,6.0,25.586599238127377,53.615055084228516,1.615,153.51959542876426,163.77331668019295,10.253721251428686,0.3543626179820656,24.680941820882822,8.0,1.4174504719282623,-17.755361474335384
/home/tug87422/scratch/smithlab-shared/night-owls/derivatives/fsl/sub-105/ses-02/L1_sub-105_ses-02_task-mid_model-1_type-act_run-2_space-mni_multi-echo_cnfds-tedana_unsmoothed_FIR.feat,105,2,mid,2,multi-echo,tedana,mni,NAcc,mid_anticipation_primary,Reward-Neutral,5.0,-9.232294438590392,19.78600639104843,3.23,-46.16147219295196,31.95440032154321,78.11587251449518,-34.47321209628527,-8.012870933433808,4.0,-137.8928483851411,-31.205633108829936
/home/tug87422/scratch/smithlab-shared/night-owls/derivatives/fsl/sub-105/ses-02/L1_sub-105_ses-02_task-mid_model-1_type-act_run-2_space-mni_multi-echo_cnfds-tedana_unsmoothed_FIR.feat,105,2,mid,2,multi-echo,tedana,mni,NAcc,mid_feedback_extra,Positive-Negative,6.0,9.692752975865627,33.34959191083908,1.615,58.15651785519376,70.31902590066194,12.162508045468172,-2.6849200520574446,32.35377563854492,8.0,-10.739680208229778,-18.27247886539613
/home/tug87422/scratch/smithlab-shared/night-owls/derivatives/fsl/sub-105/ses-02/L1_sub-105_ses-02_task-mid_model-1_type-act_run-2_space-mni_single-echo_cnfds-fmriprep_unsmoothed_FIR.feat,105,2,mid,2,single-echo,fmriprep,mni,NAcc,mid_anticipation_primary,Reward-Neutral,5.0,-16.41108047554958,4.935066223144531,1.615,-82.0554023777479,7.970131950378418,90.02553432812631,-12.810548328576903,-5.722036361694338,6.46,-51.24219331430761,-9.670105015899374
/home/tug87422/scratch/smithlab-shared/night-owls/derivatives/fsl/sub-105/ses-02/L1_sub-105_ses-02_task-mid_model-1_type-act_run-2_space-mni_single-echo_cnfds-fmriprep_unsmoothed_FIR.feat,105,2,mid,2,single-echo,fmriprep,mni,NAcc,mid_feedback_extra,Positive-Negative,6.0,23.615766149476034,49.03771638870239,1.615,141.6945968968562,143.42674159348013,1.7321446966239182,3.944314396040913,18.0786921749174,4.0,15.777257584163651,-2.999384756058732
/home/tug87422/scratch/smithlab-shared/night-owls/derivatives/fsl/sub-105/ses-02/L1_sub-105_ses-02_task-mid_model-1_type-act_run-2_space-mni_single-echo_cnfds-tedana_unsmoothed_FIR.feat,105,2,mid,2,single-echo,tedana,mni,NAcc,mid_anticipation_primary,Reward-Neutral,5.0,-8.97328931844788,5.992080688476559,1.615,-44.866446592239406,9.677210311889644,54.54365690412906,-21.163674314787883,-9.377515931616628,4.0,-84.65469725915153,-20.26141334391969
/home/tug87422/scratch/smithlab-shared/night-owls/derivatives/fsl/sub-105/ses-02/L1_sub-105_ses-02_task-mid_model-1_type-act_run-2_space-mni_single-echo_cnfds-tedana_unsmoothed_FIR.feat,105,2,mid,2,single-echo,tedana,mni,NAcc,mid_feedback_extra,Positive-Negative,6.0,10.022715528735926,33.520782470703125,1.615,60.136293172415556,68.64564064264297,8.50934747022741,-1.2293708850429508,13.65930811170455,8.0,-4.917483540171803,-6.4848157097311585
/home/tug87422/scratch/smithlab-shared/night-owls/derivatives/fsl/sub-105/ses-02/L1_sub-105_ses-02_task-sharedreward_model-1_type-act_run-1_space-mni_multi-echo_cnfds-fmriprep_unsmoothed_FIR.feat,105,2,sharedreward,1,multi-echo,fmriprep,mni,NAcc,sr_decision_partner_extra,Computer-Stranger,6.0,-22.756921132311177,26.381300884872772,6.0,-136.54152679386706,17.38096073088078,153.92248752474782,19.56898831143468,36.27110815048218,6.46,78.27595324573872,26.381300884872772
/home/tug87422/scratch/smithlab-shared/night-owls/derivatives/fsl/sub-105/ses-02/L1_sub-105_ses-02_task-sharedreward_model-1_type-act_run-1_space-mni_multi-echo_cnfds-fmriprep_unsmoothed_FIR.feat,105,2,sharedreward,1,multi-echo,fmriprep,mni,NAcc,sr_outcome_primary,Reward-Neutral,6.0,-58.37571469146585,6.730823516845703,3.23,-350.2542881487951,10.87027997970581,361.1245681285009,-67.53182135339861,-28.542081832885742,6.46,-270.12728541359445,-59.81435835398386
/home/tug87422/scratch/smithlab-shared/night-owls/derivatives/fsl/sub-105/ses-02/L1_sub-105_ses-02_task-sharedreward_model-1_type-act_run-1_space-mni_multi-echo_cnfds-fmriprep_unsmoothed_FIR.feat,105,2,sharedreward,1,multi-echo,fmriprep,mni,NAcc,sr_outcome_primary,Punish-Neutral,6.0,-61.18699684946345,21.419967651367188,3.23,-367.1219810967807,34.59324775695801,401.7152288537387,-78.08281604843151,-17.291703476625322,8.0,-312.33126419372604,-79.99032450017545
/home/tug87422/scratch/smithlab-shared/night-owls/derivatives/fsl/sub-105/ses-02/L1_sub-105_ses-02_task-sharedreward_model-1_type-act_run-1_space-mni_multi-echo_cnfds-fmriprep_unsmoothed_FIR.feat,105,2,sharedreward,1,multi-echo,fmriprep,mni,NAcc,sr_outcome_primary,Reward-Punish,6.0,2.811282157997598,20.559130907058716,1.615,16.86769294798559,72.79868940651602,55.93099645853042,10.550994695032895,20.176225662231445,4.845,42.20397878013158,20.175966146191577
/home/tug87422/scratch/smithlab-shared/night-owls/derivatives/fsl/sub-105/ses-02/L1_sub-105_ses-02_task-sharedreward_model-1_type-act_run-1_space-mni_multi-echo_cnfds-tedana_unsmoothed_FIR.feat,105,2,sharedreward,1,multi-echo,tedana,mni,NAcc,sr_decision_partner_extra,Computer-Stranger,6.0,-8.64264346527221,21.95371189652459,6.0,-51.855860791633255,23.60560750650394,75.46146829813719,17.12819492082455,27.644418988958932,6.46,68.5127796832982,21.95371189652459
/home/tug87422/scratch/smithlab-shared/night-owls/derivatives/fsl/sub-105/ses-02/L1_sub-105_ses-02_task-sharedreward_model-1_type-act_run-1_space-mni_multi-echo_cnfds-tedana_unsmoothed_FIR.feat,105,2,sharedreward,1,multi-echo,tedana,mni,NAcc,sr_outcome_primary,Reward-Neutral,6.0,-44.47880984034947,0.4328117370605469,3.23,-266.8728590420968,0.6989909553527831,267.5718499974496,-70.68944096746091,-49.693711460928434,4.0,-282.75776386984364,-67.73673925015949
/home/tug87422/scratch/smithlab-shared/night-owls/derivatives/fsl/sub-105/ses-02/L1_sub-105_ses-02_task-sharedreward_model-1_type-act_run-1_space-mni_multi-echo_cnfds-tedana_unsmoothed_FIR.feat,105,2,sharedreward,1,multi-echo,tedana,mni,NAcc,sr_outcome_primary,Punish-Neutral,6.0,-33.468480579675294,29.95917510986328,3.23,-200.81088347805178,52.77299159049987,253.58387506855166,-79.18368383362844,-34.88480712607181,4.0,-316.73473533451374,-89.43652456685116
/home/tug87422/scratch/smithlab-shared/night-owls/derivatives/fsl/sub-105/ses-02/L1_sub-105_ses-02_task-sharedreward_model-1_type-act_run-1_space-mni_multi-echo_cnfds-tedana_unsmoothed_FIR.feat,105,2,sharedreward,1,multi-echo,tedana,mni,NAcc,sr_outcome_primary,Reward-Punish,6.0,-11.010329260674176,21.69978531669168,6.0,-66.06197556404506,25.366858001666913,91.42883356571197,8.494242866167525,29.807618618011475,6.46,33.9769714646701,21.69978531669168
/home/tug87422/scratch/smithlab-shared/night-owls/derivatives/fsl/sub-105/ses-02/L1_sub-105_ses-02_task-sharedreward_model-1_type-act_run-1_space-mni_single-echo_cnfds-fmriprep_unsmoothed_FIR.feat,105,2,sharedreward,1,single-echo,fmriprep,mni,NAcc,sr_decision_partner_extra,Computer-Stranger,6.0,3.0235291283618433,29.947447299957275,4.845,18.14117477017106,60.832961737090955,42.6917869669199,22.311959811367856,29.947447299957275,4.845,89.24783924547143,23.166379456180536
/home/tug87422/scratch/smithlab-shared/night-owls/derivatives/fsl/sub-105/ses-02/L1_sub-105_ses-02_task-sharedreward_model-1_type-act_run-1_space-mni_single-echo_cnfds-fmriprep_unsmoothed_FIR.feat,105,2,sharedreward,1,single-echo,fmriprep,mni,NAcc,sr_outcome_primary,Reward-Neutral,6.0,-33.25608668116747,-1.8449668884277344,3.23,-199.53652008700482,0.0,199.53652008700482,-30.439262687255727,-1.7468719482421875,6.46,-121.75705074902291,-18.64202482855357
/home/tug87422/scratch/smithlab-shared/night-owls/derivatives/fsl/sub-105/ses-02/L1_sub-105_ses-02_task-sharedreward_model-1_type-act_run-1_space-mni_single-echo_cnfds-fmriprep_unsmoothed_FIR.feat,105,2,sharedreward,1,single-echo,fmriprep,mni,NAcc,sr_outcome_primary,Punish-Neutral,6.0,-30.46822827006211,30.32795524597168,3.23,-182.80936962037265,48.97964772224426,231.7890173426169,-38.24551849260603,-1.341030052940908,8.0,-152.98207397042412,-39.02128021488249
/home/tug87422/scratch/smithlab-shared/night-owls/derivatives/fsl/sub-105/ses-02/L1_sub-105_ses-02_task-sharedreward_model-1_type-act_run-1_space-mni_single-echo_cnfds-fmriprep_unsmoothed_FIR.feat,105,2,sharedreward,1,single-echo,fmriprep,mni,NAcc,sr_outcome_primary,Reward-Punish,6.0,-2.7878584111053617,29.305577278137207,4.845,-16.72715046663217,56.02858135919638,72.75573182582855,7.806255805350304,29.305577278137207,4.845,31.225023221401216,20.379255386328918
/home/tug87422/scratch/smithlab-shared/night-owls/derivatives/fsl/sub-105/ses-02/L1_sub-105_ses-02_task-sharedreward_model-1_type-act_run-1_space-mni_single-echo_cnfds-tedana_unsmoothed_FIR.feat,105,2,sharedreward,1,single-echo,tedana,mni,NAcc,sr_decision_partner_extra,Computer-Stranger,6.0,11.225069191781316,31.226226329803467,4.845,67.3504151506879,78.38987024279018,11.039455092102287,21.925962657644284,31.226226329803467,4.845,87.70385063057714,22.79544468929893
/home/tug87422/scratch/smithlab-shared/night-owls/derivatives/fsl/sub-105/ses-02/L1_sub-105_ses-02_task-sharedreward_model-1_type-act_run-1_space-mni_single-echo_cnfds-tedana_unsmoothed_FIR.feat,105,2,sharedreward,1,single-echo,tedana,mni,NAcc,sr_outcome_primary,Reward-Neutral,6.0,-25.864808489375196,-5.647132873535156,3.23,-155.18885093625119,0.0,155.18885093625119,-40.05895198143857,-20.743159087449776,4.0,-160.23580792575427,-33.47860270757055
/home/tug87422/scratch/smithlab-shared/night-owls/derivatives/fsl/sub-105/ses-02/L1_sub-105_ses-02_task-sharedreward_model-1_type-act_run-1_space-mni_single-echo_cnfds-tedana_unsmoothed_FIR.feat,105,2,sharedreward,1,single-echo,tedana,mni,NAcc,sr_outcome_primary,Punish-Neutral,6.0,-27.58212234857774,16.06894302368164,3.23,-165.49273409146645,25.951342983245844,191.44407707471228,-59.368821513863175,-19.747192335571672,4.0,-237.4752860554527,-68.41817833986076
/home/tug87422/scratch/smithlab-shared/night-owls/derivatives/fsl/sub-105/ses-02/L1_sub-105_ses-02_task-sharedreward_model-1_type-act_run-1_space-mni_single-echo_cnfds-tedana_unsmoothed_FIR.feat,105,2,sharedreward,1,single-echo,tedana,mni,NAcc,sr_outcome_primary,Reward-Punish,6.0,1.7173138592025439,34.93957563229021,6.0,10.303883155215264,71.23420566760349,60.93032251238823,19.309869532424596,40.19561958312988,6.46,77.23947812969838,34.93957563229021
/home/tug87422/scratch/smithlab-shared/night-owls/derivatives/fsl/sub-105/ses-02/L1_sub-105_ses-02_task-sharedreward_model-1_type-act_run-2_space-mni_multi-echo_cnfds-fmriprep_unsmoothed_FIR.feat,105,2,sharedreward,2,multi-echo,fmriprep,mni,NAcc,sr_decision_partner_extra,Computer-Stranger,6.0,-7.872911239245789,20.57877188348918,6.0,-47.237467435474734,30.288479701404235,77.52594713687897,15.101152952874408,31.150641441345215,6.46,60.40461181149763,20.57877188348918
/home/tug87422/scratch/smithlab-shared/night-owls/derivatives/fsl/sub-105/ses-02/L1_sub-105_ses-02_task-sharedreward_model-1_type-act_run-2_space-mni_multi-echo_cnfds-fmriprep_unsmoothed_FIR.feat,105,2,sharedreward,2,multi-echo,fmriprep,mni,NAcc,sr_outcome_primary,Reward-Neutral,6.0,-28.374722179783078,31.688063157970323,6.0,-170.24833307869847,37.00318269424025,207.25151577293872,8.72963363025579,38.930118560791016,6.46,34.91853452102316,31.688063157970323
/home/tug87422/scratch/smithlab-shared/night-owls/derivatives/fsl/sub-105/ses-02/L1_sub-105_ses-02_task-sharedreward_model-1_type-act_run-2_space-mni_multi-echo_cnfds-fmriprep_unsmoothed_FIR.feat,105,2,sharedreward,2,multi-echo,fmriprep,mni,NAcc,sr_outcome_primary,Punish-Neutral,6.0,-9.625475822041274,61.73867225646973,4.845,-57.752854932247644,112.71933922439905,170.47219415664674,32.98436802097887,61.73867225646973,4.845,131.93747208391548,43.7636501205964
/home/tug87422/scratch/smithlab-shared/night-owls/derivatives/fsl/sub-105/ses-02/L1_sub-105_ses-02_task-sharedreward_model-1_type-act_run-2_space-mni_multi-echo_cnfds-fmriprep_unsmoothed_FIR.feat,105,2,sharedreward,2,multi-echo,fmriprep,mni,NAcc,sr_outcome_primary,Reward-Punish,6.0,-18.7492463577418,24.07425308227539,1.615,-112.49547814645081,38.87991872787475,151.37539687432556,-24.254734390723083,2.325351715087887,6.46,-97.01893756289233,-12.075586962626076
/home/tug87422/scratch/smithlab-shared/night-owls/derivatives/fsl/sub-105/ses-02/L1_sub-105_ses-02_task-sharedreward_model-1_type-act_run-2_space-mni_multi-echo_cnfds-tedana_unsmoothed_FIR.feat,105,2,sharedreward,2,multi-echo,tedana,mni,NAcc,sr_decision_partner_extra,Computer-Stranger,6.0,-0.5531492970854632,22.073449850082397,3.23,-3.3188957825127794,48.23529103159904,51.554186814111816,-16.079092862079666,6.035575361074675,4.0,-64.31637144831866,-17.3091477506301
/home/tug87422/scratch/smithlab-shared/night-owls/derivatives/fsl/sub-105/ses-02/L1_sub-105_ses-02_task-sharedreward_model-1_type-act_run-2_space-mni_multi-echo_cnfds-tedana_unsmoothed_FIR.feat,105,2,sharedreward,2,multi-echo,tedana,mni,NAcc,sr_outcome_primary,Reward-Neutral,6.0,-22.455096075035954,51.993546146357396,6.0,-134.73057645021572,47.133250362289964,181.8638268125057,20.670362597355155,67.78167724609375,6.46,82.68145038942062,51.993546146357396
/home/tug87422/scratch/smithlab-shared/night-owls/derivatives/fsl/sub-105/ses-02/L1_sub-105_ses-02_task-sharedreward_model-1_type-act_run-2_space-mni_multi-echo_cnfds-tedana_unsmoothed_FIR.feat,105,2,sharedreward,2,multi-echo,tedana,mni,NAcc,sr_outcome_primary,Punish-Neutral,6.0,-17.022710641807077,32.12501335144043,4.845,-102.13626385084245,75.3735801733389,177.50984402418138,19.688165107157207,32.12501335144043,4.845,78.75266042862883,27.217816710103037
/home/tug87422/scratch/smithlab-shared/night-owls/derivatives/fsl/sub-105/ses-02/L1_sub-105_ses-02_task-sharedreward_model-1_type-act_run-2_space-mni_multi-echo_cnfds-tedana_unsmoothed_FIR.feat,105,2,sharedreward,2,multi-echo,tedana,mni,NAcc,sr_outcome_primary,Reward-Punish,6.0,-5.432385433228884,24.775729436254355,6.0,-32.5943125993733,53.891613326596776,86.4859259259701,0.9821974901979482,42.51824188232422,6.46,3.928789960791793,24.775729436254355
/home/tug87422/scratch/smithlab-shared/night-owls/derivatives/fsl/sub-105/ses-02/L1_sub-105_ses-02_task-sharedreward_model-1_type-act_run-2_space-mni_single-echo_cnfds-fmriprep_unsmoothed_FIR.feat,105,2,sharedreward,2,single-echo,fmriprep,mni,NAcc,sr_decision_partner_extra,Computer-Stranger,6.0,-12.947548260637111,1.1767313480377197,0.0,-77.68528956382266,0.9502105635404586,78.63550012736313,-9.451100096989064,14.910241028103675,8.0,-37.80440038795626,-14.062512917415276
/home/tug87422/scratch/smithlab-shared/night-owls/derivatives/fsl/sub-105/ses-02/L1_sub-105_ses-02_task-sharedreward_model-1_type-act_run-2_space-mni_single-echo_cnfds-fmriprep_unsmoothed_FIR.feat,105,2,sharedreward,2,single-echo,fmriprep,mni,NAcc,sr_outcome_primary,Reward-Neutral,6.0,-7.9685241904356525,65.94553756713867,4.845,-47.81114514261392,103.84697076529358,151.65811590790747,18.286468783817927,65.94553756713867,4.845,73.14587513527171,12.49955004582833
/home/tug87422/scratch/smithlab-shared/night-owls/derivatives/fsl/sub-105/ses-02/L1_sub-105_ses-02_task-sharedreward_model-1_type-act_run-2_space-mni_single-echo_cnfds-fmriprep_unsmoothed_FIR.feat,105,2,sharedreward,2,single-echo,fmriprep,mni,NAcc,sr_outcome_primary,Punish-Neutral,6.0,-0.7040993468877114,58.22262954711914,4.845,-4.224596081326268,135.9558532614014,140.18044934272766,23.704063566493172,58.22262954711914,4.845,94.81625426597269,19.984644125120557
/home/tug87422/scratch/smithlab-shared/night-owls/derivatives/fsl/sub-105/ses-02/L1_sub-105_ses-02_task-sharedreward_model-1_type-act_run-2_space-mni_single-echo_cnfds-fmriprep_unsmoothed_FIR.feat,105,2,sharedreward,2,single-echo,fmriprep,mni,NAcc,sr_outcome_primary,Reward-Punish,6.0,-7.2644248435479435,7.722908020019531,4.845,-43.58654906128766,10.69622760772705,54.282776669014716,-5.417594782675245,7.722908020019531,4.845,-21.67037913070098,-7.485094079292229
/home/tug87422/scratch/smithlab-shared/night-owls/derivatives/fsl/sub-105/ses-02/L1_sub-105_ses-02_task-sharedreward_model-1_type-act_run-2_space-mni_single-echo_cnfds-tedana_unsmoothed_FIR.feat,105,2,sharedreward,2,single-echo,tedana,mni,NAcc,sr_decision_partner_extra,Computer-Stranger,6.0,-11.119817866851319,0.4562222361564636,0.0,-66.71890720110791,0.36839945569634436,67.08730665680426,-36.98116289603405,-13.348504623761489,4.0,-147.9246515841362,-46.50393219112243
/home/tug87422/scratch/smithlab-shared/night-owls/derivatives/fsl/sub-105/ses-02/L1_sub-105_ses-02_task-sharedreward_model-1_type-act_run-2_space-mni_single-echo_cnfds-tedana_unsmoothed_FIR.feat,105,2,sharedreward,2,single-echo,tedana,mni,NAcc,sr_outcome_primary,Reward-Neutral,6.0,8.746560243515779,84.28258895874023,4.845,52.47936146109467,169.65873189776306,117.17937043666839,45.89544981371,84.28258895874023,4.845,183.58179925484,49.53608732253036
/home/tug87422/scratch/smithlab-shared/night-owls/derivatives/fsl/sub-105/ses-02/L1_sub-105_ses-02_task-sharedreward_model-1_type-act_run-2_space-mni_single-echo_cnfds-tedana_unsmoothed_FIR.feat,105,2,sharedreward,2,single-echo,tedana,mni,NAcc,sr_outcome_primary,Punish-Neutral,6.0,-1.497362552299343,43.73871612548828,4.845,-8.984175313796058,102.00624132743931,110.99041664123536,16.718152912773025,43.73871612548828,4.845,66.8726116510921,16.525030732523913
/home/tug87422/scratch/smithlab-shared/night-owls/derivatives/fsl/sub-105/ses-02/L1_sub-105_ses-02_task-sharedreward_model-1_type-act_run-2_space-mni_single-echo_cnfds-tedana_unsmoothed_FIR.feat,105,2,sharedreward,2,single-echo,tedana,mni,NAcc,sr_outcome_primary,Reward-Punish,6.0,10.243922795815118,40.54387283325195,4.845,61.46353677489071,75.21714905478268,13.753612279891968,29.17729690093697,40.54387283325195,4.845,116.70918760374788,33.01105659000645
/home/tug87422/scratch/smithlab-shared/night-owls/derivatives/fsl/sub-105/ses-03/L1_sub-105_ses-03_task-mid_model-1_type-act_run-1_space-mni_multi-echo_cnfds-fmriprep_unsmoothed_FIR.feat,105,3,mid,1,multi-echo,fmriprep,mni,NAcc,mid_anticipation_primary,Reward-Neutral,5.0,34.75548030840059,79.38233375549316,4.845,173.77740154200296,179.70436888032657,5.9269673383235935,32.48259981180491,79.38233375549316,4.845,129.93039924721964,41.37241894098996
/home/tug87422/scratch/smithlab-shared/night-owls/derivatives/fsl/sub-105/ses-03/L1_sub-105_ses-03_task-mid_model-1_type-act_run-1_space-mni_multi-echo_cnfds-fmriprep_unsmoothed_FIR.feat,105,3,mid,1,multi-echo,fmriprep,mni,NAcc,mid_feedback_extra,Positive-Negative,6.0,12.457018633745493,36.42414212226868,4.845,74.74211180247296,88.56566152848234,13.823549726009375,16.068872390597736,36.42414212226868,4.845,64.27548956239094,14.331205829009184
/home/tug87422/scratch/smithlab-shared/night-owls/derivatives/fsl/sub-105/ses-03/L1_sub-105_ses-03_task-mid_model-1_type-act_run-1_space-mni_multi-echo_cnfds-tedana_unsmoothed_FIR.feat,105,3,mid,1,multi-echo,tedana,mni,NAcc,mid_anticipation_primary,Reward-Neutral,5.0,-0.26246716274713133,26.634224113665134,5.0,-1.3123358137356567,38.23777781894332,39.55011363267898,9.549412958945831,27.816891193389893,6.46,38.197651835783326,27.44427005868209
/home/tug87422/scratch/smithlab-shared/night-owls/derivatives/fsl/sub-105/ses-03/L1_sub-105_ses-03_task-mid_model-1_type-act_run-1_space-mni_multi-echo_cnfds-tedana_unsmoothed_FIR.feat,105,3,mid,1,multi-echo,tedana,mni,NAcc,mid_feedback_extra,Positive-Negative,6.0,2.1345688208018045,17.69649314880371,3.23,12.807412924810826,46.31382520680088,33.50641228199005,6.549469851192676,14.772290510289809,4.0,26.197879404770703,2.976397576346856
/home/tug87422/scratch/smithlab-shared/night-owls/derivatives/fsl/sub-105/ses-03/L1_sub-105_ses-03_task-mid_model-1_type-act_run-1_space-mni_single-echo_cnfds-fmriprep_unsmoothed_FIR.feat,105,3,mid,1,single-echo,fmriprep,mni,NAcc,mid_anticipation_primary,Reward-Neutral,5.0,33.47239320337588,73.50287747383118,4.845,167.3619660168794,167.56379019080669,0.20182417392730712,18.01069924862299,73.50287747383118,4.845,72.04279699449197,24.480570869918203
/home/tug87422/scratch/smithlab-shared/night-owls/derivatives/fsl/sub-105/ses-03/L1_sub-105_ses-03_task-mid_model-1_type-act_run-1_space-mni_single-echo_cnfds-fmriprep_unsmoothed_FIR.feat,105,3,mid,1,single-echo,fmriprep,mni,NAcc,mid_feedback_extra,Positive-Negative,6.0,35.58771496672011,66.42335629463196,4.845,213.52628980032063,213.52628980032063,0.0,46.07317501114248,66.42335629463196,4.845,184.29270004456993,51.809383511912344
/home/tug87422/scratch/smithlab-shared/night-owls/derivatives/fsl/sub-105/ses-03/L1_sub-105_ses-03_task-mid_model-1_type-act_run-1_space-mni_single-echo_cnfds-tedana_unsmoothed_FIR.feat,105,3,mid,1,single-echo,tedana,mni,NAcc,mid_anticipation_primary,Reward-Neutral,5.0,-4.191385416362399,27.946653366088867,4.845,-20.956927081811994,47.00175534127298,67.95868242308498,6.348877534279509,27.946653366088867,4.845,25.395510137118038,22.299198304167472
/home/tug87422/scratch/smithlab-shared/night-owls/derivatives/fsl/sub-105/ses-03/L1_sub-105_ses-03_task-mid_model-1_type-act_run-1_space-mni_single-echo_cnfds-tedana_unsmoothed_FIR.feat,105,3,mid,1,single-echo,tedana,mni,NAcc,mid_feedback_extra,Positive-Negative,6.0,13.153640493726584,29.30926374311418,6.0,78.9218429623595,82.55166241273791,3.629819450378418,25.478856029185717,30.968818664550785,6.46,101.91542411674287,29.30926374311418
/home/tug87422/scratch/smithlab-shared/night-owls/derivatives/fsl/sub-105/ses-03/L1_sub-105_ses-03_task-mid_model-1_type-act_run-2_space-mni_multi-echo_cnfds-fmriprep_unsmoothed_FIR.feat,105,3,mid,2,multi-echo,fmriprep,mni,NAcc,mid_anticipation_primary,Reward-Neutral,5.0,-7.885074924768311,15.898775100708008,0.0,-39.425374623841556,13.388808913230898,52.81418353707245,-3.9859065417262647,32.69840431213379,6.46,-15.943626166905059,10.465285450312372
/home/tug87422/scratch/smithlab-shared/night-owls/derivatives/fsl/sub-105/ses-03/L1_sub-105_ses-03_task-mid_model-1_type-act_run-2_space-mni_multi-echo_cnfds-fmriprep_unsmoothed_FIR.feat,105,3,mid,2,multi-echo,fmriprep,mni,NAcc,mid_feedback_extra,Positive-Negative,6.0,22.303832436203958,61.436984062194824,4.845,133.82299461722374,162.9120936691761,29.08909905195236,38.989435107390115,61.436984062194824,4.845,155.95774042956046,38.93632888793945
/home/tug87422/scratch/smithlab-shared/night-owls/derivatives/fsl/sub-105/ses-03/L1_sub-105_ses-03_task-mid_model-1_type-act_run-2_space-mni_multi-echo_cnfds-tedana_unsmoothed_FIR.feat,105,3,mid,2,multi-echo,tedana,mni,NAcc,mid_anticipation_primary,Reward-Neutral,5.0,-0.7058162446362027,9.49630922724958,5.0,-3.529081223181014,4.573358526879422,8.102439750060435,27.728580194246653,64.51669692993164,6.46,110.91432077698661,47.181506283881134
/home/tug87422/scratch/smithlab-shared/night-owls/derivatives/fsl/sub-105/ses-03/L1_sub-105_ses-03_task-mid_model-1_type-act_run-2_space-mni_multi-echo_cnfds-tedana_unsmoothed_FIR.feat,105,3,mid,2,multi-echo,tedana,mni,NAcc,mid_feedback_extra,Positive-Negative,6.0,23.098490022731937,36.498200818896294,1.615,138.59094013639162,138.59094013639162,0.0,15.803362010167481,35.602134704589844,4.845,63.213448040669924,7.853443866174655
/home/tug87422/scratch/smithlab-shared/night-owls/derivatives/fsl/sub-105/ses-03/L1_sub-105_ses-03_task-mid_model-1_type-act_run-2_space-mni_single-echo_cnfds-fmriprep_unsmoothed_FIR.feat,105,3,mid,2,single-echo,fmriprep,mni,NAcc,mid_anticipation_primary,Reward-Neutral,5.0,-4.247945094457353,24.487903594970703,3.23,-21.239725472286764,43.467640035748474,64.70736550803524,22.71058006746481,67.40501594543457,6.46,90.84232026985924,37.88439103471975
/home/tug87422/scratch/smithlab-shared/night-owls/derivatives/fsl/sub-105/ses-03/L1_sub-105_ses-03_task-mid_model-1_type-act_run-2_space-mni_single-echo_cnfds-fmriprep_unsmoothed_FIR.feat,105,3,mid,2,single-echo,fmriprep,mni,NAcc,mid_feedback_extra,Positive-Negative,6.0,31.592544134498883,98.0443344116211,4.845,189.5552648069933,208.29792563716325,18.742660830169918,46.96437197630065,98.0443344116211,4.845,187.8574879052026,45.12700732204567
/home/tug87422/scratch/smithlab-shared/night-owls/derivatives/fsl/sub-105/ses-03/L1_sub-105_ses-03_task-mid_model-1_type-act_run-2_space-mni_single-echo_cnfds-tedana_unsmoothed_FIR.feat,105,3,mid,2,single-echo,tedana,mni,NAcc,mid_anticipation_primary,Reward-Neutral,5.0,1.9658009806055774,22.003394603729248,3.23,9.829004903027887,45.200322438666696,35.37131753563881,51.32084708447703,97.63976287841797,6.46,205.28338833790812,72.49482646741366
/home/tug87422/scratch/smithlab-shared/night-owls/derivatives/fsl/sub-105/ses-03/L1_sub-105_ses-03_task-mid_model-1_type-act_run-2_space-mni_single-echo_cnfds-tedana_unsmoothed_FIR.feat,105,3,mid,2,single-echo,tedana,mni,NAcc,mid_feedback_extra,Positive-Negative,6.0,35.4997264805886,72.63658046722412,4.845,212.99835888353158,212.99835888353158,0.0,25.22695148117771,72.63658046722412,4.845,100.90780592471084,13.083675136507104
/home/tug87422/scratch/smithlab-shared/night-owls/derivatives/fsl/sub-105/ses-03/L1_sub-105_ses-03_task-sharedreward_model-1_type-act_run-1_space-mni_multi-echo_cnfds-fmriprep_unsmoothed_FIR.feat,105,3,sharedreward,1,multi-echo,fmriprep,mni,NAcc,sr_decision_partner_extra,Computer-Stranger,6.0,-15.982146590270249,21.82939478930305,6.0,-95.8928795416215,23.104772083058077,118.99765162467958,10.333246867444492,27.50447940826416,6.46,41.33298746977797,21.82939478930305
/home/tug87422/scratch/smithlab-shared/night-owls/derivatives/fsl/sub-105/ses-03/L1_sub-105_ses-03_task-sharedreward_model-1_type-act_run-1_space-mni_multi-echo_cnfds-fmriprep_unsmoothed_FIR.feat,105,3,sharedreward,1,multi-echo,fmriprep,mni,NAcc,sr_outcome_primary,Reward-Neutral,6.0,12.550302955359989,28.000788688659668,0.0,75.30181773215993,75.30181773215993,0.0,8.359325480678867,25.25803565979004,6.46,33.43730192271547,19.882430977127502
/home/tug87422/scratch/smithlab-shared/night-owls/derivatives/fsl/sub-105/ses-03/L1_sub-105_ses-03_task-sharedreward_model-1_type-act_run-1_space-mni_multi-echo_cnfds-fmriprep_unsmoothed_FIR.feat,105,3,sharedreward,1,multi-echo,fmriprep,mni,NAcc,sr_outcome_primary,Punish-Neutral,6.0,9.820297295302924,49.87713813781738,1.615,58.921783771817545,115.30325302839279,56.38146925657526,-12.33923076592732,3.9242324829101562,6.46,-49.35692306370928,-6.334169440963316
/home/tug87422/scratch/smithlab-shared/night-owls/derivatives/fsl/sub-105/ses-03/L1_sub-105_ses-03_task-sharedreward_model-1_type-act_run-1_space-mni_multi-echo_cnfds-fmriprep_unsmoothed_FIR.feat,105,3,sharedreward,1,multi-echo,fmriprep,mni,NAcc,sr_outcome_primary,Reward-Punish,6.0,2.730005660057067,38.476667404174805,4.845,16.380033960342402,79.62567776203156,63.24564380168915,20.698556246606188,38.476667404174805,4.845,82.79422498642475,26.21660041809082
/home/tug87422/scratch/smithlab-shared/night-owls/derivatives/fsl/sub-105/ses-03/L1_sub-105_ses-03_task-sharedreward_model-1_type-act_run-1_space-mni_multi-echo_cnfds-tedana_unsmoothed_FIR.feat,105,3,sharedreward,1,multi-echo,tedana,mni,NAcc,sr_decision_partner_extra,Computer-Stranger,6.0,-21.075237894981516,-5.263282663681927,6.0,-126.4514273698891,0.0,126.4514273698891,-12.613523802013589,0.08706283569336115,6.46,-50.454095208054355,-5.263282663681927
/home/tug87422/scratch/smithlab-shared/night-owls/derivatives/fsl/sub-105/ses-03/L1_sub-105_ses-03_task-sharedreward_model-1_type-act_run-1_space-mni_multi-echo_cnfds-tedana_unsmoothed_FIR.feat,105,3,sharedreward,1,multi-echo,tedana,mni,NAcc,sr_outcome_primary,Reward-Neutral,6.0,41.59113414428305,63.581573864254786,6.0,249.54680486569833,249.54680486569833,0.0,48.318548810625956,65.42498397827148,6.46,193.27419524250382,63.581573864254786
/home/tug87422/scratch/smithlab-shared/night-owls/derivatives/fsl/sub-105/ses-03/L1_sub-105_ses-03_task-sharedreward_model-1_type-act_run-1_space-mni_multi-echo_cnfds-tedana_unsmoothed_FIR.feat,105,3,sharedreward,1,multi-echo,tedana,mni,NAcc,sr_outcome_primary,Punish-Neutral,6.0,30.56929904912832,52.7545690536499,1.615,183.4157942947699,183.4157942947699,0.0,15.776619770182265,28.25925064086914,6.46,63.10647908072906,24.83192258427387
/home/tug87422/scratch/smithlab-shared/night-owls/derivatives/fsl/sub-105/ses-03/L1_sub-105_ses-03_task-sharedreward_model-1_type-act_run-1_space-mni_multi-echo_cnfds-tedana_unsmoothed_FIR.feat,105,3,sharedreward,1,multi-echo,tedana,mni,NAcc,sr_outcome_primary,Reward-Punish,6.0,11.021835095154737,42.72666263580322,4.845,66.13101057092842,115.02774787704641,48.89673730611801,32.54192904044369,42.72666263580322,4.845,130.16771616177476,38.749651279980924
/home/tug87422/scratch/smithlab-shared/night-owls/derivatives/fsl/sub-105/ses-03/L1_sub-105_ses-03_task-sharedreward_model-1_type-act_run-1_space-mni_single-echo_cnfds-fmriprep_unsmoothed_FIR.feat,105,3,sharedreward,1,single-echo,fmriprep,mni,NAcc,sr_decision_partner_extra,Computer-Stranger,6.0,-10.853600229561883,46.87713768017181,6.0,-65.12160137737129,72.78246849631932,137.90406987369062,33.52240627519717,52.402260303497314,6.46,134.08962510078868,46.87713768017181
/home/tug87422/scratch/smithlab-shared/night-owls/derivatives/fsl/sub-105/ses-03/L1_sub-105_ses-03_task-sharedreward_model-1_type-act_run-1_space-mni_single-echo_cnfds-fmriprep_unsmoothed_FIR.feat,105,3,sharedreward,1,single-echo,fmriprep,mni,NAcc,sr_outcome_primary,Reward-Neutral,6.0,15.333715711899709,59.35500526428223,0.0,92.00229427139826,124.68434461872644,32.682050347328186,11.167047703138813,32.81394386291504,4.845,44.66819081255525,10.786013694739562
/home/tug87422/scratch/smithlab-shared/night-owls/derivatives/fsl/sub-105/ses-03/L1_sub-105_ses-03_task-sharedreward_model-1_type-act_run-1_space-mni_single-echo_cnfds-fmriprep_unsmoothed_FIR.feat,105,3,sharedreward,1,single-echo,fmriprep,mni,NAcc,sr_outcome_primary,Punish-Neutral,6.0,10.648676140596253,48.88526916503906,0.0,63.89205684357752,79.18015456849207,15.288097724914547,-0.20669714190458022,7.975349426269531,6.46,-0.8267885676183209,2.559686217883795
/home/tug87422/scratch/smithlab-shared/night-owls/derivatives/fsl/sub-105/ses-03/L1_sub-105_ses-03_task-sharedreward_model-1_type-act_run-1_space-mni_single-echo_cnfds-fmriprep_unsmoothed_FIR.feat,105,3,sharedreward,1,single-echo,fmriprep,mni,NAcc,sr_outcome_primary,Reward-Punish,6.0,4.685039571303455,43.85228157043457,4.845,28.11023742782073,73.94042599307494,45.83018856525421,11.373744845043396,43.85228157043457,4.845,45.49497938017358,8.226327476855769
/home/tug87422/scratch/smithlab-shared/night-owls/derivatives/fsl/sub-105/ses-03/L1_sub-105_ses-03_task-sharedreward_model-1_type-act_run-1_space-mni_single-echo_cnfds-tedana_unsmoothed_FIR.feat,105,3,sharedreward,1,single-echo,tedana,mni,NAcc,sr_decision_partner_extra,Computer-Stranger,6.0,-19.367360301260113,13.111692300152852,6.0,-116.20416180756068,8.72075441095851,124.9249162185192,4.872482458737796,18.003331661224365,6.46,19.489929834951184,13.111692300152852
/home/tug87422/scratch/smithlab-shared/night-owls/derivatives/fsl/sub-105/ses-03/L1_sub-105_ses-03_task-sharedreward_model-1_type-act_run-1_space-mni_single-echo_cnfds-tedana_unsmoothed_FIR.feat,105,3,sharedreward,1,single-echo,tedana,mni,NAcc,sr_outcome_primary,Reward-Neutral,6.0,39.80527849124681,79.91748809814453,4.845,238.83167094748086,268.8536047844178,30.02193383693695,50.19924876448539,79.91748809814453,4.845,200.79699505794156,54.443204017615535
/home/tug87422/scratch/smithlab-shared/night-owls/derivatives/fsl/sub-105/ses-03/L1_sub-105_ses-03_task-sharedreward_model-1_type-act_run-1_space-mni_single-echo_cnfds-tedana_unsmoothed_FIR.feat,105,3,sharedreward,1,single-echo,tedana,mni,NAcc,sr_outcome_primary,Punish-Neutral,6.0,28.527933322249677,42.028621673583984,3.23,171.16759993349805,171.16759993349805,0.0,23.333084770215923,36.56991559433125,4.0,93.33233908086369,28.08070732565487
/home/tug87422/scratch/smithlab-shared/night-owls/derivatives/fsl/sub-105/ses-03/L1_sub-105_ses-03_task-sharedreward_model-1_type-act_run-1_space-mni_single-echo_cnfds-tedana_unsmoothed_FIR.feat,105,3,sharedreward,1,single-echo,tedana,mni,NAcc,sr_outcome_primary,Reward-Punish,6.0,11.277345168997138,49.33797073364258,4.845,67.66407101398283,114.70556194549376,47.04149093151092,26.866163994269474,49.33797073364258,4.845,107.4646559770779,26.36249669196067
/home/tug87422/scratch/smithlab-shared/night-owls/derivatives/fsl/sub-105/ses-03/L1_sub-105_ses-03_task-sharedreward_model-1_type-act_run-2_space-mni_multi-echo_cnfds-fmriprep_unsmoothed_FIR.feat,105,3,sharedreward,2,multi-echo,fmriprep,mni,NAcc,sr_decision_partner_extra,Computer-Stranger,6.0,-14.659256815986767,-4.460722923278807,0.0,-87.9555408959206,0.0,87.9555408959206,-10.726437797242825,11.980908511223818,8.0,-42.9057511889713,-14.336049900704493
/home/tug87422/scratch/smithlab-shared/night-owls/derivatives/fsl/sub-105/ses-03/L1_sub-105_ses-03_task-sharedreward_model-1_type-act_run-2_space-mni_multi-echo_cnfds-fmriprep_unsmoothed_FIR.feat,105,3,sharedreward,2,multi-echo,fmriprep,mni,NAcc,sr_outcome_primary,Reward-Neutral,6.0,32.75797557297644,102.54256439208984,4.845,196.54785343785863,235.97959545751195,39.43174201965332,38.32957398611856,102.54256439208984,4.845,153.31829594447424,28.059092141157333
/home/tug87422/scratch/smithlab-shared/night-owls/derivatives/fsl/sub-105/ses-03/L1_sub-105_ses-03_task-sharedreward_model-1_type-act_run-2_space-mni_multi-echo_cnfds-fmriprep_unsmoothed_FIR.feat,105,3,sharedreward,2,multi-echo,fmriprep,mni,NAcc,sr_outcome_primary,Punish-Neutral,6.0,-5.568459100313909,35.226219177246094,3.23,-33.410754601883454,56.890343971252435,90.3010985731359,-17.467521235198248,17.47816842849778,4.0,-69.87008494079299,-27.012399453496787
/home/tug87422/scratch/smithlab-shared/night-owls/derivatives/fsl/sub-105/ses-03/L1_sub-105_ses-03_task-sharedreward_model-1_type-act_run-2_space-mni_multi-echo_cnfds-fmriprep_unsmoothed_FIR.feat,105,3,sharedreward,2,multi-echo,fmriprep,mni,NAcc,sr_outcome_primary,Reward-Punish,6.0,38.32643467329035,104.54115295410156,4.845,229.9586080397421,229.9586080397421,0.0,55.7970952213168,104.54115295410156,4.845,223.1883808852672,55.07149159465411
/home/tug87422/scratch/smithlab-shared/night-owls/derivatives/fsl/sub-105/ses-03/L1_sub-105_ses-03_task-sharedreward_model-1_type-act_run-2_space-mni_multi-echo_cnfds-tedana_unsmoothed_FIR.feat,105,3,sharedreward,2,multi-echo,tedana,mni,NAcc,sr_decision_partner_extra,Computer-Stranger,6.0,-25.795161505798102,-3.329844912508323,6.0,-154.7709690347886,0.0,154.7709690347886,-8.754633239404567,-1.0463895797729492,6.46,-35.01853295761827,-3.329844912508323
/home/tug87422/scratch/smithlab-shared/night-owls/derivatives/fsl/sub-105/ses-03/L1_sub-105_ses-03_task-sharedreward_model-1_type-act_run-2_space-mni_multi-echo_cnfds-tedana_unsmoothed_FIR.feat,105,3,sharedreward,2,multi-echo,tedana,mni,NAcc,sr_outcome_primary,Reward-Neutral,6.0,43.04424980075305,105.31335067749023,4.845,258.2654988045183,278.93380113072067,20.668302326202394,61.92473268815422,105.31335067749023,4.845,247.6989307526169,61.08637139819355
/home/tug87422/scratch/smithlab-shared/night-owls/derivatives/fsl/sub-105/ses-03/L1_sub-105_ses-03_task-sharedreward_model-1_type-act_run-2_space-mni_multi-echo_cnfds-tedana_unsmoothed_FIR.feat,105,3,sharedreward,2,multi-echo,tedana,mni,NAcc,sr_outcome_primary,Punish-Neutral,6.0,0.9558509774855136,42.49910354614258,3.23,5.7351058649130815,77.60799610376358,71.87289023885049,-7.539007316757656,21.561919634556247,4.0,-30.156029267030625,-8.146810655623401
/home/tug87422/scratch/smithlab-shared/night-owls/derivatives/fsl/sub-105/ses-03/L1_sub-105_ses-03_task-sharedreward_model-1_type-act_run-2_space-mni_multi-echo_cnfds-tedana_unsmoothed_FIR.feat,105,3,sharedreward,2,multi-echo,tedana,mni,NAcc,sr_outcome_primary,Reward-Punish,6.0,42.08839882326754,106.72795104980469,4.845,252.53039293960524,252.53039293960524,0.0,69.46374000491188,106.72795104980469,4.845,277.85496001964754,69.23318205381695
/home/tug87422/scratch/smithlab-shared/night-owls/derivatives/fsl/sub-105/ses-03/L1_sub-105_ses-03_task-sharedreward_model-1_type-act_run-2_space-mni_single-echo_cnfds-fmriprep_unsmoothed_FIR.feat,105,3,sharedreward,2,single-echo,fmriprep,mni,NAcc,sr_decision_partner_extra,Computer-Stranger,6.0,-24.80751817509117,-2.7163429260253906,0.0,-148.84510905054702,0.0,148.84510905054702,-33.508384256467174,-8.513085554258724,8.0,-134.0335370258687,-44.31951608746414
/home/tug87422/scratch/smithlab-shared/night-owls/derivatives/fsl/sub-105/ses-03/L1_sub-105_ses-03_task-sharedreward_model-1_type-act_run-2_space-mni_single-echo_cnfds-fmriprep_unsmoothed_FIR.feat,105,3,sharedreward,2,single-echo,fmriprep,mni,NAcc,sr_outcome_primary,Reward-Neutral,6.0,41.4474151209372,115.27507019042969,4.845,248.6844907256232,283.6662776251899,34.98178689956665,44.013143133574125,115.27507019042969,4.845,176.0525725342965,33.68291266488585
/home/tug87422/scratch/smithlab-shared/night-owls/derivatives/fsl/sub-105/ses-03/L1_sub-105_ses-03_task-sharedreward_model-1_type-act_run-2_space-mni_single-echo_cnfds-fmriprep_unsmoothed_FIR.feat,105,3,sharedreward,2,single-echo,fmriprep,mni,NAcc,sr_outcome_primary,Punish-Neutral,6.0,3.590287232766517,43.13097667694092,3.23,21.541723396599103,102.13579543590545,80.59407203930634,-9.132511090424499,33.74782743837811,4.0,-36.530044361697996,-26.704020393153094
/home/tug87422/scratch/smithlab-shared/night-owls/derivatives/fsl/sub-105/ses-03/L1_sub-105_ses-03_task-sharedreward_model-1_type-act_run-2_space-mni_single-echo_cnfds-fmriprep_unsmoothed_FIR.feat,105,3,sharedreward,2,single-echo,fmriprep,mni,NAcc,sr_outcome_primary,Reward-Punish,6.0,37.85712788817069,91.8243350982666,4.845,227.1427673290241,227.1427673290241,0.0,53.14565422399863,91.8243350982666,4.845,212.58261689599453,60.38693305803895
/home/tug87422/scratch/smithlab-shared/night-owls/derivatives/fsl/sub-105/ses-03/L1_sub-105_ses-03_task-sharedreward_model-1_type-act_run-2_space-mni_single-echo_cnfds-tedana_unsmoothed_FIR.feat,105,3,sharedreward,2,single-echo,tedana,mni,NAcc,sr_decision_partner_extra,Computer-Stranger,6.0,-35.83659289511119,-11.400950431823727,0.0,-215.01955737066712,0.0,215.01955737066712,-42.90682054678538,-27.35068941116333,4.845,-171.62728218714153,-46.81982927942424
/home/tug87422/scratch/smithlab-shared/night-owls/derivatives/fsl/sub-105/ses-03/L1_sub-105_ses-03_task-sharedreward_model-1_type-act_run-2_space-mni_single-echo_cnfds-tedana_unsmoothed_FIR.feat,105,3,sharedreward,2,single-echo,tedana,mni,NAcc,sr_outcome_primary,Reward-Neutral,6.0,46.501561634148835,105.78600311279297,4.845,279.009369804893,293.2378639436107,14.228494138717657,57.752946853508526,105.78600311279297,4.845,231.0117874140341,56.27361649551627
/home/tug87422/scratch/smithlab-shared/night-owls/derivatives/fsl/sub-105/ses-03/L1_sub-105_ses-03_task-sharedreward_model-1_type-act_run-2_space-mni_single-echo_cnfds-tedana_unsmoothed_FIR.feat,105,3,sharedreward,2,single-echo,tedana,mni,NAcc,sr_outcome_primary,Punish-Neutral,6.0,10.463784054999996,46.82278060913086,3.23,62.78270432999997,103.14557986497879,40.36287553497882,-2.292546738559618,29.252796739985694,4.0,-9.170186954238472,-6.292575599977476
/home/tug87422/scratch/smithlab-shared/night-owls/derivatives/fsl/sub-105/ses-03/L1_sub-105_ses-03_task-sharedreward_model-1_type-act_run-2_space-mni_single-echo_cnfds-tedana_unsmoothed_FIR.feat,105,3,sharedreward,2,single-echo,tedana,mni,NAcc,sr_outcome_primary,Reward-Punish,6.0,36.03777757914885,95.8145523071289,4.845,216.2266654748931,216.2266654748931,0.0,60.04549359206814,95.8145523071289,4.845,240.18197436827256,62.56619209549375
/home/tug87422/scratch/smithlab-shared/night-owls/derivatives/fsl/sub-105/ses-04/L1_sub-105_ses-04_task-mid_model-1_type-act_run-1_space-mni_multi-echo_cnfds-fmriprep_unsmoothed_FIR.feat,105,4,mid,1,multi-echo,fmriprep,mni,NAcc,mid_anticipation_primary,Reward-Neutral,5.0,-14.82020108415357,10.032125333514383,5.0,-74.10100542076785,7.665691999113971,81.76669741988182,16.853162838875697,31.214802980422974,6.46,67.41265135550279,24.540808653314787
/home/tug87422/scratch/smithlab-shared/night-owls/derivatives/fsl/sub-105/ses-04/L1_sub-105_ses-04_task-mid_model-1_type-act_run-1_space-mni_multi-echo_cnfds-fmriprep_unsmoothed_FIR.feat,105,4,mid,1,multi-echo,fmriprep,mni,NAcc,mid_feedback_extra,Positive-Negative,6.0,1.8781572733581136,27.56279706954956,4.845,11.26894364014868,51.115059270858765,39.84611563071009,2.8722419970554087,27.56279706954956,4.845,11.488967988221635,-1.404167435117551
/home/tug87422/scratch/smithlab-shared/night-owls/derivatives/fsl/sub-105/ses-04/L1_sub-105_ses-04_task-mid_model-1_type-act_run-1_space-mni_multi-echo_cnfds-tedana_unsmoothed_FIR.feat,105,4,mid,1,multi-echo,tedana,mni,NAcc,mid_anticipation_primary,Reward-Neutral,5.0,-8.549434804264605,24.078796044222717,5.0,-42.747174021323026,20.30617048947066,63.053344510793686,39.2842573834845,57.83450716567852,8.0,157.137029533938,44.99857518104577
/home/tug87422/scratch/smithlab-shared/night-owls/derivatives/fsl/sub-105/ses-04/L1_sub-105_ses-04_task-mid_model-1_type-act_run-1_space-mni_multi-echo_cnfds-tedana_unsmoothed_FIR.feat,105,4,mid,1,multi-echo,tedana,mni,NAcc,mid_feedback_extra,Positive-Negative,6.0,9.414399996313458,40.21737681749067,6.0,56.486399977880744,90.4156566912711,33.92925671339035,32.421417336752256,41.918729066848755,6.46,129.68566934700902,40.21737681749067
/home/tug87422/scratch/smithlab-shared/night-owls/derivatives/fsl/sub-105/ses-04/L1_sub-105_ses-04_task-mid_model-1_type-act_run-1_space-mni_single-echo_cnfds-fmriprep_unsmoothed_FIR.feat,105,4,mid,1,single-echo,fmriprep,mni,NAcc,mid_anticipation_primary,Reward-Neutral,5.0,-12.762795559448353,5.08301487389733,5.0,-63.81397779724177,7.14702860751573,70.9610064047575,3.672839311271353,7.126713156700134,6.46,14.691357245085412,6.482808218282813
/home/tug87422/scratch/smithlab-shared/night-owls/derivatives/fsl/sub-105/ses-04/L1_sub-105_ses-04_task-mid_model-1_type-act_run-1_space-mni_single-echo_cnfds-fmriprep_unsmoothed_FIR.feat,105,4,mid,1,single-echo,fmriprep,mni,NAcc,mid_feedback_extra,Positive-Negative,6.0,1.0971940250736265,29.439512252807617,0.0,6.583164150441759,34.02412554979324,27.440961399351483,-5.149780601686551,8.72205981676794,8.0,-20.599122406746204,-13.762021923950954
/home/tug87422/scratch/smithlab-shared/night-owls/derivatives/fsl/sub-105/ses-04/L1_sub-105_ses-04_task-mid_model-1_type-act_run-1_space-mni_single-echo_cnfds-tedana_unsmoothed_FIR.feat,105,4,mid,1,single-echo,tedana,mni,NAcc,mid_anticipation_primary,Reward-Neutral,5.0,-10.641411383456859,15.92183438764637,5.0,-53.20705691728429,16.14174626913233,69.34880318641663,20.945591896705952,36.71530880352292,8.0,83.78236758682381,21.793252847512072
/home/tug87422/scratch/smithlab-shared/night-owls/derivatives/fsl/sub-105/ses-04/L1_sub-105_ses-04_task-mid_model-1_type-act_run-1_space-mni_single-echo_cnfds-tedana_unsmoothed_FIR.feat,105,4,mid,1,single-echo,tedana,mni,NAcc,mid_feedback_extra,Positive-Negative,6.0,15.511692213191893,35.390331268310554,0.0,93.07015327915136,99.30267002448025,6.232516745328903,27.13405950727201,34.00440335273743,6.46,108.53623802908804,29.316733265070724
/home/tug87422/scratch/smithlab-shared/night-owls/derivatives/fsl/sub-105/ses-04/L1_sub-105_ses-04_task-mid_model-1_type-act_run-2_space-mni_multi-echo_cnfds-fmriprep_unsmoothed_FIR.feat,105,4,mid,2,multi-echo,fmriprep,mni,NAcc,mid_anticipation_primary,Reward-Neutral,5.0,-45.79480136817527,-15.08491563796997,0.0,-228.97400684087637,0.0,228.97400684087637,-51.48430876363541,-14.31021165995405,8.0,-205.93723505454165,-51.38154055828649
/home/tug87422/scratch/smithlab-shared/night-owls/derivatives/fsl/sub-105/ses-04/L1_sub-105_ses-04_task-mid_model-1_type-act_run-2_space-mni_multi-echo_cnfds-fmriprep_unsmoothed_FIR.feat,105,4,mid,2,multi-echo,fmriprep,mni,NAcc,mid_feedback_extra,Positive-Negative,6.0,5.116952760461314,27.02798366546631,4.845,30.701716562767885,49.29936160709467,18.597645044326782,18.139442542914082,27.02798366546631,4.845,72.55777017165633,16.78620088506409
/home/tug87422/scratch/smithlab-shared/night-owls/derivatives/fsl/sub-105/ses-04/L1_sub-105_ses-04_task-mid_model-1_type-act_run-2_space-mni_multi-echo_cnfds-tedana_unsmoothed_FIR.feat,105,4,mid,2,multi-echo,tedana,mni,NAcc,mid_anticipation_primary,Reward-Neutral,5.0,-35.60908622836679,-9.936257600784302,1.615,-178.04543114183397,0.0,178.04543114183397,-46.24463183419253,-13.830143600794544,8.0,-184.97852733677013,-45.934141129532094
/home/tug87422/scratch/smithlab-shared/night-owls/derivatives/fsl/sub-105/ses-04/L1_sub-105_ses-04_task-mid_model-1_type-act_run-2_space-mni_multi-echo_cnfds-tedana_unsmoothed_FIR.feat,105,4,mid,2,multi-echo,tedana,mni,NAcc,mid_feedback_extra,Positive-Negative,6.0,16.29637142520509,31.180916786193848,4.845,97.77822855123055,97.79309748776926,0.014868936538696288,19.966014140356716,31.919356100699492,8.0,79.86405656142686,11.32961141509537
/home/tug87422/scratch/smithlab-shared/night-owls/derivatives/fsl/sub-105/ses-04/L1_sub-105_ses-04_task-mid_model-1_type-act_run-2_space-mni_single-echo_cnfds-fmriprep_unsmoothed_FIR.feat,105,4,mid,2,single-echo,fmriprep,mni,NAcc,mid_anticipation_primary,Reward-Neutral,5.0,-39.56490288818621,-17.013659477233887,0.0,-197.82451444093104,0.0,197.82451444093104,-30.266533780182158,-2.235665288872022,8.0,-121.06613512072863,-25.26749007989747
/home/tug87422/scratch/smithlab-shared/night-owls/derivatives/fsl/sub-105/ses-04/L1_sub-105_ses-04_task-mid_model-1_type-act_run-2_space-mni_single-echo_cnfds-fmriprep_unsmoothed_FIR.feat,105,4,mid,2,single-echo,fmriprep,mni,NAcc,mid_feedback_extra,Positive-Negative,6.0,6.184833496350824,33.2165054636474,6.0,37.109000978104945,67.51844357454048,30.409442596435547,19.709214507678965,39.04803466796875,6.46,78.83685803071586,33.2165054636474
/home/tug87422/scratch/smithlab-shared/night-owls/derivatives/fsl/sub-105/ses-04/L1_sub-105_ses-04_task-mid_model-1_type-act_run-2_space-mni_single-echo_cnfds-tedana_unsmoothed_FIR.feat,105,4,mid,2,single-echo,tedana,mni,NAcc,mid_anticipation_primary,Reward-Neutral,5.0,-30.68785489039709,-12.924970626831055,1.615,-153.43927445198545,0.0,153.43927445198545,-24.899632741698166,-0.9321126937866193,6.46,-99.59853096679267,-18.29309424822544
/home/tug87422/scratch/smithlab-shared/night-owls/derivatives/fsl/sub-105/ses-04/L1_sub-105_ses-04_task-mid_model-1_type-act_run-2_space-mni_single-echo_cnfds-tedana_unsmoothed_FIR.feat,105,4,mid,2,single-echo,tedana,mni,NAcc,mid_feedback_extra,Positive-Negative,6.0,17.236151024742885,26.289173126220703,1.615,103.41690614845731,103.41690614845731,0.0,11.714984503051166,19.524285793304443,6.46,46.859938012204665,17.076813826250955
/home/tug87422/scratch/smithlab-shared/night-owls/derivatives/fsl/sub-105/ses-04/L1_sub-105_ses-04_task-sharedreward_model-1_type-act_run-1_space-mni_multi-echo_cnfds-fmriprep_unsmoothed_FIR.feat,105,4,sharedreward,1,multi-echo,fmriprep,mni,NAcc,sr_decision_partner_extra,Computer-Stranger,6.0,-7.327254976341107,3.375711441040039,3.23,-43.96352985804664,6.488313202857968,50.45184306090461,-26.611439349000854,-9.878505225521126,4.0,-106.44575739600342,-25.002736524162643
/home/tug87422/scratch/smithlab-shared/night-owls/derivatives/fsl/sub-105/ses-04/L1_sub-105_ses-04_task-sharedreward_model-1_type-act_run-1_space-mni_multi-echo_cnfds-fmriprep_unsmoothed_FIR.feat,105,4,sharedreward,1,multi-echo,fmriprep,mni,NAcc,sr_outcome_primary,Reward-Neutral,6.0,-2.0082664559377132,28.980741500854492,3.23,-12.04959873562628,58.53587349891662,70.5854722345429,-23.329426531824904,1.8544117304562748,4.0,-93.31770612729962,-24.706908541936254
/home/tug87422/scratch/smithlab-shared/night-owls/derivatives/fsl/sub-105/ses-04/L1_sub-105_ses-04_task-sharedreward_model-1_type-act_run-1_space-mni_multi-echo_cnfds-fmriprep_unsmoothed_FIR.feat,105,4,sharedreward,1,multi-echo,fmriprep,mni,NAcc,sr_outcome_primary,Punish-Neutral,6.0,-13.492458415390663,19.228515625,1.615,-80.95475049234398,38.329601736068724,119.2843522284127,-50.7093990460195,-29.18524713191455,4.0,-202.837596184078,-59.24359623345059
/home/tug87422/scratch/smithlab-shared/night-owls/derivatives/fsl/sub-105/ses-04/L1_sub-105_ses-04_task-sharedreward_model-1_type-act_run-1_space-mni_multi-echo_cnfds-fmriprep_unsmoothed_FIR.feat,105,4,sharedreward,1,multi-echo,fmriprep,mni,NAcc,sr_outcome_primary,Reward-Punish,6.0,11.48419195945295,34.53668769151434,6.0,68.9051517567177,117.6154182133217,48.710266456604,27.3799725141946,36.36641311645508,6.46,109.5198900567784,34.53668769151434
/home/tug87422/scratch/smithlab-shared/night-owls/derivatives/fsl/sub-105/ses-04/L1_sub-105_ses-04_task-sharedreward_model-1_type-act_run-1_space-mni_multi-echo_cnfds-tedana_unsmoothed_FIR.feat,105,4,sharedreward,1,multi-echo,tedana,mni,NAcc,sr_decision_partner_extra,Computer-Stranger,6.0,-9.999227147491725,9.469796657562256,0.0,-59.99536288495035,11.301475673913952,71.29683855886431,-40.134674808399595,-15.146017074584964,4.0,-160.53869923359838,-47.129549197737276
/home/tug87422/scratch/smithlab-shared/night-owls/derivatives/fsl/sub-105/ses-04/L1_sub-105_ses-04_task-sharedreward_model-1_type-act_run-1_space-mni_multi-echo_cnfds-tedana_unsmoothed_FIR.feat,105,4,sharedreward,1,multi-echo,tedana,mni,NAcc,sr_outcome_primary,Reward-Neutral,6.0,4.885291117581051,45.81122589111328,3.23,29.311746705486307,89.71170550346375,60.39995879797744,-17.138937574920273,8.299403406149086,4.0,-68.5557502996811,-20.389455954725896
/home/tug87422/scratch/smithlab-shared/night-owls/derivatives/fsl/sub-105/ses-04/L1_sub-105_ses-04_task-sharedreward_model-1_type-act_run-1_space-mni_multi-echo_cnfds-tedana_unsmoothed_FIR.feat,105,4,sharedreward,1,multi-echo,tedana,mni,NAcc,sr_outcome_primary,Punish-Neutral,6.0,-0.9572731763278254,35.76177501678467,0.0,-5.743639057966952,86.30505794763566,92.04869700560262,-35.64410911479233,-6.685336257651133,4.0,-142.57643645916932,-46.7519139151086
/home/tug87422/scratch/smithlab-shared/night-owls/derivatives/fsl/sub-105/ses-04/L1_sub-105_ses-04_task-sharedreward_model-1_type-act_run-1_space-mni_multi-echo_cnfds-tedana_unsmoothed_FIR.feat,105,4,sharedreward,1,multi-echo,tedana,mni,NAcc,sr_outcome_primary,Reward-Punish,6.0,5.842564293908876,26.36245796038271,6.0,35.05538576345326,60.25512433509709,25.19973857164384,18.505171539872055,31.245826721191406,6.46,74.02068615948822,26.36245796038271
/home/tug87422/scratch/smithlab-shared/night-owls/derivatives/fsl/sub-105/ses-04/L1_sub-105_ses-04_task-sharedreward_model-1_type-act_run-1_space-mni_single-echo_cnfds-fmriprep_unsmoothed_FIR.feat,105,4,sharedreward,1,single-echo,fmriprep,mni,NAcc,sr_decision_partner_extra,Computer-Stranger,6.0,-5.741027264494153,1.0840988159179723,3.23,-34.446163586964914,1.8179839324951228,36.26414751946003,-10.184362276290596,-1.2154560089111328,6.46,-40.73744910516238,-2.6967908014823037
/home/tug87422/scratch/smithlab-shared/night-owls/derivatives/fsl/sub-105/ses-04/L1_sub-105_ses-04_task-sharedreward_model-1_type-act_run-1_space-mni_single-echo_cnfds-fmriprep_unsmoothed_FIR.feat,105,4,sharedreward,1,single-echo,fmriprep,mni,NAcc,sr_outcome_primary,Reward-Neutral,6.0,-3.5712552595630647,25.33452796936035,0.0,-21.427531557378387,76.1754284521965,97.60296000957489,2.8911185418710588,16.745680475382613,4.0,11.564474167484235,8.911216322482554
/home/tug87422/scratch/smithlab-shared/night-owls/derivatives/fsl/sub-105/ses-04/L1_sub-105_ses-04_task-sharedreward_model-1_type-act_run-1_space-mni_single-echo_cnfds-fmriprep_unsmoothed_FIR.feat,105,4,sharedreward,1,single-echo,fmriprep,mni,NAcc,sr_outcome_primary,Punish-Neutral,6.0,-18.060466224482923,20.82773208618164,0.0,-108.36279734689754,16.818393659591674,125.18119100648923,-34.2479965246056,-26.31969451904297,4.845,-136.9919860984224,-27.379005573851405
/home/tug87422/scratch/smithlab-shared/night-owls/derivatives/fsl/sub-105/ses-04/L1_sub-105_ses-04_task-sharedreward_model-1_type-act_run-1_space-mni_single-echo_cnfds-fmriprep_unsmoothed_FIR.feat,105,4,sharedreward,1,single-echo,fmriprep,mni,NAcc,sr_outcome_primary,Reward-Punish,6.0,14.489210964919858,52.027061462402344,3.23,86.93526578951915,162.91946205187878,75.98419626235962,37.13911506647665,45.91375385201752,4.0,148.5564602659066,36.29022189633396
/home/tug87422/scratch/smithlab-shared/night-owls/derivatives/fsl/sub-105/ses-04/L1_sub-105_ses-04_task-sharedreward_model-1_type-act_run-1_space-mni_single-echo_cnfds-tedana_unsmoothed_FIR.feat,105,4,sharedreward,1,single-echo,tedana,mni,NAcc,sr_decision_partner_extra,Computer-Stranger,6.0,-7.050781346261808,4.545285224914551,0.0,-42.30468807757085,5.804187333583837,48.108875411154685,-22.230059069760443,-5.0429430627970495,4.0,-88.92023627904177,-24.55816495676897
/home/tug87422/scratch/smithlab-shared/night-owls/derivatives/fsl/sub-105/ses-04/L1_sub-105_ses-04_task-sharedreward_model-1_type-act_run-1_space-mni_single-echo_cnfds-tedana_unsmoothed_FIR.feat,105,4,sharedreward,1,single-echo,tedana,mni,NAcc,sr_outcome_primary,Reward-Neutral,6.0,7.274882096816142,47.83717918395996,3.23,43.64929258089685,109.54093402605676,65.8916414451599,5.517462465464143,26.66359309736789,4.0,22.06984986185657,7.752947072126548
/home/tug87422/scratch/smithlab-shared/night-owls/derivatives/fsl/sub-105/ses-04/L1_sub-105_ses-04_task-sharedreward_model-1_type-act_run-1_space-mni_single-echo_cnfds-tedana_unsmoothed_FIR.feat,105,4,sharedreward,1,single-echo,tedana,mni,NAcc,sr_outcome_primary,Punish-Neutral,6.0,-0.562474461665956,50.449828147888184,0.0,-3.3748467699957363,51.88606353044509,55.26091030044084,-18.17631217859109,-0.9276444875049894,4.0,-72.70524871436436,-16.048567650856988
/home/tug87422/scratch/smithlab-shared/night-owls/derivatives/fsl/sub-105/ses-04/L1_sub-105_ses-04_task-sharedreward_model-1_type-act_run-1_space-mni_single-echo_cnfds-tedana_unsmoothed_FIR.feat,105,4,sharedreward,1,single-echo,tedana,mni,NAcc,sr_outcome_primary,Reward-Punish,6.0,7.8373565584820994,40.934499740600586,3.23,47.0241393508926,97.78799708032756,50.76385772943496,23.693774644055235,29.643852151215267,8.0,94.77509857622094,23.801514722983534
/home/tug87422/scratch/smithlab-shared/night-owls/derivatives/fsl/sub-105/ses-04/L1_sub-105_ses-04_task-sharedreward_model-1_type-act_run-2_space-mni_multi-echo_cnfds-fmriprep_unsmoothed_FIR.feat,105,4,sharedreward,2,multi-echo,fmriprep,mni,NAcc,sr_decision_partner_extra,Computer-Stranger,6.0,-0.8317649560317898,33.3822624661236,6.0,-4.9905897361907385,46.613904667409955,51.60449440360069,25.687274905530845,41.74576950073242,6.46,102.74909962212338,33.3822624661236
/home/tug87422/scratch/smithlab-shared/night-owls/derivatives/fsl/sub-105/ses-04/L1_sub-105_ses-04_task-sharedreward_model-1_type-act_run-2_space-mni_multi-echo_cnfds-fmriprep_unsmoothed_FIR.feat,105,4,sharedreward,2,multi-echo,fmriprep,mni,NAcc,sr_outcome_primary,Reward-Neutral,6.0,3.123193283815503,63.291507720947266,0.0,18.73915970289302,55.33150121927261,36.5923415163796,1.6449793892655964,15.358673024841881,8.0,6.579917557062386,-0.14294436546302064
/home/tug87422/scratch/smithlab-shared/night-owls/derivatives/fsl/sub-105/ses-04/L1_sub-105_ses-04_task-sharedreward_model-1_type-act_run-2_space-mni_multi-echo_cnfds-fmriprep_unsmoothed_FIR.feat,105,4,sharedreward,2,multi-echo,fmriprep,mni,NAcc,sr_outcome_primary,Punish-Neutral,6.0,5.342939405179244,84.52865219116211,0.0,32.057636431075466,98.76329922676086,66.7056627956854,-6.7699527989138755,17.38672497397976,8.0,-27.079811195655502,-8.072303588914426
/home/tug87422/scratch/smithlab-shared/night-owls/derivatives/fsl/sub-105/ses-04/L1_sub-105_ses-04_task-sharedreward_model-1_type-act_run-2_space-mni_multi-echo_cnfds-fmriprep_unsmoothed_FIR.feat,105,4,sharedreward,2,multi-echo,fmriprep,mni,NAcc,sr_outcome_primary,Reward-Punish,6.0,-2.2197461213637433,23.175307273864746,4.845,-13.31847672818246,36.67700552584586,49.995482254028325,8.41493218817947,23.175307273864746,4.845,33.65972875271788,7.929359223451406
/home/tug87422/scratch/smithlab-shared/night-owls/derivatives/fsl/sub-105/ses-04/L1_sub-105_ses-04_task-sharedreward_model-1_type-act_run-2_space-mni_multi-echo_cnfds-tedana_unsmoothed_FIR.feat,105,4,sharedreward,2,multi-echo,tedana,mni,NAcc,sr_decision_partner_extra,Computer-Stranger,6.0,-7.06551816984096,20.931854652731047,6.0,-42.39310901904576,12.088146061952182,54.48125508099794,14.468382210000172,31.206715047359467,6.46,57.87352884000069,20.931854652731047
/home/tug87422/scratch/smithlab-shared/night-owls/derivatives/fsl/sub-105/ses-04/L1_sub-105_ses-04_task-sharedreward_model-1_type-act_run-2_space-mni_multi-echo_cnfds-tedana_unsmoothed_FIR.feat,105,4,sharedreward,2,multi-echo,tedana,mni,NAcc,sr_outcome_primary,Reward-Neutral,6.0,-11.118305739034563,36.139376163482666,0.0,-66.70983443420738,29.18254625201225,95.89238068621964,-8.571005645226398,2.2091369628906268,6.46,-34.28402258090559,-4.73566876107325
/home/tug87422/scratch/smithlab-shared/night-owls/derivatives/fsl/sub-105/ses-04/L1_sub-105_ses-04_task-sharedreward_model-1_type-act_run-2_space-mni_multi-echo_cnfds-tedana_unsmoothed_FIR.feat,105,4,sharedreward,2,multi-echo,tedana,mni,NAcc,sr_outcome_primary,Punish-Neutral,6.0,-5.000044923511452,78.83624267578125,0.0,-30.00026954106871,82.37843656539917,112.37870610646787,-12.621299561847101,11.569184822932856,8.0,-50.485198247388404,-7.1116461886710045
/home/tug87422/scratch/smithlab-shared/night-owls/derivatives/fsl/sub-105/ses-04/L1_sub-105_ses-04_task-sharedreward_model-1_type-act_run-2_space-mni_multi-echo_cnfds-tedana_unsmoothed_FIR.feat,105,4,sharedreward,2,multi-echo,tedana,mni,NAcc,sr_outcome_primary,Reward-Punish,6.0,-6.118260815523109,24.904682159423828,4.845,-36.709564893138655,35.86511175523971,72.57467664837836,4.0502939166207055,24.904682159423828,4.845,16.201175666482822,2.375977427597752
/home/tug87422/scratch/smithlab-shared/night-owls/derivatives/fsl/sub-105/ses-04/L1_sub-105_ses-04_task-sharedreward_model-1_type-act_run-2_space-mni_single-echo_cnfds-fmriprep_unsmoothed_FIR.feat,105,4,sharedreward,2,single-echo,fmriprep,mni,NAcc,sr_decision_partner_extra,Computer-Stranger,6.0,4.084642858409907,36.838898096291274,6.0,24.507857150459444,50.86748231771007,26.359625167250634,32.14793849967051,44.33752043697487,8.0,128.59175399868204,36.838898096291274
/home/tug87422/scratch/smithlab-shared/night-owls/derivatives/fsl/sub-105/ses-04/L1_sub-105_ses-04_task-sharedreward_model-1_type-act_run-2_space-mni_single-echo_cnfds-fmriprep_unsmoothed_FIR.feat,105,4,sharedreward,2,single-echo,fmriprep,mni,NAcc,sr_outcome_primary,Reward-Neutral,6.0,31.587230570511306,49.42084884643555,0.0,189.52338342306783,189.52338342306783,0.0,18.39204950177448,48.76278638839722,4.845,73.56819800709792,3.1242918658182686
/home/tug87422/scratch/smithlab-shared/night-owls/derivatives/fsl/sub-105/ses-04/L1_sub-105_ses-04_task-sharedreward_model-1_type-act_run-2_space-mni_single-echo_cnfds-fmriprep_unsmoothed_FIR.feat,105,4,sharedreward,2,single-echo,fmriprep,mni,NAcc,sr_outcome_primary,Punish-Neutral,6.0,32.353996071406435,52.90592837333679,1.615,194.12397642843862,201.72017881989478,7.596202391456159,3.889573547120438,31.529750032690686,8.0,15.558294188481751,-13.153597214642696
/home/tug87422/scratch/smithlab-shared/night-owls/derivatives/fsl/sub-105/ses-04/L1_sub-105_ses-04_task-sharedreward_model-1_type-act_run-2_space-mni_single-echo_cnfds-fmriprep_unsmoothed_FIR.feat,105,4,sharedreward,2,single-echo,fmriprep,mni,NAcc,sr_outcome_primary,Reward-Punish,6.0,-0.7667655008951328,33.49426603317261,4.845,-4.600593005370797,59.23877787475615,63.83937088012695,14.502475954654045,33.49426603317261,4.845,58.00990381861618,16.277889080460962
/home/tug87422/scratch/smithlab-shared/night-owls/derivatives/fsl/sub-105/ses-04/L1_sub-105_ses-04_task-sharedreward_model-1_type-act_run-2_space-mni_single-echo_cnfds-tedana_unsmoothed_FIR.feat,105,4,sharedreward,2,single-echo,tedana,mni,NAcc,sr_decision_partner_extra,Computer-Stranger,6.0,-7.1376436095331846,10.480265466790451,6.0,-42.825861657199106,6.0523533070714866,48.87821496427059,8.12782850933887,26.421571005239578,8.0,32.51131403735548,10.480265466790451
/home/tug87422/scratch/smithlab-shared/night-owls/derivatives/fsl/sub-105/ses-04/L1_sub-105_ses-04_task-sharedreward_model-1_type-act_run-2_space-mni_single-echo_cnfds-tedana_unsmoothed_FIR.feat,105,4,sharedreward,2,single-echo,tedana,mni,NAcc,sr_outcome_primary,Reward-Neutral,6.0,7.626141841179076,22.16786766052246,3.23,45.756851047074456,52.42825560092926,6.671404553854799,2.4847568839622363,14.696942412078194,4.0,9.939027535848945,-5.040901706683749
/home/tug87422/scratch/smithlab-shared/night-owls/derivatives/fsl/sub-105/ses-04/L1_sub-105_ses-04_task-sharedreward_model-1_type-act_run-2_space-mni_single-echo_cnfds-tedana_unsmoothed_FIR.feat,105,4,sharedreward,2,single-echo,tedana,mni,NAcc,sr_outcome_primary,Punish-Neutral,6.0,18.541560784439305,42.83568859100342,1.615,111.24936470663583,148.5094449400902,37.26008023345434,-5.367719197559278,33.200053315413655,8.0,-21.470876790237114,-17.77824947782345
/home/tug87422/scratch/smithlab-shared/night-owls/derivatives/fsl/sub-105/ses-04/L1_sub-105_ses-04_task-sharedreward_model-1_type-act_run-2_space-mni_single-echo_cnfds-tedana_unsmoothed_FIR.feat,105,4,sharedreward,2,single-echo,tedana,mni,NAcc,sr_outcome_primary,Reward-Punish,6.0,-10.91541894326023,25.987962245941162,4.845,-65.49251365956138,43.34914604846169,108.84165970802307,7.852476081521518,25.987962245941162,4.845,31.40990432608607,12.737347771139705
/home/tug87422/scratch/smithlab-shared/night-owls/derivatives/fsl/sub-105/ses-05/L1_sub-105_ses-05_task-mid_model-1_type-act_run-1_space-mni_multi-echo_cnfds-fmriprep_unsmoothed_FIR.feat,105,5,mid,1,multi-echo,fmriprep,mni,NAcc,mid_anticipation_primary,Reward-Neutral,5.0,-27.95047312464692,3.0497093200683576,0.0,-139.7523656232346,2.4626402759551986,142.21500589918978,-44.162164576860725,-21.43760871887207,6.46,-176.6486583074429,-36.766497201594774
/home/tug87422/scratch/smithlab-shared/night-owls/derivatives/fsl/sub-105/ses-05/L1_sub-105_ses-05_task-mid_model-1_type-act_run-1_space-mni_multi-echo_cnfds-fmriprep_unsmoothed_FIR.feat,105,5,mid,1,multi-echo,fmriprep,mni,NAcc,mid_feedback_extra,Positive-Negative,6.0,-0.5723226023876756,6.447587966918945,3.23,-3.433935614326054,14.621053161621091,18.054988775947145,-3.771695485133505,-0.07038497924804688,6.46,-15.08678194053402,-3.2232456384428505
/home/tug87422/scratch/smithlab-shared/night-owls/derivatives/fsl/sub-105/ses-05/L1_sub-105_ses-05_task-mid_model-1_type-act_run-1_space-mni_multi-echo_cnfds-tedana_unsmoothed_FIR.feat,105,5,mid,1,multi-echo,tedana,mni,NAcc,mid_anticipation_primary,Reward-Neutral,5.0,-5.00145179783855,18.9623966217041,1.615,-25.007258989192753,30.624270544052123,55.63152953324487,-1.1591971201493472,22.18921661376953,6.46,-4.636788480597389,10.844118220149182
/home/tug87422/scratch/smithlab-shared/night-owls/derivatives/fsl/sub-105/ses-05/L1_sub-105_ses-05_task-mid_model-1_type-act_run-1_space-mni_multi-echo_cnfds-tedana_unsmoothed_FIR.feat,105,5,mid,1,multi-echo,tedana,mni,NAcc,mid_feedback_extra,Positive-Negative,6.0,5.402229558663102,35.85809516906738,0.0,32.41337735197861,58.759578297138205,26.346200945159598,-2.649159917404222,8.896435749420078,8.0,-10.596639669616888,-6.340561323490673
/home/tug87422/scratch/smithlab-shared/night-owls/derivatives/fsl/sub-105/ses-05/L1_sub-105_ses-05_task-mid_model-1_type-act_run-1_space-mni_single-echo_cnfds-fmriprep_unsmoothed_FIR.feat,105,5,mid,1,single-echo,fmriprep,mni,NAcc,mid_anticipation_primary,Reward-Neutral,5.0,-24.3809714393398,1.2357196807861328,1.615,-121.904857196699,1.9956872844696045,123.90054448116861,-43.515143395129236,-18.80979347229004,6.46,-174.06057358051694,-36.548255300374215
/home/tug87422/scratch/smithlab-shared/night-owls/derivatives/fsl/sub-105/ses-05/L1_sub-105_ses-05_task-mid_model-1_type-act_run-1_space-mni_single-echo_cnfds-fmriprep_unsmoothed_FIR.feat,105,5,mid,1,single-echo,fmriprep,mni,NAcc,mid_feedback_extra,Positive-Negative,6.0,-2.0832154535212326,8.99736499786377,3.23,-12.499292721127395,16.827394668782826,29.32668738991022,-3.4401290245081992,6.869205474853516,6.46,-13.760516098032797,0.4385033598625263
/home/tug87422/scratch/smithlab-shared/night-owls/derivatives/fsl/sub-105/ses-05/L1_sub-105_ses-05_task-mid_model-1_type-act_run-1_space-mni_single-echo_cnfds-tedana_unsmoothed_FIR.feat,105,5,mid,1,single-echo,tedana,mni,NAcc,mid_anticipation_primary,Reward-Neutral,5.0,-5.031227953170566,19.386423110961918,1.615,-25.15613976585283,31.309073324203496,56.46521309005633,-4.7615316698120065,11.860006988048552,6.46,-19.046126679248026,1.3395719020728383
/home/tug87422/scratch/smithlab-shared/night-owls/derivatives/fsl/sub-105/ses-05/L1_sub-105_ses-05_task-mid_model-1_type-act_run-1_space-mni_single-echo_cnfds-tedana_unsmoothed_FIR.feat,105,5,mid,1,single-echo,tedana,mni,NAcc,mid_feedback_extra,Positive-Negative,6.0,-5.287433660296096,11.762617111206053,0.0,-31.724601961776575,21.592947182655333,53.31754914443191,-11.001724512137866,-2.5632152557373047,6.46,-44.00689804855146,-9.22356828742721
/home/tug87422/scratch/smithlab-shared/night-owls/derivatives/fsl/sub-105/ses-05/L1_sub-105_ses-05_task-mid_model-1_type-act_run-2_space-mni_multi-echo_cnfds-fmriprep_unsmoothed_FIR.feat,105,5,mid,2,multi-echo,fmriprep,mni,NAcc,mid_anticipation_primary,Reward-Neutral,5.0,-3.0774593726075468,15.765745162963867,4.845,-15.387296863037733,27.034036292594287,42.42133315563202,9.195196405483566,15.765745162963867,4.845,36.780785621934264,6.295959853535465
/home/tug87422/scratch/smithlab-shared/night-owls/derivatives/fsl/sub-105/ses-05/L1_sub-105_ses-05_task-mid_model-1_type-act_run-2_space-mni_multi-echo_cnfds-fmriprep_unsmoothed_FIR.feat,105,5,mid,2,multi-echo,fmriprep,mni,NAcc,mid_feedback_extra,Positive-Negative,6.0,9.768563224784915,33.934993743896484,4.845,58.61137934870949,97.21546459503404,38.60408524632454,28.839226251603172,33.934993743896484,4.845,115.35690500641269,29.82485304675973
/home/tug87422/scratch/smithlab-shared/night-owls/derivatives/fsl/sub-105/ses-05/L1_sub-105_ses-05_task-mid_model-1_type-act_run-2_space-mni_multi-echo_cnfds-tedana_unsmoothed_FIR.feat,105,5,mid,2,multi-echo,tedana,mni,NAcc,mid_anticipation_primary,Reward-Neutral,5.0,7.459481050668302,22.167017579078674,0.0,37.29740525334151,39.532434439351874,2.235029186010361,6.540997658840184,26.022727042897948,8.0,26.163990635360737,0.8130987458184773
/home/tug87422/scratch/smithlab-shared/night-owls/derivatives/fsl/sub-105/ses-05/L1_sub-105_ses-05_task-mid_model-1_type-act_run-2_space-mni_multi-echo_cnfds-tedana_unsmoothed_FIR.feat,105,5,mid,2,multi-echo,tedana,mni,NAcc,mid_feedback_extra,Positive-Negative,6.0,7.3540956447958585,11.177083969116213,1.615,44.12457386877515,44.12457386877515,0.0,6.818026722835683,12.706433948717622,8.0,27.27210689134273,5.139981875109599
/home/tug87422/scratch/smithlab-shared/night-owls/derivatives/fsl/sub-105/ses-05/L1_sub-105_ses-05_task-mid_model-1_type-act_run-2_space-mni_single-echo_cnfds-fmriprep_unsmoothed_FIR.feat,105,5,mid,2,single-echo,fmriprep,mni,NAcc,mid_anticipation_primary,Reward-Neutral,5.0,6.626529535526461,32.95190143585205,4.845,33.132647677632306,47.08872908351037,13.956081405878066,18.625144100477314,32.95190143585205,4.845,74.50057640190926,18.95452427052123
/home/tug87422/scratch/smithlab-shared/night-owls/derivatives/fsl/sub-105/ses-05/L1_sub-105_ses-05_task-mid_model-1_type-act_run-2_space-mni_single-echo_cnfds-fmriprep_unsmoothed_FIR.feat,105,5,mid,2,single-echo,fmriprep,mni,NAcc,mid_feedback_extra,Positive-Negative,6.0,13.005131953046941,42.51896095275879,3.23,78.03079171828165,119.06079184136523,41.030000123083596,30.30196050964642,36.30501937866211,6.46,121.20784203858568,32.47124690241858
/home/tug87422/scratch/smithlab-shared/night-owls/derivatives/fsl/sub-105/ses-05/L1_sub-105_ses-05_task-mid_model-1_type-act_run-2_space-mni_single-echo_cnfds-tedana_unsmoothed_FIR.feat,105,5,mid,2,single-echo,tedana,mni,NAcc,mid_anticipation_primary,Reward-Neutral,5.0,14.025180673681081,22.383470475673676,0.0,70.1259033684054,70.1259033684054,0.0,17.152232670594845,21.366445566478532,8.0,68.60893068237938,15.752957944899519
/home/tug87422/scratch/smithlab-shared/night-owls/derivatives/fsl/sub-105/ses-05/L1_sub-105_ses-05_task-mid_model-1_type-act_run-2_space-mni_single-echo_cnfds-tedana_unsmoothed_FIR.feat,105,5,mid,2,single-echo,tedana,mni,NAcc,mid_feedback_extra,Positive-Negative,6.0,9.820471932143741,24.356937408447266,3.23,58.922831592862444,74.09090732604727,15.168075733184814,8.462020696036218,24.16618361340219,8.0,33.84808278414487,8.455938286087465
/home/tug87422/scratch/smithlab-shared/night-owls/derivatives/fsl/sub-105/ses-05/L1_sub-105_ses-05_task-sharedreward_model-1_type-act_run-1_space-mni_multi-echo_cnfds-fmriprep_unsmoothed_FIR.feat,105,5,sharedreward,1,multi-echo,fmriprep,mni,NAcc,sr_decision_partner_extra,Computer-Stranger,6.0,-10.046801849553214,7.516529560089111,1.615,-60.28081109731929,22.023196048736573,82.30400714605585,-33.19758423637034,-13.457253495975179,4.0,-132.79033694548136,-30.64066892216449
/home/tug87422/scratch/smithlab-shared/night-owls/derivatives/fsl/sub-105/ses-05/L1_sub-105_ses-05_task-sharedreward_model-1_type-act_run-1_space-mni_multi-echo_cnfds-fmriprep_unsmoothed_FIR.feat,105,5,sharedreward,1,multi-echo,fmriprep,mni,NAcc,sr_outcome_primary,Reward-Neutral,6.0,12.152236921301016,39.551788330078125,4.845,72.9134215278061,99.86183940893726,26.94841788113117,31.101821695730415,39.551788330078125,4.845,124.40728678292166,33.84229358873869
/home/tug87422/scratch/smithlab-shared/night-owls/derivatives/fsl/sub-105/ses-05/L1_sub-105_ses-05_task-sharedreward_model-1_type-act_run-1_space-mni_multi-echo_cnfds-fmriprep_unsmoothed_FIR.feat,105,5,sharedreward,1,multi-echo,fmriprep,mni,NAcc,sr_outcome_primary,Punish-Neutral,6.0,0.16382544792534878,32.255343437194824,3.23,0.9829526875520926,77.59775310993194,76.61480042237986,-13.809737108545406,14.272995396664285,8.0,-55.23894843418162,-25.766115690532484
/home/tug87422/scratch/smithlab-shared/night-owls/derivatives/fsl/sub-105/ses-05/L1_sub-105_ses-05_task-sharedreward_model-1_type-act_run-1_space-mni_multi-echo_cnfds-fmriprep_unsmoothed_FIR.feat,105,5,sharedreward,1,multi-echo,fmriprep,mni,NAcc,sr_outcome_primary,Reward-Punish,6.0,11.988411473375663,60.12703895568848,4.845,71.93046884025398,123.98953392590347,52.05906508564949,44.91155880427581,60.12703895568848,4.845,179.64623521710325,59.60840927927118
/home/tug87422/scratch/smithlab-shared/night-owls/derivatives/fsl/sub-105/ses-05/L1_sub-105_ses-05_task-sharedreward_model-1_type-act_run-1_space-mni_multi-echo_cnfds-tedana_unsmoothed_FIR.feat,105,5,sharedreward,1,multi-echo,tedana,mni,NAcc,sr_decision_partner_extra,Computer-Stranger,6.0,-9.220278010796468,6.844136238098146,3.23,-55.321668064778805,12.985602598190308,68.30727066296912,-14.08277950279115,0.7016181945800781,6.46,-56.3311180111646,-8.366397639177162
/home/tug87422/scratch/smithlab-shared/night-owls/derivatives/fsl/sub-105/ses-05/L1_sub-105_ses-05_task-sharedreward_model-1_type-act_run-1_space-mni_multi-echo_cnfds-tedana_unsmoothed_FIR.feat,105,5,sharedreward,1,multi-echo,tedana,mni,NAcc,sr_outcome_primary,Reward-Neutral,6.0,-5.249148804663197,11.199170911275198,6.0,-31.494892827979182,16.065354992040543,47.56024782001972,9.470562955830303,13.992239475250244,6.46,37.88225182332121,11.199170911275198
/home/tug87422/scratch/smithlab-shared/night-owls/derivatives/fsl/sub-105/ses-05/L1_sub-105_ses-05_task-sharedreward_model-1_type-act_run-1_space-mni_multi-echo_cnfds-tedana_unsmoothed_FIR.feat,105,5,sharedreward,1,multi-echo,tedana,mni,NAcc,sr_outcome_primary,Punish-Neutral,6.0,-14.940606670099761,20.381569862365723,3.23,-89.64364002059857,32.91623532772064,122.55987534831921,-22.471390752627197,16.367311039207173,8.0,-89.88556301050879,-35.63339975817654
/home/tug87422/scratch/smithlab-shared/night-owls/derivatives/fsl/sub-105/ses-05/L1_sub-105_ses-05_task-sharedreward_model-1_type-act_run-1_space-mni_multi-echo_cnfds-tedana_unsmoothed_FIR.feat,105,5,sharedreward,1,multi-echo,tedana,mni,NAcc,sr_outcome_primary,Reward-Punish,6.0,9.691457865436567,46.832570669451734,6.0,58.148747192619396,88.72619460224922,30.57744740962982,31.941953708457504,49.73711013793945,6.46,127.76781483383002,46.832570669451734
/home/tug87422/scratch/smithlab-shared/night-owls/derivatives/fsl/sub-105/ses-05/L1_sub-105_ses-05_task-sharedreward_model-1_type-act_run-1_space-mni_single-echo_cnfds-fmriprep_unsmoothed_FIR.feat,105,5,sharedreward,1,single-echo,fmriprep,mni,NAcc,sr_decision_partner_extra,Computer-Stranger,6.0,-6.35521132279099,9.749295085668564,1.615,-38.13126793674594,25.074646124988796,63.20591406173473,-17.893617618836164,-5.654906796966176,4.0,-71.57447047534465,-18.778917111479462
/home/tug87422/scratch/smithlab-shared/night-owls/derivatives/fsl/sub-105/ses-05/L1_sub-105_ses-05_task-sharedreward_model-1_type-act_run-1_space-mni_single-echo_cnfds-fmriprep_unsmoothed_FIR.feat,105,5,sharedreward,1,single-echo,fmriprep,mni,NAcc,sr_outcome_primary,Reward-Neutral,6.0,13.861668871091249,57.903507232666016,4.845,83.1700132265475,114.20885433343912,31.03884110689163,26.45014876319805,57.903507232666016,4.845,105.8005950527922,18.58024278292346
/home/tug87422/scratch/smithlab-shared/night-owls/derivatives/fsl/sub-105/ses-05/L1_sub-105_ses-05_task-sharedreward_model-1_type-act_run-1_space-mni_single-echo_cnfds-fmriprep_unsmoothed_FIR.feat,105,5,sharedreward,1,single-echo,fmriprep,mni,NAcc,sr_outcome_primary,Punish-Neutral,6.0,-5.033163706775915,5.796129941940308,3.23,-30.19898224065549,9.360749856233596,39.559732096889086,-18.373360498075606,1.631930905598972,4.0,-73.49344199230242,-28.48835756166063
/home/tug87422/scratch/smithlab-shared/night-owls/derivatives/fsl/sub-105/ses-05/L1_sub-105_ses-05_task-sharedreward_model-1_type-act_run-1_space-mni_single-echo_cnfds-fmriprep_unsmoothed_FIR.feat,105,5,sharedreward,1,single-echo,fmriprep,mni,NAcc,sr_outcome_primary,Reward-Punish,6.0,18.89483257786716,60.841379165649414,4.845,113.36899546720296,128.06644714690952,14.697451679706573,44.82350926127366,60.841379165649414,4.845,179.29403704509463,47.068600344584084
/home/tug87422/scratch/smithlab-shared/night-owls/derivatives/fsl/sub-105/ses-05/L1_sub-105_ses-05_task-sharedreward_model-1_type-act_run-1_space-mni_single-echo_cnfds-tedana_unsmoothed_FIR.feat,105,5,sharedreward,1,single-echo,tedana,mni,NAcc,sr_decision_partner_extra,Computer-Stranger,6.0,-4.83091086659292,9.086696624755861,3.23,-28.985465199557524,23.030326807888763,52.015792007446294,-0.8534692383101987,8.084584534168243,6.46,-3.413876953240795,1.3860085997788183
/home/tug87422/scratch/smithlab-shared/night-owls/derivatives/fsl/sub-105/ses-05/L1_sub-105_ses-05_task-sharedreward_model-1_type-act_run-1_space-mni_single-echo_cnfds-tedana_unsmoothed_FIR.feat,105,5,sharedreward,1,single-echo,tedana,mni,NAcc,sr_outcome_primary,Reward-Neutral,6.0,-1.6893988260233108,27.906188011169434,4.845,-10.136392956139865,55.517902088401485,65.65429504454136,18.00181250053663,28.30851202926401,8.0,72.00725000214652,11.984361979245401
/home/tug87422/scratch/smithlab-shared/night-owls/derivatives/fsl/sub-105/ses-05/L1_sub-105_ses-05_task-sharedreward_model-1_type-act_run-1_space-mni_single-echo_cnfds-tedana_unsmoothed_FIR.feat,105,5,sharedreward,1,single-echo,tedana,mni,NAcc,sr_outcome_primary,Punish-Neutral,6.0,-19.12164944814639,-1.8837175369262695,3.23,-114.72989668887834,0.0,114.72989668887834,-19.321465241002038,-0.7470248992966995,8.0,-77.28586096400815,-29.57477699492369
/home/tug87422/scratch/smithlab-shared/night-owls/derivatives/fsl/sub-105/ses-05/L1_sub-105_ses-05_task-sharedreward_model-1_type-act_run-1_space-mni_single-echo_cnfds-tedana_unsmoothed_FIR.feat,105,5,sharedreward,1,single-echo,tedana,mni,NAcc,sr_outcome_primary,Reward-Punish,6.0,17.432250622123078,41.67551589012146,4.845,104.59350373273847,105.14551935499667,0.5520156222581863,37.32327774153866,41.67551589012146,4.845,149.29311096615464,41.55913897416909
/home/tug87422/scratch/smithlab-shared/night-owls/derivatives/fsl/sub-105/ses-05/L1_sub-105_ses-05_task-sharedreward_model-1_type-act_run-2_space-mni_multi-echo_cnfds-fmriprep_unsmoothed_FIR.feat,105,5,sharedreward,2,multi-echo,fmriprep,mni,NAcc,sr_decision_partner_extra,Computer-Stranger,6.0,8.143365698505283,43.34890850409635,6.0,48.8601941910317,65.1104161311617,16.250221940129993,45.09158628263018,81.78364165574774,8.0,180.36634513052073,43.34890850409635
/home/tug87422/scratch/smithlab-shared/night-owls/derivatives/fsl/sub-105/ses-05/L1_sub-105_ses-05_task-sharedreward_model-1_type-act_run-2_space-mni_multi-echo_cnfds-fmriprep_unsmoothed_FIR.feat,105,5,sharedreward,2,multi-echo,fmriprep,mni,NAcc,sr_outcome_primary,Reward-Neutral,6.0,33.662874254589234,67.83518981933594,3.23,201.9772455275354,206.47620160225006,4.498956074714661,28.466407802353608,44.54643416404724,4.0,113.86563120941443,36.751933616012245
/home/tug87422/scratch/smithlab-shared/night-owls/derivatives/fsl/sub-105/ses-05/L1_sub-105_ses-05_task-sharedreward_model-1_type-act_run-2_space-mni_multi-echo_cnfds-fmriprep_unsmoothed_FIR.feat,105,5,sharedreward,2,multi-echo,fmriprep,mni,NAcc,sr_outcome_primary,Punish-Neutral,6.0,27.19424324287226,45.57119560241699,3.23,163.16545945723357,163.16545945723357,0.0,17.781514998890756,34.41223067691082,4.0,71.12605999556303,18.524304542010043
/home/tug87422/scratch/smithlab-shared/night-owls/derivatives/fsl/sub-105/ses-05/L1_sub-105_ses-05_task-sharedreward_model-1_type-act_run-2_space-mni_multi-echo_cnfds-fmriprep_unsmoothed_FIR.feat,105,5,sharedreward,2,multi-echo,fmriprep,mni,NAcc,sr_outcome_primary,Reward-Punish,6.0,6.468631011716968,22.263994216918945,3.23,38.81178607030181,53.151344286635194,14.339558216333387,10.684892803462848,26.752440452575684,6.46,42.73957121385139,18.227629074002202
/home/tug87422/scratch/smithlab-shared/night-owls/derivatives/fsl/sub-105/ses-05/L1_sub-105_ses-05_task-sharedreward_model-1_type-act_run-2_space-mni_multi-echo_cnfds-tedana_unsmoothed_FIR.feat,105,5,sharedreward,2,multi-echo,tedana,mni,NAcc,sr_decision_partner_extra,Computer-Stranger,6.0,13.211581161474603,40.496774063021775,6.0,79.26948696884762,90.53208339247357,11.262596423625945,44.39862460145595,72.90674510533597,8.0,177.5944984058238,40.496774063021775
/home/tug87422/scratch/smithlab-shared/night-owls/derivatives/fsl/sub-105/ses-05/L1_sub-105_ses-05_task-sharedreward_model-1_type-act_run-2_space-mni_multi-echo_cnfds-tedana_unsmoothed_FIR.feat,105,5,sharedreward,2,multi-echo,tedana,mni,NAcc,sr_outcome_primary,Reward-Neutral,6.0,33.12457894097448,76.35507583618164,3.23,198.74747364584687,213.69423183266406,14.946758186817172,21.65800937539883,50.653284740152735,4.0,86.63203750159532,30.668484267804644
/home/tug87422/scratch/smithlab-shared/night-owls/derivatives/fsl/sub-105/ses-05/L1_sub-105_ses-05_task-sharedreward_model-1_type-act_run-2_space-mni_multi-echo_cnfds-tedana_unsmoothed_FIR.feat,105,5,sharedreward,2,multi-echo,tedana,mni,NAcc,sr_outcome_primary,Punish-Neutral,6.0,24.579565270631054,46.495768547058105,3.23,147.47739162378633,155.7855585425409,8.30816691875458,14.13917123131523,35.28613041502772,4.0,56.55668492526092,18.868931793945123
/home/tug87422/scratch/smithlab-shared/night-owls/derivatives/fsl/sub-105/ses-05/L1_sub-105_ses-05_task-sharedreward_model-1_type-act_run-2_space-mni_multi-echo_cnfds-tedana_unsmoothed_FIR.feat,105,5,sharedreward,2,multi-echo,tedana,mni,NAcc,sr_outcome_primary,Reward-Punish,6.0,8.545013670343424,29.859307289123535,3.23,51.27008202206055,58.65182548176209,7.381743459701538,7.518838144083599,16.712641000747677,6.46,30.075352576334396,11.79955247385952
/home/tug87422/scratch/smithlab-shared/night-owls/derivatives/fsl/sub-105/ses-05/L1_sub-105_ses-05_task-sharedreward_model-1_type-act_run-2_space-mni_single-echo_cnfds-fmriprep_unsmoothed_FIR.feat,105,5,sharedreward,2,single-echo,fmriprep,mni,NAcc,sr_decision_partner_extra,Computer-Stranger,6.0,-7.984404102351028,-1.2707061767578125,1.615,-47.906424614106164,0.0,47.906424614106164,-1.8446439701964588,17.37676347667589,8.0,-7.378575880785835,-5.944839120280263
/home/tug87422/scratch/smithlab-shared/night-owls/derivatives/fsl/sub-105/ses-05/L1_sub-105_ses-05_task-sharedreward_model-1_type-act_run-2_space-mni_single-echo_cnfds-fmriprep_unsmoothed_FIR.feat,105,5,sharedreward,2,single-echo,fmriprep,mni,NAcc,sr_outcome_primary,Reward-Neutral,6.0,6.849495531513718,23.09780216217041,3.23,41.096973189082306,63.42000302192228,22.323029832839964,11.757956542136498,18.703897555915194,4.0,47.03182616854599,11.931534959066763
/home/tug87422/scratch/smithlab-shared/night-owls/derivatives/fsl/sub-105/ses-05/L1_sub-105_ses-05_task-sharedreward_model-1_type-act_run-2_space-mni_single-echo_cnfds-fmriprep_unsmoothed_FIR.feat,105,5,sharedreward,2,single-echo,fmriprep,mni,NAcc,sr_outcome_primary,Punish-Neutral,6.0,11.083865812503731,23.542950432367,6.0,66.50319487502239,86.42411722560786,19.92092235058546,13.425253605122903,27.359798431396484,6.46,53.70101442049161,23.542950432367
/home/tug87422/scratch/smithlab-shared/night-owls/derivatives/fsl/sub-105/ses-05/L1_sub-105_ses-05_task-sharedreward_model-1_type-act_run-2_space-mni_single-echo_cnfds-fmriprep_unsmoothed_FIR.feat,105,5,sharedreward,2,single-echo,fmriprep,mni,NAcc,sr_outcome_primary,Reward-Punish,6.0,-4.234370280990015,2.0558652877807617,3.23,-25.406221685940086,3.3202224397659297,28.726444125706013,-1.6672970629864028,24.091613143590234,8.0,-6.669188251945611,-11.611415473300237
/home/tug87422/scratch/smithlab-shared/night-owls/derivatives/fsl/sub-105/ses-05/L1_sub-105_ses-05_task-sharedreward_model-1_type-act_run-2_space-mni_single-echo_cnfds-tedana_unsmoothed_FIR.feat,105,5,sharedreward,2,single-echo,tedana,mni,NAcc,sr_decision_partner_extra,Computer-Stranger,6.0,-4.829497462433328,1.4175780415534973,3.23,-28.97698477459997,2.289388537108898,31.26637331170887,-6.553587243512917,11.844059080346831,8.0,-26.214348974051667,-15.011012765460709
/home/tug87422/scratch/smithlab-shared/night-owls/derivatives/fsl/sub-105/ses-05/L1_sub-105_ses-05_task-sharedreward_model-1_type-act_run-2_space-mni_single-echo_cnfds-tedana_unsmoothed_FIR.feat,105,5,sharedreward,2,single-echo,tedana,mni,NAcc,sr_outcome_primary,Reward-Neutral,6.0,5.19695228126642,19.923358917236328,4.845,31.18171368759852,65.0787320391534,33.89701835155487,8.11181042920694,19.923358917236328,4.845,32.44724171682776,8.26796089384947
/home/tug87422/scratch/smithlab-shared/night-owls/derivatives/fsl/sub-105/ses-05/L1_sub-105_ses-05_task-sharedreward_model-1_type-act_run-2_space-mni_single-echo_cnfds-tedana_unsmoothed_FIR.feat,105,5,sharedreward,2,single-echo,tedana,mni,NAcc,sr_outcome_primary,Punish-Neutral,6.0,0.7831711460076377,14.388592297816794,6.0,4.699026876045826,34.91951623137152,30.2204893553257,4.1392814314660615,16.59186553955078,6.46,16.557125725864246,14.388592297816794
/home/tug87422/scratch/smithlab-shared/night-owls/derivatives/fsl/sub-105/ses-05/L1_sub-105_ses-05_task-sharedreward_model-1_type-act_run-2_space-mni_single-echo_cnfds-tedana_unsmoothed_FIR.feat,105,5,sharedreward,2,single-echo,tedana,mni,NAcc,sr_outcome_primary,Reward-Punish,6.0,4.413781135258782,17.295522689819336,3.23,26.482686811552693,43.25992335319519,16.777236541642495,3.9725289977408815,21.660834141190964,8.0,15.890115990963526,-6.120631403967325
/home/tug87422/scratch/smithlab-shared/night-owls/derivatives/fsl/sub-105/ses-06/L1_sub-105_ses-06_task-mid_model-1_type-act_run-1_space-mni_multi-echo_cnfds-fmriprep_unsmoothed_FIR.feat,105,6,mid,1,multi-echo,fmriprep,mni,NAcc,mid_anticipation_primary,Reward-Neutral,5.0,11.92923940864067,41.46123504638672,4.845,59.64619704320335,68.01621005132102,8.370013008117676,30.930218062164613,41.46123504638672,4.845,123.72087224865845,26.959729729053034
/home/tug87422/scratch/smithlab-shared/night-owls/derivatives/fsl/sub-105/ses-06/L1_sub-105_ses-06_task-mid_model-1_type-act_run-1_space-mni_multi-echo_cnfds-fmriprep_unsmoothed_FIR.feat,105,6,mid,1,multi-echo,fmriprep,mni,NAcc,mid_feedback_extra,Positive-Negative,6.0,20.353653436231784,44.55171203613281,0.0,122.12192061739071,122.12192061739071,0.0,14.319641625535189,33.87253952026367,4.845,57.278566502140755,15.526785251156833
/home/tug87422/scratch/smithlab-shared/night-owls/derivatives/fsl/sub-105/ses-06/L1_sub-105_ses-06_task-mid_model-1_type-act_run-1_space-mni_multi-echo_cnfds-tedana_unsmoothed_FIR.feat,105,6,mid,1,multi-echo,tedana,mni,NAcc,mid_anticipation_primary,Reward-Neutral,5.0,15.263608554087188,41.9897346496582,4.845,76.31804277043594,97.92543225865616,21.607389488220214,32.35547779550494,41.9897346496582,4.845,129.42191118201976,29.296328394036543
/home/tug87422/scratch/smithlab-shared/night-owls/derivatives/fsl/sub-105/ses-06/L1_sub-105_ses-06_task-mid_model-1_type-act_run-1_space-mni_multi-echo_cnfds-tedana_unsmoothed_FIR.feat,105,6,mid,1,multi-echo,tedana,mni,NAcc,mid_feedback_extra,Positive-Negative,6.0,14.282479925203617,41.12840270996094,1.615,85.6948795512217,94.74550757913767,9.050628027915952,1.9951680850318336,18.811786651611328,4.845,7.9806723401273345,0.42415992984830525
/home/tug87422/scratch/smithlab-shared/night-owls/derivatives/fsl/sub-105/ses-06/L1_sub-105_ses-06_task-mid_model-1_type-act_run-1_space-mni_single-echo_cnfds-fmriprep_unsmoothed_FIR.feat,105,6,mid,1,single-echo,fmriprep,mni,NAcc,mid_anticipation_primary,Reward-Neutral,5.0,10.24631738682945,56.65355203764358,5.0,51.231586934147245,75.32568977457083,24.094102840423584,62.94579685371542,92.24691260783666,8.0,251.7831874148617,60.29645860453508
/home/tug87422/scratch/smithlab-shared/night-owls/derivatives/fsl/sub-105/ses-06/L1_sub-105_ses-06_task-mid_model-1_type-act_run-1_space-mni_single-echo_cnfds-fmriprep_unsmoothed_FIR.feat,105,6,mid,1,single-echo,fmriprep,mni,NAcc,mid_feedback_extra,Positive-Negative,6.0,20.28504327085611,52.09778451919556,4.845,121.71025962513667,121.71025962513667,0.0,29.990374079073547,52.09778451919556,4.845,119.96149631629419,28.629195558766458
/home/tug87422/scratch/smithlab-shared/night-owls/derivatives/fsl/sub-105/ses-06/L1_sub-105_ses-06_task-mid_model-1_type-act_run-1_space-mni_single-echo_cnfds-tedana_unsmoothed_FIR.feat,105,6,mid,1,single-echo,tedana,mni,NAcc,mid_anticipation_primary,Reward-Neutral,5.0,3.010576142184137,22.873851776123047,4.845,15.052880710920684,53.7639983504623,38.71111763954163,22.154544944925576,23.12907739172779,8.0,88.6181797797023,22.65923303421068
/home/tug87422/scratch/smithlab-shared/night-owls/derivatives/fsl/sub-105/ses-06/L1_sub-105_ses-06_task-mid_model-1_type-act_run-1_space-mni_single-echo_cnfds-tedana_unsmoothed_FIR.feat,105,6,mid,1,single-echo,tedana,mni,NAcc,mid_feedback_extra,Positive-Negative,6.0,13.291507582642653,39.34169864654541,1.615,79.74904549585592,112.32561017977011,32.576564683914185,10.344361995781076,32.77798902988434,4.845,41.377447983124306,5.872297938025033
/home/tug87422/scratch/smithlab-shared/night-owls/derivatives/fsl/sub-105/ses-06/L1_sub-105_ses-06_task-mid_model-1_type-act_run-2_space-mni_multi-echo_cnfds-fmriprep_unsmoothed_FIR.feat,105,6,mid,2,multi-echo,fmriprep,mni,NAcc,mid_anticipation_primary,Reward-Neutral,5.0,-11.979224007453713,9.653814315795898,1.615,-59.89612003726857,15.590910120010376,75.48703015727894,-4.497662222099378,14.148704528808594,6.46,-17.990648888397512,4.117064414009593
/home/tug87422/scratch/smithlab-shared/night-owls/derivatives/fsl/sub-105/ses-06/L1_sub-105_ses-06_task-mid_model-1_type-act_run-2_space-mni_multi-echo_cnfds-fmriprep_unsmoothed_FIR.feat,105,6,mid,2,multi-echo,fmriprep,mni,NAcc,mid_feedback_extra,Positive-Negative,6.0,-22.119812211410917,41.10430584308164,6.0,-132.7188732684655,27.755094641347426,160.47396790981293,25.19626512382791,56.319626808166504,6.46,100.78506049531164,41.10430584308164
/home/tug87422/scratch/smithlab-shared/night-owls/derivatives/fsl/sub-105/ses-06/L1_sub-105_ses-06_task-mid_model-1_type-act_run-2_space-mni_multi-echo_cnfds-tedana_unsmoothed_FIR.feat,105,6,mid,2,multi-echo,tedana,mni,NAcc,mid_anticipation_primary,Reward-Neutral,5.0,-16.332860604850133,7.073495388031006,1.615,-81.66430302425066,11.423695051670075,93.08799807592072,-12.552197286279945,1.6995620727539062,6.46,-50.20878914511978,-7.002199745768731
/home/tug87422/scratch/smithlab-shared/night-owls/derivatives/fsl/sub-105/ses-06/L1_sub-105_ses-06_task-mid_model-1_type-act_run-2_space-mni_multi-echo_cnfds-tedana_unsmoothed_FIR.feat,105,6,mid,2,multi-echo,tedana,mni,NAcc,mid_feedback_extra,Positive-Negative,6.0,-31.30587205840676,21.004144374062037,6.0,-187.83523235044055,12.12989337602083,199.96512572646137,6.088128317581612,34.687333822250366,6.46,24.352513270326448,21.004144374062037
/home/tug87422/scratch/smithlab-shared/night-owls/derivatives/fsl/sub-105/ses-06/L1_sub-105_ses-06_task-mid_model-1_type-act_run-2_space-mni_single-echo_cnfds-fmriprep_unsmoothed_FIR.feat,105,6,mid,2,single-echo,fmriprep,mni,NAcc,mid_anticipation_primary,Reward-Neutral,5.0,-11.405865354755715,6.327236175537109,1.615,-57.02932677377858,10.21848642349243,67.24781319727101,-21.33113817004366,-17.71353343101478,8.0,-85.32455268017463,-21.495916368053425
/home/tug87422/scratch/smithlab-shared/night-owls/derivatives/fsl/sub-105/ses-06/L1_sub-105_ses-06_task-mid_model-1_type-act_run-2_space-mni_single-echo_cnfds-fmriprep_unsmoothed_FIR.feat,105,6,mid,2,single-echo,fmriprep,mni,NAcc,mid_feedback_extra,Positive-Negative,6.0,-14.37928290375553,40.156120784511515,6.0,-86.27569742253318,23.190159753055404,109.4658571755886,21.571619002248845,60.439687728881836,6.46,86.28647600899538,40.156120784511515
/home/tug87422/scratch/smithlab-shared/night-owls/derivatives/fsl/sub-105/ses-06/L1_sub-105_ses-06_task-mid_model-1_type-act_run-2_space-mni_single-echo_cnfds-tedana_unsmoothed_FIR.feat,105,6,mid,2,single-echo,tedana,mni,NAcc,mid_anticipation_primary,Reward-Neutral,5.0,-19.75114842886563,1.1131706237792969,1.615,-98.75574214432815,1.7977705574035645,100.55351270173172,-33.0375119209218,-19.439576299566966,8.0,-132.1500476836872,-36.397480619212054
/home/tug87422/scratch/smithlab-shared/night-owls/derivatives/fsl/sub-105/ses-06/L1_sub-105_ses-06_task-mid_model-1_type-act_run-2_space-mni_single-echo_cnfds-tedana_unsmoothed_FIR.feat,105,6,mid,2,single-echo,tedana,mni,NAcc,mid_feedback_extra,Positive-Negative,6.0,-20.93016542596975,17.793929475379805,6.0,-125.58099255581851,10.27599427203184,135.85698682785036,1.4371002489141533,35.86811339855194,6.46,5.748400995656613,17.793929475379805
/home/tug87422/scratch/smithlab-shared/night-owls/derivatives/fsl/sub-105/ses-06/L1_sub-105_ses-06_task-sharedreward_model-1_type-act_run-1_space-mni_multi-echo_cnfds-fmriprep_unsmoothed_FIR.feat,105,6,sharedreward,1,multi-echo,fmriprep,mni,NAcc,sr_decision_partner_extra,Computer-Stranger,6.0,-6.6687355241151804,13.446837902069092,1.615,-40.01241314469108,23.058610169887544,63.071023314578625,-51.06188099559339,-11.129896150653948,4.0,-204.24752398237356,-50.73992309629364
/home/tug87422/scratch/smithlab-shared/night-owls/derivatives/fsl/sub-105/ses-06/L1_sub-105_ses-06_task-sharedreward_model-1_type-act_run-1_space-mni_multi-echo_cnfds-fmriprep_unsmoothed_FIR.feat,105,6,sharedreward,1,multi-echo,fmriprep,mni,NAcc,sr_outcome_primary,Reward-Neutral,6.0,23.59382036213474,51.665517807006836,4.845,141.56292217280844,148.83368736293295,7.270765190124512,45.53405633087129,51.665517807006836,4.845,182.13622532348515,48.57774890391819
/home/tug87422/scratch/smithlab-shared/night-owls/derivatives/fsl/sub-105/ses-06/L1_sub-105_ses-06_task-sharedreward_model-1_type-act_run-1_space-mni_multi-echo_cnfds-fmriprep_unsmoothed_FIR.feat,105,6,sharedreward,1,multi-echo,fmriprep,mni,NAcc,sr_outcome_primary,Punish-Neutral,6.0,6.03010828175412,18.176437377929688,1.615,36.18064969052472,52.5271540688435,16.346504378318787,10.403635774182831,20.92568381578192,8.0,41.614543096731325,9.566470001504149
/home/tug87422/scratch/smithlab-shared/night-owls/derivatives/fsl/sub-105/ses-06/L1_sub-105_ses-06_task-sharedreward_model-1_type-act_run-1_space-mni_multi-echo_cnfds-fmriprep_unsmoothed_FIR.feat,105,6,sharedreward,1,multi-echo,fmriprep,mni,NAcc,sr_outcome_primary,Reward-Punish,6.0,17.56371208038062,49.82785940170288,0.0,105.38227248228371,142.0079840377647,36.625711555480954,35.13042055668846,48.43086814880371,4.845,140.52168222675385,39.01127890241404
/home/tug87422/scratch/smithlab-shared/night-owls/derivatives/fsl/sub-105/ses-06/L1_sub-105_ses-06_task-sharedreward_model-1_type-act_run-1_space-mni_multi-echo_cnfds-tedana_unsmoothed_FIR.feat,105,6,sharedreward,1,multi-echo,tedana,mni,NAcc,sr_decision_partner_extra,Computer-Stranger,6.0,-9.916108204906939,39.985471129048356,6.0,-59.49664922944163,23.09160957702543,82.58825880646707,25.14196503617861,55.981239318847656,6.46,100.56786014471444,39.985471129048356
/home/tug87422/scratch/smithlab-shared/night-owls/derivatives/fsl/sub-105/ses-06/L1_sub-105_ses-06_task-sharedreward_model-1_type-act_run-1_space-mni_multi-echo_cnfds-tedana_unsmoothed_FIR.feat,105,6,sharedreward,1,multi-echo,tedana,mni,NAcc,sr_outcome_primary,Reward-Neutral,6.0,27.429634534945738,38.58340835571289,3.23,164.57780720967443,170.60535419523717,6.027546985562745,-8.422758839664633,32.104182333400004,4.0,-33.69103535865853,-10.437310797511245
/home/tug87422/scratch/smithlab-shared/night-owls/derivatives/fsl/sub-105/ses-06/L1_sub-105_ses-06_task-sharedreward_model-1_type-act_run-1_space-mni_multi-echo_cnfds-tedana_unsmoothed_FIR.feat,105,6,sharedreward,1,multi-echo,tedana,mni,NAcc,sr_outcome_primary,Punish-Neutral,6.0,-11.609471370350526,6.181049346923828,4.845,-69.65682822210316,8.560753345489502,78.21758156759266,-12.155705439512023,6.181049346923828,4.845,-48.62282175804809,-12.350935814919488
/home/tug87422/scratch/smithlab-shared/night-owls/derivatives/fsl/sub-105/ses-06/L1_sub-105_ses-06_task-sharedreward_model-1_type-act_run-1_space-mni_multi-echo_cnfds-tedana_unsmoothed_FIR.feat,105,6,sharedreward,1,multi-echo,tedana,mni,NAcc,sr_outcome_primary,Reward-Punish,6.0,39.03910590529627,58.158016204833984,1.615,234.2346354317776,234.2346354317776,0.0,3.7329465998473887,31.366042698130887,4.0,14.931786399389555,1.913625017408246
/home/tug87422/scratch/smithlab-shared/night-owls/derivatives/fsl/sub-105/ses-06/L1_sub-105_ses-06_task-sharedreward_model-1_type-act_run-1_space-mni_single-echo_cnfds-fmriprep_unsmoothed_FIR.feat,105,6,sharedreward,1,single-echo,fmriprep,mni,NAcc,sr_decision_partner_extra,Computer-Stranger,6.0,2.995955686320821,19.866443634033203,1.615,17.975734117924926,61.318068339899185,43.342334221974255,-34.37695082737428,-2.2728503621399625,4.0,-137.50780330949712,-30.757033631528497
/home/tug87422/scratch/smithlab-shared/night-owls/derivatives/fsl/sub-105/ses-06/L1_sub-105_ses-06_task-sharedreward_model-1_type-act_run-1_space-mni_single-echo_cnfds-fmriprep_unsmoothed_FIR.feat,105,6,sharedreward,1,single-echo,fmriprep,mni,NAcc,sr_outcome_primary,Reward-Neutral,6.0,1.8964944368157923,20.824298858642578,4.845,11.378966620894754,68.0947241875852,56.71575756669044,17.96706514634584,20.824298858642578,4.845,71.86826058538335,16.756181344897385
/home/tug87422/scratch/smithlab-shared/night-owls/derivatives/fsl/sub-105/ses-06/L1_sub-105_ses-06_task-sharedreward_model-1_type-act_run-1_space-mni_single-echo_cnfds-fmriprep_unsmoothed_FIR.feat,105,6,sharedreward,1,single-echo,fmriprep,mni,NAcc,sr_outcome_primary,Punish-Neutral,6.0,-9.009251291357577,17.322067260742173,3.23,-54.05550774814546,27.975138626098605,82.03064637424407,-7.755379759490307,-0.212554931640625,6.46,-31.021519037961227,-6.045799042787343
/home/tug87422/scratch/smithlab-shared/night-owls/derivatives/fsl/sub-105/ses-06/L1_sub-105_ses-06_task-sharedreward_model-1_type-act_run-1_space-mni_single-echo_cnfds-fmriprep_unsmoothed_FIR.feat,105,6,sharedreward,1,single-echo,fmriprep,mni,NAcc,sr_outcome_primary,Reward-Punish,6.0,10.905745728173367,41.5166130065918,4.845,65.4344743690402,96.16402881239958,30.729554443359376,25.722444905836145,41.5166130065918,4.845,102.88977962334458,22.80198038768473
/home/tug87422/scratch/smithlab-shared/night-owls/derivatives/fsl/sub-105/ses-06/L1_sub-105_ses-06_task-sharedreward_model-1_type-act_run-1_space-mni_single-echo_cnfds-tedana_unsmoothed_FIR.feat,105,6,sharedreward,1,single-echo,tedana,mni,NAcc,sr_decision_partner_extra,Computer-Stranger,6.0,4.160364392667518,56.57003001753391,6.0,24.962186356005105,54.53181271505061,29.569626359045508,38.991444790580715,72.81330490112305,6.46,155.96577916232286,56.57003001753391
/home/tug87422/scratch/smithlab-shared/night-owls/derivatives/fsl/sub-105/ses-06/L1_sub-105_ses-06_task-sharedreward_model-1_type-act_run-1_space-mni_single-echo_cnfds-tedana_unsmoothed_FIR.feat,105,6,sharedreward,1,single-echo,tedana,mni,NAcc,sr_outcome_primary,Reward-Neutral,6.0,-2.770042963520663,27.50532960891724,3.23,-16.62025778112398,46.24852988362312,62.8687876647471,-35.27807186032504,13.802164970905787,4.0,-141.11228744130017,-50.93508442858056
/home/tug87422/scratch/smithlab-shared/night-owls/derivatives/fsl/sub-105/ses-06/L1_sub-105_ses-06_task-sharedreward_model-1_type-act_run-1_space-mni_single-echo_cnfds-tedana_unsmoothed_FIR.feat,105,6,sharedreward,1,single-echo,tedana,mni,NAcc,sr_outcome_primary,Punish-Neutral,6.0,-32.40516909157221,-6.3048496246337855,3.23,-194.43101454943329,0.0,194.43101454943329,-29.392279756659697,-11.898316711095095,4.0,-117.56911902663879,-33.74607163538505
/home/tug87422/scratch/smithlab-shared/night-owls/derivatives/fsl/sub-105/ses-06/L1_sub-105_ses-06_task-sharedreward_model-1_type-act_run-1_space-mni_single-echo_cnfds-tedana_unsmoothed_FIR.feat,105,6,sharedreward,1,single-echo,tedana,mni,NAcc,sr_outcome_primary,Reward-Punish,6.0,29.63512612805155,45.846524238586426,0.0,177.8107567683093,187.7374116563797,9.92665488807041,-5.885792103665348,25.70048168200088,4.0,-23.54316841466139,-17.18901279319551
/home/tug87422/scratch/smithlab-shared/night-owls/derivatives/fsl/sub-105/ses-06/L1_sub-105_ses-06_task-sharedreward_model-1_type-act_run-2_space-mni_multi-echo_cnfds-fmriprep_unsmoothed_FIR.feat,105,6,sharedreward,2,multi-echo,fmriprep,mni,NAcc,sr_decision_partner_extra,Computer-Stranger,6.0,25.566409105883665,45.39273929595947,1.615,153.398454635302,162.1315616108574,8.73310697555542,24.811273087724448,71.63250434214119,8.0,99.24509235089779,18.619482501003397
/home/tug87422/scratch/smithlab-shared/night-owls/derivatives/fsl/sub-105/ses-06/L1_sub-105_ses-06_task-sharedreward_model-1_type-act_run-2_space-mni_multi-echo_cnfds-fmriprep_unsmoothed_FIR.feat,105,6,sharedreward,2,multi-echo,fmriprep,mni,NAcc,sr_outcome_primary,Reward-Neutral,6.0,13.753376249975004,62.48375129699707,1.615,82.52025749985002,114.90218516260386,32.38192766275384,-12.018234695003773,11.374224358667913,8.0,-48.07293878001509,-20.666582235979963
/home/tug87422/scratch/smithlab-shared/night-owls/derivatives/fsl/sub-105/ses-06/L1_sub-105_ses-06_task-sharedreward_model-1_type-act_run-2_space-mni_multi-echo_cnfds-fmriprep_unsmoothed_FIR.feat,105,6,sharedreward,2,multi-echo,fmriprep,mni,NAcc,sr_outcome_primary,Punish-Neutral,6.0,12.985763703992648,69.09239959716797,1.615,77.91458222395589,143.31237762070106,65.3977953967452,8.489521560006928,19.440348505973816,4.845,33.95808624002771,8.317349940261602
/home/tug87422/scratch/smithlab-shared/night-owls/derivatives/fsl/sub-105/ses-06/L1_sub-105_ses-06_task-sharedreward_model-1_type-act_run-2_space-mni_multi-echo_cnfds-fmriprep_unsmoothed_FIR.feat,105,6,sharedreward,2,multi-echo,fmriprep,mni,NAcc,sr_outcome_primary,Reward-Punish,6.0,0.767612545982356,37.839749336242676,3.23,4.605675275894136,79.38872221469879,74.78304693880466,-20.5077562550107,3.490951541038485,4.0,-82.0310250200428,-28.983932176241563
/home/tug87422/scratch/smithlab-shared/night-owls/derivatives/fsl/sub-105/ses-06/L1_sub-105_ses-06_task-sharedreward_model-1_type-act_run-2_space-mni_multi-echo_cnfds-tedana_unsmoothed_FIR.feat,105,6,sharedreward,2,multi-echo,tedana,mni,NAcc,sr_decision_partner_extra,Computer-Stranger,6.0,24.128684210938133,41.22907733917236,1.615,144.7721052656288,144.7721052656288,0.0,31.02955933617965,83.84055980956963,8.0,124.1182373447186,23.67740086726729
/home/tug87422/scratch/smithlab-shared/night-owls/derivatives/fsl/sub-105/ses-06/L1_sub-105_ses-06_task-sharedreward_model-1_type-act_run-2_space-mni_multi-echo_cnfds-tedana_unsmoothed_FIR.feat,105,6,sharedreward,2,multi-echo,tedana,mni,NAcc,sr_outcome_primary,Reward-Neutral,6.0,23.56840766581526,88.26570892333984,1.615,141.41044599489157,215.7187761926651,74.3083301977735,-35.02173737908572,0.16634653522502899,4.0,-140.08694951634288,-53.757573504196976
/home/tug87422/scratch/smithlab-shared/night-owls/derivatives/fsl/sub-105/ses-06/L1_sub-105_ses-06_task-sharedreward_model-1_type-act_run-2_space-mni_multi-echo_cnfds-tedana_unsmoothed_FIR.feat,105,6,sharedreward,2,multi-echo,tedana,mni,NAcc,sr_outcome_primary,Punish-Neutral,6.0,4.667166351324142,65.7372817993164,1.615,28.002998107944855,106.165710105896,78.16271199795113,-14.89216950270229,-2.3349442747724214,8.0,-59.56867801080916,-20.765855406829075
/home/tug87422/scratch/smithlab-shared/night-owls/derivatives/fsl/sub-105/ses-06/L1_sub-105_ses-06_task-sharedreward_model-1_type-act_run-2_space-mni_multi-echo_cnfds-tedana_unsmoothed_FIR.feat,105,6,sharedreward,2,multi-echo,tedana,mni,NAcc,sr_outcome_primary,Reward-Punish,6.0,18.901241314491127,61.386563777923584,3.23,113.40744788694676,167.51764605760573,54.110198170658975,-20.12956787638343,20.050282172743373,4.0,-80.51827150553372,-32.991718097367894
/home/tug87422/scratch/smithlab-shared/night-owls/derivatives/fsl/sub-105/ses-06/L1_sub-105_ses-06_task-sharedreward_model-1_type-act_run-2_space-mni_single-echo_cnfds-fmriprep_unsmoothed_FIR.feat,105,6,sharedreward,2,single-echo,fmriprep,mni,NAcc,sr_decision_partner_extra,Computer-Stranger,6.0,30.488866582220066,46.17325305938721,1.615,182.9331994933204,182.9331994933204,0.0,47.78197982380634,90.99951119910085,8.0,191.12791929522535,44.32442895989669
/home/tug87422/scratch/smithlab-shared/night-owls/derivatives/fsl/sub-105/ses-06/L1_sub-105_ses-06_task-sharedreward_model-1_type-act_run-2_space-mni_single-echo_cnfds-fmriprep_unsmoothed_FIR.feat,105,6,sharedreward,2,single-echo,fmriprep,mni,NAcc,sr_outcome_primary,Reward-Neutral,6.0,12.912689844908423,94.22322273254395,1.615,77.47613906945054,171.92171351253987,94.44557444308933,-20.591586099178425,21.40303167396288,8.0,-82.3663443967137,-36.01111567647834
/home/tug87422/scratch/smithlab-shared/night-owls/derivatives/fsl/sub-105/ses-06/L1_sub-105_ses-06_task-sharedreward_model-1_type-act_run-2_space-mni_single-echo_cnfds-fmriprep_unsmoothed_FIR.feat,105,6,sharedreward,2,single-echo,fmriprep,mni,NAcc,sr_outcome_primary,Punish-Neutral,6.0,4.338015432385164,74.17035484313965,1.615,26.02809259431098,124.02416763322088,97.99607503890991,3.9684971593906337,21.942146753010004,8.0,15.873988637562535,5.453169456576419
/home/tug87422/scratch/smithlab-shared/night-owls/derivatives/fsl/sub-105/ses-06/L1_sub-105_ses-06_task-sharedreward_model-1_type-act_run-2_space-mni_single-echo_cnfds-fmriprep_unsmoothed_FIR.feat,105,6,sharedreward,2,single-echo,fmriprep,mni,NAcc,sr_outcome_primary,Reward-Punish,6.0,8.574674412523256,28.120323181152344,3.23,51.448046475139535,97.08834486842154,45.64029839328201,-24.56008325856905,7.244813830490814,4.0,-98.2403330342762,-41.46428513305475
/home/tug87422/scratch/smithlab-shared/night-owls/derivatives/fsl/sub-105/ses-06/L1_sub-105_ses-06_task-sharedreward_model-1_type-act_run-2_space-mni_single-echo_cnfds-tedana_unsmoothed_FIR.feat,105,6,sharedreward,2,single-echo,tedana,mni,NAcc,sr_decision_partner_extra,Computer-Stranger,6.0,26.898657798744335,45.38008503869591,6.0,161.391946792466,161.391946792466,0.0,50.46994083886176,100.6828550096636,8.0,201.87976335544704,45.38008503869591
/home/tug87422/scratch/smithlab-shared/night-owls/derivatives/fsl/sub-105/ses-06/L1_sub-105_ses-06_task-sharedreward_model-1_type-act_run-2_space-mni_single-echo_cnfds-tedana_unsmoothed_FIR.feat,105,6,sharedreward,2,single-echo,tedana,mni,NAcc,sr_outcome_primary,Reward-Neutral,6.0,31.759080204933237,119.79830169677734,1.615,190.55448122959942,231.36162074029446,40.807139510695045,-30.656814959720926,13.551660395997269,8.0,-122.6272598388837,-58.80881823843847
/home/tug87422/scratch/smithlab-shared/night-owls/derivatives/fsl/sub-105/ses-06/L1_sub-105_ses-06_task-sharedreward_model-1_type-act_run-2_space-mni_single-echo_cnfds-tedana_unsmoothed_FIR.feat,105,6,sharedreward,2,single-echo,tedana,mni,NAcc,sr_outcome_primary,Punish-Neutral,6.0,9.905355001977417,83.9232406616211,1.615,59.43213001186451,146.8520692795515,87.41993926768703,-9.286115015848498,26.457379007487127,8.0,-37.14446006339399,-18.680231643535038
/home/tug87422/scratch/smithlab-shared/night-owls/derivatives/fsl/sub-105/ses-06/L1_sub-105_ses-06_task-sharedreward_model-1_type-act_run-2_space-mni_single-echo_cnfds-tedana_unsmoothed_FIR.feat,105,6,sharedreward,2,single-echo,tedana,mni,NAcc,sr_outcome_primary,Reward-Punish,6.0,21.853725202955815,42.14390754699707,3.23,131.1223512177349,154.29660997629165,23.17425875855674,-21.370699943872427,24.21880570284722,4.0,-85.48279977548971,-40.12858659490344
/home/tug87422/scratch/smithlab-shared/night-owls/derivatives/fsl/sub-105/ses-07/L1_sub-105_ses-07_task-mid_model-1_type-act_run-1_space-mni_multi-echo_cnfds-fmriprep_unsmoothed_FIR.feat,105,7,mid,1,multi-echo,fmriprep,mni,NAcc,mid_anticipation_primary,Reward-Neutral,5.0,-54.524631322528556,6.940861940383911,0.0,-272.6231566126428,5.604746016860008,278.22790262950275,-82.14626929499093,-43.65249590091291,8.0,-328.5850771799637,-82.56394671360405
/home/tug87422/scratch/smithlab-shared/night-owls/derivatives/fsl/sub-105/ses-07/L1_sub-105_ses-07_task-mid_model-1_type-act_run-1_space-mni_multi-echo_cnfds-fmriprep_unsmoothed_FIR.feat,105,7,mid,1,multi-echo,fmriprep,mni,NAcc,mid_feedback_extra,Positive-Negative,6.0,-5.169323344872833,5.966510772705078,4.845,-31.015940069236997,10.74957300186157,41.76551307109857,-12.310074798654846,5.966510772705078,4.845,-49.24029919461938,-19.501854568812135
/home/tug87422/scratch/smithlab-shared/night-owls/derivatives/fsl/sub-105/ses-07/L1_sub-105_ses-07_task-mid_model-1_type-act_run-1_space-mni_multi-echo_cnfds-tedana_unsmoothed_FIR.feat,105,7,mid,1,multi-echo,tedana,mni,NAcc,mid_anticipation_primary,Reward-Neutral,5.0,-40.800168139557904,14.417930603027344,0.0,-204.00084069778953,11.64247896194458,215.64331965973412,-77.64814301510978,-18.786985686688947,8.0,-310.5925720604391,-81.16777251157967
/home/tug87422/scratch/smithlab-shared/night-owls/derivatives/fsl/sub-105/ses-07/L1_sub-105_ses-07_task-mid_model-1_type-act_run-1_space-mni_multi-echo_cnfds-tedana_unsmoothed_FIR.feat,105,7,mid,1,multi-echo,tedana,mni,NAcc,mid_feedback_extra,Positive-Negative,6.0,-5.684172584828455,7.463432312011719,4.845,-34.10503550897073,14.722065696716308,48.827101205687036,-14.074213067924276,7.463432312011719,4.845,-56.296852271697105,-13.152431865963775
/home/tug87422/scratch/smithlab-shared/night-owls/derivatives/fsl/sub-105/ses-07/L1_sub-105_ses-07_task-mid_model-1_type-act_run-1_space-mni_single-echo_cnfds-fmriprep_unsmoothed_FIR.feat,105,7,mid,1,single-echo,fmriprep,mni,NAcc,mid_anticipation_primary,Reward-Neutral,5.0,-32.18110814382048,19.756871700286865,0.0,-160.90554071910242,15.953673897981643,176.85921461708404,-50.49097482854183,-34.848637495247566,8.0,-201.96389931416732,-49.83954104255227
/home/tug87422/scratch/smithlab-shared/night-owls/derivatives/fsl/sub-105/ses-07/L1_sub-105_ses-07_task-mid_model-1_type-act_run-1_space-mni_single-echo_cnfds-fmriprep_unsmoothed_FIR.feat,105,7,mid,1,single-echo,fmriprep,mni,NAcc,mid_feedback_extra,Positive-Negative,6.0,11.276345553565443,28.2965726852417,3.23,67.65807332139266,95.94660266399383,28.288529342601176,-3.635266377588176,18.04320921469768,4.0,-14.541065510352704,-8.637888456645765
/home/tug87422/scratch/smithlab-shared/night-owls/derivatives/fsl/sub-105/ses-07/L1_sub-105_ses-07_task-mid_model-1_type-act_run-1_space-mni_single-echo_cnfds-tedana_unsmoothed_FIR.feat,105,7,mid,1,single-echo,tedana,mni,NAcc,mid_anticipation_primary,Reward-Neutral,5.0,-26.599680517970597,29.426605701446533,0.0,-132.998402589853,25.85509572863579,158.85349831848876,-70.03912137318922,-40.53416556249092,8.0,-280.1564854927569,-73.63382009529847
/home/tug87422/scratch/smithlab-shared/night-owls/derivatives/fsl/sub-105/ses-07/L1_sub-105_ses-07_task-mid_model-1_type-act_run-1_space-mni_single-echo_cnfds-tedana_unsmoothed_FIR.feat,105,7,mid,1,single-echo,tedana,mni,NAcc,mid_feedback_extra,Positive-Negative,6.0,3.396130622980887,12.228019714355469,1.615,20.376783737885322,43.52906665802002,23.152282920134695,-6.609181922131651,7.789918503894156,4.0,-26.436727688526602,-4.59881531564813
/home/tug87422/scratch/smithlab-shared/night-owls/derivatives/fsl/sub-105/ses-07/L1_sub-105_ses-07_task-mid_model-1_type-act_run-2_space-mni_multi-echo_cnfds-fmriprep_unsmoothed_FIR.feat,105,7,mid,2,multi-echo,fmriprep,mni,NAcc,mid_anticipation_primary,Reward-Neutral,5.0,-31.555890440127428,3.5344066619873047,1.615,-157.77945220063714,5.708066759109497,163.48751895974664,-48.21234800873896,-38.261281967163086,4.845,-192.84939203495583,-46.33624256358427
/home/tug87422/scratch/smithlab-shared/night-owls/derivatives/fsl/sub-105/ses-07/L1_sub-105_ses-07_task-mid_model-1_type-act_run-2_space-mni_multi-echo_cnfds-fmriprep_unsmoothed_FIR.feat,105,7,mid,2,multi-echo,fmriprep,mni,NAcc,mid_feedback_extra,Positive-Negative,6.0,1.7838230764662908,30.24229240417481,4.845,10.702938458797744,41.885574979782106,31.182636520984367,-11.84709528571681,30.24229240417481,4.845,-47.38838114286724,-13.729617050926748
/home/tug87422/scratch/smithlab-shared/night-owls/derivatives/fsl/sub-105/ses-07/L1_sub-105_ses-07_task-mid_model-1_type-act_run-2_space-mni_multi-echo_cnfds-tedana_unsmoothed_FIR.feat,105,7,mid,2,multi-echo,tedana,mni,NAcc,mid_anticipation_primary,Reward-Neutral,5.0,-27.399639660150275,16.304093837738037,1.615,-136.99819830075137,26.33111154794693,163.3293098486983,-69.86324514403063,-50.385366439819336,4.845,-279.4529805761225,-67.11885974872223
/home/tug87422/scratch/smithlab-shared/night-owls/derivatives/fsl/sub-105/ses-07/L1_sub-105_ses-07_task-mid_model-1_type-act_run-2_space-mni_multi-echo_cnfds-tedana_unsmoothed_FIR.feat,105,7,mid,2,multi-echo,tedana,mni,NAcc,mid_feedback_extra,Positive-Negative,6.0,-5.244610391197567,10.431671142578125,4.845,-31.4676623471854,15.990694589614868,47.45835693680027,-16.290714223790836,10.431671142578125,4.845,-65.16285689516334,-13.851527754367323
/home/tug87422/scratch/smithlab-shared/night-owls/derivatives/fsl/sub-105/ses-07/L1_sub-105_ses-07_task-mid_model-1_type-act_run-2_space-mni_single-echo_cnfds-fmriprep_unsmoothed_FIR.feat,105,7,mid,2,single-echo,fmriprep,mni,NAcc,mid_anticipation_primary,Reward-Neutral,5.0,-16.994675823958662,7.966968536376957,1.615,-84.97337911979331,12.866654186248786,97.84003330604209,-19.756070204384557,-10.516252517700195,4.845,-79.02428081753823,-14.492987647514225
/home/tug87422/scratch/smithlab-shared/night-owls/derivatives/fsl/sub-105/ses-07/L1_sub-105_ses-07_task-mid_model-1_type-act_run-2_space-mni_single-echo_cnfds-fmriprep_unsmoothed_FIR.feat,105,7,mid,2,single-echo,fmriprep,mni,NAcc,mid_feedback_extra,Positive-Negative,6.0,24.328659996688675,41.613036155700684,4.845,145.97195998013206,145.97195998013206,0.0,15.425587281288559,41.613036155700684,4.845,61.702349125154235,15.477301957806565
/home/tug87422/scratch/smithlab-shared/night-owls/derivatives/fsl/sub-105/ses-07/L1_sub-105_ses-07_task-mid_model-1_type-act_run-2_space-mni_single-echo_cnfds-tedana_unsmoothed_FIR.feat,105,7,mid,2,single-echo,tedana,mni,NAcc,mid_anticipation_primary,Reward-Neutral,5.0,-19.189462702883283,17.160213947296143,1.615,-95.94731351441642,27.71374552488327,123.66105903929969,-51.9191778460551,-29.14847183227539,4.845,-207.6767113842204,-45.99835961964847
/home/tug87422/scratch/smithlab-shared/night-owls/derivatives/fsl/sub-105/ses-07/L1_sub-105_ses-07_task-mid_model-1_type-act_run-2_space-mni_single-echo_cnfds-tedana_unsmoothed_FIR.feat,105,7,mid,2,single-echo,tedana,mni,NAcc,mid_feedback_extra,Positive-Negative,6.0,18.94863885269322,35.47956562042236,1.615,113.69183311615933,113.69183311615933,0.0,12.913823802463774,22.643411636352532,4.845,51.6552952098551,21.251539472455946
/home/tug87422/scratch/smithlab-shared/night-owls/derivatives/fsl/sub-105/ses-07/L1_sub-105_ses-07_task-sharedreward_model-1_type-act_run-1_space-mni_multi-echo_cnfds-fmriprep_unsmoothed_FIR.feat,105,7,sharedreward,1,multi-echo,fmriprep,mni,NAcc,sr_decision_partner_extra,Computer-Stranger,6.0,-16.348770278522665,8.43566608428955,0.0,-98.09262167113599,6.811800363063813,104.9044220341998,-5.741780899021564,27.21727503241032,8.0,-22.967123596086257,-6.566427728616784
/home/tug87422/scratch/smithlab-shared/night-owls/derivatives/fsl/sub-105/ses-07/L1_sub-105_ses-07_task-sharedreward_model-1_type-act_run-1_space-mni_multi-echo_cnfds-fmriprep_unsmoothed_FIR.feat,105,7,sharedreward,1,multi-echo,fmriprep,mni,NAcc,sr_outcome_primary,Reward-Neutral,6.0,29.399329588504276,53.99138751626015,1.615,176.39597753102566,176.39597753102566,0.0,13.973423988945871,23.218274772167206,6.46,55.893695955783485,19.961274852140033
/home/tug87422/scratch/smithlab-shared/night-owls/derivatives/fsl/sub-105/ses-07/L1_sub-105_ses-07_task-sharedreward_model-1_type-act_run-1_space-mni_multi-echo_cnfds-fmriprep_unsmoothed_FIR.feat,105,7,sharedreward,1,multi-echo,fmriprep,mni,NAcc,sr_outcome_primary,Punish-Neutral,6.0,30.3388160611979,60.144912242889404,1.615,182.0328963671874,186.172318214054,4.1394218468666075,13.568458865251126,25.41168379414561,4.0,54.2738354610045,16.12975696236726
/home/tug87422/scratch/smithlab-shared/night-owls/derivatives/fsl/sub-105/ses-07/L1_sub-105_ses-07_task-sharedreward_model-1_type-act_run-1_space-mni_multi-echo_cnfds-fmriprep_unsmoothed_FIR.feat,105,7,sharedreward,1,multi-echo,fmriprep,mni,NAcc,sr_outcome_primary,Reward-Punish,6.0,-0.9394864726936207,14.235755443572998,0.0,-5.636918836161724,31.238512525185712,36.87543136134744,0.40496512369474447,12.657356262207031,4.845,1.6198604947789779,3.8315178897727717
/home/tug87422/scratch/smithlab-shared/night-owls/derivatives/fsl/sub-105/ses-07/L1_sub-105_ses-07_task-sharedreward_model-1_type-act_run-1_space-mni_multi-echo_cnfds-tedana_unsmoothed_FIR.feat,105,7,sharedreward,1,multi-echo,tedana,mni,NAcc,sr_decision_partner_extra,Computer-Stranger,6.0,-20.504341199176597,7.419506072998045,0.0,-123.02604719505959,7.450186182993114,130.4762333780527,2.298878762360678,48.42799678970787,8.0,9.195515049442712,2.5262944225925414
/home/tug87422/scratch/smithlab-shared/night-owls/derivatives/fsl/sub-105/ses-07/L1_sub-105_ses-07_task-sharedreward_model-1_type-act_run-1_space-mni_multi-echo_cnfds-tedana_unsmoothed_FIR.feat,105,7,sharedreward,1,multi-echo,tedana,mni,NAcc,sr_outcome_primary,Reward-Neutral,6.0,22.918043531884962,39.08583116531372,1.615,137.50826119130977,137.50826119130977,0.0,10.686830471243372,20.79882198590612,4.0,42.74732188497349,17.56603523673657
/home/tug87422/scratch/smithlab-shared/night-owls/derivatives/fsl/sub-105/ses-07/L1_sub-105_ses-07_task-sharedreward_model-1_type-act_run-1_space-mni_multi-echo_cnfds-tedana_unsmoothed_FIR.feat,105,7,sharedreward,1,multi-echo,tedana,mni,NAcc,sr_outcome_primary,Punish-Neutral,6.0,22.120669593101965,51.5732479095459,1.615,132.7240175586118,162.12010910592213,29.396091547310352,7.017863768396822,27.39456796646118,6.46,28.071455073587288,16.173472110701052
/home/tug87422/scratch/smithlab-shared/night-owls/derivatives/fsl/sub-105/ses-07/L1_sub-105_ses-07_task-sharedreward_model-1_type-act_run-1_space-mni_multi-echo_cnfds-tedana_unsmoothed_FIR.feat,105,7,sharedreward,1,multi-echo,tedana,mni,NAcc,sr_outcome_primary,Reward-Punish,6.0,0.797373938783004,22.49521255493164,4.845,4.784243632698024,45.685261911296806,40.901018278598784,3.668966702846551,22.49521255493164,4.845,14.675866811386204,1.3925631260355171
/home/tug87422/scratch/smithlab-shared/night-owls/derivatives/fsl/sub-105/ses-07/L1_sub-105_ses-07_task-sharedreward_model-1_type-act_run-1_space-mni_single-echo_cnfds-fmriprep_unsmoothed_FIR.feat,105,7,sharedreward,1,single-echo,fmriprep,mni,NAcc,sr_decision_partner_extra,Computer-Stranger,6.0,-9.391806900992574,15.758337616920471,0.0,-56.35084140595544,12.724857625663281,69.07569903161873,-5.092576783103836,28.341251269951705,8.0,-20.370307132415345,-9.880105390637283
/home/tug87422/scratch/smithlab-shared/night-owls/derivatives/fsl/sub-105/ses-07/L1_sub-105_ses-07_task-sharedreward_model-1_type-act_run-1_space-mni_single-echo_cnfds-fmriprep_unsmoothed_FIR.feat,105,7,sharedreward,1,single-echo,fmriprep,mni,NAcc,sr_outcome_primary,Reward-Neutral,6.0,47.72036924854029,67.1982479095459,3.23,286.3222154912417,286.3222154912417,0.0,38.93668293470938,47.758799609015966,4.0,155.74673173883752,39.49404937933104
/home/tug87422/scratch/smithlab-shared/night-owls/derivatives/fsl/sub-105/ses-07/L1_sub-105_ses-07_task-sharedreward_model-1_type-act_run-1_space-mni_single-echo_cnfds-fmriprep_unsmoothed_FIR.feat,105,7,sharedreward,1,single-echo,fmriprep,mni,NAcc,sr_outcome_primary,Punish-Neutral,6.0,37.593911881288754,72.26963996887207,3.23,225.5634712877325,225.5634712877325,0.0,26.97476590070193,43.53318405151367,6.46,107.89906360280771,31.86933313139452
/home/tug87422/scratch/smithlab-shared/night-owls/derivatives/fsl/sub-105/ses-07/L1_sub-105_ses-07_task-sharedreward_model-1_type-act_run-1_space-mni_single-echo_cnfds-fmriprep_unsmoothed_FIR.feat,105,7,sharedreward,1,single-echo,fmriprep,mni,NAcc,sr_outcome_primary,Reward-Punish,6.0,10.12645736725153,23.842973709106445,4.845,60.75874420350918,68.94904237932096,8.19029817581178,11.961917034007449,23.842973709106445,4.845,47.847668136029796,7.624716247936519
/home/tug87422/scratch/smithlab-shared/night-owls/derivatives/fsl/sub-105/ses-07/L1_sub-105_ses-07_task-sharedreward_model-1_type-act_run-1_space-mni_single-echo_cnfds-tedana_unsmoothed_FIR.feat,105,7,sharedreward,1,single-echo,tedana,mni,NAcc,sr_decision_partner_extra,Computer-Stranger,6.0,-14.553469631297917,13.525993347167969,0.0,-87.3208177877875,10.922239627838135,98.24305741562564,-1.1816291511298687,44.513319307805595,8.0,-4.726516604519475,-2.6488873537848945
/home/tug87422/scratch/smithlab-shared/night-owls/derivatives/fsl/sub-105/ses-07/L1_sub-105_ses-07_task-sharedreward_model-1_type-act_run-1_space-mni_single-echo_cnfds-tedana_unsmoothed_FIR.feat,105,7,sharedreward,1,single-echo,tedana,mni,NAcc,sr_outcome_primary,Reward-Neutral,6.0,40.482698417160314,59.421977043151855,1.615,242.89619050296187,242.89619050296187,0.0,31.663617556892312,41.71079993469427,4.0,126.65447022756925,30.30406775932194
/home/tug87422/scratch/smithlab-shared/night-owls/derivatives/fsl/sub-105/ses-07/L1_sub-105_ses-07_task-sharedreward_model-1_type-act_run-1_space-mni_single-echo_cnfds-tedana_unsmoothed_FIR.feat,105,7,sharedreward,1,single-echo,tedana,mni,NAcc,sr_outcome_primary,Punish-Neutral,6.0,27.17094255235173,58.95972442626953,3.23,163.02565531411037,174.03496365942823,11.009308345317837,15.521148146335554,34.166276931762695,6.46,62.084592585342214,22.249931152390992
/home/tug87422/scratch/smithlab-shared/night-owls/derivatives/fsl/sub-105/ses-07/L1_sub-105_ses-07_task-sharedreward_model-1_type-act_run-1_space-mni_single-echo_cnfds-tedana_unsmoothed_FIR.feat,105,7,sharedreward,1,single-echo,tedana,mni,NAcc,sr_outcome_primary,Reward-Punish,6.0,13.311755864808589,33.19722843170166,4.845,79.87053518885153,83.91020992868917,4.039674739837646,16.14246941055676,33.19722843170166,4.845,64.56987764222704,8.054136606930944
/home/tug87422/scratch/smithlab-shared/night-owls/derivatives/fsl/sub-105/ses-07/L1_sub-105_ses-07_task-sharedreward_model-1_type-act_run-2_space-mni_multi-echo_cnfds-fmriprep_unsmoothed_FIR.feat,105,7,sharedreward,2,multi-echo,fmriprep,mni,NAcc,sr_decision_partner_extra,Computer-Stranger,6.0,3.08170217465444,22.56948971748352,0.0,18.49021304792664,29.925109400749204,11.43489635282257,1.0180571045512021,18.864777945881674,8.0,4.0722284182048085,-6.083718090234531
/home/tug87422/scratch/smithlab-shared/night-owls/derivatives/fsl/sub-105/ses-07/L1_sub-105_ses-07_task-sharedreward_model-1_type-act_run-2_space-mni_multi-echo_cnfds-fmriprep_unsmoothed_FIR.feat,105,7,sharedreward,2,multi-echo,fmriprep,mni,NAcc,sr_outcome_primary,Reward-Neutral,6.0,-7.96121021145699,25.124497666078458,6.0,-47.76726126874194,27.556674359195377,75.32393562793732,11.094026555739132,36.932934284210205,6.46,44.37610622295653,25.124497666078458
/home/tug87422/scratch/smithlab-shared/night-owls/derivatives/fsl/sub-105/ses-07/L1_sub-105_ses-07_task-sharedreward_model-1_type-act_run-2_space-mni_multi-echo_cnfds-fmriprep_unsmoothed_FIR.feat,105,7,sharedreward,2,multi-echo,fmriprep,mni,NAcc,sr_outcome_primary,Punish-Neutral,6.0,-14.451036087283777,1.852651596069336,0.0,-86.70621652370266,1.4960161638259888,88.20223268752866,-10.15737180153006,1.1135711669921875,6.46,-40.62948720612024,-5.1258395493215065
/home/tug87422/scratch/smithlab-shared/night-owls/derivatives/fsl/sub-105/ses-07/L1_sub-105_ses-07_task-sharedreward_model-1_type-act_run-2_space-mni_multi-echo_cnfds-fmriprep_unsmoothed_FIR.feat,105,7,sharedreward,2,multi-echo,fmriprep,mni,NAcc,sr_outcome_primary,Reward-Punish,6.0,6.489825875826788,30.250337215399966,6.0,38.938955254960725,83.60760210435457,44.668646849393845,21.25139835726919,35.81936311721802,6.46,85.00559342907675,30.250337215399966
/home/tug87422/scratch/smithlab-shared/night-owls/derivatives/fsl/sub-105/ses-07/L1_sub-105_ses-07_task-sharedreward_model-1_type-act_run-2_space-mni_multi-echo_cnfds-tedana_unsmoothed_FIR.feat,105,7,sharedreward,2,multi-echo,tedana,mni,NAcc,sr_decision_partner_extra,Computer-Stranger,6.0,-4.719208727596545,22.777010202407837,0.0,-28.31525236557927,18.392435738444327,46.7076881040236,-19.36613944431634,-2.140089887399037,8.0,-77.46455777726536,-29.545081083065952
/home/tug87422/scratch/smithlab-shared/night-owls/derivatives/fsl/sub-105/ses-07/L1_sub-105_ses-07_task-sharedreward_model-1_type-act_run-2_space-mni_multi-echo_cnfds-tedana_unsmoothed_FIR.feat,105,7,sharedreward,2,multi-echo,tedana,mni,NAcc,sr_outcome_primary,Reward-Neutral,6.0,-24.91470224652559,28.759145532968247,6.0,-149.48821347915353,16.608406545289167,166.09662002444267,9.766084654889882,45.71835994720459,6.46,39.06433861955953,28.759145532968247
/home/tug87422/scratch/smithlab-shared/night-owls/derivatives/fsl/sub-105/ses-07/L1_sub-105_ses-07_task-sharedreward_model-1_type-act_run-2_space-mni_multi-echo_cnfds-tedana_unsmoothed_FIR.feat,105,7,sharedreward,2,multi-echo,tedana,mni,NAcc,sr_outcome_primary,Punish-Neutral,6.0,-21.507243300739088,-6.891877224570824,6.0,-129.04345980443452,0.0,129.04345980443452,-12.524258512465668,-1.7484703063964844,6.46,-50.09703404986267,-6.891877224570824
/home/tug87422/scratch/smithlab-shared/night-owls/derivatives/fsl/sub-105/ses-07/L1_sub-105_ses-07_task-sharedreward_model-1_type-act_run-2_space-mni_multi-echo_cnfds-tedana_unsmoothed_FIR.feat,105,7,sharedreward,2,multi-echo,tedana,mni,NAcc,sr_outcome_primary,Reward-Punish,6.0,-3.407458945786498,35.651022757539074,6.0,-20.44475367471899,62.97355391934192,83.4183075940609,22.29034316735555,47.466830253601074,6.46,89.1613726694222,35.651022757539074
/home/tug87422/scratch/smithlab-shared/night-owls/derivatives/fsl/sub-105/ses-07/L1_sub-105_ses-07_task-sharedreward_model-1_type-act_run-2_space-mni_single-echo_cnfds-fmriprep_unsmoothed_FIR.feat,105,7,sharedreward,2,single-echo,fmriprep,mni,NAcc,sr_decision_partner_extra,Computer-Stranger,6.0,-5.337396824964859,7.334829807281496,1.615,-32.024380949789155,12.435215528011325,44.45959647780048,-13.294146518925487,-11.70502593938042,8.0,-53.17658607570195,-14.038288787422534
/home/tug87422/scratch/smithlab-shared/night-owls/derivatives/fsl/sub-105/ses-07/L1_sub-105_ses-07_task-sharedreward_model-1_type-act_run-2_space-mni_single-echo_cnfds-fmriprep_unsmoothed_FIR.feat,105,7,sharedreward,2,single-echo,fmriprep,mni,NAcc,sr_outcome_primary,Reward-Neutral,6.0,-10.030270909583512,6.3350962858081985,6.0,-60.18162545750107,6.443598986173007,66.62522444367409,-1.70880566026243,11.460361361503601,6.46,-6.83522264104972,6.3350962858081985
/home/tug87422/scratch/smithlab-shared/night-owls/derivatives/fsl/sub-105/ses-07/L1_sub-105_ses-07_task-sharedreward_model-1_type-act_run-2_space-mni_single-echo_cnfds-fmriprep_unsmoothed_FIR.feat,105,7,sharedreward,2,single-echo,fmriprep,mni,NAcc,sr_outcome_primary,Punish-Neutral,6.0,-3.8671987883220704,15.459440231323242,0.0,-23.20319272993242,26.669464564323427,49.872657294255845,-17.836911048455274,-13.735893368721007,6.46,-71.3476441938211,-15.821749722256378
/home/tug87422/scratch/smithlab-shared/night-owls/derivatives/fsl/sub-105/ses-07/L1_sub-105_ses-07_task-sharedreward_model-1_type-act_run-2_space-mni_single-echo_cnfds-fmriprep_unsmoothed_FIR.feat,105,7,sharedreward,2,single-echo,fmriprep,mni,NAcc,sr_outcome_primary,Reward-Punish,6.0,-6.163072121261443,22.156846008064576,6.0,-36.97843272756866,47.26697678852746,84.24540951609612,16.128105388192843,25.19625473022461,6.46,64.51242155277137,22.156846008064576
/home/tug87422/scratch/smithlab-shared/night-owls/derivatives/fsl/sub-105/ses-07/L1_sub-105_ses-07_task-sharedreward_model-1_type-act_run-2_space-mni_single-echo_cnfds-tedana_unsmoothed_FIR.feat,105,7,sharedreward,2,single-echo,tedana,mni,NAcc,sr_decision_partner_extra,Computer-Stranger,6.0,-10.12746639380268,3.3337785601615906,0.0,-60.76479836281608,5.789013440608978,66.55381180342506,-25.848452047344885,-16.64556391541803,4.0,-103.39380818937954,-29.161070655373965
/home/tug87422/scratch/smithlab-shared/night-owls/derivatives/fsl/sub-105/ses-07/L1_sub-105_ses-07_task-sharedreward_model-1_type-act_run-2_space-mni_single-echo_cnfds-tedana_unsmoothed_FIR.feat,105,7,sharedreward,2,single-echo,tedana,mni,NAcc,sr_outcome_primary,Reward-Neutral,6.0,-22.766618849991584,5.443737254423257,6.0,-136.5997130999495,3.1437582644294317,139.74347136437893,-5.981741251349682,13.807262420654297,6.46,-23.926965005398728,5.443737254423257
/home/tug87422/scratch/smithlab-shared/night-owls/derivatives/fsl/sub-105/ses-07/L1_sub-105_ses-07_task-sharedreward_model-1_type-act_run-2_space-mni_single-echo_cnfds-tedana_unsmoothed_FIR.feat,105,7,sharedreward,2,single-echo,tedana,mni,NAcc,sr_outcome_primary,Punish-Neutral,6.0,-9.255183187103432,14.715249061584473,1.615,-55.53109912262059,23.765127234458923,79.2962263570795,-20.43016168236871,-17.031329154968258,6.46,-81.72064672947484,-18.239365021141687
/home/tug87422/scratch/smithlab-shared/night-owls/derivatives/fsl/sub-105/ses-07/L1_sub-105_ses-07_task-sharedreward_model-1_type-act_run-2_space-mni_single-echo_cnfds-tedana_unsmoothed_FIR.feat,105,7,sharedreward,2,single-echo,tedana,mni,NAcc,sr_outcome_primary,Reward-Punish,6.0,-13.511435662888152,23.68310227556494,6.0,-81.06861397732891,27.47423924933277,108.54285322666169,14.448420431019027,30.838591575622555,6.46,57.79368172407611,23.68310227556494
/home/tug87422/scratch/smithlab-shared/night-owls/derivatives/fsl/sub-105/ses-08/L1_sub-105_ses-08_task-mid_model-1_type-act_run-1_space-mni_multi-echo_cnfds-fmriprep_unsmoothed_FIR.feat,105,8,mid,1,multi-echo,fmriprep,mni,NAcc,mid_anticipation_primary,Reward-Neutral,5.0,6.216559961792301,24.188101291656494,0.0,31.082799808961507,31.734199078065508,0.6513992691040009,14.017590859473763,32.11431813240051,6.46,56.070363437895054,24.760292628232172
/home/tug87422/scratch/smithlab-shared/night-owls/derivatives/fsl/sub-105/ses-08/L1_sub-105_ses-08_task-mid_model-1_type-act_run-1_space-mni_multi-echo_cnfds-fmriprep_unsmoothed_FIR.feat,105,8,mid,1,multi-echo,fmriprep,mni,NAcc,mid_feedback_extra,Positive-Negative,6.0,18.603830112357254,42.161620140075684,1.615,111.62298067414353,111.62298067414353,0.0,4.076293690558927,13.46792984008789,4.845,16.30517476223571,3.0250835123445965
/home/tug87422/scratch/smithlab-shared/night-owls/derivatives/fsl/sub-105/ses-08/L1_sub-105_ses-08_task-mid_model-1_type-act_run-1_space-mni_multi-echo_cnfds-tedana_unsmoothed_FIR.feat,105,8,mid,1,multi-echo,tedana,mni,NAcc,mid_anticipation_primary,Reward-Neutral,5.0,3.278610774859647,26.474362850189205,0.0,16.393053874298236,21.378048001527784,4.984994127229546,2.6479947294217547,16.43270832300186,6.46,10.591978917687019,10.384492558037905
/home/tug87422/scratch/smithlab-shared/night-owls/derivatives/fsl/sub-105/ses-08/L1_sub-105_ses-08_task-mid_model-1_type-act_run-1_space-mni_multi-echo_cnfds-tedana_unsmoothed_FIR.feat,105,8,mid,1,multi-echo,tedana,mni,NAcc,mid_feedback_extra,Positive-Negative,6.0,13.927426987754638,55.77715080976486,1.615,83.56456192652783,122.98517563730478,39.42061371077695,-25.78118100663273,-3.101129490524624,4.0,-103.12472402653091,-28.347003792092533
/home/tug87422/scratch/smithlab-shared/night-owls/derivatives/fsl/sub-105/ses-08/L1_sub-105_ses-08_task-mid_model-1_type-act_run-1_space-mni_single-echo_cnfds-fmriprep_unsmoothed_FIR.feat,105,8,mid,1,single-echo,fmriprep,mni,NAcc,mid_anticipation_primary,Reward-Neutral,5.0,11.585444978022725,18.808013916015625,1.615,57.92722489011362,57.92722489011362,0.0,26.5392436903308,38.83162498474121,6.46,106.1569747613232,31.77912421566045
/home/tug87422/scratch/smithlab-shared/night-owls/derivatives/fsl/sub-105/ses-08/L1_sub-105_ses-08_task-mid_model-1_type-act_run-1_space-mni_single-echo_cnfds-fmriprep_unsmoothed_FIR.feat,105,8,mid,1,single-echo,fmriprep,mni,NAcc,mid_feedback_extra,Positive-Negative,6.0,30.536058119630408,51.32754787802696,1.615,183.21634871778244,183.21634871778244,0.0,7.865696529081729,32.9995231628418,4.845,31.462786116326917,2.6613894630880908
/home/tug87422/scratch/smithlab-shared/night-owls/derivatives/fsl/sub-105/ses-08/L1_sub-105_ses-08_task-mid_model-1_type-act_run-1_space-mni_single-echo_cnfds-tedana_unsmoothed_FIR.feat,105,8,mid,1,single-echo,tedana,mni,NAcc,mid_anticipation_primary,Reward-Neutral,5.0,10.113201156614737,20.02348518371582,0.0,50.566005783073685,50.566005783073685,0.0,14.293719025425407,26.6728468325116,8.0,57.17487610170163,13.820941414257321
/home/tug87422/scratch/smithlab-shared/night-owls/derivatives/fsl/sub-105/ses-08/L1_sub-105_ses-08_task-mid_model-1_type-act_run-1_space-mni_single-echo_cnfds-tedana_unsmoothed_FIR.feat,105,8,mid,1,single-echo,tedana,mni,NAcc,mid_feedback_extra,Positive-Negative,6.0,23.508752225510644,62.284936636686325,1.615,141.05251335306386,183.32075382784006,42.268240474776235,-31.247079905574168,19.24529956368838,4.0,-124.98831962229667,-42.51295395901329
/home/tug87422/scratch/smithlab-shared/night-owls/derivatives/fsl/sub-105/ses-08/L1_sub-105_ses-08_task-mid_model-1_type-act_run-2_space-mni_multi-echo_cnfds-fmriprep_unsmoothed_FIR.feat,105,8,mid,2,multi-echo,fmriprep,mni,NAcc,mid_anticipation_primary,Reward-Neutral,5.0,-0.6936078897895481,30.804965019226074,3.23,-3.4680394489477404,50.15916993141174,53.62720938035948,-9.98204110203882,4.9569172859191895,6.46,-39.92816440815528,-4.75817614664603
/home/tug87422/scratch/smithlab-shared/night-owls/derivatives/fsl/sub-105/ses-08/L1_sub-105_ses-08_task-mid_model-1_type-act_run-2_space-mni_multi-echo_cnfds-fmriprep_unsmoothed_FIR.feat,105,8,mid,2,multi-echo,fmriprep,mni,NAcc,mid_feedback_extra,Positive-Negative,6.0,14.465949462381557,55.2492618560791,0.0,86.79569677428934,98.27804553031922,11.482348756029875,3.9569869204755954,20.84418300357029,8.0,15.827947681902382,-8.423553832913326
/home/tug87422/scratch/smithlab-shared/night-owls/derivatives/fsl/sub-105/ses-08/L1_sub-105_ses-08_task-mid_model-1_type-act_run-2_space-mni_multi-echo_cnfds-tedana_unsmoothed_FIR.feat,105,8,mid,2,multi-echo,tedana,mni,NAcc,mid_anticipation_primary,Reward-Neutral,5.0,-17.616584445213014,-5.020281791687012,0.0,-88.08292222606508,0.0,88.08292222606508,-16.516376070326004,-13.026585340499878,6.46,-66.06550428130402,-14.800044674622384
/home/tug87422/scratch/smithlab-shared/night-owls/derivatives/fsl/sub-105/ses-08/L1_sub-105_ses-08_task-mid_model-1_type-act_run-2_space-mni_multi-echo_cnfds-tedana_unsmoothed_FIR.feat,105,8,mid,2,multi-echo,tedana,mni,NAcc,mid_feedback_extra,Positive-Negative,6.0,14.396385059442188,27.696661949157715,3.23,86.37831035665313,94.46879854798317,8.090488191330031,2.9191448676106395,26.061998148820745,8.0,11.676579470442558,-14.00950336161044
/home/tug87422/scratch/smithlab-shared/night-owls/derivatives/fsl/sub-105/ses-08/L1_sub-105_ses-08_task-mid_model-1_type-act_run-2_space-mni_single-echo_cnfds-fmriprep_unsmoothed_FIR.feat,105,8,mid,2,single-echo,fmriprep,mni,NAcc,mid_anticipation_primary,Reward-Neutral,5.0,0.5077574340533186,15.67394495010376,3.23,2.5387871702665934,25.31342109441757,22.774633924150976,8.682381034198652,21.970532178878784,6.46,34.72952413679461,14.378374369151823
/home/tug87422/scratch/smithlab-shared/night-owls/derivatives/fsl/sub-105/ses-08/L1_sub-105_ses-08_task-mid_model-1_type-act_run-2_space-mni_single-echo_cnfds-fmriprep_unsmoothed_FIR.feat,105,8,mid,2,single-echo,fmriprep,mni,NAcc,mid_feedback_extra,Positive-Negative,6.0,3.6935672545531446,31.881242752075195,0.0,22.161403527318868,70.26123592376709,48.09983239644822,-15.778842601126557,21.62901155572191,8.0,-63.11537040450623,-29.755357659638115
/home/tug87422/scratch/smithlab-shared/night-owls/derivatives/fsl/sub-105/ses-08/L1_sub-105_ses-08_task-mid_model-1_type-act_run-2_space-mni_single-echo_cnfds-tedana_unsmoothed_FIR.feat,105,8,mid,2,single-echo,tedana,mni,NAcc,mid_anticipation_primary,Reward-Neutral,5.0,-16.03300291490979,8.553272235504245,5.0,-80.16501457454895,8.172097386398553,88.33711196094751,5.310863542397142,9.196418762207033,6.46,21.243454169588567,8.99378355516369
/home/tug87422/scratch/smithlab-shared/night-owls/derivatives/fsl/sub-105/ses-08/L1_sub-105_ses-08_task-mid_model-1_type-act_run-2_space-mni_single-echo_cnfds-tedana_unsmoothed_FIR.feat,105,8,mid,2,single-echo,tedana,mni,NAcc,mid_feedback_extra,Positive-Negative,6.0,9.90803113201162,33.469711780548096,3.23,59.44818679206973,105.80923345535993,46.36104666329021,-12.745360261042233,32.95510763871045,8.0,-50.98144104416893,-30.397911461514216
/home/tug87422/scratch/smithlab-shared/night-owls/derivatives/fsl/sub-105/ses-08/L1_sub-105_ses-08_task-sharedreward_model-1_type-act_run-1_space-mni_multi-echo_cnfds-fmriprep_unsmoothed_FIR.feat,105,8,sharedreward,1,multi-echo,fmriprep,mni,NAcc,sr_decision_partner_extra,Computer-Stranger,6.0,-1.2570304986671523,9.57631065232835,6.0,-7.542182992002914,13.868305823304699,21.410488815307616,17.61362919763054,63.50405886889244,8.0,70.45451679052216,9.57631065232835
/home/tug87422/scratch/smithlab-shared/night-owls/derivatives/fsl/sub-105/ses-08/L1_sub-105_ses-08_task-sharedreward_model-1_type-act_run-1_space-mni_multi-echo_cnfds-fmriprep_unsmoothed_FIR.feat,105,8,sharedreward,1,multi-echo,fmriprep,mni,NAcc,sr_outcome_primary,Reward-Neutral,6.0,6.528623814407979,21.522861003875732,4.845,39.17174288644787,57.3707124209404,18.198969534492534,-20.713055660064246,21.522861003875732,4.845,-82.85222264025698,-9.23347316031855
/home/tug87422/scratch/smithlab-shared/night-owls/derivatives/fsl/sub-105/ses-08/L1_sub-105_ses-08_task-sharedreward_model-1_type-act_run-1_space-mni_multi-echo_cnfds-fmriprep_unsmoothed_FIR.feat,105,8,sharedreward,1,multi-echo,fmriprep,mni,NAcc,sr_outcome_primary,Punish-Neutral,6.0,-20.723156158847985,10.375385284423828,0.0,-124.33893695308791,8.37812361717224,132.71706057026014,-33.997046070398056,-10.877781391143799,4.845,-135.98818428159223,-35.8956109447745
/home/tug87422/scratch/smithlab-shared/night-owls/derivatives/fsl/sub-105/ses-08/L1_sub-105_ses-08_task-sharedreward_model-1_type-act_run-1_space-mni_multi-echo_cnfds-fmriprep_unsmoothed_FIR.feat,105,8,sharedreward,1,multi-echo,fmriprep,mni,NAcc,sr_outcome_primary,Reward-Punish,6.0,27.251779973255964,57.96064758300781,1.615,163.51067983953578,164.53364234296896,1.0229625034332275,13.28399041033381,32.40064239501953,4.845,53.13596164133524,26.66213778445595
/home/tug87422/scratch/smithlab-shared/night-owls/derivatives/fsl/sub-105/ses-08/L1_sub-105_ses-08_task-sharedreward_model-1_type-act_run-1_space-mni_multi-echo_cnfds-tedana_unsmoothed_FIR.feat,105,8,sharedreward,1,multi-echo,tedana,mni,NAcc,sr_decision_partner_extra,Computer-Stranger,6.0,8.754996840171094,29.813395958566815,6.0,52.529981041026566,72.8074108458285,20.27742980480194,35.984623874569365,75.29870008536538,8.0,143.93849549827746,29.813395958566815
/home/tug87422/scratch/smithlab-shared/night-owls/derivatives/fsl/sub-105/ses-08/L1_sub-105_ses-08_task-sharedreward_model-1_type-act_run-1_space-mni_multi-echo_cnfds-tedana_unsmoothed_FIR.feat,105,8,sharedreward,1,multi-echo,tedana,mni,NAcc,sr_outcome_primary,Reward-Neutral,6.0,9.146994856069917,20.572247982025146,4.845,54.8819691364195,70.28777291655541,15.405803780135907,-14.542016703436857,20.572247982025146,4.845,-58.16806681374743,-0.38160676594489235
/home/tug87422/scratch/smithlab-shared/night-owls/derivatives/fsl/sub-105/ses-08/L1_sub-105_ses-08_task-sharedreward_model-1_type-act_run-1_space-mni_multi-echo_cnfds-tedana_unsmoothed_FIR.feat,105,8,sharedreward,1,multi-echo,tedana,mni,NAcc,sr_outcome_primary,Punish-Neutral,6.0,-21.980268710131522,13.754359722137451,0.0,-131.88161226078913,11.106645475625992,142.9882577364151,-24.961644344937188,-5.696824073791503,4.845,-99.84657737974875,-24.286395282199138
/home/tug87422/scratch/smithlab-shared/night-owls/derivatives/fsl/sub-105/ses-08/L1_sub-105_ses-08_task-sharedreward_model-1_type-act_run-1_space-mni_multi-echo_cnfds-tedana_unsmoothed_FIR.feat,105,8,sharedreward,1,multi-echo,tedana,mni,NAcc,sr_outcome_primary,Reward-Punish,6.0,31.12726356620144,74.20308494567871,1.615,186.76358139720864,188.2891952773661,1.5256138801574708,10.419627641500327,26.26907205581665,4.845,41.67851056600131,23.904788516254246
/home/tug87422/scratch/smithlab-shared/night-owls/derivatives/fsl/sub-105/ses-08/L1_sub-105_ses-08_task-sharedreward_model-1_type-act_run-1_space-mni_single-echo_cnfds-fmriprep_unsmoothed_FIR.feat,105,8,sharedreward,1,single-echo,fmriprep,mni,NAcc,sr_decision_partner_extra,Computer-Stranger,6.0,-5.300286792950055,13.339175756501712,6.0,-31.80172075770033,7.70337399937974,39.50509475708007,13.034529157894038,31.48824642095773,8.0,52.13811663157615,13.339175756501712
/home/tug87422/scratch/smithlab-shared/night-owls/derivatives/fsl/sub-105/ses-08/L1_sub-105_ses-08_task-sharedreward_model-1_type-act_run-1_space-mni_single-echo_cnfds-fmriprep_unsmoothed_FIR.feat,105,8,sharedreward,1,single-echo,fmriprep,mni,NAcc,sr_outcome_primary,Reward-Neutral,6.0,4.917021511184939,19.622819900512695,3.23,29.50212906710963,50.265106730461106,20.762977663351478,-37.09283076131562,13.640170602237475,4.0,-148.37132304526247,-32.31569079828706
/home/tug87422/scratch/smithlab-shared/night-owls/derivatives/fsl/sub-105/ses-08/L1_sub-105_ses-08_task-sharedreward_model-1_type-act_run-1_space-mni_single-echo_cnfds-fmriprep_unsmoothed_FIR.feat,105,8,sharedreward,1,single-echo,fmriprep,mni,NAcc,sr_outcome_primary,Punish-Neutral,6.0,-8.61347589715208,0.4824409484863281,4.845,-51.68085538291248,0.6681807136535645,52.34903609656605,-26.36227078518885,0.4824409484863281,4.845,-105.4490831407554,-26.52916934726408
/home/tug87422/scratch/smithlab-shared/night-owls/derivatives/fsl/sub-105/ses-08/L1_sub-105_ses-08_task-sharedreward_model-1_type-act_run-1_space-mni_single-echo_cnfds-fmriprep_unsmoothed_FIR.feat,105,8,sharedreward,1,single-echo,fmriprep,mni,NAcc,sr_outcome_primary,Reward-Punish,6.0,13.53049740833702,21.272087812423703,1.615,81.18298445002212,84.5247005879879,3.3417161379657676,-10.730559976126763,13.463103214653652,4.0,-42.92223990450705,-5.786521451022973
/home/tug87422/scratch/smithlab-shared/night-owls/derivatives/fsl/sub-105/ses-08/L1_sub-105_ses-08_task-sharedreward_model-1_type-act_run-1_space-mni_single-echo_cnfds-tedana_unsmoothed_FIR.feat,105,8,sharedreward,1,single-echo,tedana,mni,NAcc,sr_decision_partner_extra,Computer-Stranger,6.0,5.028806891028604,41.142424692679484,6.0,30.172841346171623,68.97813045730902,38.80528911113739,37.05154103375348,47.542181968688965,6.46,148.20616413501392,41.142424692679484
/home/tug87422/scratch/smithlab-shared/night-owls/derivatives/fsl/sub-105/ses-08/L1_sub-105_ses-08_task-sharedreward_model-1_type-act_run-1_space-mni_single-echo_cnfds-tedana_unsmoothed_FIR.feat,105,8,sharedreward,1,single-echo,tedana,mni,NAcc,sr_outcome_primary,Reward-Neutral,6.0,9.015823288597742,26.422555923461914,3.23,54.09493973158646,67.3637918329239,13.268852101337433,-31.29412695034509,17.520560562795158,4.0,-125.17650780138035,-22.97636727504317
/home/tug87422/scratch/smithlab-shared/night-owls/derivatives/fsl/sub-105/ses-08/L1_sub-105_ses-08_task-sharedreward_model-1_type-act_run-1_space-mni_single-echo_cnfds-tedana_unsmoothed_FIR.feat,105,8,sharedreward,1,single-echo,tedana,mni,NAcc,sr_outcome_primary,Punish-Neutral,6.0,-12.853258004318635,2.8765602111816406,3.23,-77.11954802591181,4.64564474105835,81.76519276697016,-21.371335342308228,-1.8873140081163535,4.0,-85.48534136923291,-17.741191407106243
/home/tug87422/scratch/smithlab-shared/night-owls/derivatives/fsl/sub-105/ses-08/L1_sub-105_ses-08_task-sharedreward_model-1_type-act_run-1_space-mni_single-echo_cnfds-tedana_unsmoothed_FIR.feat,105,8,sharedreward,1,single-echo,tedana,mni,NAcc,sr_outcome_primary,Reward-Punish,6.0,21.869081292916377,38.16453838348389,1.615,131.21448775749826,134.23780182123184,3.023314063733579,-9.92279160803686,19.407874570911513,4.0,-39.69116643214744,-5.235175867936932
/home/tug87422/scratch/smithlab-shared/night-owls/derivatives/fsl/sub-105/ses-08/L1_sub-105_ses-08_task-sharedreward_model-1_type-act_run-2_space-mni_multi-echo_cnfds-fmriprep_unsmoothed_FIR.feat,105,8,sharedreward,2,multi-echo,fmriprep,mni,NAcc,sr_decision_partner_extra,Computer-Stranger,6.0,8.410948240671486,29.505446434020996,0.0,50.46568944402891,96.76815485715866,46.30246541312974,-16.711848146949574,-0.5207190484085215,8.0,-66.8473925877983,-23.121135237785317
/home/tug87422/scratch/smithlab-shared/night-owls/derivatives/fsl/sub-105/ses-08/L1_sub-105_ses-08_task-sharedreward_model-1_type-act_run-2_space-mni_multi-echo_cnfds-fmriprep_unsmoothed_FIR.feat,105,8,sharedreward,2,multi-echo,fmriprep,mni,NAcc,sr_outcome_primary,Reward-Neutral,6.0,2.5788929543412773,37.430283143424404,6.0,15.473357726047663,89.30955713600936,73.8361994099617,25.180248604277523,46.28675985336304,6.46,100.72099441711009,37.430283143424404
/home/tug87422/scratch/smithlab-shared/night-owls/derivatives/fsl/sub-105/ses-08/L1_sub-105_ses-08_task-sharedreward_model-1_type-act_run-2_space-mni_multi-echo_cnfds-fmriprep_unsmoothed_FIR.feat,105,8,sharedreward,2,multi-echo,fmriprep,mni,NAcc,sr_outcome_primary,Punish-Neutral,6.0,-4.454839577599821,24.870999336242676,0.0,-26.72903746559893,44.40263512134552,71.13167258694445,-23.882379036655557,-8.02375331677889,4.0,-95.52951614662223,-15.780086840638434
/home/tug87422/scratch/smithlab-shared/night-owls/derivatives/fsl/sub-105/ses-08/L1_sub-105_ses-08_task-sharedreward_model-1_type-act_run-2_space-mni_multi-echo_cnfds-fmriprep_unsmoothed_FIR.feat,105,8,sharedreward,2,multi-echo,fmriprep,mni,NAcc,sr_outcome_primary,Reward-Punish,6.0,7.033732531941097,53.21036998406283,6.0,42.20239519164658,120.29876516625977,78.09636997461318,49.06262764093307,55.06764888763428,6.46,196.2505105637323,53.21036998406283
/home/tug87422/scratch/smithlab-shared/night-owls/derivatives/fsl/sub-105/ses-08/L1_sub-105_ses-08_task-sharedreward_model-1_type-act_run-2_space-mni_multi-echo_cnfds-tedana_unsmoothed_FIR.feat,105,8,sharedreward,2,multi-echo,tedana,mni,NAcc,sr_decision_partner_extra,Computer-Stranger,6.0,7.475088949563947,30.821484565734863,0.0,44.85053369738368,84.94613664388656,40.09560294650288,-13.53250053236728,5.275615030767019,8.0,-54.13000212946912,-20.934708905293846
/home/tug87422/scratch/smithlab-shared/night-owls/derivatives/fsl/sub-105/ses-08/L1_sub-105_ses-08_task-sharedreward_model-1_type-act_run-2_space-mni_multi-echo_cnfds-tedana_unsmoothed_FIR.feat,105,8,sharedreward,2,multi-echo,tedana,mni,NAcc,sr_outcome_primary,Reward-Neutral,6.0,11.29117272201322,55.22914644476061,6.0,67.74703633207932,97.06159753222123,29.314561200141902,37.34173329653247,69.92189466953278,6.46,149.36693318612987,55.22914644476061
/home/tug87422/scratch/smithlab-shared/night-owls/derivatives/fsl/sub-105/ses-08/L1_sub-105_ses-08_task-sharedreward_model-1_type-act_run-2_space-mni_multi-echo_cnfds-tedana_unsmoothed_FIR.feat,105,8,sharedreward,2,multi-echo,tedana,mni,NAcc,sr_outcome_primary,Punish-Neutral,6.0,2.520745647354964,45.6859073638916,0.0,15.124473884129785,70.00597140729427,54.881497523164484,-16.30657697920094,2.6732802123938533,4.0,-65.22630791680376,-9.139994296957465
/home/tug87422/scratch/smithlab-shared/night-owls/derivatives/fsl/sub-105/ses-08/L1_sub-105_ses-08_task-sharedreward_model-1_type-act_run-2_space-mni_multi-echo_cnfds-tedana_unsmoothed_FIR.feat,105,8,sharedreward,2,multi-echo,tedana,mni,NAcc,sr_outcome_primary,Reward-Punish,6.0,8.770427074658256,64.36914074171807,6.0,52.622562447949534,92.94633900777924,40.32377655982971,53.64831027573341,75.97346115112305,6.46,214.59324110293363,64.36914074171807
/home/tug87422/scratch/smithlab-shared/night-owls/derivatives/fsl/sub-105/ses-08/L1_sub-105_ses-08_task-sharedreward_model-1_type-act_run-2_space-mni_single-echo_cnfds-fmriprep_unsmoothed_FIR.feat,105,8,sharedreward,2,single-echo,fmriprep,mni,NAcc,sr_decision_partner_extra,Computer-Stranger,6.0,9.528267511118921,26.89171314239502,1.615,57.16960506671352,83.5440690100193,26.374463943305777,-19.825374423182417,5.319801956507441,4.0,-79.30149769272967,-24.38288292131926
/home/tug87422/scratch/smithlab-shared/night-owls/derivatives/fsl/sub-105/ses-08/L1_sub-105_ses-08_task-sharedreward_model-1_type-act_run-2_space-mni_single-echo_cnfds-fmriprep_unsmoothed_FIR.feat,105,8,sharedreward,2,single-echo,fmriprep,mni,NAcc,sr_outcome_primary,Reward-Neutral,6.0,-5.620952830809802,43.674370659394164,6.0,-33.72571698485881,56.776506150374104,90.50222313523292,24.68188050021235,67.6483383178711,6.46,98.7275220008494,43.674370659394164
/home/tug87422/scratch/smithlab-shared/night-owls/derivatives/fsl/sub-105/ses-08/L1_sub-105_ses-08_task-sharedreward_model-1_type-act_run-2_space-mni_single-echo_cnfds-fmriprep_unsmoothed_FIR.feat,105,8,sharedreward,2,single-echo,fmriprep,mni,NAcc,sr_outcome_primary,Punish-Neutral,6.0,-25.17660665390538,14.210407257080078,3.23,-151.0596399234323,22.949807720184324,174.00944764361662,-32.07789534923832,-9.628448486328125,6.46,-128.31158139695327,-23.13347939883961
/home/tug87422/scratch/smithlab-shared/night-owls/derivatives/fsl/sub-105/ses-08/L1_sub-105_ses-08_task-sharedreward_model-1_type-act_run-2_space-mni_single-echo_cnfds-fmriprep_unsmoothed_FIR.feat,105,8,sharedreward,2,single-echo,fmriprep,mni,NAcc,sr_outcome_primary,Reward-Punish,6.0,19.555653823095582,66.80785005823378,6.0,117.3339229385735,117.3339229385735,0.0,56.75977584945067,77.27678680419922,6.46,227.03910339780268,66.80785005823378
/home/tug87422/scratch/smithlab-shared/night-owls/derivatives/fsl/sub-105/ses-08/L1_sub-105_ses-08_task-sharedreward_model-1_type-act_run-2_space-mni_single-echo_cnfds-tedana_unsmoothed_FIR.feat,105,8,sharedreward,2,single-echo,tedana,mni,NAcc,sr_decision_partner_extra,Computer-Stranger,6.0,4.944112393341814,20.997426986694336,3.23,29.664674360050885,63.979692425727855,34.31501806567697,-17.58743646312424,4.488022765877074,4.0,-70.34974585249697,-26.732888726627127
/home/tug87422/scratch/smithlab-shared/night-owls/derivatives/fsl/sub-105/ses-08/L1_sub-105_ses-08_task-sharedreward_model-1_type-act_run-2_space-mni_single-echo_cnfds-tedana_unsmoothed_FIR.feat,105,8,sharedreward,2,single-echo,tedana,mni,NAcc,sr_outcome_primary,Reward-Neutral,6.0,7.6932598166876645,52.233597814483176,6.0,46.15955890012599,97.9234227974496,51.76386389732361,31.117098927388987,81.3837022781372,6.46,124.46839570955595,52.233597814483176
/home/tug87422/scratch/smithlab-shared/night-owls/derivatives/fsl/sub-105/ses-08/L1_sub-105_ses-08_task-sharedreward_model-1_type-act_run-2_space-mni_single-echo_cnfds-tedana_unsmoothed_FIR.feat,105,8,sharedreward,2,single-echo,tedana,mni,NAcc,sr_outcome_primary,Punish-Neutral,6.0,-7.76150034268482,52.46681010723114,3.23,-46.56900205610892,84.7338983231783,131.3029003792872,-21.860627408612856,8.858850186454246,4.0,-87.44250963445143,-19.429205280339385
/home/tug87422/scratch/smithlab-shared/night-owls/derivatives/fsl/sub-105/ses-08/L1_sub-105_ses-08_task-sharedreward_model-1_type-act_run-2_space-mni_single-echo_cnfds-tedana_unsmoothed_FIR.feat,105,8,sharedreward,2,single-echo,tedana,mni,NAcc,sr_outcome_primary,Reward-Punish,6.0,15.454760159372485,71.66280309482256,6.0,92.72856095623492,109.70393921982763,16.975378263592717,52.97772633600184,93.01981735229492,6.46,211.91090534400735,71.66280309482256
/home/tug87422/scratch/smithlab-shared/night-owls/derivatives/fsl/sub-105/ses-09/L1_sub-105_ses-09_task-mid_model-1_type-act_run-1_space-mni_multi-echo_cnfds-fmriprep_unsmoothed_FIR.feat,105,9,mid,1,multi-echo,fmriprep,mni,NAcc,mid_anticipation_primary,Reward-Neutral,5.0,16.290850951548332,41.151268005371094,3.23,81.45425475774167,97.84928318023682,16.395028422495162,-1.5693514763174028,25.11954926558694,8.0,-6.277405905269611,-13.516749117765634
/home/tug87422/scratch/smithlab-shared/night-owls/derivatives/fsl/sub-105/ses-09/L1_sub-105_ses-09_task-mid_model-1_type-act_run-1_space-mni_multi-echo_cnfds-fmriprep_unsmoothed_FIR.feat,105,9,mid,1,multi-echo,fmriprep,mni,NAcc,mid_feedback_extra,Positive-Negative,6.0,-19.120971963472044,30.50792407989502,3.23,-114.72583178083227,49.270297389030446,163.9961291698627,-35.48731439922063,2.110589552959047,4.0,-141.94925759688252,-41.98768194688732
/home/tug87422/scratch/smithlab-shared/night-owls/derivatives/fsl/sub-105/ses-09/L1_sub-105_ses-09_task-mid_model-1_type-act_run-1_space-mni_multi-echo_cnfds-tedana_unsmoothed_FIR.feat,105,9,mid,1,multi-echo,tedana,mni,NAcc,mid_anticipation_primary,Reward-Neutral,5.0,32.00258042320157,64.17694664001465,4.845,160.01290211600787,163.39044096393113,3.3775388479232786,34.534625705738925,64.17694664001465,4.845,138.1385028229557,25.15477399560319
/home/tug87422/scratch/smithlab-shared/night-owls/derivatives/fsl/sub-105/ses-09/L1_sub-105_ses-09_task-mid_model-1_type-act_run-1_space-mni_multi-echo_cnfds-tedana_unsmoothed_FIR.feat,105,9,mid,1,multi-echo,tedana,mni,NAcc,mid_feedback_extra,Positive-Negative,6.0,-28.891654071258106,10.922033309936523,3.23,-173.34992442754864,17.639083795547485,190.9890082230961,-35.56216767671676,0.3257210852561173,8.0,-142.24867070686705,-49.39656052131771
/home/tug87422/scratch/smithlab-shared/night-owls/derivatives/fsl/sub-105/ses-09/L1_sub-105_ses-09_task-mid_model-1_type-act_run-1_space-mni_single-echo_cnfds-fmriprep_unsmoothed_FIR.feat,105,9,mid,1,single-echo,fmriprep,mni,NAcc,mid_anticipation_primary,Reward-Neutral,5.0,0.987485930690639,15.683044433593754,3.23,4.9374296534531945,41.19715513974428,36.25972548629109,-21.274737702503845,9.009559308043228,8.0,-85.09895081001538,-29.547301016355814
/home/tug87422/scratch/smithlab-shared/night-owls/derivatives/fsl/sub-105/ses-09/L1_sub-105_ses-09_task-mid_model-1_type-act_run-1_space-mni_single-echo_cnfds-fmriprep_unsmoothed_FIR.feat,105,9,mid,1,single-echo,fmriprep,mni,NAcc,mid_feedback_extra,Positive-Negative,6.0,-1.402865578033822,14.45072937011719,1.615,-8.417193468202932,23.33792793273926,31.755121400942194,-10.968191618336244,-0.7890205383300781,4.845,-43.872766473344974,-15.476830408669109
/home/tug87422/scratch/smithlab-shared/night-owls/derivatives/fsl/sub-105/ses-09/L1_sub-105_ses-09_task-mid_model-1_type-act_run-1_space-mni_single-echo_cnfds-tedana_unsmoothed_FIR.feat,105,9,mid,1,single-echo,tedana,mni,NAcc,mid_anticipation_primary,Reward-Neutral,5.0,19.194946582619572,37.04384422302246,4.845,95.97473291309787,95.97473291309787,0.0,21.957053071897793,37.04384422302246,4.845,87.82821228759117,14.05897986113841
/home/tug87422/scratch/smithlab-shared/night-owls/derivatives/fsl/sub-105/ses-09/L1_sub-105_ses-09_task-mid_model-1_type-act_run-1_space-mni_single-echo_cnfds-tedana_unsmoothed_FIR.feat,105,9,mid,1,single-echo,tedana,mni,NAcc,mid_feedback_extra,Positive-Negative,6.0,-9.530288051836257,2.4460101127624494,1.615,-57.18172831101754,3.9503063321113556,61.13203464312889,-12.537552639945773,12.911338009609175,8.0,-50.15021055978309,-22.17037665299587
/home/tug87422/scratch/smithlab-shared/night-owls/derivatives/fsl/sub-105/ses-09/L1_sub-105_ses-09_task-mid_model-1_type-act_run-2_space-mni_multi-echo_cnfds-fmriprep_unsmoothed_FIR.feat,105,9,mid,2,multi-echo,fmriprep,mni,NAcc,mid_anticipation_primary,Reward-Neutral,5.0,-33.2198909439153,4.526318550109865,1.615,-166.0994547195765,7.310004458427432,173.40945917800394,-40.23865296505668,1.432592901652107,8.0,-160.95461186022672,-48.480485722376464
/home/tug87422/scratch/smithlab-shared/night-owls/derivatives/fsl/sub-105/ses-09/L1_sub-105_ses-09_task-mid_model-1_type-act_run-2_space-mni_multi-echo_cnfds-fmriprep_unsmoothed_FIR.feat,105,9,mid,2,multi-echo,fmriprep,mni,NAcc,mid_feedback_extra,Positive-Negative,6.0,-17.00016464436571,1.041569709777832,4.845,-102.00098786619427,1.4425740480422973,103.44356191423657,-31.701697056508927,2.4305167478674,8.0,-126.8067882260357,-57.01773180533489
/home/tug87422/scratch/smithlab-shared/night-owls/derivatives/fsl/sub-105/ses-09/L1_sub-105_ses-09_task-mid_model-1_type-act_run-2_space-mni_multi-echo_cnfds-tedana_unsmoothed_FIR.feat,105,9,mid,2,multi-echo,tedana,mni,NAcc,mid_anticipation_primary,Reward-Neutral,5.0,24.29821091593382,53.80946445465088,4.845,121.4910545796691,142.3549822241603,20.863927644491195,29.675823074534954,53.80946445465088,4.845,118.70329229813981,14.982680447699481
/home/tug87422/scratch/smithlab-shared/night-owls/derivatives/fsl/sub-105/ses-09/L1_sub-105_ses-09_task-mid_model-1_type-act_run-2_space-mni_multi-echo_cnfds-tedana_unsmoothed_FIR.feat,105,9,mid,2,multi-echo,tedana,mni,NAcc,mid_feedback_extra,Positive-Negative,6.0,-4.728884086499396,5.048107147216799,3.23,-28.373304518996378,9.241670913696291,37.614975432692674,-7.560097092775729,44.954371160028934,8.0,-30.240388371102917,-29.578099761584966
/home/tug87422/scratch/smithlab-shared/night-owls/derivatives/fsl/sub-105/ses-09/L1_sub-105_ses-09_task-mid_model-1_type-act_run-2_space-mni_single-echo_cnfds-fmriprep_unsmoothed_FIR.feat,105,9,mid,2,single-echo,fmriprep,mni,NAcc,mid_anticipation_primary,Reward-Neutral,5.0,-30.090074302541762,9.364396095275879,1.615,-150.4503715127088,15.123499693870544,165.57387120657935,0.18814044100950866,41.90264149716027,8.0,0.7525617640380347,4.226152287179107
/home/tug87422/scratch/smithlab-shared/night-owls/derivatives/fsl/sub-105/ses-09/L1_sub-105_ses-09_task-mid_model-1_type-act_run-2_space-mni_single-echo_cnfds-fmriprep_unsmoothed_FIR.feat,105,9,mid,2,single-echo,fmriprep,mni,NAcc,mid_feedback_extra,Positive-Negative,6.0,-20.0373224519613,-2.8602371215820312,1.615,-120.22393471176778,0.0,120.22393471176778,-36.65405219000098,-10.710060798715858,8.0,-146.61620876000393,-48.716570431972066
/home/tug87422/scratch/smithlab-shared/night-owls/derivatives/fsl/sub-105/ses-09/L1_sub-105_ses-09_task-mid_model-1_type-act_run-2_space-mni_single-echo_cnfds-tedana_unsmoothed_FIR.feat,105,9,mid,2,single-echo,tedana,mni,NAcc,mid_anticipation_primary,Reward-Neutral,5.0,5.782126989129898,31.662737400539154,5.0,28.910634945649488,56.57564904810844,27.665014102458954,39.87883094951649,53.18837552026329,8.0,159.51532379806596,43.69189628506593
/home/tug87422/scratch/smithlab-shared/night-owls/derivatives/fsl/sub-105/ses-09/L1_sub-105_ses-09_task-mid_model-1_type-act_run-2_space-mni_single-echo_cnfds-tedana_unsmoothed_FIR.feat,105,9,mid,2,single-echo,tedana,mni,NAcc,mid_feedback_extra,Positive-Negative,6.0,0.11185448570632488,7.940661191940306,1.615,0.6711269142379492,14.148814071416853,13.477687157178902,3.034826042358723,20.83353072866199,8.0,12.139304169434892,-1.594577102838286
/home/tug87422/scratch/smithlab-shared/night-owls/derivatives/fsl/sub-105/ses-09/L1_sub-105_ses-09_task-sharedreward_model-1_type-act_run-1_space-mni_multi-echo_cnfds-fmriprep_unsmoothed_FIR.feat,105,9,sharedreward,1,multi-echo,fmriprep,mni,NAcc,sr_decision_partner_extra,Computer-Stranger,6.0,19.54773181899559,33.84682273864746,4.845,117.28639091397355,125.38416970620582,8.097778792232276,11.593408913079056,33.84682273864746,4.845,46.373635652316224,19.30652846935733
/home/tug87422/scratch/smithlab-shared/night-owls/derivatives/fsl/sub-105/ses-09/L1_sub-105_ses-09_task-sharedreward_model-1_type-act_run-1_space-mni_multi-echo_cnfds-fmriprep_unsmoothed_FIR.feat,105,9,sharedreward,1,multi-echo,fmriprep,mni,NAcc,sr_outcome_primary,Reward-Neutral,6.0,5.59497625681884,42.59962272644043,0.0,33.56985754091304,112.85194203455012,79.28208449363709,36.94413060937319,47.06305408477783,6.46,147.77652243749276,41.67102351055795
/home/tug87422/scratch/smithlab-shared/night-owls/derivatives/fsl/sub-105/ses-09/L1_sub-105_ses-09_task-sharedreward_model-1_type-act_run-1_space-mni_multi-echo_cnfds-fmriprep_unsmoothed_FIR.feat,105,9,sharedreward,1,multi-echo,fmriprep,mni,NAcc,sr_outcome_primary,Punish-Neutral,6.0,-21.503818348335226,17.47725534439087,3.23,-129.02291009001135,28.225767381191254,157.2486774712026,-14.775280142814939,12.13427734375,6.46,-59.101120571259756,-2.740787636015802
/home/tug87422/scratch/smithlab-shared/night-owls/derivatives/fsl/sub-105/ses-09/L1_sub-105_ses-09_task-sharedreward_model-1_type-act_run-1_space-mni_multi-echo_cnfds-fmriprep_unsmoothed_FIR.feat,105,9,sharedreward,1,multi-echo,fmriprep,mni,NAcc,sr_outcome_primary,Reward-Punish,6.0,27.09879460515407,88.96976947784424,0.0,162.5927676309244,191.9790357561008,29.386268125176432,51.719410752188125,72.56283662341329,8.0,206.8776430087525,44.411811146573754
/home/tug87422/scratch/smithlab-shared/night-owls/derivatives/fsl/sub-105/ses-09/L1_sub-105_ses-09_task-sharedreward_model-1_type-act_run-1_space-mni_multi-echo_cnfds-tedana_unsmoothed_FIR.feat,105,9,sharedreward,1,multi-echo,tedana,mni,NAcc,sr_decision_partner_extra,Computer-Stranger,6.0,23.57087747892051,34.76999282836914,1.615,141.42526487352308,141.42526487352308,0.0,12.584536631153462,34.48991012573242,4.845,50.33814652461385,11.479091431703358
/home/tug87422/scratch/smithlab-shared/night-owls/derivatives/fsl/sub-105/ses-09/L1_sub-105_ses-09_task-sharedreward_model-1_type-act_run-1_space-mni_multi-echo_cnfds-tedana_unsmoothed_FIR.feat,105,9,sharedreward,1,multi-echo,tedana,mni,NAcc,sr_outcome_primary,Reward-Neutral,6.0,-1.6853639664074223,27.76502799987793,0.0,-10.112183798444534,67.14046923767302,77.25265303611755,17.404137032098447,48.5572927315538,8.0,69.61654812839379,12.786907107468359
/home/tug87422/scratch/smithlab-shared/night-owls/derivatives/fsl/sub-105/ses-09/L1_sub-105_ses-09_task-sharedreward_model-1_type-act_run-1_space-mni_multi-echo_cnfds-tedana_unsmoothed_FIR.feat,105,9,sharedreward,1,multi-echo,tedana,mni,NAcc,sr_outcome_primary,Punish-Neutral,6.0,-17.89376502338916,31.547155022621155,3.23,-107.36259014033497,50.948655361533156,158.31124550186814,-20.994515222116107,-2.515973074517388,4.0,-83.97806088846443,-14.834923947927749
/home/tug87422/scratch/smithlab-shared/night-owls/derivatives/fsl/sub-105/ses-09/L1_sub-105_ses-09_task-sharedreward_model-1_type-act_run-1_space-mni_multi-echo_cnfds-tedana_unsmoothed_FIR.feat,105,9,sharedreward,1,multi-echo,tedana,mni,NAcc,sr_outcome_primary,Reward-Punish,6.0,16.20840105698174,65.12520217895508,0.0,97.25040634189043,121.92126362536345,24.670857283473016,38.398652254214554,82.56431510500127,8.0,153.59460901685821,27.621831055396108
/home/tug87422/scratch/smithlab-shared/night-owls/derivatives/fsl/sub-105/ses-09/L1_sub-105_ses-09_task-sharedreward_model-1_type-act_run-1_space-mni_single-echo_cnfds-fmriprep_unsmoothed_FIR.feat,105,9,sharedreward,1,single-echo,fmriprep,mni,NAcc,sr_decision_partner_extra,Computer-Stranger,6.0,-24.97292108488203,-6.970942735671997,1.615,-149.8375265092922,0.0,149.8375265092922,-53.77383336925101,-33.99571189644167,4.0,-215.09533347700403,-52.06749141031744
/home/tug87422/scratch/smithlab-shared/night-owls/derivatives/fsl/sub-105/ses-09/L1_sub-105_ses-09_task-sharedreward_model-1_type-act_run-1_space-mni_single-echo_cnfds-fmriprep_unsmoothed_FIR.feat,105,9,sharedreward,1,single-echo,fmriprep,mni,NAcc,sr_outcome_primary,Reward-Neutral,6.0,5.181220330952737,26.912906646728516,4.845,31.08732198571642,104.48207308148821,73.3947510957718,23.975447736680046,26.912906646728516,4.845,95.90179094672018,25.884661810316906
/home/tug87422/scratch/smithlab-shared/night-owls/derivatives/fsl/sub-105/ses-09/L1_sub-105_ses-09_task-sharedreward_model-1_type-act_run-1_space-mni_single-echo_cnfds-fmriprep_unsmoothed_FIR.feat,105,9,sharedreward,1,single-echo,fmriprep,mni,NAcc,sr_outcome_primary,Punish-Neutral,6.0,-14.091732690301106,12.519847869873047,3.23,-84.55039614180663,23.678651828765865,108.22904797057248,-9.456606128966849,7.741411651989254,4.0,-37.826424515867394,-8.428003508978215
/home/tug87422/scratch/smithlab-shared/night-owls/derivatives/fsl/sub-105/ses-09/L1_sub-105_ses-09_task-sharedreward_model-1_type-act_run-1_space-mni_single-echo_cnfds-fmriprep_unsmoothed_FIR.feat,105,9,sharedreward,1,single-echo,fmriprep,mni,NAcc,sr_outcome_primary,Reward-Punish,6.0,19.27295302125384,69.08939933776855,0.0,115.63771812752304,125.80807071999132,10.170352592468262,33.43205386564689,46.99946417085158,8.0,133.72821546258757,34.31266531929512
/home/tug87422/scratch/smithlab-shared/night-owls/derivatives/fsl/sub-105/ses-09/L1_sub-105_ses-09_task-sharedreward_model-1_type-act_run-1_space-mni_single-echo_cnfds-tedana_unsmoothed_FIR.feat,105,9,sharedreward,1,single-echo,tedana,mni,NAcc,sr_decision_partner_extra,Computer-Stranger,6.0,-16.19074178753911,9.852798223495483,0.0,-97.14445072523466,13.994731096550822,111.13918182178548,-40.31675907329786,-25.037508964538574,4.845,-161.26703629319144,-44.67078437303242
/home/tug87422/scratch/smithlab-shared/night-owls/derivatives/fsl/sub-105/ses-09/L1_sub-105_ses-09_task-sharedreward_model-1_type-act_run-1_space-mni_single-echo_cnfds-tedana_unsmoothed_FIR.feat,105,9,sharedreward,1,single-echo,tedana,mni,NAcc,sr_outcome_primary,Reward-Neutral,6.0,4.949111610015602,38.91739749908447,3.23,29.69466966009361,110.25674256658775,80.56207290649414,14.934721396451948,27.733719837554837,4.0,59.73888558580779,10.649681237459921
/home/tug87422/scratch/smithlab-shared/night-owls/derivatives/fsl/sub-105/ses-09/L1_sub-105_ses-09_task-sharedreward_model-1_type-act_run-1_space-mni_single-echo_cnfds-tedana_unsmoothed_FIR.feat,105,9,sharedreward,1,single-echo,tedana,mni,NAcc,sr_outcome_primary,Punish-Neutral,6.0,-16.453471813008147,19.984477519989014,3.23,-98.72083087804887,32.274931194782255,130.99576207283113,-21.61712695359077,5.600778843965322,4.0,-86.46850781436308,-21.83457331022611
/home/tug87422/scratch/smithlab-shared/night-owls/derivatives/fsl/sub-105/ses-09/L1_sub-105_ses-09_task-sharedreward_model-1_type-act_run-1_space-mni_single-echo_cnfds-tedana_unsmoothed_FIR.feat,105,9,sharedreward,1,single-echo,tedana,mni,NAcc,sr_outcome_primary,Reward-Punish,6.0,21.402583423023746,67.64132881164551,0.0,128.41550053814248,139.4745393107255,11.059038772583014,36.55184835004272,64.63933241994759,8.0,146.20739340017087,32.48425454768603
/home/tug87422/scratch/smithlab-shared/night-owls/derivatives/fsl/sub-105/ses-09/L1_sub-105_ses-09_task-sharedreward_model-1_type-act_run-2_space-mni_multi-echo_cnfds-fmriprep_unsmoothed_FIR.feat,105,9,sharedreward,2,multi-echo,fmriprep,mni,NAcc,sr_decision_partner_extra,Computer-Stranger,6.0,23.96868271641318,50.80436658859253,3.23,143.81209629847908,143.81209629847908,0.0,39.02549835267359,81.30831599752233,8.0,156.10199341069435,31.834277232734046
/home/tug87422/scratch/smithlab-shared/night-owls/derivatives/fsl/sub-105/ses-09/L1_sub-105_ses-09_task-sharedreward_model-1_type-act_run-2_space-mni_multi-echo_cnfds-fmriprep_unsmoothed_FIR.feat,105,9,sharedreward,2,multi-echo,fmriprep,mni,NAcc,sr_outcome_primary,Reward-Neutral,6.0,33.66796866081939,66.81643676757812,4.845,202.00781196491636,230.00766361372388,27.999851648807525,37.870085027869266,66.81643676757812,4.845,151.48034011147706,39.92544268971257
/home/tug87422/scratch/smithlab-shared/night-owls/derivatives/fsl/sub-105/ses-09/L1_sub-105_ses-09_task-sharedreward_model-1_type-act_run-2_space-mni_multi-echo_cnfds-fmriprep_unsmoothed_FIR.feat,105,9,sharedreward,2,multi-echo,fmriprep,mni,NAcc,sr_outcome_primary,Punish-Neutral,6.0,24.84317200269,49.45708036275102,6.0,149.05903201614,149.05903201614,0.0,34.60493131171808,56.22775840759277,6.46,138.41972524687233,49.45708036275102
/home/tug87422/scratch/smithlab-shared/night-owls/derivatives/fsl/sub-105/ses-09/L1_sub-105_ses-09_task-sharedreward_model-1_type-act_run-2_space-mni_multi-echo_cnfds-fmriprep_unsmoothed_FIR.feat,105,9,sharedreward,2,multi-echo,fmriprep,mni,NAcc,sr_outcome_primary,Reward-Punish,6.0,8.82479665812939,52.393733978271484,3.23,52.94877994877634,132.20398986816406,79.25520991938771,3.2651537161511905,43.79543808739252,4.0,13.060614864604762,-9.531637673038452
/home/tug87422/scratch/smithlab-shared/night-owls/derivatives/fsl/sub-105/ses-09/L1_sub-105_ses-09_task-sharedreward_model-1_type-act_run-2_space-mni_multi-echo_cnfds-tedana_unsmoothed_FIR.feat,105,9,sharedreward,2,multi-echo,tedana,mni,NAcc,sr_decision_partner_extra,Computer-Stranger,6.0,7.858913668598347,19.514288902282715,3.23,47.15348201159008,51.56966886173553,4.4161868501454595,13.918051017067935,29.31428449589402,8.0,55.67220406827174,11.759106727576478
/home/tug87422/scratch/smithlab-shared/night-owls/derivatives/fsl/sub-105/ses-09/L1_sub-105_ses-09_task-sharedreward_model-1_type-act_run-2_space-mni_multi-echo_cnfds-tedana_unsmoothed_FIR.feat,105,9,sharedreward,2,multi-echo,tedana,mni,NAcc,sr_outcome_primary,Reward-Neutral,6.0,5.8664565925825345,58.966224670410156,4.845,35.19873955549521,115.44401179111411,80.2452722356189,40.62100900027405,58.966224670410156,4.845,162.4840360010962,58.48621752830482
/home/tug87422/scratch/smithlab-shared/night-owls/derivatives/fsl/sub-105/ses-09/L1_sub-105_ses-09_task-sharedreward_model-1_type-act_run-2_space-mni_multi-echo_cnfds-tedana_unsmoothed_FIR.feat,105,9,sharedreward,2,multi-echo,tedana,mni,NAcc,sr_outcome_primary,Punish-Neutral,6.0,28.95839773125086,65.23001098632812,4.845,173.75038638750516,175.50296794573268,1.7525815582275448,48.1224239797581,65.23001098632812,4.845,192.4896959190324,59.89616247301131
/home/tug87422/scratch/smithlab-shared/night-owls/derivatives/fsl/sub-105/ses-09/L1_sub-105_ses-09_task-sharedreward_model-1_type-act_run-2_space-mni_multi-echo_cnfds-tedana_unsmoothed_FIR.feat,105,9,sharedreward,2,multi-echo,tedana,mni,NAcc,sr_outcome_primary,Reward-Punish,6.0,-23.09194113866833,-1.4099449447064945,6.0,-138.55164683200996,0.0,138.55164683200996,-7.5014149794840606,0.5231866836547852,6.46,-30.005659917936242,-1.4099449447064945
/home/tug87422/scratch/smithlab-shared/night-owls/derivatives/fsl/sub-105/ses-09/L1_sub-105_ses-09_task-sharedreward_model-1_type-act_run-2_space-mni_single-echo_cnfds-fmriprep_unsmoothed_FIR.feat,105,9,sharedreward,2,single-echo,fmriprep,mni,NAcc,sr_decision_partner_extra,Computer-Stranger,6.0,35.94717818238053,57.355308532714844,3.23,215.68306909428318,215.68306909428318,0.0,39.521686780036546,52.631912904627185,4.0,158.08674712014619,40.83355789656384
/home/tug87422/scratch/smithlab-shared/night-owls/derivatives/fsl/sub-105/ses-09/L1_sub-105_ses-09_task-sharedreward_model-1_type-act_run-2_space-mni_single-echo_cnfds-fmriprep_unsmoothed_FIR.feat,105,9,sharedreward,2,single-echo,fmriprep,mni,NAcc,sr_outcome_primary,Reward-Neutral,6.0,34.51150303366661,69.48694801330566,3.23,207.06901820199963,226.1910599036741,19.122041701674462,21.271732452676943,54.11295318013005,4.0,85.08692981070777,19.591031672415717
/home/tug87422/scratch/smithlab-shared/night-owls/derivatives/fsl/sub-105/ses-09/L1_sub-105_ses-09_task-sharedreward_model-1_type-act_run-2_space-mni_single-echo_cnfds-fmriprep_unsmoothed_FIR.feat,105,9,sharedreward,2,single-echo,fmriprep,mni,NAcc,sr_outcome_primary,Punish-Neutral,6.0,27.154320509292273,43.428511861677144,6.0,162.92592305575363,162.92592305575363,0.0,26.72360028305843,54.660813331604004,6.46,106.89440113223372,43.428511861677144
/home/tug87422/scratch/smithlab-shared/night-owls/derivatives/fsl/sub-105/ses-09/L1_sub-105_ses-09_task-sharedreward_model-1_type-act_run-2_space-mni_single-echo_cnfds-fmriprep_unsmoothed_FIR.feat,105,9,sharedreward,2,single-echo,fmriprep,mni,NAcc,sr_outcome_primary,Reward-Punish,6.0,7.357182524374331,35.14266586303711,3.23,44.14309514624599,94.9511918258667,50.808096679620704,-5.451867830381487,28.88404745804636,4.0,-21.80747132152595,-23.83748018926142
/home/tug87422/scratch/smithlab-shared/night-owls/derivatives/fsl/sub-105/ses-09/L1_sub-105_ses-09_task-sharedreward_model-1_type-act_run-2_space-mni_single-echo_cnfds-tedana_unsmoothed_FIR.feat,105,9,sharedreward,2,single-echo,tedana,mni,NAcc,sr_decision_partner_extra,Computer-Stranger,6.0,23.78429520923902,40.760294914245605,4.845,142.70577125543412,154.95075557464418,12.244984319210053,18.64418638519458,40.760294914245605,4.845,74.57674554077832,23.509953416168873
/home/tug87422/scratch/smithlab-shared/night-owls/derivatives/fsl/sub-105/ses-09/L1_sub-105_ses-09_task-sharedreward_model-1_type-act_run-2_space-mni_single-echo_cnfds-tedana_unsmoothed_FIR.feat,105,9,sharedreward,2,single-echo,tedana,mni,NAcc,sr_outcome_primary,Reward-Neutral,6.0,0.7944188835543372,11.011883497238157,4.845,4.7665133013260235,34.049714044524414,29.283200743198393,-0.0960793253779455,11.011883497238157,4.845,-0.384317301511782,4.7986290757501076
/home/tug87422/scratch/smithlab-shared/night-owls/derivatives/fsl/sub-105/ses-09/L1_sub-105_ses-09_task-sharedreward_model-1_type-act_run-2_space-mni_single-echo_cnfds-tedana_unsmoothed_FIR.feat,105,9,sharedreward,2,single-echo,tedana,mni,NAcc,sr_outcome_primary,Punish-Neutral,6.0,23.753807229207766,34.28598338088753,6.0,142.5228433752466,142.5228433752466,0.0,22.183197265605987,36.34825134277344,6.46,88.73278906242395,34.28598338088753
/home/tug87422/scratch/smithlab-shared/night-owls/derivatives/fsl/sub-105/ses-09/L1_sub-105_ses-09_task-sharedreward_model-1_type-act_run-2_space-mni_single-echo_cnfds-tedana_unsmoothed_FIR.feat,105,9,sharedreward,2,single-echo,tedana,mni,NAcc,sr_outcome_primary,Reward-Punish,6.0,-22.959388345653426,-18.09601402282715,4.845,-137.75633007392057,0.0,137.75633007392057,-22.279276590983933,-6.6120380868114434,8.0,-89.11710636393573,-29.487354305137423
/home/tug87422/scratch/smithlab-shared/night-owls/derivatives/fsl/sub-105/ses-10/L1_sub-105_ses-10_task-mid_model-1_type-act_run-1_space-mni_multi-echo_cnfds-fmriprep_unsmoothed_FIR.feat,105,10,mid,1,multi-echo,fmriprep,mni,NAcc,mid_anticipation_primary,Reward-Neutral,5.0,-17.793357458423166,19.959922790527344,1.615,-88.96678729211582,32.81686958551407,121.7836568776299,-0.5242551446330042,19.001232147216804,6.46,-2.0970205785320166,12.606997546027694
/home/tug87422/scratch/smithlab-shared/night-owls/derivatives/fsl/sub-105/ses-10/L1_sub-105_ses-10_task-mid_model-1_type-act_run-1_space-mni_multi-echo_cnfds-fmriprep_unsmoothed_FIR.feat,105,10,mid,1,multi-echo,fmriprep,mni,NAcc,mid_feedback_extra,Positive-Negative,6.0,17.349361773381165,64.27863121032715,1.615,104.096170640287,146.23230653792342,42.136135897636414,16.94698768017093,74.93044562088818,8.0,67.78795072068372,11.064068253933462
/home/tug87422/scratch/smithlab-shared/night-owls/derivatives/fsl/sub-105/ses-10/L1_sub-105_ses-10_task-mid_model-1_type-act_run-1_space-mni_multi-echo_cnfds-tedana_unsmoothed_FIR.feat,105,10,mid,1,multi-echo,tedana,mni,NAcc,mid_anticipation_primary,Reward-Neutral,5.0,-8.577340409073667,24.177642822265625,1.615,-42.88670204536833,42.38217662572861,85.26887867109694,-33.460886633298344,2.8458123207092285,4.845,-133.84354653319338,-38.06860976322516
/home/tug87422/scratch/smithlab-shared/night-owls/derivatives/fsl/sub-105/ses-10/L1_sub-105_ses-10_task-mid_model-1_type-act_run-1_space-mni_multi-echo_cnfds-tedana_unsmoothed_FIR.feat,105,10,mid,1,multi-echo,tedana,mni,NAcc,mid_feedback_extra,Positive-Negative,6.0,4.814631976629804,50.92011642456055,3.23,28.887791859778822,118.39500534057618,89.50721348079733,-3.369673833383862,52.99312678948277,8.0,-13.478695333535448,-8.028282620220354
/home/tug87422/scratch/smithlab-shared/night-owls/derivatives/fsl/sub-105/ses-10/L1_sub-105_ses-10_task-mid_model-1_type-act_run-1_space-mni_single-echo_cnfds-fmriprep_unsmoothed_FIR.feat,105,10,mid,1,single-echo,fmriprep,mni,NAcc,mid_anticipation_primary,Reward-Neutral,5.0,-35.062320378292824,-2.7525177001953125,1.615,-175.31160189146414,0.0,175.31160189146414,-37.62952448124164,-20.891388177871704,6.46,-150.51809792496655,-30.009933583138526
/home/tug87422/scratch/smithlab-shared/night-owls/derivatives/fsl/sub-105/ses-10/L1_sub-105_ses-10_task-mid_model-1_type-act_run-1_space-mni_single-echo_cnfds-fmriprep_unsmoothed_FIR.feat,105,10,mid,1,single-echo,fmriprep,mni,NAcc,mid_feedback_extra,Positive-Negative,6.0,11.911426695839909,28.64508819580078,0.0,71.46856017503946,94.62099925074784,23.15243907570839,19.164204438949707,45.534933246695225,8.0,76.65681775579883,24.152020209344922
/home/tug87422/scratch/smithlab-shared/night-owls/derivatives/fsl/sub-105/ses-10/L1_sub-105_ses-10_task-mid_model-1_type-act_run-1_space-mni_single-echo_cnfds-tedana_unsmoothed_FIR.feat,105,10,mid,1,single-echo,tedana,mni,NAcc,mid_anticipation_primary,Reward-Neutral,5.0,-11.254379801382267,5.773540496826172,1.615,-56.27189900691133,9.324267902374267,65.59616690928561,-47.19837096350014,-20.205399379364845,4.0,-188.79348385400056,-53.96049033285295
/home/tug87422/scratch/smithlab-shared/night-owls/derivatives/fsl/sub-105/ses-10/L1_sub-105_ses-10_task-mid_model-1_type-act_run-1_space-mni_single-echo_cnfds-tedana_unsmoothed_FIR.feat,105,10,mid,1,single-echo,tedana,mni,NAcc,mid_feedback_extra,Positive-Negative,6.0,9.16510324652965,40.249324798583984,3.23,54.9906194791779,110.8420604310021,55.85144095182419,9.941880766640509,39.2490873336792,6.46,39.767523066562035,16.583751581032583
/home/tug87422/scratch/smithlab-shared/night-owls/derivatives/fsl/sub-105/ses-10/L1_sub-105_ses-10_task-mid_model-1_type-act_run-2_space-mni_multi-echo_cnfds-fmriprep_unsmoothed_FIR.feat,105,10,mid,2,multi-echo,fmriprep,mni,NAcc,mid_anticipation_primary,Reward-Neutral,5.0,-2.3760470259196986,13.00909423828125,3.23,-11.880235129598493,22.239999713897703,34.1202348434962,-37.16742541836881,6.933648006096711,4.0,-148.66970167347523,-30.024794357110842
/home/tug87422/scratch/smithlab-shared/night-owls/derivatives/fsl/sub-105/ses-10/L1_sub-105_ses-10_task-mid_model-1_type-act_run-2_space-mni_multi-echo_cnfds-fmriprep_unsmoothed_FIR.feat,105,10,mid,2,multi-echo,fmriprep,mni,NAcc,mid_feedback_extra,Positive-Negative,6.0,-26.992911660521457,15.016849279403687,0.0,-161.95746996312874,12.126105793118477,174.08357575624717,-17.79269113140948,-8.113420486450195,6.46,-71.17076452563792,-9.73997884342914
/home/tug87422/scratch/smithlab-shared/night-owls/derivatives/fsl/sub-105/ses-10/L1_sub-105_ses-10_task-mid_model-1_type-act_run-2_space-mni_multi-echo_cnfds-tedana_unsmoothed_FIR.feat,105,10,mid,2,multi-echo,tedana,mni,NAcc,mid_anticipation_primary,Reward-Neutral,5.0,17.979529633438993,31.913898468017578,3.23,89.89764816719496,103.75820254701578,13.860554379820824,-15.13883533489779,27.341586189742426,4.0,-60.55534133959116,-9.059584024151784
/home/tug87422/scratch/smithlab-shared/night-owls/derivatives/fsl/sub-105/ses-10/L1_sub-105_ses-10_task-mid_model-1_type-act_run-2_space-mni_multi-echo_cnfds-tedana_unsmoothed_FIR.feat,105,10,mid,2,multi-echo,tedana,mni,NAcc,mid_feedback_extra,Positive-Negative,6.0,-8.041353491462912,22.20223093032837,0.0,-48.248120948777476,20.669315171732624,68.9174361205101,-1.5849539996337625,9.280614852905273,6.46,-6.33981599853505,4.746344061458813
/home/tug87422/scratch/smithlab-shared/night-owls/derivatives/fsl/sub-105/ses-10/L1_sub-105_ses-10_task-mid_model-1_type-act_run-2_space-mni_single-echo_cnfds-fmriprep_unsmoothed_FIR.feat,105,10,mid,2,single-echo,fmriprep,mni,NAcc,mid_anticipation_primary,Reward-Neutral,5.0,-1.6584515728692164,25.508243560791016,3.23,-8.292257864346082,41.19581335067748,49.48807121502357,-25.17433115036772,5.832067866074408,4.0,-100.69732460147088,-24.338874937949168
/home/tug87422/scratch/smithlab-shared/night-owls/derivatives/fsl/sub-105/ses-10/L1_sub-105_ses-10_task-mid_model-1_type-act_run-2_space-mni_single-echo_cnfds-fmriprep_unsmoothed_FIR.feat,105,10,mid,2,single-echo,fmriprep,mni,NAcc,mid_feedback_extra,Positive-Negative,6.0,-20.74960592399533,1.318777084350586,0.0,-124.49763554397198,1.0649124956130982,125.56254803958508,-18.01141827581906,-9.797629666033178,4.0,-72.04567310327624,-21.207011741012245
/home/tug87422/scratch/smithlab-shared/night-owls/derivatives/fsl/sub-105/ses-10/L1_sub-105_ses-10_task-mid_model-1_type-act_run-2_space-mni_single-echo_cnfds-tedana_unsmoothed_FIR.feat,105,10,mid,2,single-echo,tedana,mni,NAcc,mid_anticipation_primary,Reward-Neutral,5.0,4.849235503715627,30.26609992980957,3.23,24.246177518578133,48.879751386642454,24.63357386806432,-10.99966205136695,12.070919981681891,4.0,-43.9986482054678,-9.976099238676184
/home/tug87422/scratch/smithlab-shared/night-owls/derivatives/fsl/sub-105/ses-10/L1_sub-105_ses-10_task-mid_model-1_type-act_run-2_space-mni_single-echo_cnfds-tedana_unsmoothed_FIR.feat,105,10,mid,2,single-echo,tedana,mni,NAcc,mid_feedback_extra,Positive-Negative,6.0,-11.57641206965927,9.007107198238373,3.23,-69.45847241795562,14.54647812515497,84.00495054311058,-11.865407282865199,-1.9246352643420466,4.0,-47.461629131460796,-15.462537498296967
/home/tug87422/scratch/smithlab-shared/night-owls/derivatives/fsl/sub-105/ses-10/L1_sub-105_ses-10_task-sharedreward_model-1_type-act_run-1_space-mni_multi-echo_cnfds-fmriprep_unsmoothed_FIR.feat,105,10,sharedreward,1,multi-echo,fmriprep,mni,NAcc,sr_decision_partner_extra,Computer-Stranger,6.0,5.182308494438203,31.824618339538574,0.0,31.09385096662922,63.97443500757217,32.88058404094295,-10.359139161822227,5.080647958690533,4.0,-41.43655664728891,-9.459541170220621
/home/tug87422/scratch/smithlab-shared/night-owls/derivatives/fsl/sub-105/ses-10/L1_sub-105_ses-10_task-sharedreward_model-1_type-act_run-1_space-mni_multi-echo_cnfds-fmriprep_unsmoothed_FIR.feat,105,10,sharedreward,1,multi-echo,fmriprep,mni,NAcc,sr_outcome_primary,Reward-Neutral,6.0,-1.3989380473737338,38.859406988502656,6.0,-8.393628284242403,48.15370515415405,56.54733343839646,29.6533992437595,46.942064583301544,6.46,118.613596975038,38.859406988502656
/home/tug87422/scratch/smithlab-shared/night-owls/derivatives/fsl/sub-105/ses-10/L1_sub-105_ses-10_task-sharedreward_model-1_type-act_run-1_space-mni_multi-echo_cnfds-fmriprep_unsmoothed_FIR.feat,105,10,sharedreward,1,multi-echo,fmriprep,mni,NAcc,sr_outcome_primary,Punish-Neutral,6.0,13.492134576998998,30.29192543029785,1.615,80.95280746199398,96.7620289776495,15.80922151565552,20.387576876673904,46.2958984375,6.46,81.55030750669562,29.8582331418253
/home/tug87422/scratch/smithlab-shared/night-owls/derivatives/fsl/sub-105/ses-10/L1_sub-105_ses-10_task-sharedreward_model-1_type-act_run-1_space-mni_multi-echo_cnfds-fmriprep_unsmoothed_FIR.feat,105,10,sharedreward,1,multi-echo,fmriprep,mni,NAcc,sr_outcome_primary,Reward-Punish,6.0,-14.891072624372732,29.97950839996338,4.845,-89.3464357462364,46.71979703040546,136.06623277664187,9.2658223670856,29.97950839996338,4.845,37.0632894683424,9.00117384667736
/home/tug87422/scratch/smithlab-shared/night-owls/derivatives/fsl/sub-105/ses-10/L1_sub-105_ses-10_task-sharedreward_model-1_type-act_run-1_space-mni_multi-echo_cnfds-tedana_unsmoothed_FIR.feat,105,10,sharedreward,1,multi-echo,tedana,mni,NAcc,sr_decision_partner_extra,Computer-Stranger,6.0,-0.2771603047435625,23.987048149108887,0.0,-1.6629618284613752,52.619534970521926,54.2824967989833,-10.379928559075477,2.9043951034545934,6.46,-41.51971423630191,-4.7373374814957625
/home/tug87422/scratch/smithlab-shared/night-owls/derivatives/fsl/sub-105/ses-10/L1_sub-105_ses-10_task-sharedreward_model-1_type-act_run-1_space-mni_multi-echo_cnfds-tedana_unsmoothed_FIR.feat,105,10,sharedreward,1,multi-echo,tedana,mni,NAcc,sr_outcome_primary,Reward-Neutral,6.0,-2.655988404572439,49.1222449028086,6.0,-15.935930427434634,59.530853334543515,75.46678376197815,32.18498545563719,59.7249698638916,6.46,128.73994182254876,49.1222449028086
/home/tug87422/scratch/smithlab-shared/night-owls/derivatives/fsl/sub-105/ses-10/L1_sub-105_ses-10_task-sharedreward_model-1_type-act_run-1_space-mni_multi-echo_cnfds-tedana_unsmoothed_FIR.feat,105,10,sharedreward,1,multi-echo,tedana,mni,NAcc,sr_outcome_primary,Punish-Neutral,6.0,-2.7044235152079956,20.973602709755447,6.0,-16.226541091247974,20.85484524841649,37.08138633966446,6.879835907700629,39.21423292160034,6.46,27.519343630802517,20.973602709755447
/home/tug87422/scratch/smithlab-shared/night-owls/derivatives/fsl/sub-105/ses-10/L1_sub-105_ses-10_task-sharedreward_model-1_type-act_run-1_space-mni_multi-echo_cnfds-tedana_unsmoothed_FIR.feat,105,10,sharedreward,1,multi-echo,tedana,mni,NAcc,sr_outcome_primary,Reward-Punish,6.0,0.048435110635557756,47.32642602920532,4.845,0.29061066381334655,81.80294091693757,81.51233025312423,25.305149547936566,47.32642602920532,4.845,101.22059819174626,28.14864219305316
/home/tug87422/scratch/smithlab-shared/night-owls/derivatives/fsl/sub-105/ses-10/L1_sub-105_ses-10_task-sharedreward_model-1_type-act_run-1_space-mni_single-echo_cnfds-fmriprep_unsmoothed_FIR.feat,105,10,sharedreward,1,single-echo,fmriprep,mni,NAcc,sr_decision_partner_extra,Computer-Stranger,6.0,3.6004632191402286,12.485587120056152,3.23,21.60277931484137,32.397363502979275,10.794584188137907,-2.8650507624510784,3.6418067884888057,4.0,-11.460203049804313,-2.7484648170485952
/home/tug87422/scratch/smithlab-shared/night-owls/derivatives/fsl/sub-105/ses-10/L1_sub-105_ses-10_task-sharedreward_model-1_type-act_run-1_space-mni_single-echo_cnfds-fmriprep_unsmoothed_FIR.feat,105,10,sharedreward,1,single-echo,fmriprep,mni,NAcc,sr_outcome_primary,Reward-Neutral,6.0,7.930740075602253,33.421370337991156,6.0,47.58444045361352,72.24393791731667,24.659497463703154,27.39652904460489,37.015811920166016,6.46,109.58611617841956,33.421370337991156
/home/tug87422/scratch/smithlab-shared/night-owls/derivatives/fsl/sub-105/ses-10/L1_sub-105_ses-10_task-sharedreward_model-1_type-act_run-1_space-mni_single-echo_cnfds-fmriprep_unsmoothed_FIR.feat,105,10,sharedreward,1,single-echo,fmriprep,mni,NAcc,sr_outcome_primary,Punish-Neutral,6.0,-3.708800285144855,29.023972511291504,4.845,-22.25280171086913,54.49110071608895,76.74390242695809,22.386084738962886,29.023972511291504,4.845,89.54433895585154,24.749608290822884
/home/tug87422/scratch/smithlab-shared/night-owls/derivatives/fsl/sub-105/ses-10/L1_sub-105_ses-10_task-sharedreward_model-1_type-act_run-1_space-mni_single-echo_cnfds-fmriprep_unsmoothed_FIR.feat,105,10,sharedreward,1,single-echo,fmriprep,mni,NAcc,sr_outcome_primary,Reward-Punish,6.0,11.639540360747105,30.703959465026855,1.615,69.83724216448263,98.84258786903814,29.00534570455551,5.0104443056420065,13.968547821044918,6.46,20.041777222568026,8.67176204716827
/home/tug87422/scratch/smithlab-shared/night-owls/derivatives/fsl/sub-105/ses-10/L1_sub-105_ses-10_task-sharedreward_model-1_type-act_run-1_space-mni_single-echo_cnfds-tedana_unsmoothed_FIR.feat,105,10,sharedreward,1,single-echo,tedana,mni,NAcc,sr_decision_partner_extra,Computer-Stranger,6.0,3.705463706604517,9.056698256002122,6.0,22.232782239627102,28.716950304817416,6.484168065190315,5.305704051843603,13.230248525738714,6.46,21.22281620737441,9.056698256002122
/home/tug87422/scratch/smithlab-shared/night-owls/derivatives/fsl/sub-105/ses-10/L1_sub-105_ses-10_task-sharedreward_model-1_type-act_run-1_space-mni_single-echo_cnfds-tedana_unsmoothed_FIR.feat,105,10,sharedreward,1,single-echo,tedana,mni,NAcc,sr_outcome_primary,Reward-Neutral,6.0,8.274997714772068,31.217126249897962,6.0,49.649986288632405,75.02974310883428,25.379756820201873,26.287510844178428,35.205790519714355,6.46,105.15004337671371,31.217126249897962
/home/tug87422/scratch/smithlab-shared/night-owls/derivatives/fsl/sub-105/ses-10/L1_sub-105_ses-10_task-sharedreward_model-1_type-act_run-1_space-mni_single-echo_cnfds-tedana_unsmoothed_FIR.feat,105,10,sharedreward,1,single-echo,tedana,mni,NAcc,sr_outcome_primary,Punish-Neutral,6.0,-1.684399804052184,18.250011682510376,4.845,-10.106398824313104,33.964726703307214,44.07112552762031,11.968039748270076,18.250011682510376,4.845,47.872158993080305,13.257209020502426
/home/tug87422/scratch/smithlab-shared/night-owls/derivatives/fsl/sub-105/ses-10/L1_sub-105_ses-10_task-sharedreward_model-1_type-act_run-1_space-mni_single-echo_cnfds-tedana_unsmoothed_FIR.feat,105,10,sharedreward,1,single-echo,tedana,mni,NAcc,sr_outcome_primary,Reward-Punish,6.0,9.959397518824252,23.1652193069458,3.23,59.75638511294551,86.16856424683756,26.41217913389206,14.319471095908352,23.93705701828003,6.46,57.277884383633406,17.959917229395536
/home/tug87422/scratch/smithlab-shared/night-owls/derivatives/fsl/sub-105/ses-10/L1_sub-105_ses-10_task-sharedreward_model-1_type-act_run-2_space-mni_multi-echo_cnfds-fmriprep_unsmoothed_FIR.feat,105,10,sharedreward,2,multi-echo,fmriprep,mni,NAcc,sr_decision_partner_extra,Computer-Stranger,6.0,-34.59640196496242,-13.382716178894043,0.0,-207.57841178977452,0.0,207.57841178977452,-59.06068492617769,-29.055477183669716,4.0,-236.24273970471077,-60.41407082029172
/home/tug87422/scratch/smithlab-shared/night-owls/derivatives/fsl/sub-105/ses-10/L1_sub-105_ses-10_task-sharedreward_model-1_type-act_run-2_space-mni_multi-echo_cnfds-fmriprep_unsmoothed_FIR.feat,105,10,sharedreward,2,multi-echo,fmriprep,mni,NAcc,sr_outcome_primary,Reward-Neutral,6.0,-5.456615062490087,52.274051493535474,6.0,-32.73969037494052,47.02867641964565,79.76836679458619,30.47856251651011,72.75431299209595,6.46,121.91425006604044,52.274051493535474
/home/tug87422/scratch/smithlab-shared/night-owls/derivatives/fsl/sub-105/ses-10/L1_sub-105_ses-10_task-sharedreward_model-1_type-act_run-2_space-mni_multi-echo_cnfds-fmriprep_unsmoothed_FIR.feat,105,10,sharedreward,2,multi-echo,fmriprep,mni,NAcc,sr_outcome_primary,Punish-Neutral,6.0,-41.70090082634344,-1.5424957511594786,6.0,-250.20540495806065,0.0,250.20540495806065,-15.177410799235385,6.6731109619140625,6.46,-60.70964319694154,-1.5424957511594786
/home/tug87422/scratch/smithlab-shared/night-owls/derivatives/fsl/sub-105/ses-10/L1_sub-105_ses-10_task-sharedreward_model-1_type-act_run-2_space-mni_multi-echo_cnfds-fmriprep_unsmoothed_FIR.feat,105,10,sharedreward,2,multi-echo,fmriprep,mni,NAcc,sr_outcome_primary,Reward-Punish,6.0,36.244285763853355,54.170005798339844,3.23,217.46571458312013,217.46571458312013,0.0,45.6559733157455,66.08120203018188,6.46,182.623893262982,53.81654724469495
/home/tug87422/scratch/smithlab-shared/night-owls/derivatives/fsl/sub-105/ses-10/L1_sub-105_ses-10_task-sharedreward_model-1_type-act_run-2_space-mni_multi-echo_cnfds-tedana_unsmoothed_FIR.feat,105,10,sharedreward,2,multi-echo,tedana,mni,NAcc,sr_decision_partner_extra,Computer-Stranger,6.0,-42.352846293952446,-7.100143104791641,0.0,-254.1170777637147,0.0,254.1170777637147,-96.40581469810783,-41.710142667079495,4.0,-385.62325879243133,-102.50256828331726
/home/tug87422/scratch/smithlab-shared/night-owls/derivatives/fsl/sub-105/ses-10/L1_sub-105_ses-10_task-sharedreward_model-1_type-act_run-2_space-mni_multi-echo_cnfds-tedana_unsmoothed_FIR.feat,105,10,sharedreward,2,multi-echo,tedana,mni,NAcc,sr_outcome_primary,Reward-Neutral,6.0,-8.936133521121413,46.263457355853575,6.0,-53.616801126728475,52.812222689857066,106.42902381658554,28.321940927254985,64.58753204345703,6.46,113.28776370901994,46.263457355853575
/home/tug87422/scratch/smithlab-shared/night-owls/derivatives/fsl/sub-105/ses-10/L1_sub-105_ses-10_task-sharedreward_model-1_type-act_run-2_space-mni_multi-echo_cnfds-tedana_unsmoothed_FIR.feat,105,10,sharedreward,2,multi-echo,tedana,mni,NAcc,sr_outcome_primary,Punish-Neutral,6.0,-33.45537989641121,-4.870055845278328,6.0,-200.73227937846727,0.0,200.73227937846727,-16.4167787475335,4.5311737060546875,6.46,-65.667114990134,-4.870055845278328
/home/tug87422/scratch/smithlab-shared/night-owls/derivatives/fsl/sub-105/ses-10/L1_sub-105_ses-10_task-sharedreward_model-1_type-act_run-2_space-mni_multi-echo_cnfds-tedana_unsmoothed_FIR.feat,105,10,sharedreward,2,multi-echo,tedana,mni,NAcc,sr_outcome_primary,Reward-Punish,6.0,24.519246375289807,51.13351320113192,6.0,147.11547825173884,151.528425830169,4.412947578430173,44.738719674788484,60.05635833740235,6.46,178.95487869915394,51.13351320113192
/home/tug87422/scratch/smithlab-shared/night-owls/derivatives/fsl/sub-105/ses-10/L1_sub-105_ses-10_task-sharedreward_model-1_type-act_run-2_space-mni_single-echo_cnfds-fmriprep_unsmoothed_FIR.feat,105,10,sharedreward,2,single-echo,fmriprep,mni,NAcc,sr_decision_partner_extra,Computer-Stranger,6.0,-20.361216208106224,-7.193484783172607,4.845,-122.16729724863734,0.0,122.16729724863734,-23.659500623203282,-7.193484783172607,4.845,-94.63800249281313,-28.303852512371428
/home/tug87422/scratch/smithlab-shared/night-owls/derivatives/fsl/sub-105/ses-10/L1_sub-105_ses-10_task-sharedreward_model-1_type-act_run-2_space-mni_single-echo_cnfds-fmriprep_unsmoothed_FIR.feat,105,10,sharedreward,2,single-echo,fmriprep,mni,NAcc,sr_outcome_primary,Reward-Neutral,6.0,-11.328496970916925,18.34848750117394,6.0,-67.97098182550155,25.108899611323245,93.07988143682479,-5.293656125729301,44.43001890182495,6.46,-21.174624502917204,18.34848750117394
/home/tug87422/scratch/smithlab-shared/night-owls/derivatives/fsl/sub-105/ses-10/L1_sub-105_ses-10_task-sharedreward_model-1_type-act_run-2_space-mni_single-echo_cnfds-fmriprep_unsmoothed_FIR.feat,105,10,sharedreward,2,single-echo,fmriprep,mni,NAcc,sr_outcome_primary,Punish-Neutral,6.0,-27.420471625650382,-12.740302085876465,1.615,-164.5228297539023,0.0,164.5228297539023,-34.39024101675665,-8.001113891601562,6.46,-137.5609640670266,-17.40650543118409
/home/tug87422/scratch/smithlab-shared/night-owls/derivatives/fsl/sub-105/ses-10/L1_sub-105_ses-10_task-sharedreward_model-1_type-act_run-2_space-mni_single-echo_cnfds-fmriprep_unsmoothed_FIR.feat,105,10,sharedreward,2,single-echo,fmriprep,mni,NAcc,sr_outcome_primary,Reward-Punish,6.0,16.09197465473346,38.81165790557861,0.0,96.55184792840075,110.2116754945476,13.659827566146852,29.09658489102734,52.431132793426514,6.46,116.38633956410936,35.75499293235803
/home/tug87422/scratch/smithlab-shared/night-owls/derivatives/fsl/sub-105/ses-10/L1_sub-105_ses-10_task-sharedreward_model-1_type-act_run-2_space-mni_single-echo_cnfds-tedana_unsmoothed_FIR.feat,105,10,sharedreward,2,single-echo,tedana,mni,NAcc,sr_decision_partner_extra,Computer-Stranger,6.0,-30.861004567934263,-8.93966817855835,0.0,-185.16602740760558,0.0,185.16602740760558,-46.77866715525326,-31.10869598388672,4.845,-187.11466862101304,-55.06462639847038
/home/tug87422/scratch/smithlab-shared/night-owls/derivatives/fsl/sub-105/ses-10/L1_sub-105_ses-10_task-sharedreward_model-1_type-act_run-2_space-mni_single-echo_cnfds-tedana_unsmoothed_FIR.feat,105,10,sharedreward,2,single-echo,tedana,mni,NAcc,sr_outcome_primary,Reward-Neutral,6.0,-12.730309184835173,13.901620959349833,6.0,-76.38185510901104,17.123696634496334,93.50555174350738,-6.338379661911416,35.15750694274902,6.46,-25.353518647645664,13.901620959349833
/home/tug87422/scratch/smithlab-shared/night-owls/derivatives/fsl/sub-105/ses-10/L1_sub-105_ses-10_task-sharedreward_model-1_type-act_run-2_space-mni_single-echo_cnfds-tedana_unsmoothed_FIR.feat,105,10,sharedreward,2,single-echo,tedana,mni,NAcc,sr_outcome_primary,Punish-Neutral,6.0,-32.3161290077959,-12.69605016708374,1.615,-193.8967740467754,0.0,193.8967740467754,-46.298649675270354,-27.6689453125,6.46,-185.19459870108142,-32.9537739945639
/home/tug87422/scratch/smithlab-shared/night-owls/derivatives/fsl/sub-105/ses-10/L1_sub-105_ses-10_task-sharedreward_model-1_type-act_run-2_space-mni_single-echo_cnfds-tedana_unsmoothed_FIR.feat,105,10,sharedreward,2,single-echo,tedana,mni,NAcc,sr_outcome_primary,Reward-Punish,6.0,19.58581982296072,46.85539495391374,6.0,117.5149189377643,124.62305070646777,7.108131768703461,39.96027001335894,62.82645225524902,6.46,159.84108005343575,46.85539495391374
/home/tug87422/scratch/smithlab-shared/night-owls/derivatives/fsl/sub-105/ses-11/L1_sub-105_ses-11_task-mid_model-1_type-act_run-1_space-mni_multi-echo_cnfds-fmriprep_unsmoothed_FIR.feat,105,11,mid,1,multi-echo,fmriprep,mni,NAcc,mid_anticipation_primary,Reward-Neutral,5.0,34.86453682956533,74.58258056640625,3.23,174.32268414782666,188.5348119060912,14.212127758264542,11.263596213877019,56.46662360152962,4.0,45.054384855508076,-17.12749718586358
/home/tug87422/scratch/smithlab-shared/night-owls/derivatives/fsl/sub-105/ses-11/L1_sub-105_ses-11_task-mid_model-1_type-act_run-1_space-mni_multi-echo_cnfds-fmriprep_unsmoothed_FIR.feat,105,11,mid,1,multi-echo,fmriprep,mni,NAcc,mid_feedback_extra,Positive-Negative,6.0,-16.608442683199304,24.311158472539475,6.0,-99.65065609919581,18.107766093139315,117.75842219233513,19.349804811074687,51.29060785984477,8.0,77.39921924429875,24.311158472539475
/home/tug87422/scratch/smithlab-shared/night-owls/derivatives/fsl/sub-105/ses-11/L1_sub-105_ses-11_task-mid_model-1_type-act_run-1_space-mni_multi-echo_cnfds-tedana_unsmoothed_FIR.feat,105,11,mid,1,multi-echo,tedana,mni,NAcc,mid_anticipation_primary,Reward-Neutral,5.0,5.956865371592639,40.242701530456536,3.23,29.784326857963194,73.37715603351592,43.592829175552716,-16.612425718643347,11.959347403086396,8.0,-66.44970287457339,-29.252806604462144
/home/tug87422/scratch/smithlab-shared/night-owls/derivatives/fsl/sub-105/ses-11/L1_sub-105_ses-11_task-mid_model-1_type-act_run-1_space-mni_multi-echo_cnfds-tedana_unsmoothed_FIR.feat,105,11,mid,1,multi-echo,tedana,mni,NAcc,mid_feedback_extra,Positive-Negative,6.0,-39.415190309164636,28.76231360435486,0.0,-236.4911418549878,23.225568235516548,259.71671009050436,-43.96524513480833,11.008392174546595,8.0,-175.8609805392333,-56.26427345748287
/home/tug87422/scratch/smithlab-shared/night-owls/derivatives/fsl/sub-105/ses-11/L1_sub-105_ses-11_task-mid_model-1_type-act_run-1_space-mni_single-echo_cnfds-fmriprep_unsmoothed_FIR.feat,105,11,mid,1,single-echo,fmriprep,mni,NAcc,mid_anticipation_primary,Reward-Neutral,5.0,23.29702479209029,48.48391532897949,4.845,116.48512396045145,123.82261454291758,7.337490582466125,25.53467483995592,48.48391532897949,4.845,102.13869935982368,18.526497116029816
/home/tug87422/scratch/smithlab-shared/night-owls/derivatives/fsl/sub-105/ses-11/L1_sub-105_ses-11_task-mid_model-1_type-act_run-1_space-mni_single-echo_cnfds-fmriprep_unsmoothed_FIR.feat,105,11,mid,1,single-echo,fmriprep,mni,NAcc,mid_feedback_extra,Positive-Negative,6.0,8.96542584259509,45.02390668561953,6.0,53.792555055570546,120.72543499621445,66.9328799406439,41.11486412873485,46.34709882736206,6.46,164.4594565149394,45.02390668561953
/home/tug87422/scratch/smithlab-shared/night-owls/derivatives/fsl/sub-105/ses-11/L1_sub-105_ses-11_task-mid_model-1_type-act_run-1_space-mni_single-echo_cnfds-tedana_unsmoothed_FIR.feat,105,11,mid,1,single-echo,tedana,mni,NAcc,mid_anticipation_primary,Reward-Neutral,5.0,6.751399622279055,15.034809112548828,3.23,33.756998111395276,34.88493339696351,1.1279352855682359,7.360431931651781,14.281023979187013,6.46,29.441727726607123,11.77295993356144
/home/tug87422/scratch/smithlab-shared/night-owls/derivatives/fsl/sub-105/ses-11/L1_sub-105_ses-11_task-mid_model-1_type-act_run-1_space-mni_single-echo_cnfds-tedana_unsmoothed_FIR.feat,105,11,mid,1,single-echo,tedana,mni,NAcc,mid_feedback_extra,Positive-Negative,6.0,1.573771986140609,56.46812057495117,0.0,9.442631916843654,76.45156985051216,67.00893793366849,17.71655156092906,36.344463088195035,8.0,70.86620624371623,13.528803264024456
/home/tug87422/scratch/smithlab-shared/night-owls/derivatives/fsl/sub-105/ses-11/L1_sub-105_ses-11_task-mid_model-1_type-act_run-2_space-mni_multi-echo_cnfds-fmriprep_unsmoothed_FIR.feat,105,11,mid,2,multi-echo,fmriprep,mni,NAcc,mid_anticipation_primary,Reward-Neutral,5.0,-11.980306241846677,21.966551303863525,0.0,-59.90153120923338,17.737990177869797,77.63952138710317,-27.206277691118487,7.8432168812943885,8.0,-108.82511076447395,-35.326402487031444
/home/tug87422/scratch/smithlab-shared/night-owls/derivatives/fsl/sub-105/ses-11/L1_sub-105_ses-11_task-mid_model-1_type-act_run-2_space-mni_multi-echo_cnfds-fmriprep_unsmoothed_FIR.feat,105,11,mid,2,multi-echo,fmriprep,mni,NAcc,mid_feedback_extra,Positive-Negative,6.0,-14.587806512468307,24.86731779575348,1.615,-87.52683907480984,47.596133748571575,135.12297282338142,-9.739123546353348,38.693992614746094,6.46,-38.95649418541339,12.875178369575243
/home/tug87422/scratch/smithlab-shared/night-owls/derivatives/fsl/sub-105/ses-11/L1_sub-105_ses-11_task-mid_model-1_type-act_run-2_space-mni_multi-echo_cnfds-tedana_unsmoothed_FIR.feat,105,11,mid,2,multi-echo,tedana,mni,NAcc,mid_anticipation_primary,Reward-Neutral,5.0,20.452508880592724,45.96405601501465,3.23,102.26254440296361,110.10948935497471,7.846944952011109,34.8231720949548,57.523729852847644,8.0,139.2926883798192,33.00261934475264
/home/tug87422/scratch/smithlab-shared/night-owls/derivatives/fsl/sub-105/ses-11/L1_sub-105_ses-11_task-mid_model-1_type-act_run-2_space-mni_multi-echo_cnfds-tedana_unsmoothed_FIR.feat,105,11,mid,2,multi-echo,tedana,mni,NAcc,mid_feedback_extra,Positive-Negative,6.0,-24.221943639240028,5.155406892853257,6.0,-145.33166183544017,2.977247480622757,148.30890931606294,-7.732054851896624,14.937301635742188,6.46,-30.928219407586496,5.155406892853257
/home/tug87422/scratch/smithlab-shared/night-owls/derivatives/fsl/sub-105/ses-11/L1_sub-105_ses-11_task-mid_model-1_type-act_run-2_space-mni_single-echo_cnfds-fmriprep_unsmoothed_FIR.feat,105,11,mid,2,single-echo,fmriprep,mni,NAcc,mid_anticipation_primary,Reward-Neutral,5.0,-30.45281007806214,14.208921909332275,0.0,-152.2640503903107,11.473704441785813,163.73775483209653,-35.789821878821115,6.679095418829683,8.0,-143.15928751528446,-39.24407842063313
/home/tug87422/scratch/smithlab-shared/night-owls/derivatives/fsl/sub-105/ses-11/L1_sub-105_ses-11_task-mid_model-1_type-act_run-2_space-mni_single-echo_cnfds-fmriprep_unsmoothed_FIR.feat,105,11,mid,2,single-echo,fmriprep,mni,NAcc,mid_feedback_extra,Positive-Negative,6.0,-32.52072371153639,32.536139485267675,6.0,-195.12434226921835,18.789620552742086,213.91396282196044,2.2807775029881423,62.84765625,6.46,9.12311001195257,32.536139485267675
/home/tug87422/scratch/smithlab-shared/night-owls/derivatives/fsl/sub-105/ses-11/L1_sub-105_ses-11_task-mid_model-1_type-act_run-2_space-mni_single-echo_cnfds-tedana_unsmoothed_FIR.feat,105,11,mid,2,single-echo,tedana,mni,NAcc,mid_anticipation_primary,Reward-Neutral,5.0,3.446569295830772,20.978811264038086,0.0,17.23284647915386,22.13360576126598,4.900759282112121,31.19455087017903,59.7388284819045,8.0,124.77820348071612,35.29215954405605
/home/tug87422/scratch/smithlab-shared/night-owls/derivatives/fsl/sub-105/ses-11/L1_sub-105_ses-11_task-mid_model-1_type-act_run-2_space-mni_single-echo_cnfds-tedana_unsmoothed_FIR.feat,105,11,mid,2,single-echo,tedana,mni,NAcc,mid_feedback_extra,Positive-Negative,6.0,-43.952883431583,23.530825036228993,6.0,-263.717300589498,13.589051458422247,277.3063520479202,4.311407625282142,39.686808586120605,6.46,17.245630501128566,23.530825036228993
/home/tug87422/scratch/smithlab-shared/night-owls/derivatives/fsl/sub-105/ses-11/L1_sub-105_ses-11_task-sharedreward_model-1_type-act_run-1_space-mni_multi-echo_cnfds-fmriprep_unsmoothed_FIR.feat,105,11,sharedreward,1,multi-echo,fmriprep,mni,NAcc,sr_decision_partner_extra,Computer-Stranger,6.0,-15.154796517533782,14.796964527283661,6.0,-90.9287791052027,13.728259914858796,104.65703902006149,3.061350995405538,19.199708938598633,6.46,12.245403981622152,14.796964527283661
/home/tug87422/scratch/smithlab-shared/night-owls/derivatives/fsl/sub-105/ses-11/L1_sub-105_ses-11_task-sharedreward_model-1_type-act_run-1_space-mni_multi-echo_cnfds-fmriprep_unsmoothed_FIR.feat,105,11,sharedreward,1,multi-echo,fmriprep,mni,NAcc,sr_outcome_primary,Reward-Neutral,6.0,18.964119378383227,57.33820629119873,4.845,113.78471627029936,140.14147063079633,26.356754360496993,34.652206444078395,57.33820629119873,4.845,138.60882577631358,24.606099530270225
/home/tug87422/scratch/smithlab-shared/night-owls/derivatives/fsl/sub-105/ses-11/L1_sub-105_ses-11_task-sharedreward_model-1_type-act_run-1_space-mni_multi-echo_cnfds-fmriprep_unsmoothed_FIR.feat,105,11,sharedreward,1,multi-echo,fmriprep,mni,NAcc,sr_outcome_primary,Punish-Neutral,6.0,20.870537821628975,56.63247871398926,0.0,125.22322692977386,134.62199199305968,9.398765063285826,20.3580419330645,70.03386173897856,8.0,81.432167732258,8.460647163745419
/home/tug87422/scratch/smithlab-shared/night-owls/derivatives/fsl/sub-105/ses-11/L1_sub-105_ses-11_task-sharedreward_model-1_type-act_run-1_space-mni_multi-echo_cnfds-fmriprep_unsmoothed_FIR.feat,105,11,sharedreward,1,multi-echo,fmriprep,mni,NAcc,sr_outcome_primary,Reward-Punish,6.0,-1.9064184432457552,44.72524929046631,4.845,-11.438510659474531,71.2684690089639,82.70697966843844,14.2941645110139,44.72524929046631,4.845,57.1766580440556,16.1454523665248
/home/tug87422/scratch/smithlab-shared/night-owls/derivatives/fsl/sub-105/ses-11/L1_sub-105_ses-11_task-sharedreward_model-1_type-act_run-1_space-mni_multi-echo_cnfds-tedana_unsmoothed_FIR.feat,105,11,sharedreward,1,multi-echo,tedana,mni,NAcc,sr_decision_partner_extra,Computer-Stranger,6.0,-3.2978068064486874,33.534484880996565,6.0,-19.786840838692125,48.822975893714485,68.60981673240661,18.227581735068796,38.41965675354004,6.46,72.91032694027518,33.534484880996565
/home/tug87422/scratch/smithlab-shared/night-owls/derivatives/fsl/sub-105/ses-11/L1_sub-105_ses-11_task-sharedreward_model-1_type-act_run-1_space-mni_multi-echo_cnfds-tedana_unsmoothed_FIR.feat,105,11,sharedreward,1,multi-echo,tedana,mni,NAcc,sr_outcome_primary,Reward-Neutral,6.0,10.81323404048434,51.340786933898926,4.845,64.87940424290605,105.51755546418137,40.63815122127532,22.946137054197195,54.223309224604115,8.0,91.78454821678878,6.510060809345063
/home/tug87422/scratch/smithlab-shared/night-owls/derivatives/fsl/sub-105/ses-11/L1_sub-105_ses-11_task-sharedreward_model-1_type-act_run-1_space-mni_multi-echo_cnfds-tedana_unsmoothed_FIR.feat,105,11,sharedreward,1,multi-echo,tedana,mni,NAcc,sr_outcome_primary,Punish-Neutral,6.0,28.183981655773362,59.716224670410156,0.0,169.10388993464016,170.1687376499176,1.064847715277422,13.7635045119262,43.31630460987152,8.0,55.0540180477048,-1.8438921476665313
/home/tug87422/scratch/smithlab-shared/night-owls/derivatives/fsl/sub-105/ses-11/L1_sub-105_ses-11_task-sharedreward_model-1_type-act_run-1_space-mni_multi-echo_cnfds-tedana_unsmoothed_FIR.feat,105,11,sharedreward,1,multi-echo,tedana,mni,NAcc,sr_outcome_primary,Reward-Punish,6.0,-17.370747615289023,20.22012233734131,4.845,-104.22448569173413,32.82927726989191,137.05376296162603,9.182632542270996,20.22012233734131,4.845,36.730530169083984,8.353952957011597
/home/tug87422/scratch/smithlab-shared/night-owls/derivatives/fsl/sub-105/ses-11/L1_sub-105_ses-11_task-sharedreward_model-1_type-act_run-1_space-mni_single-echo_cnfds-fmriprep_unsmoothed_FIR.feat,105,11,sharedreward,1,single-echo,fmriprep,mni,NAcc,sr_decision_partner_extra,Computer-Stranger,6.0,-11.080273387558542,5.760933365246088,6.0,-66.48164032535125,11.207851944626668,77.68949226997792,2.3188695368076147,5.789108276367184,6.46,9.275478147230459,5.760933365246088
/home/tug87422/scratch/smithlab-shared/night-owls/derivatives/fsl/sub-105/ses-11/L1_sub-105_ses-11_task-sharedreward_model-1_type-act_run-1_space-mni_single-echo_cnfds-fmriprep_unsmoothed_FIR.feat,105,11,sharedreward,1,single-echo,fmriprep,mni,NAcc,sr_outcome_primary,Reward-Neutral,6.0,9.82410332413219,45.86253619194031,4.845,58.944619944793146,84.8520595974745,25.907439652681347,12.74053410623096,45.86253619194031,4.845,50.96213642492384,3.0201997985780724
/home/tug87422/scratch/smithlab-shared/night-owls/derivatives/fsl/sub-105/ses-11/L1_sub-105_ses-11_task-sharedreward_model-1_type-act_run-1_space-mni_single-echo_cnfds-fmriprep_unsmoothed_FIR.feat,105,11,sharedreward,1,single-echo,fmriprep,mni,NAcc,sr_outcome_primary,Punish-Neutral,6.0,18.539424674029014,45.52239799499512,4.845,111.23654804417409,111.23654804417409,0.0,18.828299946456504,45.52239799499512,4.845,75.31319978582601,2.692287330656963
/home/tug87422/scratch/smithlab-shared/night-owls/derivatives/fsl/sub-105/ses-11/L1_sub-105_ses-11_task-sharedreward_model-1_type-act_run-1_space-mni_single-echo_cnfds-fmriprep_unsmoothed_FIR.feat,105,11,sharedreward,1,single-echo,fmriprep,mni,NAcc,sr_outcome_primary,Reward-Punish,6.0,-8.71532134989682,0.34013819694519,4.845,-52.291928099380925,0.6604608529935305,52.952388952374456,-6.087765840225548,0.34013819694519,4.845,-24.35106336090219,0.3279124679211122
/home/tug87422/scratch/smithlab-shared/night-owls/derivatives/fsl/sub-105/ses-11/L1_sub-105_ses-11_task-sharedreward_model-1_type-act_run-1_space-mni_single-echo_cnfds-tedana_unsmoothed_FIR.feat,105,11,sharedreward,1,single-echo,tedana,mni,NAcc,sr_decision_partner_extra,Computer-Stranger,6.0,1.2435568184330996,21.72624683380127,4.845,7.461340910598597,46.06189798037703,38.60055706977844,13.667422782987263,21.72624683380127,4.845,54.66969113194905,17.770824757153772
/home/tug87422/scratch/smithlab-shared/night-owls/derivatives/fsl/sub-105/ses-11/L1_sub-105_ses-11_task-sharedreward_model-1_type-act_run-1_space-mni_single-echo_cnfds-tedana_unsmoothed_FIR.feat,105,11,sharedreward,1,single-echo,tedana,mni,NAcc,sr_outcome_primary,Reward-Neutral,6.0,5.948642964946534,36.475202560424805,4.845,35.691857789679204,70.78801149606704,35.09615370638784,1.6569072681621622,36.475202560424805,4.845,6.627629072648649,-12.7834257946664
/home/tug87422/scratch/smithlab-shared/night-owls/derivatives/fsl/sub-105/ses-11/L1_sub-105_ses-11_task-sharedreward_model-1_type-act_run-1_space-mni_single-echo_cnfds-tedana_unsmoothed_FIR.feat,105,11,sharedreward,1,single-echo,tedana,mni,NAcc,sr_outcome_primary,Punish-Neutral,6.0,25.3046324298956,55.088285744190216,4.845,151.8277945793736,156.48162257403135,4.65382799465775,10.078584289711328,55.088285744190216,4.845,40.31433715884531,-8.058576614125972
/home/tug87422/scratch/smithlab-shared/night-owls/derivatives/fsl/sub-105/ses-11/L1_sub-105_ses-11_task-sharedreward_model-1_type-act_run-1_space-mni_single-echo_cnfds-tedana_unsmoothed_FIR.feat,105,11,sharedreward,1,single-echo,tedana,mni,NAcc,sr_outcome_primary,Reward-Punish,6.0,-19.355989464949065,-4.724849180540431,6.0,-116.1359367896944,0.0,116.1359367896944,-8.421677021549165,0.8063955307006854,6.46,-33.68670808619666,-4.724849180540431
/home/tug87422/scratch/smithlab-shared/night-owls/derivatives/fsl/sub-105/ses-11/L1_sub-105_ses-11_task-sharedreward_model-1_type-act_run-2_space-mni_multi-echo_cnfds-fmriprep_unsmoothed_FIR.feat,105,11,sharedreward,2,multi-echo,fmriprep,mni,NAcc,sr_decision_partner_extra,Computer-Stranger,6.0,-52.919751687898724,9.839376449584961,0.0,-317.51851012739235,22.71791607379913,340.23642620119153,-137.90900471035542,-86.99492383077049,4.0,-551.6360188414217,-146.8896546142389
/home/tug87422/scratch/smithlab-shared/night-owls/derivatives/fsl/sub-105/ses-11/L1_sub-105_ses-11_task-sharedreward_model-1_type-act_run-2_space-mni_multi-echo_cnfds-fmriprep_unsmoothed_FIR.feat,105,11,sharedreward,2,multi-echo,fmriprep,mni,NAcc,sr_outcome_primary,Reward-Neutral,6.0,-11.520615211931913,12.304695129394531,0.0,-69.12369127159148,22.143932155322734,91.26762342691421,-1.4277162352933193,43.288694517531276,8.0,-5.710864941173277,0.08331315952927609
/home/tug87422/scratch/smithlab-shared/night-owls/derivatives/fsl/sub-105/ses-11/L1_sub-105_ses-11_task-sharedreward_model-1_type-act_run-2_space-mni_multi-echo_cnfds-fmriprep_unsmoothed_FIR.feat,105,11,sharedreward,2,multi-echo,fmriprep,mni,NAcc,sr_outcome_primary,Punish-Neutral,6.0,6.597150021172653,70.3265609741211,0.0,39.58290012703592,142.9569567738598,103.37405664682387,-1.5530995697742647,60.359014877963006,8.0,-6.212398279097059,0.7084246154171021
/home/tug87422/scratch/smithlab-shared/night-owls/derivatives/fsl/sub-105/ses-11/L1_sub-105_ses-11_task-sharedreward_model-1_type-act_run-2_space-mni_multi-echo_cnfds-fmriprep_unsmoothed_FIR.feat,105,11,sharedreward,2,multi-echo,fmriprep,mni,NAcc,sr_outcome_primary,Reward-Punish,6.0,-18.117765233104564,31.06829071044922,4.845,-108.70659139862738,43.02958263397217,151.73617403259956,0.12538333448094185,31.06829071044922,4.845,0.5015333379237674,-0.6251114558878342
/home/tug87422/scratch/smithlab-shared/night-owls/derivatives/fsl/sub-105/ses-11/L1_sub-105_ses-11_task-sharedreward_model-1_type-act_run-2_space-mni_multi-echo_cnfds-tedana_unsmoothed_FIR.feat,105,11,sharedreward,2,multi-echo,tedana,mni,NAcc,sr_decision_partner_extra,Computer-Stranger,6.0,-31.355738475536032,28.51225471496582,1.615,-188.1344308532162,52.5499479162693,240.6843787694855,-83.37917341396354,-52.352551424426046,8.0,-333.51669365585417,-87.58356425065213
/home/tug87422/scratch/smithlab-shared/night-owls/derivatives/fsl/sub-105/ses-11/L1_sub-105_ses-11_task-sharedreward_model-1_type-act_run-2_space-mni_multi-echo_cnfds-tedana_unsmoothed_FIR.feat,105,11,sharedreward,2,multi-echo,tedana,mni,NAcc,sr_outcome_primary,Reward-Neutral,6.0,-5.194607672685196,16.401748657226562,3.23,-31.167646036111176,44.32632362365722,75.4939696597684,-16.165853573558135,15.589168770025402,8.0,-64.66341429423254,-20.47262901861232
/home/tug87422/scratch/smithlab-shared/night-owls/derivatives/fsl/sub-105/ses-11/L1_sub-105_ses-11_task-sharedreward_model-1_type-act_run-2_space-mni_multi-echo_cnfds-tedana_unsmoothed_FIR.feat,105,11,sharedreward,2,multi-echo,tedana,mni,NAcc,sr_outcome_primary,Punish-Neutral,6.0,-4.594544592270297,45.349334716796875,3.23,-27.567267553621782,103.60090326309204,131.16817081671383,-11.404195895449659,53.07447476578942,8.0,-45.616783581798636,-18.529545048811112
/home/tug87422/scratch/smithlab-shared/night-owls/derivatives/fsl/sub-105/ses-11/L1_sub-105_ses-11_task-sharedreward_model-1_type-act_run-2_space-mni_multi-echo_cnfds-tedana_unsmoothed_FIR.feat,105,11,sharedreward,2,multi-echo,tedana,mni,NAcc,sr_outcome_primary,Reward-Punish,6.0,-0.6000630804149001,26.231143951416016,1.615,-3.6003784824894005,77.71760662078857,81.31798510327798,-4.76165767810847,25.526576995849602,4.845,-19.04663071243388,-1.9430839698012088
/home/tug87422/scratch/smithlab-shared/night-owls/derivatives/fsl/sub-105/ses-11/L1_sub-105_ses-11_task-sharedreward_model-1_type-act_run-2_space-mni_single-echo_cnfds-fmriprep_unsmoothed_FIR.feat,105,11,sharedreward,2,single-echo,fmriprep,mni,NAcc,sr_decision_partner_extra,Computer-Stranger,6.0,-35.419755376401916,24.96362555027008,0.0,-212.51853225841148,33.73592174500227,246.25445400341377,-105.44700736471005,-61.52375804086219,4.0,-421.7880294588402,-113.92214919760501
/home/tug87422/scratch/smithlab-shared/night-owls/derivatives/fsl/sub-105/ses-11/L1_sub-105_ses-11_task-sharedreward_model-1_type-act_run-2_space-mni_single-echo_cnfds-fmriprep_unsmoothed_FIR.feat,105,11,sharedreward,2,single-echo,fmriprep,mni,NAcc,sr_outcome_primary,Reward-Neutral,6.0,-12.110621581729596,45.00116729736328,1.615,-72.66372949037758,77.97605486001763,150.6397843503952,-6.999750040064654,32.614601135253906,6.46,-27.999000160258618,9.176051384893373
/home/tug87422/scratch/smithlab-shared/night-owls/derivatives/fsl/sub-105/ses-11/L1_sub-105_ses-11_task-sharedreward_model-1_type-act_run-2_space-mni_single-echo_cnfds-fmriprep_unsmoothed_FIR.feat,105,11,sharedreward,2,single-echo,fmriprep,mni,NAcc,sr_outcome_primary,Punish-Neutral,6.0,-10.592138881340114,36.88908767700195,1.615,-63.55283328804069,78.37967524257608,141.93250853061676,-10.778224704935454,39.23879337310791,6.46,-43.112898819741815,5.014700434894399
/home/tug87422/scratch/smithlab-shared/night-owls/derivatives/fsl/sub-105/ses-11/L1_sub-105_ses-11_task-sharedreward_model-1_type-act_run-2_space-mni_single-echo_cnfds-fmriprep_unsmoothed_FIR.feat,105,11,sharedreward,2,single-echo,fmriprep,mni,NAcc,sr_outcome_primary,Reward-Punish,6.0,-1.5184827003894814,31.242443084716797,4.845,-9.110896202336889,58.77497243284072,67.88586863517762,3.7784746648707976,31.242443084716797,4.845,15.11389865948319,4.161350949998977
/home/tug87422/scratch/smithlab-shared/night-owls/derivatives/fsl/sub-105/ses-11/L1_sub-105_ses-11_task-sharedreward_model-1_type-act_run-2_space-mni_single-echo_cnfds-tedana_unsmoothed_FIR.feat,105,11,sharedreward,2,single-echo,tedana,mni,NAcc,sr_decision_partner_extra,Computer-Stranger,6.0,-13.352689685719119,29.559874534606934,0.0,-80.11613811431471,69.81747463822364,149.93361275253835,-53.67373732793119,-28.139702102348153,8.0,-214.69494931172477,-56.74911448756238
/home/tug87422/scratch/smithlab-shared/night-owls/derivatives/fsl/sub-105/ses-11/L1_sub-105_ses-11_task-sharedreward_model-1_type-act_run-2_space-mni_single-echo_cnfds-tedana_unsmoothed_FIR.feat,105,11,sharedreward,2,single-echo,tedana,mni,NAcc,sr_outcome_primary,Reward-Neutral,6.0,-3.0587659810079018,61.29081916809082,1.615,-18.35259588604741,98.98467295646667,117.33726884251408,-28.526115620106737,-14.178011241712065,8.0,-114.10446248042695,-28.52672894598899
/home/tug87422/scratch/smithlab-shared/night-owls/derivatives/fsl/sub-105/ses-11/L1_sub-105_ses-11_task-sharedreward_model-1_type-act_run-2_space-mni_single-echo_cnfds-tedana_unsmoothed_FIR.feat,105,11,sharedreward,2,single-echo,tedana,mni,NAcc,sr_outcome_primary,Punish-Neutral,6.0,-16.460858942898927,16.798675537109375,1.615,-98.76515365739357,27.71646471977234,126.4816183771659,-28.32801633315558,26.353403345350163,8.0,-113.31206533262232,-33.24658969607515
/home/tug87422/scratch/smithlab-shared/night-owls/derivatives/fsl/sub-105/ses-11/L1_sub-105_ses-11_task-sharedreward_model-1_type-act_run-2_space-mni_single-echo_cnfds-tedana_unsmoothed_FIR.feat,105,11,sharedreward,2,single-echo,tedana,mni,NAcc,sr_outcome_primary,Reward-Punish,6.0,13.402092961891023,44.492143630981445,1.615,80.41255777134614,110.24721909298617,29.834661321640013,-0.19809928695115175,25.752120971679688,4.845,-0.792397147804607,4.719860750086167
/home/tug87422/scratch/smithlab-shared/night-owls/derivatives/fsl/sub-105/ses-12/L1_sub-105_ses-12_task-mid_model-1_type-act_run-1_space-mni_multi-echo_cnfds-fmriprep_unsmoothed_FIR.feat,105,12,mid,1,multi-echo,fmriprep,mni,NAcc,mid_anticipation_primary,Reward-Neutral,5.0,46.2109297778719,117.87587547302246,3.23,231.0546488893595,283.5093306482401,52.45468175888062,24.10494365377715,95.52150137985454,4.0,96.4197746151086,20.671349009493184
/home/tug87422/scratch/smithlab-shared/night-owls/derivatives/fsl/sub-105/ses-12/L1_sub-105_ses-12_task-mid_model-1_type-act_run-1_space-mni_multi-echo_cnfds-fmriprep_unsmoothed_FIR.feat,105,12,mid,1,multi-echo,fmriprep,mni,NAcc,mid_feedback_extra,Positive-Negative,6.0,58.30577593309821,87.3516070484746,6.0,349.8346555985893,349.8346555985893,0.0,63.41577125860603,110.83454406261444,6.46,253.6630850344241,87.3516070484746
/home/tug87422/scratch/smithlab-shared/night-owls/derivatives/fsl/sub-105/ses-12/L1_sub-105_ses-12_task-mid_model-1_type-act_run-1_space-mni_multi-echo_cnfds-tedana_unsmoothed_FIR.feat,105,12,mid,1,multi-echo,tedana,mni,NAcc,mid_anticipation_primary,Reward-Neutral,5.0,-0.07023834060054199,60.23194885253906,3.23,-0.35119170300270997,102.6315449026227,102.9827366056254,-20.539134040364402,33.24609924654473,4.0,-82.15653616145761,-29.04044001980832
/home/tug87422/scratch/smithlab-shared/night-owls/derivatives/fsl/sub-105/ses-12/L1_sub-105_ses-12_task-mid_model-1_type-act_run-1_space-mni_multi-echo_cnfds-tedana_unsmoothed_FIR.feat,105,12,mid,1,multi-echo,tedana,mni,NAcc,mid_feedback_extra,Positive-Negative,6.0,23.413383601039985,77.95269490764606,6.0,140.48030160623992,164.7685531910082,24.288251584768297,48.76222350299197,115.98308086395264,6.46,195.0488940119679,77.95269490764606
/home/tug87422/scratch/smithlab-shared/night-owls/derivatives/fsl/sub-105/ses-12/L1_sub-105_ses-12_task-mid_model-1_type-act_run-1_space-mni_single-echo_cnfds-fmriprep_unsmoothed_FIR.feat,105,12,mid,1,single-echo,fmriprep,mni,NAcc,mid_anticipation_primary,Reward-Neutral,5.0,48.39965635580019,108.10237666964531,3.23,241.99828177900093,281.71153555364384,39.71325377464294,34.92587343086624,91.04988223471139,4.0,139.70349372346496,28.731495872001524
/home/tug87422/scratch/smithlab-shared/night-owls/derivatives/fsl/sub-105/ses-12/L1_sub-105_ses-12_task-mid_model-1_type-act_run-1_space-mni_single-echo_cnfds-fmriprep_unsmoothed_FIR.feat,105,12,mid,1,single-echo,fmriprep,mni,NAcc,mid_feedback_extra,Positive-Negative,6.0,48.82224472296404,73.1417236328125,1.615,292.93346833778423,292.93346833778423,0.0,43.47456540213511,52.78849244117737,6.46,173.89826160854045,47.458973588589174
/home/tug87422/scratch/smithlab-shared/night-owls/derivatives/fsl/sub-105/ses-12/L1_sub-105_ses-12_task-mid_model-1_type-act_run-1_space-mni_single-echo_cnfds-tedana_unsmoothed_FIR.feat,105,12,mid,1,single-echo,tedana,mni,NAcc,mid_anticipation_primary,Reward-Neutral,5.0,22.63227172161934,75.44135856628418,3.23,113.1613586080967,188.47584685632572,75.31448824822903,19.79471576385886,65.22454468458429,4.0,79.17886305543544,11.63019470210784
/home/tug87422/scratch/smithlab-shared/night-owls/derivatives/fsl/sub-105/ses-12/L1_sub-105_ses-12_task-mid_model-1_type-act_run-1_space-mni_single-echo_cnfds-tedana_unsmoothed_FIR.feat,105,12,mid,1,single-echo,tedana,mni,NAcc,mid_feedback_extra,Positive-Negative,6.0,20.63598226106819,45.19649286978755,6.0,123.81589356640914,123.81589356640914,0.0,36.47149926919133,59.927597522735596,6.46,145.8859970767653,45.19649286978755
/home/tug87422/scratch/smithlab-shared/night-owls/derivatives/fsl/sub-105/ses-12/L1_sub-105_ses-12_task-mid_model-1_type-act_run-2_space-mni_multi-echo_cnfds-fmriprep_unsmoothed_FIR.feat,105,12,mid,2,multi-echo,fmriprep,mni,NAcc,mid_anticipation_primary,Reward-Neutral,5.0,32.59684766138855,88.1218147277832,3.23,162.98423830694276,167.75938172048643,4.775143413543701,-16.009041213302805,46.65075779256436,4.0,-64.03616485321122,15.192219784385282
/home/tug87422/scratch/smithlab-shared/night-owls/derivatives/fsl/sub-105/ses-12/L1_sub-105_ses-12_task-mid_model-1_type-act_run-2_space-mni_multi-echo_cnfds-fmriprep_unsmoothed_FIR.feat,105,12,mid,2,multi-echo,fmriprep,mni,NAcc,mid_feedback_extra,Positive-Negative,6.0,1.07191530167626,15.825020790100098,1.615,6.431491810057559,57.151883498404416,50.72039168834686,1.3773546086117923,25.064739227294922,6.46,5.509418434447169,11.725794517587953
/home/tug87422/scratch/smithlab-shared/night-owls/derivatives/fsl/sub-105/ses-12/L1_sub-105_ses-12_task-mid_model-1_type-act_run-2_space-mni_multi-echo_cnfds-tedana_unsmoothed_FIR.feat,105,12,mid,2,multi-echo,tedana,mni,NAcc,mid_anticipation_primary,Reward-Neutral,5.0,22.146469263083425,50.16494369506836,3.23,110.73234631541712,122.37801730874521,11.645670993328094,24.24833610472479,73.28242778778076,6.46,96.99334441889916,56.750722799507834
/home/tug87422/scratch/smithlab-shared/night-owls/derivatives/fsl/sub-105/ses-12/L1_sub-105_ses-12_task-mid_model-1_type-act_run-2_space-mni_multi-echo_cnfds-tedana_unsmoothed_FIR.feat,105,12,mid,2,multi-echo,tedana,mni,NAcc,mid_feedback_extra,Positive-Negative,6.0,27.849763101689955,57.1094331741333,3.23,167.09857861013973,188.05776462050048,20.959186010360717,18.66146217603986,47.29981231689453,6.46,74.64584870415943,31.740782345042508
/home/tug87422/scratch/smithlab-shared/night-owls/derivatives/fsl/sub-105/ses-12/L1_sub-105_ses-12_task-mid_model-1_type-act_run-2_space-mni_single-echo_cnfds-fmriprep_unsmoothed_FIR.feat,105,12,mid,2,single-echo,fmriprep,mni,NAcc,mid_anticipation_primary,Reward-Neutral,5.0,5.492307070533185,44.37617754936218,0.0,27.461535352665926,106.14958033621309,78.68804498354719,-68.64749862070147,-11.898558482297076,4.0,-274.5899944828059,-50.6280173517233
/home/tug87422/scratch/smithlab-shared/night-owls/derivatives/fsl/sub-105/ses-12/L1_sub-105_ses-12_task-mid_model-1_type-act_run-2_space-mni_single-echo_cnfds-fmriprep_unsmoothed_FIR.feat,105,12,mid,2,single-echo,fmriprep,mni,NAcc,mid_feedback_extra,Positive-Negative,6.0,-8.545989969141466,16.173665761947632,1.615,-51.2759398148488,36.19240386505614,87.46834367990493,-9.847006694298965,20.528644561767578,6.46,-39.38802677719586,0.4586887713925454
/home/tug87422/scratch/smithlab-shared/night-owls/derivatives/fsl/sub-105/ses-12/L1_sub-105_ses-12_task-mid_model-1_type-act_run-2_space-mni_single-echo_cnfds-tedana_unsmoothed_FIR.feat,105,12,mid,2,single-echo,tedana,mni,NAcc,mid_anticipation_primary,Reward-Neutral,5.0,16.016234148007424,54.612173080444336,3.23,80.08117074003712,128.47808937370775,48.39691863367064,-8.470277209167516,34.97445106506348,6.46,-33.881108836670066,13.973899067739959
/home/tug87422/scratch/smithlab-shared/night-owls/derivatives/fsl/sub-105/ses-12/L1_sub-105_ses-12_task-mid_model-1_type-act_run-2_space-mni_single-echo_cnfds-tedana_unsmoothed_FIR.feat,105,12,mid,2,single-echo,tedana,mni,NAcc,mid_feedback_extra,Positive-Negative,6.0,13.64288606135807,48.999356269836426,1.615,81.85731636814842,150.29169120900403,68.43437484085561,4.3895859179052925,38.83946990966797,6.46,17.55834367162117,16.98961724437797
/home/tug87422/scratch/smithlab-shared/night-owls/derivatives/fsl/sub-105/ses-12/L1_sub-105_ses-12_task-sharedreward_model-1_type-act_run-1_space-mni_multi-echo_cnfds-fmriprep_unsmoothed_FIR.feat,105,12,sharedreward,1,multi-echo,fmriprep,mni,NAcc,sr_decision_partner_extra,Computer-Stranger,6.0,15.471496165164117,36.953900068537,6.0,92.8289769909847,95.18465148668172,2.3556744956970213,31.38580445236466,44.283756256103516,6.46,125.54321780945864,36.953900068537
/home/tug87422/scratch/smithlab-shared/night-owls/derivatives/fsl/sub-105/ses-12/L1_sub-105_ses-12_task-sharedreward_model-1_type-act_run-1_space-mni_multi-echo_cnfds-fmriprep_unsmoothed_FIR.feat,105,12,sharedreward,1,multi-echo,fmriprep,mni,NAcc,sr_outcome_primary,Reward-Neutral,6.0,17.647751467100374,31.368887424468994,3.23,105.88650880260225,105.88650880260225,0.0,9.835104715164993,22.874469791034425,4.0,39.34041886065997,6.0172213627827045
/home/tug87422/scratch/smithlab-shared/night-owls/derivatives/fsl/sub-105/ses-12/L1_sub-105_ses-12_task-sharedreward_model-1_type-act_run-1_space-mni_multi-echo_cnfds-fmriprep_unsmoothed_FIR.feat,105,12,sharedreward,1,multi-echo,fmriprep,mni,NAcc,sr_outcome_primary,Punish-Neutral,6.0,8.38873354874782,48.14844608306885,0.0,50.33240129248692,82.1939671184261,31.861565825939177,2.148275033074195,26.028563499450684,4.845,8.59310013229678,5.0876461461232525
/home/tug87422/scratch/smithlab-shared/night-owls/derivatives/fsl/sub-105/ses-12/L1_sub-105_ses-12_task-sharedreward_model-1_type-act_run-1_space-mni_multi-echo_cnfds-fmriprep_unsmoothed_FIR.feat,105,12,sharedreward,1,multi-echo,fmriprep,mni,NAcc,sr_outcome_primary,Reward-Punish,6.0,9.259017918352557,30.92513132095337,1.615,55.554107510115344,96.81524915125533,41.261141641139986,7.686829682090799,42.0453858560084,8.0,30.747318728363197,0.9295752166594522
/home/tug87422/scratch/smithlab-shared/night-owls/derivatives/fsl/sub-105/ses-12/L1_sub-105_ses-12_task-sharedreward_model-1_type-act_run-1_space-mni_multi-echo_cnfds-tedana_unsmoothed_FIR.feat,105,12,sharedreward,1,multi-echo,tedana,mni,NAcc,sr_decision_partner_extra,Computer-Stranger,6.0,-0.08550174381310909,9.799400329589846,3.23,-0.5130104628786545,23.362373724819708,23.875384187698366,6.612421814576023,24.80381927844541,8.0,26.449687258304092,6.501372434775529
/home/tug87422/scratch/smithlab-shared/night-owls/derivatives/fsl/sub-105/ses-12/L1_sub-105_ses-12_task-sharedreward_model-1_type-act_run-1_space-mni_multi-echo_cnfds-tedana_unsmoothed_FIR.feat,105,12,sharedreward,1,multi-echo,tedana,mni,NAcc,sr_outcome_primary,Reward-Neutral,6.0,16.565020155490245,26.3545823097229,3.23,99.39012093294147,104.73926936853412,5.349148435592651,22.90148716080392,43.88950002156545,8.0,91.60594864321568,18.267167646449415
/home/tug87422/scratch/smithlab-shared/night-owls/derivatives/fsl/sub-105/ses-12/L1_sub-105_ses-12_task-sharedreward_model-1_type-act_run-1_space-mni_multi-echo_cnfds-tedana_unsmoothed_FIR.feat,105,12,sharedreward,1,multi-echo,tedana,mni,NAcc,sr_outcome_primary,Punish-Neutral,6.0,6.770693047026363,22.76830727692359,6.0,40.62415828215818,41.86724465596418,1.2430863738059998,17.856648478849614,26.705222606658936,6.46,71.42659391539846,22.76830727692359
/home/tug87422/scratch/smithlab-shared/night-owls/derivatives/fsl/sub-105/ses-12/L1_sub-105_ses-12_task-sharedreward_model-1_type-act_run-1_space-mni_multi-echo_cnfds-tedana_unsmoothed_FIR.feat,105,12,sharedreward,1,multi-echo,tedana,mni,NAcc,sr_outcome_primary,Reward-Punish,6.0,9.79432710846388,20.829394221305847,3.23,58.76596265078329,65.47143284916878,6.705470198385488,5.044838681954305,31.375026881510276,8.0,20.17935472781722,-4.5011396304741735
/home/tug87422/scratch/smithlab-shared/night-owls/derivatives/fsl/sub-105/ses-12/L1_sub-105_ses-12_task-sharedreward_model-1_type-act_run-1_space-mni_single-echo_cnfds-fmriprep_unsmoothed_FIR.feat,105,12,sharedreward,1,single-echo,fmriprep,mni,NAcc,sr_decision_partner_extra,Computer-Stranger,6.0,-2.382535111398212,13.062873679417944,6.0,-14.29521066838927,17.815469334180882,32.11068000257015,11.26683069827087,17.369967456203497,8.0,45.06732279308348,13.062873679417944
/home/tug87422/scratch/smithlab-shared/night-owls/derivatives/fsl/sub-105/ses-12/L1_sub-105_ses-12_task-sharedreward_model-1_type-act_run-1_space-mni_single-echo_cnfds-fmriprep_unsmoothed_FIR.feat,105,12,sharedreward,1,single-echo,fmriprep,mni,NAcc,sr_outcome_primary,Reward-Neutral,6.0,15.704334868511305,58.2651252746582,0.0,94.22600921106783,148.68431636286226,54.45830715179443,20.552758513474984,38.849305152893066,4.845,82.21103405389994,14.555764490605876
/home/tug87422/scratch/smithlab-shared/night-owls/derivatives/fsl/sub-105/ses-12/L1_sub-105_ses-12_task-sharedreward_model-1_type-act_run-1_space-mni_single-echo_cnfds-fmriprep_unsmoothed_FIR.feat,105,12,sharedreward,1,single-echo,fmriprep,mni,NAcc,sr_outcome_primary,Punish-Neutral,6.0,-2.0857464413180313,63.946014404296875,0.0,-12.514478647908188,97.1993332338333,109.7138118817415,-10.174854045396804,32.897419929504395,4.845,-40.69941618158722,-10.34431437737433
/home/tug87422/scratch/smithlab-shared/night-owls/derivatives/fsl/sub-105/ses-12/L1_sub-105_ses-12_task-sharedreward_model-1_type-act_run-1_space-mni_single-echo_cnfds-fmriprep_unsmoothed_FIR.feat,105,12,sharedreward,1,single-echo,fmriprep,mni,NAcc,sr_outcome_primary,Reward-Punish,6.0,17.790081309829333,28.79522943496704,3.23,106.740487858976,111.32780583115922,4.587317972183228,30.72761255887179,73.81918968873867,8.0,122.91045023548716,24.900078867980206
/home/tug87422/scratch/smithlab-shared/night-owls/derivatives/fsl/sub-105/ses-12/L1_sub-105_ses-12_task-sharedreward_model-1_type-act_run-1_space-mni_single-echo_cnfds-tedana_unsmoothed_FIR.feat,105,12,sharedreward,1,single-echo,tedana,mni,NAcc,sr_decision_partner_extra,Computer-Stranger,6.0,-11.324883008432218,-8.943986376003584,6.0,-67.94929805059331,0.0,67.94929805059331,-5.485868524230392,12.906521212574875,8.0,-21.94347409692157,-8.943986376003584
/home/tug87422/scratch/smithlab-shared/night-owls/derivatives/fsl/sub-105/ses-12/L1_sub-105_ses-12_task-sharedreward_model-1_type-act_run-1_space-mni_single-echo_cnfds-tedana_unsmoothed_FIR.feat,105,12,sharedreward,1,single-echo,tedana,mni,NAcc,sr_outcome_primary,Reward-Neutral,6.0,14.06830265166836,38.58763408660889,0.0,84.40981591001015,151.80640504613382,67.39658913612365,32.1958033831736,58.99827339774686,8.0,128.7832135326944,29.314877716749447
/home/tug87422/scratch/smithlab-shared/night-owls/derivatives/fsl/sub-105/ses-12/L1_sub-105_ses-12_task-sharedreward_model-1_type-act_run-1_space-mni_single-echo_cnfds-tedana_unsmoothed_FIR.feat,105,12,sharedreward,1,single-echo,tedana,mni,NAcc,sr_outcome_primary,Punish-Neutral,6.0,-9.698477438103147,27.807512283325195,0.0,-58.19086462861888,58.89569915622472,117.08656378484362,-1.960129890252286,20.673755884170532,4.845,-7.840519561009144,-0.21214905611871068
/home/tug87422/scratch/smithlab-shared/night-owls/derivatives/fsl/sub-105/ses-12/L1_sub-105_ses-12_task-sharedreward_model-1_type-act_run-1_space-mni_single-echo_cnfds-tedana_unsmoothed_FIR.feat,105,12,sharedreward,1,single-echo,tedana,mni,NAcc,sr_outcome_primary,Reward-Punish,6.0,23.766780089771505,30.691924810409546,3.23,142.60068053862904,142.60068053862904,0.0,34.15593327342587,69.34522791174544,8.0,136.6237330937035,29.527026772868155
/home/tug87422/scratch/smithlab-shared/night-owls/derivatives/fsl/sub-105/ses-12/L1_sub-105_ses-12_task-sharedreward_model-1_type-act_run-2_space-mni_multi-echo_cnfds-fmriprep_unsmoothed_FIR.feat,105,12,sharedreward,2,multi-echo,fmriprep,mni,NAcc,sr_decision_partner_extra,Computer-Stranger,6.0,36.70352724909228,64.20210075378418,1.615,220.2211634945537,220.2211634945537,0.0,41.64204607166235,59.01417922973633,4.845,166.5681842866494,41.68332023738707
/home/tug87422/scratch/smithlab-shared/night-owls/derivatives/fsl/sub-105/ses-12/L1_sub-105_ses-12_task-sharedreward_model-1_type-act_run-2_space-mni_multi-echo_cnfds-fmriprep_unsmoothed_FIR.feat,105,12,sharedreward,2,multi-echo,fmriprep,mni,NAcc,sr_outcome_primary,Reward-Neutral,6.0,-18.957822022458043,36.94807434082031,3.23,-113.74693213474825,78.45851556122302,192.20544769597126,-64.71462692998881,-12.799625916377682,4.0,-258.85850771995524,-44.78999190433844
/home/tug87422/scratch/smithlab-shared/night-owls/derivatives/fsl/sub-105/ses-12/L1_sub-105_ses-12_task-sharedreward_model-1_type-act_run-2_space-mni_multi-echo_cnfds-fmriprep_unsmoothed_FIR.feat,105,12,sharedreward,2,multi-echo,fmriprep,mni,NAcc,sr_outcome_primary,Punish-Neutral,6.0,-19.65690550392011,21.360135078430176,0.0,-117.94143302352067,25.065045628547665,143.00647865206832,-64.96241605909249,-31.216045379638672,6.46,-259.84966423636996,-44.57754392594375
/home/tug87422/scratch/smithlab-shared/night-owls/derivatives/fsl/sub-105/ses-12/L1_sub-105_ses-12_task-sharedreward_model-1_type-act_run-2_space-mni_multi-echo_cnfds-fmriprep_unsmoothed_FIR.feat,105,12,sharedreward,2,multi-echo,fmriprep,mni,NAcc,sr_outcome_primary,Reward-Punish,6.0,0.6990834814620696,42.55656433105469,3.23,4.194500888772417,85.13401279032229,80.93951190154989,0.24778912910366557,27.384025786314215,4.0,0.9911565164146623,-0.21244797839468954
/home/tug87422/scratch/smithlab-shared/night-owls/derivatives/fsl/sub-105/ses-12/L1_sub-105_ses-12_task-sharedreward_model-1_type-act_run-2_space-mni_multi-echo_cnfds-tedana_unsmoothed_FIR.feat,105,12,sharedreward,2,multi-echo,tedana,mni,NAcc,sr_decision_partner_extra,Computer-Stranger,6.0,27.408388256977464,43.47060966491699,4.845,164.4503295418648,164.4503295418648,0.0,34.72347068159573,43.47060966491699,4.845,138.8938827263829,38.42455250412318
/home/tug87422/scratch/smithlab-shared/night-owls/derivatives/fsl/sub-105/ses-12/L1_sub-105_ses-12_task-sharedreward_model-1_type-act_run-2_space-mni_multi-echo_cnfds-tedana_unsmoothed_FIR.feat,105,12,sharedreward,2,multi-echo,tedana,mni,NAcc,sr_outcome_primary,Reward-Neutral,6.0,13.601297771727706,73.97465991973877,0.0,81.60778663036623,147.95090028524396,66.34311365487775,-30.260744102488367,15.442413696194576,4.0,-121.04297640995347,-24.94902924339838
/home/tug87422/scratch/smithlab-shared/night-owls/derivatives/fsl/sub-105/ses-12/L1_sub-105_ses-12_task-sharedreward_model-1_type-act_run-2_space-mni_multi-echo_cnfds-tedana_unsmoothed_FIR.feat,105,12,sharedreward,2,multi-echo,tedana,mni,NAcc,sr_outcome_primary,Punish-Neutral,6.0,1.928500625009504,78.77030754089355,0.0,11.571003750057024,72.33962030887604,60.768616558819005,-49.4925839884953,-6.556618232845155,4.0,-197.9703359539812,-51.33917950845724
/home/tug87422/scratch/smithlab-shared/night-owls/derivatives/fsl/sub-105/ses-12/L1_sub-105_ses-12_task-sharedreward_model-1_type-act_run-2_space-mni_multi-echo_cnfds-tedana_unsmoothed_FIR.feat,105,12,sharedreward,2,multi-echo,tedana,mni,NAcc,sr_outcome_primary,Reward-Punish,6.0,11.672797146718201,49.2159538269043,3.23,70.0367828803092,94.72407720852193,24.687294328212737,19.231839886006924,40.03444290161133,6.46,76.9273595440277,26.39015026505887
/home/tug87422/scratch/smithlab-shared/night-owls/derivatives/fsl/sub-105/ses-12/L1_sub-105_ses-12_task-sharedreward_model-1_type-act_run-2_space-mni_single-echo_cnfds-fmriprep_unsmoothed_FIR.feat,105,12,sharedreward,2,single-echo,fmriprep,mni,NAcc,sr_decision_partner_extra,Computer-Stranger,6.0,30.6670284829371,59.34338188171387,4.845,184.0021708976226,184.5647231112914,0.5625522136688232,51.0957717830035,59.34338188171387,4.845,204.383087132014,56.12891731616513
/home/tug87422/scratch/smithlab-shared/night-owls/derivatives/fsl/sub-105/ses-12/L1_sub-105_ses-12_task-sharedreward_model-1_type-act_run-2_space-mni_single-echo_cnfds-fmriprep_unsmoothed_FIR.feat,105,12,sharedreward,2,single-echo,fmriprep,mni,NAcc,sr_outcome_primary,Reward-Neutral,6.0,-13.909749040000824,36.94559860229492,3.23,-83.45849424000494,59.66714174270629,143.12563598271123,-33.34292325804294,22.530197143554688,6.46,-133.37169303217175,-1.6339623359703723
/home/tug87422/scratch/smithlab-shared/night-owls/derivatives/fsl/sub-105/ses-12/L1_sub-105_ses-12_task-sharedreward_model-1_type-act_run-2_space-mni_single-echo_cnfds-fmriprep_unsmoothed_FIR.feat,105,12,sharedreward,2,single-echo,fmriprep,mni,NAcc,sr_outcome_primary,Punish-Neutral,6.0,7.978090492921839,63.64342498779297,1.615,47.868542957531034,140.56656278275116,92.69801982522011,-20.723785970249786,16.033119201660156,6.46,-82.89514388099914,0.29916389512573466
/home/tug87422/scratch/smithlab-shared/night-owls/derivatives/fsl/sub-105/ses-12/L1_sub-105_ses-12_task-sharedreward_model-1_type-act_run-2_space-mni_single-echo_cnfds-fmriprep_unsmoothed_FIR.feat,105,12,sharedreward,2,single-echo,fmriprep,mni,NAcc,sr_outcome_primary,Reward-Punish,6.0,-21.887839532922666,13.657880783081056,3.23,-131.327037197536,22.057477464675905,153.3845146622119,-12.619137287793148,6.497077941894531,6.46,-50.47654915117259,-1.933126231096107
/home/tug87422/scratch/smithlab-shared/night-owls/derivatives/fsl/sub-105/ses-12/L1_sub-105_ses-12_task-sharedreward_model-1_type-act_run-2_space-mni_single-echo_cnfds-tedana_unsmoothed_FIR.feat,105,12,sharedreward,2,single-echo,tedana,mni,NAcc,sr_decision_partner_extra,Computer-Stranger,6.0,20.257473109051418,46.13424491882324,4.845,121.5448386543085,122.21673469236393,0.67189603805542,38.2926607196988,46.13424491882324,4.845,153.1706428787952,45.98316907144552
/home/tug87422/scratch/smithlab-shared/night-owls/derivatives/fsl/sub-105/ses-12/L1_sub-105_ses-12_task-sharedreward_model-1_type-act_run-2_space-mni_single-echo_cnfds-tedana_unsmoothed_FIR.feat,105,12,sharedreward,2,single-echo,tedana,mni,NAcc,sr_outcome_primary,Reward-Neutral,6.0,11.627187628956404,49.830018043518066,3.23,69.76312577373842,152.80764022238114,83.04451444864273,-9.205365590501138,40.778446197509766,6.46,-36.82146236200455,17.490820267621217
/home/tug87422/scratch/smithlab-shared/night-owls/derivatives/fsl/sub-105/ses-12/L1_sub-105_ses-12_task-sharedreward_model-1_type-act_run-2_space-mni_single-echo_cnfds-tedana_unsmoothed_FIR.feat,105,12,sharedreward,2,single-echo,tedana,mni,NAcc,sr_outcome_primary,Punish-Neutral,6.0,11.461425453883328,57.65194320678712,1.615,68.76855272329996,124.20388330459595,55.43533058129597,-29.251278747870096,-0.7495959137246366,4.0,-117.00511499148038,-20.432522257046063
/home/tug87422/scratch/smithlab-shared/night-owls/derivatives/fsl/sub-105/ses-12/L1_sub-105_ses-12_task-sharedreward_model-1_type-act_run-2_space-mni_single-echo_cnfds-tedana_unsmoothed_FIR.feat,105,12,sharedreward,2,single-echo,tedana,mni,NAcc,sr_outcome_primary,Reward-Punish,6.0,0.16576217507307275,37.92334252466728,6.0,0.9945730504384365,71.28021442264227,70.28564137220383,20.045913157368958,60.30705642700195,6.46,80.18365262947583,37.92334252466728
