Trialn,TrialType,Partner,Feedback,ITI,ISI
1,5,2,2,1,8.500000e-01
2,2,1,2,4,2.550000e+00
3,6,2,3,2,8.500000e-01
4,6,2,3,2,1.700000e+00
5,4,2,1,1,1.700000e+00
6,2,1,2,4,1.700000e+00
7,5,2,2,1,8.500000e-01
8,1,1,1,3,2.550000e+00
9,6,2,3,4,1.700000e+00
10,3,1,3,1,1.700000e+00
11,6,2,3,1,2.550000e+00
12,3,1,3,2,8.500000e-01
13,1,1,1,3,8.500000e-01
14,1,1,1,4,1.700000e+00
15,6,2,3,1,2.550000e+00
16,2,1,2,4,1.700000e+00
17,1,1,1,3,2.550000e+00
18,4,2,1,2,1.700000e+00
19,6,2,3,4,2.550000e+00
20,4,2,1,2,8.500000e-01
21,4,2,1,3,2.550000e+00
22,3,1,3,2,8.500000e-01
23,3,1,3,1,2.550000e+00
24,1,1,1,3,2.550000e+00
25,6,2,3,4,8.500000e-01
26,3,1,3,3,1.700000e+00
27,5,2,2,3,2.550000e+00
28,6,2,3,1,1.700000e+00
29,4,2,1,4,1.700000e+00
30,3,1,3,3,2.550000e+00
31,2,1,2,1,8.500000e-01
32,3,1,3,3,8.500000e-01
33,4,2,1,1,8.500000e-01
34,6,2,3,1,8.500000e-01
35,1,1,1,3,2.550000e+00
36,4,2,1,3,2.550000e+00
37,5,2,2,2,1.700000e+00
38,4,2,1,2,2.550000e+00
39,2,1,2,3,8.500000e-01
40,4,2,1,3,8.500000e-01
41,3,1,3,4,1.700000e+00
42,3,1,3,2,1.700000e+00
43,1,1,1,1,2.550000e+00
44,3,1,3,1,2.550000e+00
45,1,1,1,4,1.700000e+00
46,3,1,3,1,8.500000e-01
47,1,1,1,3,2.550000e+00
48,1,1,1,4,2.550000e+00
49,6,2,3,2,8.500000e-01
50,4,2,1,4,1.700000e+00
51,5,2,2,2,8.500000e-01
52,4,2,1,4,1.700000e+00
53,6,2,3,2,1.700000e+00
54,1,1,1,2,8.500000e-01
