Trialn,TrialType,Partner,Feedback,ITI,ISI
1,4,2,1,2,2.550000e+00
2,2,1,2,2,8.500000e-01
3,6,2,3,3,1.700000e+00
4,1,1,1,3,2.550000e+00
5,5,2,2,1,8.500000e-01
6,5,2,2,1,1.700000e+00
7,5,2,2,3,8.500000e-01
8,3,1,3,2,2.550000e+00
9,6,2,3,4,1.700000e+00
10,1,1,1,4,8.500000e-01
11,3,1,3,2,1.700000e+00
12,1,1,1,2,1.700000e+00
13,4,2,1,4,8.500000e-01
14,6,2,3,4,8.500000e-01
15,1,1,1,1,1.700000e+00
16,1,1,1,3,2.550000e+00
17,4,2,1,1,8.500000e-01
18,4,2,1,3,1.700000e+00
19,4,2,1,3,8.500000e-01
20,1,1,1,3,1.700000e+00
21,6,2,3,4,2.550000e+00
22,6,2,3,4,2.550000e+00
23,4,2,1,2,1.700000e+00
24,1,1,1,1,2.550000e+00
25,1,1,1,4,8.500000e-01
26,3,1,3,1,8.500000e-01
27,4,2,1,2,1.700000e+00
28,6,2,3,1,1.700000e+00
29,1,1,1,3,8.500000e-01
30,1,1,1,1,8.500000e-01
31,4,2,1,2,1.700000e+00
32,4,2,1,4,1.700000e+00
33,4,2,1,2,2.550000e+00
34,6,2,3,1,2.550000e+00
35,5,2,2,2,8.500000e-01
36,2,1,2,1,2.550000e+00
37,6,2,3,4,2.550000e+00
38,3,1,3,4,2.550000e+00
39,3,1,3,2,8.500000e-01
40,2,1,2,1,8.500000e-01
41,3,1,3,4,2.550000e+00
42,5,2,2,3,1.700000e+00
43,3,1,3,2,1.700000e+00
44,3,1,3,3,1.700000e+00
45,3,1,3,4,1.700000e+00
46,4,2,1,2,8.500000e-01
47,1,1,1,3,2.550000e+00
48,3,1,3,1,2.550000e+00
49,6,2,3,1,1.700000e+00
50,3,1,3,1,2.550000e+00
51,6,2,3,3,2.550000e+00
52,6,2,3,2,2.550000e+00
53,2,1,2,3,8.500000e-01
54,2,1,2,3,8.500000e-01
