Trialn,TrialType,Partner,Feedback,ITI,ISI
1,1,1,1,1,1.700000e+00
2,1,1,1,2,1.700000e+00
3,4,2,1,3,1.700000e+00
4,4,2,1,3,1.700000e+00
5,6,2,3,4,1.700000e+00
6,1,1,1,2,1.700000e+00
7,1,1,1,1,1.700000e+00
8,6,2,3,2,8.500000e-01
9,3,1,3,1,2.550000e+00
10,4,2,1,1,8.500000e-01
11,1,1,1,3,8.500000e-01
12,4,2,1,4,1.700000e+00
13,4,2,1,1,2.550000e+00
14,6,2,3,1,1.700000e+00
15,3,1,3,4,2.550000e+00
16,4,2,1,2,2.550000e+00
17,6,2,3,4,8.500000e-01
18,2,1,2,3,1.700000e+00
19,5,2,2,3,1.700000e+00
20,4,2,1,4,1.700000e+00
21,5,2,2,1,8.500000e-01
22,4,2,1,2,8.500000e-01
23,3,1,3,3,8.500000e-01
24,3,1,3,2,2.550000e+00
25,3,1,3,2,2.550000e+00
26,1,1,1,1,2.550000e+00
27,6,2,3,2,2.550000e+00
28,6,2,3,2,2.550000e+00
29,5,2,2,4,2.550000e+00
30,2,1,2,1,2.550000e+00
31,6,2,3,3,8.500000e-01
32,3,1,3,4,2.550000e+00
33,2,1,2,3,8.500000e-01
34,3,1,3,3,8.500000e-01
35,2,1,2,1,8.500000e-01
36,3,1,3,2,8.500000e-01
37,1,1,1,2,8.500000e-01
38,4,2,1,1,1.700000e+00
39,1,1,1,2,1.700000e+00
40,5,2,2,1,8.500000e-01
41,3,1,3,3,8.500000e-01
42,1,1,1,1,2.550000e+00
43,6,2,3,4,2.550000e+00
44,3,1,3,1,1.700000e+00
45,4,2,1,4,8.500000e-01
46,1,1,1,4,1.700000e+00
47,6,2,3,4,2.550000e+00
48,2,1,2,3,1.700000e+00
49,3,1,3,3,2.550000e+00
50,5,2,2,3,2.550000e+00
51,4,2,1,2,8.500000e-01
52,6,2,3,3,8.500000e-01
53,6,2,3,2,1.700000e+00
54,1,1,1,3,2.550000e+00
