Trialn,TrialType,Partner,Feedback,ITI,ISI
1,3,1,3,1,1.700000e+00
2,1,1,1,3,8.500000e-01
3,4,2,1,1,2.550000e+00
4,3,1,3,3,8.500000e-01
5,4,2,1,2,2.550000e+00
6,6,2,3,4,2.550000e+00
7,1,1,1,2,1.700000e+00
8,1,1,1,3,2.550000e+00
9,6,2,3,2,2.550000e+00
10,1,1,1,2,8.500000e-01
11,4,2,1,1,1.700000e+00
12,6,2,3,3,8.500000e-01
13,2,1,2,1,2.550000e+00
14,1,1,1,1,2.550000e+00
15,2,1,2,3,1.700000e+00
16,1,1,1,2,1.700000e+00
17,1,1,1,1,1.700000e+00
18,4,2,1,1,8.500000e-01
19,3,1,3,1,2.550000e+00
20,5,2,2,1,8.500000e-01
21,3,1,3,4,2.550000e+00
22,6,2,3,2,8.500000e-01
23,6,2,3,4,1.700000e+00
24,6,2,3,2,2.550000e+00
25,3,1,3,3,2.550000e+00
26,1,1,1,2,1.700000e+00
27,3,1,3,2,2.550000e+00
28,1,1,1,1,2.550000e+00
29,6,2,3,2,1.700000e+00
30,4,2,1,2,8.500000e-01
31,4,2,1,2,8.500000e-01
32,3,1,3,3,8.500000e-01
33,4,2,1,4,8.500000e-01
34,2,1,2,3,1.700000e+00
35,4,2,1,3,1.700000e+00
36,4,2,1,3,1.700000e+00
37,5,2,2,4,2.550000e+00
38,3,1,3,2,2.550000e+00
39,5,2,2,3,1.700000e+00
40,3,1,3,2,8.500000e-01
41,5,2,2,1,8.500000e-01
42,3,1,3,4,2.550000e+00
43,2,1,2,1,8.500000e-01
44,6,2,3,1,1.700000e+00
45,1,1,1,4,1.700000e+00
46,3,1,3,3,8.500000e-01
47,6,2,3,4,2.550000e+00
48,6,2,3,4,8.500000e-01
49,2,1,2,3,8.500000e-01
50,1,1,1,1,1.700000e+00
51,4,2,1,4,1.700000e+00
52,4,2,1,4,1.700000e+00
53,6,2,3,3,8.500000e-01
54,5,2,2,3,2.550000e+00
