Trialn,TrialType,Partner,Feedback,ITI,ISI
1,4,2,1,1,8.500000e-01
2,3,1,3,1,2.550000e+00
3,3,1,3,3,8.500000e-01
4,5,2,2,2,1.700000e+00
5,5,2,2,1,8.500000e-01
6,1,1,1,4,2.550000e+00
7,6,2,3,2,1.700000e+00
8,4,2,1,2,8.500000e-01
9,3,1,3,2,8.500000e-01
10,5,2,2,2,8.500000e-01
11,4,2,1,1,1.700000e+00
12,3,1,3,1,1.700000e+00
13,3,1,3,3,2.550000e+00
14,4,2,1,2,2.550000e+00
15,6,2,3,2,1.700000e+00
16,4,2,1,3,2.550000e+00
17,1,1,1,3,2.550000e+00
18,6,2,3,2,8.500000e-01
19,4,2,1,3,2.550000e+00
20,6,2,3,1,8.500000e-01
21,3,1,3,1,8.500000e-01
22,2,1,2,4,2.550000e+00
23,3,1,3,1,2.550000e+00
24,2,1,2,4,1.700000e+00
25,6,2,3,2,8.500000e-01
26,1,1,1,4,1.700000e+00
27,4,2,1,4,1.700000e+00
28,3,1,3,4,1.700000e+00
29,5,2,2,1,8.500000e-01
30,6,2,3,4,8.500000e-01
31,6,2,3,4,2.550000e+00
32,1,1,1,3,2.550000e+00
33,4,2,1,2,1.700000e+00
34,3,1,3,2,1.700000e+00
35,6,2,3,4,1.700000e+00
36,6,2,3,1,1.700000e+00
37,4,2,1,3,8.500000e-01
38,1,1,1,3,2.550000e+00
39,2,1,2,1,8.500000e-01
40,1,1,1,2,8.500000e-01
41,1,1,1,3,8.500000e-01
42,4,2,1,4,1.700000e+00
43,2,1,2,4,1.700000e+00
44,1,1,1,4,1.700000e+00
45,5,2,2,3,2.550000e+00
46,1,1,1,3,2.550000e+00
47,1,1,1,3,2.550000e+00
48,2,1,2,3,8.500000e-01
49,3,1,3,2,8.500000e-01
50,6,2,3,1,2.550000e+00
51,3,1,3,3,1.700000e+00
52,6,2,3,1,2.550000e+00
53,1,1,1,1,2.550000e+00
54,4,2,1,4,1.700000e+00
