Trialn,TrialType,Partner,Feedback,ITI,ISI
1,3,1,3,3,8.500000e-01
2,5,2,2,4,8.500000e-01
3,6,2,3,2,2.550000e+00
4,5,2,2,3,8.500000e-01
5,3,1,3,1,8.500000e-01
6,3,1,3,3,8.500000e-01
7,2,1,2,3,1.700000e+00
8,3,1,3,2,2.550000e+00
9,1,1,1,4,1.700000e+00
10,2,1,2,2,2.550000e+00
11,5,2,2,3,1.700000e+00
12,4,2,1,2,8.500000e-01
13,1,1,1,3,2.550000e+00
14,1,1,1,1,2.550000e+00
15,4,2,1,4,2.550000e+00
16,4,2,1,1,8.500000e-01
17,6,2,3,1,8.500000e-01
18,6,2,3,4,8.500000e-01
19,4,2,1,2,8.500000e-01
20,6,2,3,2,8.500000e-01
21,3,1,3,1,1.700000e+00
22,1,1,1,3,1.700000e+00
23,3,1,3,1,2.550000e+00
24,6,2,3,1,2.550000e+00
25,3,1,3,1,8.500000e-01
26,3,1,3,3,8.500000e-01
27,6,2,3,3,1.700000e+00
28,4,2,1,2,8.500000e-01
29,4,2,1,4,1.700000e+00
30,6,2,3,2,2.550000e+00
31,5,2,2,4,2.550000e+00
32,3,1,3,4,2.550000e+00
33,5,2,2,2,2.550000e+00
34,1,1,1,4,8.500000e-01
35,1,1,1,1,2.550000e+00
36,6,2,3,4,1.700000e+00
37,4,2,1,4,1.700000e+00
38,4,2,1,2,2.550000e+00
39,6,2,3,3,1.700000e+00
40,2,1,2,4,1.700000e+00
41,4,2,1,1,2.550000e+00
42,6,2,3,4,2.550000e+00
43,6,2,3,3,8.500000e-01
44,2,1,2,2,1.700000e+00
45,4,2,1,2,1.700000e+00
46,1,1,1,1,1.700000e+00
47,2,1,2,3,1.700000e+00
48,3,1,3,1,2.550000e+00
49,1,1,1,4,1.700000e+00
50,3,1,3,1,1.700000e+00
51,4,2,1,3,8.500000e-01
52,1,1,1,1,1.700000e+00
53,1,1,1,3,2.550000e+00
54,1,1,1,4,8.500000e-01
