Trialn,TrialType,Partner,Feedback,ITI,ISI
1,2,1,2,1,2.550000e+00
2,2,1,2,1,1.700000e+00
3,3,1,3,3,2.550000e+00
4,3,1,3,4,8.500000e-01
5,1,1,1,2,2.550000e+00
6,1,1,1,4,2.550000e+00
7,4,2,1,4,2.550000e+00
8,4,2,1,3,2.550000e+00
9,2,1,2,3,2.550000e+00
10,3,1,3,4,2.550000e+00
11,3,1,3,4,1.700000e+00
12,6,2,3,1,1.700000e+00
13,5,2,2,2,8.500000e-01
14,5,2,2,3,8.500000e-01
15,4,2,1,3,1.700000e+00
16,6,2,3,4,2.550000e+00
17,5,2,2,3,1.700000e+00
18,6,2,3,4,2.550000e+00
19,3,1,3,2,1.700000e+00
20,4,2,1,2,1.700000e+00
21,1,1,1,1,1.700000e+00
22,4,2,1,3,2.550000e+00
23,4,2,1,3,2.550000e+00
24,6,2,3,4,1.700000e+00
25,2,1,2,3,1.700000e+00
26,6,2,3,2,8.500000e-01
27,1,1,1,3,1.700000e+00
28,1,1,1,1,2.550000e+00
29,3,1,3,1,8.500000e-01
30,3,1,3,1,8.500000e-01
31,1,1,1,1,2.550000e+00
32,4,2,1,2,8.500000e-01
33,3,1,3,4,8.500000e-01
34,2,1,2,4,8.500000e-01
35,5,2,2,1,1.700000e+00
36,3,1,3,4,2.550000e+00
37,1,1,1,1,8.500000e-01
38,4,2,1,2,1.700000e+00
39,6,2,3,3,8.500000e-01
40,1,1,1,2,2.550000e+00
41,1,1,1,2,8.500000e-01
42,3,1,3,2,8.500000e-01
43,6,2,3,1,2.550000e+00
44,4,2,1,4,8.500000e-01
45,1,1,1,4,1.700000e+00
46,3,1,3,2,8.500000e-01
47,6,2,3,1,1.700000e+00
48,1,1,1,2,8.500000e-01
49,4,2,1,4,1.700000e+00
50,5,2,2,4,1.700000e+00
51,6,2,3,1,8.500000e-01
52,6,2,3,3,1.700000e+00
53,6,2,3,4,8.500000e-01
54,4,2,1,1,2.550000e+00
