Trialn,TrialType,Partner,Feedback,ITI,ISI
1,3,1,3,2,8.500000e-01
2,2,1,2,1,8.500000e-01
3,3,1,3,1,2.550000e+00
4,3,1,3,4,2.550000e+00
5,4,2,1,3,1.700000e+00
6,4,2,1,2,2.550000e+00
7,3,1,3,2,2.550000e+00
8,5,2,2,1,8.500000e-01
9,6,2,3,4,1.700000e+00
10,1,1,1,1,2.550000e+00
11,4,2,1,4,8.500000e-01
12,5,2,2,3,8.500000e-01
13,4,2,1,4,1.700000e+00
14,6,2,3,4,2.550000e+00
15,3,1,3,2,1.700000e+00
16,3,1,3,2,1.700000e+00
17,1,1,1,3,8.500000e-01
18,3,1,3,1,8.500000e-01
19,6,2,3,3,1.700000e+00
20,5,2,2,2,8.500000e-01
21,1,1,1,2,1.700000e+00
22,1,1,1,4,8.500000e-01
23,6,2,3,4,2.550000e+00
24,6,2,3,4,2.550000e+00
25,2,1,2,3,8.500000e-01
26,1,1,1,1,8.500000e-01
27,5,2,2,3,1.700000e+00
28,3,1,3,4,1.700000e+00
29,4,2,1,2,1.700000e+00
30,4,2,1,2,1.700000e+00
31,1,1,1,3,2.550000e+00
32,4,2,1,2,8.500000e-01
33,3,1,3,4,2.550000e+00
34,6,2,3,1,1.700000e+00
35,6,2,3,2,2.550000e+00
36,6,2,3,1,1.700000e+00
37,6,2,3,4,8.500000e-01
38,6,2,3,3,2.550000e+00
39,4,2,1,3,8.500000e-01
40,1,1,1,3,1.700000e+00
41,3,1,3,3,1.700000e+00
42,2,1,2,3,8.500000e-01
43,2,1,2,2,8.500000e-01
44,2,1,2,1,2.550000e+00
45,5,2,2,1,1.700000e+00
46,1,1,1,4,8.500000e-01
47,1,1,1,1,1.700000e+00
48,6,2,3,1,2.550000e+00
49,1,1,1,3,2.550000e+00
50,4,2,1,1,8.500000e-01
51,3,1,3,1,2.550000e+00
52,4,2,1,2,1.700000e+00
53,1,1,1,3,2.550000e+00
54,4,2,1,2,2.550000e+00
