Trialn,TrialType,Partner,Feedback,ITI,ISI
1,6,2,3,3,2.550000e+00
2,3,1,3,4,2.550000e+00
3,1,1,1,1,2.550000e+00
4,6,2,3,1,2.550000e+00
5,2,1,2,3,8.500000e-01
6,6,2,3,4,2.550000e+00
7,1,1,1,3,1.700000e+00
8,5,2,2,2,8.500000e-01
9,1,1,1,1,1.700000e+00
10,4,2,1,2,2.550000e+00
11,3,1,3,2,1.700000e+00
12,3,1,3,2,2.550000e+00
13,5,2,2,1,1.700000e+00
14,1,1,1,4,8.500000e-01
15,6,2,3,4,8.500000e-01
16,4,2,1,2,1.700000e+00
17,3,1,3,1,2.550000e+00
18,4,2,1,4,8.500000e-01
19,6,2,3,4,1.700000e+00
20,6,2,3,1,1.700000e+00
21,6,2,3,4,2.550000e+00
22,6,2,3,2,2.550000e+00
23,6,2,3,1,1.700000e+00
24,1,1,1,3,2.550000e+00
25,1,1,1,2,1.700000e+00
26,1,1,1,3,2.550000e+00
27,1,1,1,3,8.500000e-01
28,3,1,3,2,8.500000e-01
29,1,1,1,3,2.550000e+00
30,2,1,2,3,8.500000e-01
31,1,1,1,1,8.500000e-01
32,3,1,3,1,8.500000e-01
33,2,1,2,1,2.550000e+00
34,1,1,1,4,8.500000e-01
35,4,2,1,2,1.700000e+00
36,4,2,1,4,1.700000e+00
37,4,2,1,1,8.500000e-01
38,4,2,1,2,8.500000e-01
39,4,2,1,2,2.550000e+00
40,3,1,3,4,1.700000e+00
41,2,1,2,1,8.500000e-01
42,3,1,3,3,1.700000e+00
43,2,1,2,2,8.500000e-01
44,4,2,1,3,8.500000e-01
45,4,2,1,3,1.700000e+00
46,3,1,3,2,1.700000e+00
47,6,2,3,3,1.700000e+00
48,3,1,3,4,2.550000e+00
49,3,1,3,1,2.550000e+00
50,4,2,1,2,1.700000e+00
51,5,2,2,3,1.700000e+00
52,5,2,2,1,8.500000e-01
53,6,2,3,4,2.550000e+00
54,5,2,2,3,8.500000e-01
