Trialn,TrialType,Partner,Feedback,ITI,ISI
1,2,1,2,3,8.500000e-01
2,3,1,3,4,2.550000e+00
3,1,1,1,1,8.500000e-01
4,1,1,1,3,8.500000e-01
5,4,2,1,2,2.550000e+00
6,4,2,1,4,1.700000e+00
7,1,1,1,4,8.500000e-01
8,4,2,1,1,8.500000e-01
9,4,2,1,2,1.700000e+00
10,1,1,1,4,8.500000e-01
11,5,2,2,2,8.500000e-01
12,6,2,3,4,2.550000e+00
13,1,1,1,2,1.700000e+00
14,4,2,1,2,2.550000e+00
15,3,1,3,4,1.700000e+00
16,5,2,2,1,8.500000e-01
17,3,1,3,2,8.500000e-01
18,1,1,1,3,1.700000e+00
19,2,1,2,3,8.500000e-01
20,6,2,3,4,1.700000e+00
21,4,2,1,2,8.500000e-01
22,4,2,1,3,8.500000e-01
23,4,2,1,2,1.700000e+00
24,6,2,3,4,2.550000e+00
25,3,1,3,2,2.550000e+00
26,5,2,2,3,8.500000e-01
27,4,2,1,2,1.700000e+00
28,4,2,1,4,8.500000e-01
29,6,2,3,1,1.700000e+00
30,5,2,2,1,1.700000e+00
31,6,2,3,4,2.550000e+00
32,2,1,2,1,8.500000e-01
33,6,2,3,3,2.550000e+00
34,1,1,1,1,1.700000e+00
35,3,1,3,3,1.700000e+00
36,6,2,3,1,1.700000e+00
37,3,1,3,1,8.500000e-01
38,1,1,1,3,2.550000e+00
39,3,1,3,1,2.550000e+00
40,6,2,3,3,1.700000e+00
41,1,1,1,3,2.550000e+00
42,2,1,2,2,8.500000e-01
43,2,1,2,1,2.550000e+00
44,6,2,3,2,2.550000e+00
45,3,1,3,1,2.550000e+00
46,6,2,3,4,8.500000e-01
47,5,2,2,3,1.700000e+00
48,4,2,1,3,1.700000e+00
49,3,1,3,4,2.550000e+00
50,1,1,1,3,2.550000e+00
51,1,1,1,1,2.550000e+00
52,3,1,3,2,1.700000e+00
53,6,2,3,1,2.550000e+00
54,3,1,3,2,1.700000e+00
