Trialn,TrialType,Partner,Feedback,ITI,ISI
1,2,1,2,4,1.700000e+00
2,4,2,1,1,8.500000e-01
3,1,1,1,3,2.550000e+00
4,5,2,2,2,2.550000e+00
5,4,2,1,1,2.550000e+00
6,3,1,3,3,2.550000e+00
7,1,1,1,4,1.700000e+00
8,4,2,1,2,1.700000e+00
9,6,2,3,1,1.700000e+00
10,3,1,3,1,1.700000e+00
11,4,2,1,2,8.500000e-01
12,6,2,3,1,2.550000e+00
13,3,1,3,4,1.700000e+00
14,4,2,1,2,1.700000e+00
15,2,1,2,1,8.500000e-01
16,1,1,1,4,2.550000e+00
17,3,1,3,1,1.700000e+00
18,2,1,2,3,8.500000e-01
19,6,2,3,3,8.500000e-01
20,5,2,2,4,2.550000e+00
21,1,1,1,4,8.500000e-01
22,5,2,2,3,8.500000e-01
23,6,2,3,4,2.550000e+00
24,1,1,1,1,1.700000e+00
25,3,1,3,4,2.550000e+00
26,4,2,1,1,8.500000e-01
27,4,2,1,2,1.700000e+00
28,5,2,2,4,8.500000e-01
29,4,2,1,3,1.700000e+00
30,6,2,3,4,2.550000e+00
31,3,1,3,3,8.500000e-01
32,6,2,3,3,1.700000e+00
33,6,2,3,2,2.550000e+00
34,1,1,1,3,2.550000e+00
35,3,1,3,4,2.550000e+00
36,1,1,1,3,2.550000e+00
37,4,2,1,2,8.500000e-01
38,4,2,1,4,1.700000e+00
39,1,1,1,4,2.550000e+00
40,1,1,1,3,2.550000e+00
41,4,2,1,2,8.500000e-01
42,3,1,3,2,8.500000e-01
43,6,2,3,4,8.500000e-01
44,1,1,1,3,8.500000e-01
45,6,2,3,2,1.700000e+00
46,2,1,2,2,2.550000e+00
47,1,1,1,3,8.500000e-01
48,3,1,3,1,1.700000e+00
49,6,2,3,1,2.550000e+00
50,3,1,3,3,8.500000e-01
51,3,1,3,2,1.700000e+00
52,6,2,3,1,1.700000e+00
53,2,1,2,3,8.500000e-01
54,5,2,2,3,1.700000e+00
