Trialn,TrialType,Partner,Feedback,ITI,ISI
1,6,2,3,3,2.550000e+00
2,6,2,3,4,1.700000e+00
3,6,2,3,3,2.550000e+00
4,5,2,2,2,1.700000e+00
5,4,2,1,1,1.700000e+00
6,3,1,3,3,8.500000e-01
7,2,1,2,4,1.700000e+00
8,4,2,1,2,2.550000e+00
9,4,2,1,3,8.500000e-01
10,2,1,2,2,1.700000e+00
11,2,1,2,4,8.500000e-01
12,5,2,2,1,8.500000e-01
13,6,2,3,2,8.500000e-01
14,4,2,1,4,2.550000e+00
15,4,2,1,1,1.700000e+00
16,6,2,3,1,2.550000e+00
17,4,2,1,1,8.500000e-01
18,1,1,1,1,1.700000e+00
19,2,1,2,2,1.700000e+00
20,3,1,3,1,1.700000e+00
21,5,2,2,4,2.550000e+00
22,1,1,1,4,2.550000e+00
23,1,1,1,4,2.550000e+00
24,3,1,3,1,8.500000e-01
25,6,2,3,2,1.700000e+00
26,6,2,3,4,8.500000e-01
27,3,1,3,4,2.550000e+00
28,1,1,1,1,1.700000e+00
29,6,2,3,1,2.550000e+00
30,4,2,1,1,8.500000e-01
31,4,2,1,4,2.550000e+00
32,1,1,1,4,2.550000e+00
33,4,2,1,2,8.500000e-01
34,1,1,1,3,1.700000e+00
35,3,1,3,3,2.550000e+00
36,1,1,1,3,8.500000e-01
37,1,1,1,3,8.500000e-01
38,3,1,3,2,2.550000e+00
39,6,2,3,2,8.500000e-01
40,5,2,2,4,2.550000e+00
41,3,1,3,3,8.500000e-01
42,3,1,3,3,8.500000e-01
43,5,2,2,4,1.700000e+00
44,3,1,3,1,1.700000e+00
45,6,2,3,1,1.700000e+00
46,4,2,1,3,8.500000e-01
47,2,1,2,2,2.550000e+00
48,3,1,3,1,1.700000e+00
49,4,2,1,4,8.500000e-01
50,1,1,1,2,1.700000e+00
51,6,2,3,2,1.700000e+00
52,3,1,3,4,8.500000e-01
53,1,1,1,3,2.550000e+00
54,1,1,1,2,2.550000e+00
