Trialn,TrialType,Partner,Feedback,ITI,ISI
1,3,1,3,3,2.550000e+00
2,5,2,2,1,1.700000e+00
3,1,1,1,2,8.500000e-01
4,6,2,3,3,2.550000e+00
5,5,2,2,3,1.700000e+00
6,4,2,1,3,8.500000e-01
7,3,1,3,4,1.700000e+00
8,3,1,3,2,8.500000e-01
9,4,2,1,2,2.550000e+00
10,1,1,1,2,2.550000e+00
11,3,1,3,2,2.550000e+00
12,3,1,3,4,8.500000e-01
13,1,1,1,4,2.550000e+00
14,4,2,1,4,1.700000e+00
15,4,2,1,2,1.700000e+00
16,4,2,1,3,8.500000e-01
17,3,1,3,3,8.500000e-01
18,3,1,3,1,2.550000e+00
19,6,2,3,2,1.700000e+00
20,1,1,1,1,1.700000e+00
21,6,2,3,2,8.500000e-01
22,2,1,2,2,8.500000e-01
23,6,2,3,3,2.550000e+00
24,2,1,2,1,8.500000e-01
25,1,1,1,2,1.700000e+00
26,2,1,2,4,2.550000e+00
27,6,2,3,3,8.500000e-01
28,1,1,1,1,8.500000e-01
29,6,2,3,1,8.500000e-01
30,4,2,1,1,8.500000e-01
31,1,1,1,2,2.550000e+00
32,6,2,3,4,2.550000e+00
33,5,2,2,2,1.700000e+00
34,4,2,1,3,1.700000e+00
35,2,1,2,3,2.550000e+00
36,6,2,3,1,1.700000e+00
37,5,2,2,2,1.700000e+00
38,1,1,1,2,2.550000e+00
39,5,2,2,1,8.500000e-01
40,1,1,1,4,1.700000e+00
41,4,2,1,4,8.500000e-01
42,4,2,1,1,1.700000e+00
43,4,2,1,3,2.550000e+00
44,2,1,2,3,2.550000e+00
45,6,2,3,4,1.700000e+00
46,1,1,1,3,8.500000e-01
47,3,1,3,4,2.550000e+00
48,3,1,3,4,8.500000e-01
49,6,2,3,4,1.700000e+00
50,4,2,1,1,2.550000e+00
51,3,1,3,1,1.700000e+00
52,6,2,3,1,8.500000e-01
53,1,1,1,4,1.700000e+00
54,3,1,3,4,2.550000e+00
